label,n,gamma,Jmean,dissipation,order,maxdim,cutoff,dt,t,bond,S_op_bond,S_half_bond,linkdim_bond,chi_req_1e-06,chi_req_1e-10,ceiling_bond
closed_n8,8,0.000000,0.500000,false,2,256,1.000e-12,0.05000,0.000000,1,0.0000000000,0.0000000000,1,1,1,4
closed_n8,8,0.000000,0.500000,false,2,256,1.000e-12,0.05000,0.000000,2,0.0000000000,0.0000000000,1,1,1,16
closed_n8,8,0.000000,0.500000,false,2,256,1.000e-12,0.05000,0.000000,3,0.0000000000,0.0000000000,1,1,1,64
closed_n8,8,0.000000,0.500000,false,2,256,1.000e-12,0.05000,0.000000,4,0.0000000000,0.0000000000,1,1,1,256
closed_n8,8,0.000000,0.500000,false,2,256,1.000e-12,0.05000,0.000000,5,0.0000000000,0.0000000000,1,1,1,64
closed_n8,8,0.000000,0.500000,false,2,256,1.000e-12,0.05000,0.000000,6,0.0000000000,0.0000000000,1,1,1,16
closed_n8,8,0.000000,0.500000,false,2,256,1.000e-12,0.05000,0.000000,7,0.0000000000,0.0000000000,1,1,1,4
closed_n8,8,0.000000,0.500000,false,2,256,1.000e-12,0.05000,0.400000,1,0.4699737006,0.9385256096,4,4,4,4
closed_n8,8,0.000000,0.500000,false,2,256,1.000e-12,0.05000,0.400000,2,0.4550247401,0.9808655422,16,10,15,16
closed_n8,8,0.000000,0.500000,false,2,256,1.000e-12,0.05000,0.400000,3,0.4543303002,0.9805925592,49,10,22,64
closed_n8,8,0.000000,0.500000,false,2,256,1.000e-12,0.05000,0.400000,4,0.4552049352,0.9809084226,49,10,22,256
closed_n8,8,0.000000,0.500000,false,2,256,1.000e-12,0.05000,0.400000,5,0.4543303002,0.9805925592,49,10,22,64
closed_n8,8,0.000000,0.500000,false,2,256,1.000e-12,0.05000,0.400000,6,0.4550247400,0.9808655422,16,10,15,16
closed_n8,8,0.000000,0.500000,false,2,256,1.000e-12,0.05000,0.400000,7,0.4699737006,0.9385256096,4,4,4,4
closed_n8,8,0.000000,0.500000,false,2,256,1.000e-12,0.05000,0.800000,1,1.1504285516,1.5085931963,4,4,4,4
closed_n8,8,0.000000,0.500000,false,2,256,1.000e-12,0.05000,0.800000,2,1.1015987687,1.7849674163,16,15,16,16
closed_n8,8,0.000000,0.500000,false,2,256,1.000e-12,0.05000,0.800000,3,1.1005002782,1.7921306843,64,21,45,64
closed_n8,8,0.000000,0.500000,false,2,256,1.000e-12,0.05000,0.800000,4,1.1016279490,1.7922247986,121,21,56,256
closed_n8,8,0.000000,0.500000,false,2,256,1.000e-12,0.05000,0.800000,5,1.1005002782,1.7921306843,64,21,45,64
closed_n8,8,0.000000,0.500000,false,2,256,1.000e-12,0.05000,0.800000,6,1.1015987687,1.7849674163,16,15,16,16
closed_n8,8,0.000000,0.500000,false,2,256,1.000e-12,0.05000,0.800000,7,1.1504285516,1.5085931963,4,4,4,4
closed_n8,8,0.000000,0.500000,false,2,256,1.000e-12,0.05000,1.200000,1,1.6347890886,1.8068129595,4,4,4,4
closed_n8,8,0.000000,0.500000,false,2,256,1.000e-12,0.05000,1.200000,2,1.7357215305,2.4716174253,16,16,16,16
closed_n8,8,0.000000,0.500000,false,2,256,1.000e-12,0.05000,1.200000,3,1.7234398387,2.5528055538,64,39,60,64
closed_n8,8,0.000000,0.500000,false,2,256,1.000e-12,0.05000,1.200000,4,1.7233398299,2.5525217816,225,44,109,256
closed_n8,8,0.000000,0.500000,false,2,256,1.000e-12,0.05000,1.200000,5,1.7234398387,2.5528055538,64,39,60,64
closed_n8,8,0.000000,0.500000,false,2,256,1.000e-12,0.05000,1.200000,6,1.7357215305,2.4716174253,16,16,16,16
closed_n8,8,0.000000,0.500000,false,2,256,1.000e-12,0.05000,1.200000,7,1.6347890886,1.8068129595,4,4,4,4
closed_n8,8,0.000000,0.500000,false,2,256,1.000e-12,0.05000,1.600000,1,1.8671377961,1.9322519539,4,4,4,4
closed_n8,8,0.000000,0.500000,false,2,256,1.000e-12,0.05000,1.600000,2,2.2664136488,2.9315370563,16,16,16,16
closed_n8,8,0.000000,0.500000,false,2,256,1.000e-12,0.05000,1.600000,3,2.3262435844,3.2676628609,64,52,63,64
closed_n8,8,0.000000,0.500000,false,2,256,1.000e-12,0.05000,1.600000,4,2.3112607082,3.2764420746,256,82,176,256
closed_n8,8,0.000000,0.500000,false,2,256,1.000e-12,0.05000,1.600000,5,2.3262435844,3.2676628609,64,52,63,64
closed_n8,8,0.000000,0.500000,false,2,256,1.000e-12,0.05000,1.600000,6,2.2664136488,2.9315370563,16,16,16,16
closed_n8,8,0.000000,0.500000,false,2,256,1.000e-12,0.05000,1.600000,7,1.8671377961,1.9322519539,4,4,4,4
closed_n8,8,0.000000,0.500000,false,2,256,1.000e-12,0.05000,2.000000,1,1.9424639526,1.9709895934,4,4,4,4
closed_n8,8,0.000000,0.500000,false,2,256,1.000e-12,0.05000,2.000000,2,2.5165159957,3.1287491933,16,16,16,16
closed_n8,8,0.000000,0.500000,false,2,256,1.000e-12,0.05000,2.000000,3,2.9291001815,3.8903350562,64,60,64,64
closed_n8,8,0.000000,0.500000,false,2,256,1.000e-12,0.05000,2.000000,4,2.8622108264,3.9781176410,256,132,222,256
closed_n8,8,0.000000,0.500000,false,2,256,1.000e-12,0.05000,2.000000,5,2.9291001815,3.8903350562,64,60,64,64
closed_n8,8,0.000000,0.500000,false,2,256,1.000e-12,0.05000,2.000000,6,2.5165159957,3.1287491933,16,16,16,16
closed_n8,8,0.000000,0.500000,false,2,256,1.000e-12,0.05000,2.000000,7,1.9424639526,1.9709895934,4,4,4,4
closed_n8,8,0.000000,0.500000,false,2,256,1.000e-12,0.05000,2.400000,1,1.9496168901,1.9746229080,4,4,4,4
closed_n8,8,0.000000,0.500000,false,2,256,1.000e-12,0.05000,2.400000,2,2.5393752220,3.1631537376,16,16,16,16
closed_n8,8,0.000000,0.500000,false,2,256,1.000e-12,0.05000,2.400000,3,3.4551950365,4.3200403049,64,62,64,64
closed_n8,8,0.000000,0.500000,false,2,256,1.000e-12,0.05000,2.400000,4,3.3863691368,4.6380450295,256,177,244,256
closed_n8,8,0.000000,0.500000,false,2,256,1.000e-12,0.05000,2.400000,5,3.4551950365,4.3200403049,64,62,64,64
closed_n8,8,0.000000,0.500000,false,2,256,1.000e-12,0.05000,2.400000,6,2.5393752220,3.1631537376,16,16,16,16
closed_n8,8,0.000000,0.500000,false,2,256,1.000e-12,0.05000,2.400000,7,1.9496168901,1.9746229080,4,4,4,4
closed_n8,8,0.000000,0.500000,false,2,256,1.000e-12,0.05000,2.800000,1,1.9218568445,1.9604790477,4,4,4,4
closed_n8,8,0.000000,0.500000,false,2,256,1.000e-12,0.05000,2.800000,2,2.5274305001,3.1632756939,16,16,16,16
closed_n8,8,0.000000,0.500000,false,2,256,1.000e-12,0.05000,2.800000,3,3.7543138024,4.5201022474,64,63,64,64
closed_n8,8,0.000000,0.500000,false,2,256,1.000e-12,0.05000,2.800000,4,3.8342973745,5.1529555020,256,206,252,256
closed_n8,8,0.000000,0.500000,false,2,256,1.000e-12,0.05000,2.800000,5,3.7543138024,4.5201022474,64,63,64,64
closed_n8,8,0.000000,0.500000,false,2,256,1.000e-12,0.05000,2.800000,6,2.5274305001,3.1632756939,16,16,16,16
closed_n8,8,0.000000,0.500000,false,2,256,1.000e-12,0.05000,2.800000,7,1.9218568445,1.9604790477,4,4,4,4
closed_n8,8,0.000000,0.500000,false,2,256,1.000e-12,0.05000,3.200000,1,1.8748640278,1.9362660560,4,4,4,4
closed_n8,8,0.000000,0.500000,false,2,256,1.000e-12,0.05000,3.200000,2,2.5865436378,3.1942479061,16,16,16,16
closed_n8,8,0.000000,0.500000,false,2,256,1.000e-12,0.05000,3.200000,3,3.8401171740,4.5576891115,64,63,64,64
closed_n8,8,0.000000,0.500000,false,2,256,1.000e-12,0.05000,3.200000,4,4.0433145236,5.3672233428,256,219,254,256
closed_n8,8,0.000000,0.500000,false,2,256,1.000e-12,0.05000,3.200000,5,3.8401171740,4.5576891115,64,63,64,64
closed_n8,8,0.000000,0.500000,false,2,256,1.000e-12,0.05000,3.200000,6,2.5865436378,3.1942479061,16,16,16,16
closed_n8,8,0.000000,0.500000,false,2,256,1.000e-12,0.05000,3.200000,7,1.8748640278,1.9362660560,4,4,4,4
closed_n8,8,0.000000,0.500000,false,2,256,1.000e-12,0.05000,3.600000,1,1.8379678323,1.9170106596,4,4,4,4
closed_n8,8,0.000000,0.500000,false,2,256,1.000e-12,0.05000,3.600000,2,2.7073294739,3.2619151338,16,16,16,16
closed_n8,8,0.000000,0.500000,false,2,256,1.000e-12,0.05000,3.600000,3,3.8318154500,4.5339682474,64,63,64,64
closed_n8,8,0.000000,0.500000,false,2,256,1.000e-12,0.05000,3.600000,4,4.0302012500,5.2604469746,256,219,255,256
closed_n8,8,0.000000,0.500000,false,2,256,1.000e-12,0.05000,3.600000,5,3.8318154500,4.5339682474,64,63,64,64
closed_n8,8,0.000000,0.500000,false,2,256,1.000e-12,0.05000,3.600000,6,2.7073294739,3.2619151338,16,16,16,16
closed_n8,8,0.000000,0.500000,false,2,256,1.000e-12,0.05000,3.600000,7,1.8379678323,1.9170106596,4,4,4,4
closed_n8,8,0.000000,0.500000,false,2,256,1.000e-12,0.05000,4.000000,1,1.8378933455,1.9169715640,4,4,4,4
closed_n8,8,0.000000,0.500000,false,2,256,1.000e-12,0.05000,4.000000,2,2.8451170987,3.3438884368,16,16,16,16
closed_n8,8,0.000000,0.500000,false,2,256,1.000e-12,0.05000,4.000000,3,3.7932619820,4.5128692597,64,63,64,64
closed_n8,8,0.000000,0.500000,false,2,256,1.000e-12,0.05000,4.000000,4,4.1845688683,5.3004824142,256,208,255,256
closed_n8,8,0.000000,0.500000,false,2,256,1.000e-12,0.05000,4.000000,5,3.7932619820,4.5128692597,64,63,64,64
closed_n8,8,0.000000,0.500000,false,2,256,1.000e-12,0.05000,4.000000,6,2.8451170987,3.3438884368,16,16,16,16
closed_n8,8,0.000000,0.500000,false,2,256,1.000e-12,0.05000,4.000000,7,1.8378933455,1.9169715640,4,4,4,4
closed_n8,8,0.000000,0.500000,false,2,256,1.000e-12,0.05000,4.400000,1,1.8714921914,1.9345154120,4,4,4,4
closed_n8,8,0.000000,0.500000,false,2,256,1.000e-12,0.05000,4.400000,2,2.9817024299,3.4217300166,16,16,16,16
closed_n8,8,0.000000,0.500000,false,2,256,1.000e-12,0.05000,4.400000,3,3.6618253531,4.4333945000,64,63,64,64
closed_n8,8,0.000000,0.500000,false,2,256,1.000e-12,0.05000,4.400000,4,4.4088964671,5.4540572447,256,213,254,256
closed_n8,8,0.000000,0.500000,false,2,256,1.000e-12,0.05000,4.400000,5,3.6618253531,4.4333945000,64,63,64,64
closed_n8,8,0.000000,0.500000,false,2,256,1.000e-12,0.05000,4.400000,6,2.9817024299,3.4217300166,16,16,16,16
closed_n8,8,0.000000,0.500000,false,2,256,1.000e-12,0.05000,4.400000,7,1.8714921914,1.9345154120,4,4,4,4
closed_n8,8,0.000000,0.500000,false,2,256,1.000e-12,0.05000,4.800000,1,1.9120125894,1.9554351754,4,4,4,4
closed_n8,8,0.000000,0.500000,false,2,256,1.000e-12,0.05000,4.800000,2,3.1025084643,3.4809889627,16,16,16,16
closed_n8,8,0.000000,0.500000,false,2,256,1.000e-12,0.05000,4.800000,3,3.4239243590,4.2522717708,64,63,64,64
closed_n8,8,0.000000,0.500000,false,2,256,1.000e-12,0.05000,4.800000,4,4.5018153791,5.4518930742,256,196,248,256
closed_n8,8,0.000000,0.500000,false,2,256,1.000e-12,0.05000,4.800000,5,3.4239243590,4.2522717708,64,63,64,64
closed_n8,8,0.000000,0.500000,false,2,256,1.000e-12,0.05000,4.800000,6,3.1025084643,3.4809889627,16,16,16,16
closed_n8,8,0.000000,0.500000,false,2,256,1.000e-12,0.05000,4.800000,7,1.9120125894,1.9554351754,4,4,4,4
closed_n8,8,0.000000,0.500000,false,2,256,1.000e-12,0.05000,5.200000,1,1.9371329138,1.9682766977,4,4,4,4
closed_n8,8,0.000000,0.500000,false,2,256,1.000e-12,0.05000,5.200000,2,3.1491733677,3.4892487414,16,16,16,16
closed_n8,8,0.000000,0.500000,false,2,256,1.000e-12,0.05000,5.200000,3,3.2909775814,4.1456016951,64,62,64,64
closed_n8,8,0.000000,0.500000,false,2,256,1.000e-12,0.05000,5.200000,4,4.4181979522,5.3703795300,256,202,252,256
closed_n8,8,0.000000,0.500000,false,2,256,1.000e-12,0.05000,5.200000,5,3.2909775814,4.1456016951,64,62,64,64
closed_n8,8,0.000000,0.500000,false,2,256,1.000e-12,0.05000,5.200000,6,3.1491733677,3.4892487414,16,16,16,16
closed_n8,8,0.000000,0.500000,false,2,256,1.000e-12,0.05000,5.200000,7,1.9371329138,1.9682766977,4,4,4,4
closed_n8,8,0.000000,0.500000,false,2,256,1.000e-12,0.05000,5.600000,1,1.9400280794,1.9697505416,4,4,4,4
closed_n8,8,0.000000,0.500000,false,2,256,1.000e-12,0.05000,5.600000,2,3.0419482673,3.4059908878,16,16,16,16
closed_n8,8,0.000000,0.500000,false,2,256,1.000e-12,0.05000,5.600000,3,3.4021255797,4.2437784776,64,62,64,64
closed_n8,8,0.000000,0.500000,false,2,256,1.000e-12,0.05000,5.600000,4,4.1617764138,5.1312766387,256,194,249,256
closed_n8,8,0.000000,0.500000,false,2,256,1.000e-12,0.05000,5.600000,5,3.4021255797,4.2437784776,64,62,64,64
closed_n8,8,0.000000,0.500000,false,2,256,1.000e-12,0.05000,5.600000,6,3.0419482673,3.4059908878,16,16,16,16
closed_n8,8,0.000000,0.500000,false,2,256,1.000e-12,0.05000,5.600000,7,1.9400280794,1.9697505416,4,4,4,4
closed_n8,8,0.000000,0.500000,false,2,256,1.000e-12,0.05000,6.000000,1,1.9211666549,1.9601259017,4,4,4,4
closed_n8,8,0.000000,0.500000,false,2,256,1.000e-12,0.05000,6.000000,2,2.7893744412,3.2361336027,16,16,16,16
closed_n8,8,0.000000,0.500000,false,2,256,1.000e-12,0.05000,6.000000,3,3.5539516440,4.3340814421,64,63,64,64
closed_n8,8,0.000000,0.500000,false,2,256,1.000e-12,0.05000,6.000000,4,3.8550962566,4.8186218703,256,179,246,256
closed_n8,8,0.000000,0.500000,false,2,256,1.000e-12,0.05000,6.000000,5,3.5539516440,4.3340814421,64,63,64,64
closed_n8,8,0.000000,0.500000,false,2,256,1.000e-12,0.05000,6.000000,6,2.7893744412,3.2361336027,16,16,16,16
closed_n8,8,0.000000,0.500000,false,2,256,1.000e-12,0.05000,6.000000,7,1.9211666549,1.9601259017,4,4,4,4
closed_n8,8,0.000000,0.500000,false,2,256,1.000e-12,0.05000,6.400000,1,1.8885773572,1.9433674442,4,4,4,4
closed_n8,8,0.000000,0.500000,false,2,256,1.000e-12,0.05000,6.400000,2,2.5272549716,3.0726068524,16,16,16,16
closed_n8,8,0.000000,0.500000,false,2,256,1.000e-12,0.05000,6.400000,3,3.6057362299,4.3428782664,64,63,64,64
closed_n8,8,0.000000,0.500000,false,2,256,1.000e-12,0.05000,6.400000,4,3.7408058219,4.8641871683,256,201,252,256
closed_n8,8,0.000000,0.500000,false,2,256,1.000e-12,0.05000,6.400000,5,3.6057362299,4.3428782664,64,63,64,64
closed_n8,8,0.000000,0.500000,false,2,256,1.000e-12,0.05000,6.400000,6,2.5272549716,3.0726068524,16,16,16,16
closed_n8,8,0.000000,0.500000,false,2,256,1.000e-12,0.05000,6.400000,7,1.8885773572,1.9433674442,4,4,4,4
closed_n8,8,0.000000,0.500000,false,2,256,1.000e-12,0.05000,6.800000,1,1.8688967868,1.9331666582,4,4,4,4
closed_n8,8,0.000000,0.500000,false,2,256,1.000e-12,0.05000,6.800000,2,2.3610179261,3.0037865306,16,16,16,16
closed_n8,8,0.000000,0.500000,false,2,256,1.000e-12,0.05000,6.800000,3,3.5441535411,4.2949840045,64,62,64,64
closed_n8,8,0.000000,0.500000,false,2,256,1.000e-12,0.05000,6.800000,4,3.7110251394,4.9079799622,256,200,252,256
closed_n8,8,0.000000,0.500000,false,2,256,1.000e-12,0.05000,6.800000,5,3.5441535411,4.2949840045,64,62,64,64
closed_n8,8,0.000000,0.500000,false,2,256,1.000e-12,0.05000,6.800000,6,2.3610179261,3.0037865306,16,16,16,16
closed_n8,8,0.000000,0.500000,false,2,256,1.000e-12,0.05000,6.800000,7,1.8688967868,1.9331666582,4,4,4,4
closed_n8,8,0.000000,0.500000,false,2,256,1.000e-12,0.05000,7.200000,1,1.8934391529,1.9458780064,4,4,4,4
closed_n8,8,0.000000,0.500000,false,2,256,1.000e-12,0.05000,7.200000,2,2.2782547644,2.9967367347,16,16,16,16
closed_n8,8,0.000000,0.500000,false,2,256,1.000e-12,0.05000,7.200000,3,3.4610860847,4.2452676349,64,62,64,64
closed_n8,8,0.000000,0.500000,false,2,256,1.000e-12,0.05000,7.200000,4,3.6645362572,4.9805629746,256,204,253,256
closed_n8,8,0.000000,0.500000,false,2,256,1.000e-12,0.05000,7.200000,5,3.4610860847,4.2452676349,64,62,64,64
closed_n8,8,0.000000,0.500000,false,2,256,1.000e-12,0.05000,7.200000,6,2.2782547644,2.9967367347,16,16,16,16
closed_n8,8,0.000000,0.500000,false,2,256,1.000e-12,0.05000,7.200000,7,1.8934391529,1.9458780064,4,4,4,4
closed_n8,8,0.000000,0.500000,false,2,256,1.000e-12,0.05000,7.600000,1,1.9552591795,1.9774834833,4,4,4,4
closed_n8,8,0.000000,0.500000,false,2,256,1.000e-12,0.05000,7.600000,2,2.2425401846,3.0079914542,16,16,16,16
closed_n8,8,0.000000,0.500000,false,2,256,1.000e-12,0.05000,7.600000,3,3.4641695396,4.2781600009,64,62,64,64
closed_n8,8,0.000000,0.500000,false,2,256,1.000e-12,0.05000,7.600000,4,3.4810257348,4.9698888649,256,200,251,256
closed_n8,8,0.000000,0.500000,false,2,256,1.000e-12,0.05000,7.600000,5,3.4641695396,4.2781600009,64,62,64,64
closed_n8,8,0.000000,0.500000,false,2,256,1.000e-12,0.05000,7.600000,6,2.2425401846,3.0079914542,16,16,16,16
closed_n8,8,0.000000,0.500000,false,2,256,1.000e-12,0.05000,7.600000,7,1.9552591795,1.9774834833,4,4,4,4
closed_n8,8,0.000000,0.500000,false,2,256,1.000e-12,0.05000,8.000000,1,1.9989588018,1.9994793226,4,4,4,4
closed_n8,8,0.000000,0.500000,false,2,256,1.000e-12,0.05000,8.000000,2,2.2601646130,3.0338919160,16,16,16,16
closed_n8,8,0.000000,0.500000,false,2,256,1.000e-12,0.05000,8.000000,3,3.4571338988,4.3121041790,64,63,64,64
closed_n8,8,0.000000,0.500000,false,2,256,1.000e-12,0.05000,8.000000,4,3.0750076066,4.6687100902,256,192,250,256
closed_n8,8,0.000000,0.500000,false,2,256,1.000e-12,0.05000,8.000000,5,3.4571338988,4.3121041790,64,63,64,64
closed_n8,8,0.000000,0.500000,false,2,256,1.000e-12,0.05000,8.000000,6,2.2601646130,3.0338919160,16,16,16,16
closed_n8,8,0.000000,0.500000,false,2,256,1.000e-12,0.05000,8.000000,7,1.9989588018,1.9994793226,4,4,4,4
closed_n8,8,0.000000,0.500000,false,2,256,1.000e-12,0.05000,8.400000,1,1.9684642335,1.9841597613,4,4,4,4
closed_n8,8,0.000000,0.500000,false,2,256,1.000e-12,0.05000,8.400000,2,2.3733955763,3.1101371992,16,16,16,16
closed_n8,8,0.000000,0.500000,false,2,256,1.000e-12,0.05000,8.400000,3,3.3403880015,4.2746244545,64,63,64,64
closed_n8,8,0.000000,0.500000,false,2,256,1.000e-12,0.05000,8.400000,4,2.8361990535,4.4647298060,256,188,249,256
closed_n8,8,0.000000,0.500000,false,2,256,1.000e-12,0.05000,8.400000,5,3.3403880015,4.2746244545,64,63,64,64
closed_n8,8,0.000000,0.500000,false,2,256,1.000e-12,0.05000,8.400000,6,2.3733955763,3.1101371992,16,16,16,16
closed_n8,8,0.000000,0.500000,false,2,256,1.000e-12,0.05000,8.400000,7,1.9684642335,1.9841597613,4,4,4,4
closed_n8,8,0.000000,0.500000,false,2,256,1.000e-12,0.05000,8.800000,1,1.8552081371,1.9260352819,4,4,4,4
closed_n8,8,0.000000,0.500000,false,2,256,1.000e-12,0.05000,8.800000,2,2.5143971215,3.2010165644,16,16,16,16
closed_n8,8,0.000000,0.500000,false,2,256,1.000e-12,0.05000,8.800000,3,3.1081339748,4.1571546989,64,63,64,64
closed_n8,8,0.000000,0.500000,false,2,256,1.000e-12,0.05000,8.800000,4,2.9970237343,4.6837763469,256,200,250,256
closed_n8,8,0.000000,0.500000,false,2,256,1.000e-12,0.05000,8.800000,5,3.1081339748,4.1571546989,64,63,64,64
closed_n8,8,0.000000,0.500000,false,2,256,1.000e-12,0.05000,8.800000,6,2.5143971215,3.2010165644,16,16,16,16
closed_n8,8,0.000000,0.500000,false,2,256,1.000e-12,0.05000,8.800000,7,1.8552081371,1.9260352819,4,4,4,4
closed_n8,8,0.000000,0.500000,false,2,256,1.000e-12,0.05000,9.200000,1,1.7052952644,1.8458889115,4,4,4,4
closed_n8,8,0.000000,0.500000,false,2,256,1.000e-12,0.05000,9.200000,2,2.5909057392,3.2526423060,16,16,16,16
closed_n8,8,0.000000,0.500000,false,2,256,1.000e-12,0.05000,9.200000,3,2.8437565635,4.0042538869,64,63,64,64
closed_n8,8,0.000000,0.500000,false,2,256,1.000e-12,0.05000,9.200000,4,3.2279080583,4.9120707450,256,211,253,256
closed_n8,8,0.000000,0.500000,false,2,256,1.000e-12,0.05000,9.200000,5,2.8437565635,4.0042538869,64,63,64,64
closed_n8,8,0.000000,0.500000,false,2,256,1.000e-12,0.05000,9.200000,6,2.5909057392,3.2526423060,16,16,16,16
closed_n8,8,0.000000,0.500000,false,2,256,1.000e-12,0.05000,9.200000,7,1.7052952644,1.8458889115,4,4,4,4
closed_n8,8,0.000000,0.500000,false,2,256,1.000e-12,0.05000,9.600000,1,1.5940645347,1.7838092422,4,4,4,4
closed_n8,8,0.000000,0.500000,false,2,256,1.000e-12,0.05000,9.600000,2,2.6113671753,3.2698377297,16,16,16,16
closed_n8,8,0.000000,0.500000,false,2,256,1.000e-12,0.05000,9.600000,3,2.7131315045,3.9422740773,64,63,64,64
closed_n8,8,0.000000,0.500000,false,2,256,1.000e-12,0.05000,9.600000,4,3.3095914384,4.9621898648,256,215,254,256
closed_n8,8,0.000000,0.500000,false,2,256,1.000e-12,0.05000,9.600000,5,2.7131315045,3.9422740773,64,63,64,64
closed_n8,8,0.000000,0.500000,false,2,256,1.000e-12,0.05000,9.600000,6,2.6113671753,3.2698377297,16,16,16,16
closed_n8,8,0.000000,0.500000,false,2,256,1.000e-12,0.05000,9.600000,7,1.5940645347,1.7838092422,4,4,4,4
closed_n8,8,0.000000,0.500000,false,2,256,1.000e-12,0.05000,10.000000,1,1.5815291590,1.7766622774,4,4,4,4
closed_n8,8,0.000000,0.500000,false,2,256,1.000e-12,0.05000,10.000000,2,2.6018202104,3.2656145453,16,16,16,16
closed_n8,8,0.000000,0.500000,false,2,256,1.000e-12,0.05000,10.000000,3,2.7892542804,4.0265282420,64,63,64,64
closed_n8,8,0.000000,0.500000,false,2,256,1.000e-12,0.05000,10.000000,4,3.3421206591,4.9735472128,256,209,254,256
closed_n8,8,0.000000,0.500000,false,2,256,1.000e-12,0.05000,10.000000,5,2.7892542804,4.0265282420,64,63,64,64
closed_n8,8,0.000000,0.500000,false,2,256,1.000e-12,0.05000,10.000000,6,2.6018202104,3.2656145453,16,16,16,16
closed_n8,8,0.000000,0.500000,false,2,256,1.000e-12,0.05000,10.000000,7,1.5815291590,1.7766622774,4,4,4,4
closed_n8,8,0.000000,0.500000,false,2,256,1.000e-12,0.05000,10.400000,1,1.6691508234,1.8259731763,4,4,4,4
closed_n8,8,0.000000,0.500000,false,2,256,1.000e-12,0.05000,10.400000,2,2.5473487396,3.2315651834,16,16,16,16
closed_n8,8,0.000000,0.500000,false,2,256,1.000e-12,0.05000,10.400000,3,2.9960771127,4.1738034951,64,63,64,64
closed_n8,8,0.000000,0.500000,false,2,256,1.000e-12,0.05000,10.400000,4,3.4463909068,5.1266364404,256,224,255,256
closed_n8,8,0.000000,0.500000,false,2,256,1.000e-12,0.05000,10.400000,5,2.9960771127,4.1738034951,64,63,64,64
closed_n8,8,0.000000,0.500000,false,2,256,1.000e-12,0.05000,10.400000,6,2.5473487396,3.2315651834,16,16,16,16
closed_n8,8,0.000000,0.500000,false,2,256,1.000e-12,0.05000,10.400000,7,1.6691508234,1.8259731763,4,4,4,4
closed_n8,8,0.000000,0.500000,false,2,256,1.000e-12,0.05000,10.800000,1,1.8014836046,1.8977519556,4,4,4,4
closed_n8,8,0.000000,0.500000,false,2,256,1.000e-12,0.05000,10.800000,2,2.4470394499,3.1690703604,16,16,16,16
closed_n8,8,0.000000,0.500000,false,2,256,1.000e-12,0.05000,10.800000,3,3.2077784629,4.2850285057,64,64,64,64
closed_n8,8,0.000000,0.500000,false,2,256,1.000e-12,0.05000,10.800000,4,3.5740749718,5.1910674344,256,224,255,256
closed_n8,8,0.000000,0.500000,false,2,256,1.000e-12,0.05000,10.800000,5,3.2077784629,4.2850285057,64,64,64,64
closed_n8,8,0.000000,0.500000,false,2,256,1.000e-12,0.05000,10.800000,6,2.4470394499,3.1690703604,16,16,16,16
closed_n8,8,0.000000,0.500000,false,2,256,1.000e-12,0.05000,10.800000,7,1.8014836046,1.8977519556,4,4,4,4
closed_n8,8,0.000000,0.500000,false,2,256,1.000e-12,0.05000,11.200000,1,1.9142666771,1.9565914098,4,4,4,4
closed_n8,8,0.000000,0.500000,false,2,256,1.000e-12,0.05000,11.200000,2,2.3623526715,3.1145199589,16,16,16,16
closed_n8,8,0.000000,0.500000,false,2,256,1.000e-12,0.05000,11.200000,3,3.3514133385,4.3463029602,64,64,64,64
closed_n8,8,0.000000,0.500000,false,2,256,1.000e-12,0.05000,11.200000,4,3.7055612901,5.2669424909,256,219,254,256
closed_n8,8,0.000000,0.500000,false,2,256,1.000e-12,0.05000,11.200000,5,3.3514133385,4.3463029602,64,64,64,64
closed_n8,8,0.000000,0.500000,false,2,256,1.000e-12,0.05000,11.200000,6,2.3623526715,3.1145199589,16,16,16,16
closed_n8,8,0.000000,0.500000,false,2,256,1.000e-12,0.05000,11.200000,7,1.9142666771,1.9565914098,4,4,4,4
closed_n8,8,0.000000,0.500000,false,2,256,1.000e-12,0.05000,11.600000,1,1.9763816384,1.9881503123,4,4,4,4
closed_n8,8,0.000000,0.500000,false,2,256,1.000e-12,0.05000,11.600000,2,2.3540587827,3.0991347699,16,16,16,16
closed_n8,8,0.000000,0.500000,false,2,256,1.000e-12,0.05000,11.600000,3,3.4094122343,4.3681763528,64,64,64,64
closed_n8,8,0.000000,0.500000,false,2,256,1.000e-12,0.05000,11.600000,4,3.8108596263,5.3018302718,256,210,253,256
closed_n8,8,0.000000,0.500000,false,2,256,1.000e-12,0.05000,11.600000,5,3.4094122343,4.3681763528,64,64,64,64
closed_n8,8,0.000000,0.500000,false,2,256,1.000e-12,0.05000,11.600000,6,2.3540587827,3.0991347699,16,16,16,16
closed_n8,8,0.000000,0.500000,false,2,256,1.000e-12,0.05000,11.600000,7,1.9763816384,1.9881503123,4,4,4,4
closed_n8,8,0.000000,0.500000,false,2,256,1.000e-12,0.05000,12.000000,1,1.9962577093,1.9981278425,4,4,4,4
closed_n8,8,0.000000,0.500000,false,2,256,1.000e-12,0.05000,12.000000,2,2.3903661418,3.1009709609,16,16,16,16
closed_n8,8,0.000000,0.500000,false,2,256,1.000e-12,0.05000,12.000000,3,3.4061312358,4.3491162282,64,63,64,64
closed_n8,8,0.000000,0.500000,false,2,256,1.000e-12,0.05000,12.000000,4,3.8298125625,5.2826816800,256,220,254,256
closed_n8,8,0.000000,0.500000,false,2,256,1.000e-12,0.05000,12.000000,5,3.4061312358,4.3491162282,64,63,64,64
closed_n8,8,0.000000,0.500000,false,2,256,1.000e-12,0.05000,12.000000,6,2.3903661418,3.1009709609,16,16,16,16
closed_n8,8,0.000000,0.500000,false,2,256,1.000e-12,0.05000,12.000000,7,1.9962577093,1.9981278425,4,4,4,4
open_n8_g0p100,8,0.100000,0.500000,true,2,256,1.000e-12,0.05000,0.000000,1,0.0000000000,0.0000000000,1,1,1,4
open_n8_g0p100,8,0.100000,0.500000,true,2,256,1.000e-12,0.05000,0.000000,2,0.0000000000,0.0000000000,1,1,1,16
open_n8_g0p100,8,0.100000,0.500000,true,2,256,1.000e-12,0.05000,0.000000,3,0.0000000000,0.0000000000,1,1,1,64
open_n8_g0p100,8,0.100000,0.500000,true,2,256,1.000e-12,0.05000,0.000000,4,0.0000000000,0.0000000000,1,1,1,256
open_n8_g0p100,8,0.100000,0.500000,true,2,256,1.000e-12,0.05000,0.000000,5,0.0000000000,0.0000000000,1,1,1,64
open_n8_g0p100,8,0.100000,0.500000,true,2,256,1.000e-12,0.05000,0.000000,6,0.0000000000,0.0000000000,1,1,1,16
open_n8_g0p100,8,0.100000,0.500000,true,2,256,1.000e-12,0.05000,0.000000,7,0.0000000000,0.0000000000,1,1,1,4
open_n8_g0p100,8,0.100000,0.500000,true,2,256,1.000e-12,0.05000,0.400000,1,0.4694244949,0.9380821788,4,4,4,4
open_n8_g0p100,8,0.100000,0.500000,true,2,256,1.000e-12,0.05000,0.400000,2,0.4544997213,0.9803258829,16,10,15,16
open_n8_g0p100,8,0.100000,0.500000,true,2,256,1.000e-12,0.05000,0.400000,3,0.4538070817,0.9800034610,26,10,21,64
open_n8_g0p100,8,0.100000,0.500000,true,2,256,1.000e-12,0.05000,0.400000,4,0.4546778327,0.9803080749,26,10,21,256
open_n8_g0p100,8,0.100000,0.500000,true,2,256,1.000e-12,0.05000,0.400000,5,0.4538071108,0.9800031778,26,10,21,64
open_n8_g0p100,8,0.100000,0.500000,true,2,256,1.000e-12,0.05000,0.400000,6,0.4544972847,0.9802747627,16,10,15,16
open_n8_g0p100,8,0.100000,0.500000,true,2,256,1.000e-12,0.05000,0.400000,7,0.4693563368,0.9378602781,4,4,4,4
open_n8_g0p100,8,0.100000,0.500000,true,2,256,1.000e-12,0.05000,0.800000,1,1.1467912340,1.5069899586,4,4,4,4
open_n8_g0p100,8,0.100000,0.500000,true,2,256,1.000e-12,0.05000,0.800000,2,1.0979318277,1.7820014634,16,15,16,16
open_n8_g0p100,8,0.100000,0.500000,true,2,256,1.000e-12,0.05000,0.800000,3,1.0966877616,1.7884212905,53,21,44,64
open_n8_g0p100,8,0.100000,0.500000,true,2,256,1.000e-12,0.05000,0.800000,4,1.0977940971,1.7884073090,60,21,49,256
open_n8_g0p100,8,0.100000,0.500000,true,2,256,1.000e-12,0.05000,0.800000,5,1.0966815307,1.7883398886,48,21,42,64
open_n8_g0p100,8,0.100000,0.500000,true,2,256,1.000e-12,0.05000,0.800000,6,1.0976473731,1.7810905941,16,15,16,16
open_n8_g0p100,8,0.100000,0.500000,true,2,256,1.000e-12,0.05000,0.800000,7,1.1445930358,1.5046217102,4,4,4,4
open_n8_g0p100,8,0.100000,0.500000,true,2,256,1.000e-12,0.05000,1.200000,1,1.6284307212,1.8045131652,4,4,4,4
open_n8_g0p100,8,0.100000,0.500000,true,2,256,1.000e-12,0.05000,1.200000,2,1.7268950947,2.4659717304,16,16,16,16
open_n8_g0p100,8,0.100000,0.500000,true,2,256,1.000e-12,0.05000,1.200000,3,1.7125572721,2.5426252198,64,39,63,64
open_n8_g0p100,8,0.100000,0.500000,true,2,256,1.000e-12,0.05000,1.200000,4,1.7123741498,2.5413608560,114,43,100,256
open_n8_g0p100,8,0.100000,0.500000,true,2,256,1.000e-12,0.05000,1.200000,5,1.7122798566,2.5414125656,60,38,58,64
open_n8_g0p100,8,0.100000,0.500000,true,2,256,1.000e-12,0.05000,1.200000,6,1.7230070780,2.4599906205,16,16,16,16
open_n8_g0p100,8,0.100000,0.500000,true,2,256,1.000e-12,0.05000,1.200000,7,1.6168789307,1.7967699408,4,4,4,4
open_n8_g0p100,8,0.100000,0.500000,true,2,256,1.000e-12,0.05000,1.600000,1,1.8595477275,1.9292606072,4,4,4,4
open_n8_g0p100,8,0.100000,0.500000,true,2,256,1.000e-12,0.05000,1.600000,2,2.2611951206,2.9321421408,16,16,16,16
open_n8_g0p100,8,0.100000,0.500000,true,2,256,1.000e-12,0.05000,1.600000,3,2.3049859676,3.2507718436,64,55,64,64
open_n8_g0p100,8,0.100000,0.500000,true,2,256,1.000e-12,0.05000,1.600000,4,2.2895049314,3.2543158168,176,81,161,256
open_n8_g0p100,8,0.100000,0.500000,true,2,256,1.000e-12,0.05000,1.600000,5,2.3019660782,3.2439365713,63,52,63,64
open_n8_g0p100,8,0.100000,0.500000,true,2,256,1.000e-12,0.05000,1.600000,6,2.2391749899,2.9094604161,16,16,16,16
open_n8_g0p100,8,0.100000,0.500000,true,2,256,1.000e-12,0.05000,1.600000,7,1.8327833596,1.9143820261,4,4,4,4
open_n8_g0p100,8,0.100000,0.500000,true,2,256,1.000e-12,0.05000,2.000000,1,1.9325424033,1.9666498407,4,4,4,4
open_n8_g0p100,8,0.100000,0.500000,true,2,256,1.000e-12,0.05000,2.000000,2,2.5379632245,3.1521139170,16,16,16,16
open_n8_g0p100,8,0.100000,0.500000,true,2,256,1.000e-12,0.05000,2.000000,3,2.8960894385,3.8738246503,64,62,64,64
open_n8_g0p100,8,0.100000,0.500000,true,2,256,1.000e-12,0.05000,2.000000,4,2.8242242669,3.9410179807,220,131,210,256
open_n8_g0p100,8,0.100000,0.500000,true,2,256,1.000e-12,0.05000,2.000000,5,2.8771485000,3.8484819176,64,59,64,64
open_n8_g0p100,8,0.100000,0.500000,true,2,256,1.000e-12,0.05000,2.000000,6,2.4732214798,3.0965758925,16,16,16,16
open_n8_g0p100,8,0.100000,0.500000,true,2,256,1.000e-12,0.05000,2.000000,7,1.8909653019,1.9448285580,4,4,4,4
open_n8_g0p100,8,0.100000,0.500000,true,2,256,1.000e-12,0.05000,2.400000,1,1.9388220865,1.9700347543,4,4,4,4
open_n8_g0p100,8,0.100000,0.500000,true,2,256,1.000e-12,0.05000,2.400000,2,2.5999159534,3.2198698225,16,16,16,16
open_n8_g0p100,8,0.100000,0.500000,true,2,256,1.000e-12,0.05000,2.400000,3,3.4205174901,4.3196401223,64,64,64,64
open_n8_g0p100,8,0.100000,0.500000,true,2,256,1.000e-12,0.05000,2.400000,4,3.3230739274,4.5807717384,242,174,236,256
open_n8_g0p100,8,0.100000,0.500000,true,2,256,1.000e-12,0.05000,2.400000,5,3.3527742059,4.2548740296,64,61,64,64
open_n8_g0p100,8,0.100000,0.500000,true,2,256,1.000e-12,0.05000,2.400000,6,2.4808258919,3.1245665499,16,16,16,16
open_n8_g0p100,8,0.100000,0.500000,true,2,256,1.000e-12,0.05000,2.400000,7,1.8803229433,1.9396910774,4,4,4,4
open_n8_g0p100,8,0.100000,0.500000,true,2,256,1.000e-12,0.05000,2.800000,1,1.9160779712,1.9591715368,4,4,4,4
open_n8_g0p100,8,0.100000,0.500000,true,2,256,1.000e-12,0.05000,2.800000,2,2.6214335595,3.2529790006,16,16,16,16
open_n8_g0p100,8,0.100000,0.500000,true,2,256,1.000e-12,0.05000,2.800000,3,3.7323736322,4.5523485030,64,64,64,64
open_n8_g0p100,8,0.100000,0.500000,true,2,256,1.000e-12,0.05000,2.800000,4,3.7388437482,5.0743550284,250,202,248,256
open_n8_g0p100,8,0.100000,0.500000,true,2,256,1.000e-12,0.05000,2.800000,5,3.5916466924,4.4367213898,64,63,64,64
open_n8_g0p100,8,0.100000,0.500000,true,2,256,1.000e-12,0.05000,2.800000,6,2.4581890908,3.1234189992,16,16,16,16
open_n8_g0p100,8,0.100000,0.500000,true,2,256,1.000e-12,0.05000,2.800000,7,1.8287783173,1.9136735677,4,4,4,4
open_n8_g0p100,8,0.100000,0.500000,true,2,256,1.000e-12,0.05000,3.200000,1,1.8780563140,1.9409743684,4,4,4,4
open_n8_g0p100,8,0.100000,0.500000,true,2,256,1.000e-12,0.05000,3.200000,2,2.6949997824,3.3053684683,16,16,16,16
open_n8_g0p100,8,0.100000,0.500000,true,2,256,1.000e-12,0.05000,3.200000,3,3.8205484327,4.6256321887,64,64,64,64
open_n8_g0p100,8,0.100000,0.500000,true,2,256,1.000e-12,0.05000,3.200000,4,3.9325583556,5.2863043447,252,213,251,256
open_n8_g0p100,8,0.100000,0.500000,true,2,256,1.000e-12,0.05000,3.200000,5,3.6349356956,4.4805510128,64,63,64,64
open_n8_g0p100,8,0.100000,0.500000,true,2,256,1.000e-12,0.05000,3.200000,6,2.5123953216,3.1533761902,16,16,16,16
open_n8_g0p100,8,0.100000,0.500000,true,2,256,1.000e-12,0.05000,3.200000,7,1.7481000490,1.8724116456,4,4,4,4
open_n8_g0p100,8,0.100000,0.500000,true,2,256,1.000e-12,0.05000,3.600000,1,1.8416964086,1.9236352117,4,4,4,4
open_n8_g0p100,8,0.100000,0.500000,true,2,256,1.000e-12,0.05000,3.600000,2,2.7933801950,3.3662937418,16,16,16,16
open_n8_g0p100,8,0.100000,0.500000,true,2,256,1.000e-12,0.05000,3.600000,3,3.7851321121,4.6280310436,64,64,64,64
open_n8_g0p100,8,0.100000,0.500000,true,2,256,1.000e-12,0.05000,3.600000,4,3.9184226740,5.2346490604,252,211,250,256
open_n8_g0p100,8,0.100000,0.500000,true,2,256,1.000e-12,0.05000,3.600000,5,3.6092654612,4.4865647981,64,63,64,64
open_n8_g0p100,8,0.100000,0.500000,true,2,256,1.000e-12,0.05000,3.600000,6,2.6196935512,3.2104758608,16,16,16,16
open_n8_g0p100,8,0.100000,0.500000,true,2,256,1.000e-12,0.05000,3.600000,7,1.6686867797,1.8314487741,4,4,4,4
open_n8_g0p100,8,0.100000,0.500000,true,2,256,1.000e-12,0.05000,4.000000,1,1.8163102395,1.9115255788,4,4,4,4
open_n8_g0p100,8,0.100000,0.500000,true,2,256,1.000e-12,0.05000,4.000000,2,2.8551266990,3.4058937381,16,16,16,16
open_n8_g0p100,8,0.100000,0.500000,true,2,256,1.000e-12,0.05000,4.000000,3,3.6853981063,4.6114451510,64,64,64,64
open_n8_g0p100,8,0.100000,0.500000,true,2,256,1.000e-12,0.05000,4.000000,4,3.9508424221,5.2744354219,248,200,243,256
open_n8_g0p100,8,0.100000,0.500000,true,2,256,1.000e-12,0.05000,4.000000,5,3.5524064796,4.4823851835,64,63,64,64
open_n8_g0p100,8,0.100000,0.500000,true,2,256,1.000e-12,0.05000,4.000000,6,2.7126707133,3.2662454907,16,16,16,16
open_n8_g0p100,8,0.100000,0.500000,true,2,256,1.000e-12,0.05000,4.000000,7,1.6181680741,1.8058017624,4,4,4,4
open_n8_g0p100,8,0.100000,0.500000,true,2,256,1.000e-12,0.05000,4.400000,1,1.7884750804,1.8980087574,4,4,4,4
open_n8_g0p100,8,0.100000,0.500000,true,2,256,1.000e-12,0.05000,4.400000,2,2.8521374457,3.4108109319,16,16,16,16
open_n8_g0p100,8,0.100000,0.500000,true,2,256,1.000e-12,0.05000,4.400000,3,3.4874823938,4.5413386036,64,64,64,64
open_n8_g0p100,8,0.100000,0.500000,true,2,256,1.000e-12,0.05000,4.400000,4,3.9589720589,5.3305296808,248,201,243,256
open_n8_g0p100,8,0.100000,0.500000,true,2,256,1.000e-12,0.05000,4.400000,5,3.3944015004,4.4091651013,64,63,64,64
open_n8_g0p100,8,0.100000,0.500000,true,2,256,1.000e-12,0.05000,4.400000,6,2.7509279235,3.2947656623,16,16,16,16
open_n8_g0p100,8,0.100000,0.500000,true,2,256,1.000e-12,0.05000,4.400000,7,1.5906931751,1.7927483407,4,4,4,4
open_n8_g0p100,8,0.100000,0.500000,true,2,256,1.000e-12,0.05000,4.800000,1,1.7339530217,1.8711732963,4,4,4,4
open_n8_g0p100,8,0.100000,0.500000,true,2,256,1.000e-12,0.05000,4.800000,2,2.7828802444,3.3816227088,16,16,16,16
open_n8_g0p100,8,0.100000,0.500000,true,2,256,1.000e-12,0.05000,4.800000,3,3.2070711031,4.4111600224,64,64,64,64
open_n8_g0p100,8,0.100000,0.500000,true,2,256,1.000e-12,0.05000,4.800000,4,3.8217911064,5.2853882844,243,192,233,256
open_n8_g0p100,8,0.100000,0.500000,true,2,256,1.000e-12,0.05000,4.800000,5,3.1228241581,4.2499721869,64,62,64,64
open_n8_g0p100,8,0.100000,0.500000,true,2,256,1.000e-12,0.05000,4.800000,6,2.7039121088,3.2736065935,16,16,16,16
open_n8_g0p100,8,0.100000,0.500000,true,2,256,1.000e-12,0.05000,4.800000,7,1.5540686170,1.7747374796,4,4,4,4
open_n8_g0p100,8,0.100000,0.500000,true,2,256,1.000e-12,0.05000,5.200000,1,1.6404121162,1.8242304245,4,4,4,4
open_n8_g0p100,8,0.100000,0.500000,true,2,256,1.000e-12,0.05000,5.200000,2,2.6433842911,3.3149424940,16,16,16,16
open_n8_g0p100,8,0.100000,0.500000,true,2,256,1.000e-12,0.05000,5.200000,3,2.9523388419,4.2949316906,64,64,64,64
open_n8_g0p100,8,0.100000,0.500000,true,2,256,1.000e-12,0.05000,5.200000,4,3.5159376712,5.1337005438,242,190,232,256
open_n8_g0p100,8,0.100000,0.500000,true,2,256,1.000e-12,0.05000,5.200000,5,2.8578656037,4.1075992063,64,61,64,64
open_n8_g0p100,8,0.100000,0.500000,true,2,256,1.000e-12,0.05000,5.200000,6,2.5331326018,3.1761023639,16,16,16,16
open_n8_g0p100,8,0.100000,0.500000,true,2,256,1.000e-12,0.05000,5.200000,7,1.4807428139,1.7361292379,4,4,4,4
open_n8_g0p100,8,0.100000,0.500000,true,2,256,1.000e-12,0.05000,5.600000,1,1.5128302858,1.7578646783,4,4,4,4
open_n8_g0p100,8,0.100000,0.500000,true,2,256,1.000e-12,0.05000,5.600000,2,2.4278609130,3.2029567101,16,16,16,16
open_n8_g0p100,8,0.100000,0.500000,true,2,256,1.000e-12,0.05000,5.600000,3,2.7557654799,4.2286686513,64,64,64,64
open_n8_g0p100,8,0.100000,0.500000,true,2,256,1.000e-12,0.05000,5.600000,4,3.0963467748,4.8812441390,236,180,227,256
open_n8_g0p100,8,0.100000,0.500000,true,2,256,1.000e-12,0.05000,5.600000,5,2.6551881813,4.0348749141,64,61,64,64
open_n8_g0p100,8,0.100000,0.500000,true,2,256,1.000e-12,0.05000,5.600000,6,2.2394632443,2.9911050766,16,16,16,16
open_n8_g0p100,8,0.100000,0.500000,true,2,256,1.000e-12,0.05000,5.600000,7,1.3603931751,1.6691986220,4,4,4,4
open_n8_g0p100,8,0.100000,0.500000,true,2,256,1.000e-12,0.05000,6.000000,1,1.3658395839,1.6772338456,4,4,4,4
open_n8_g0p100,8,0.100000,0.500000,true,2,256,1.000e-12,0.05000,6.000000,2,2.1537960805,3.0500043842,16,16,16,16
open_n8_g0p100,8,0.100000,0.500000,true,2,256,1.000e-12,0.05000,6.000000,3,2.5314910344,4.1361767448,64,64,64,64
open_n8_g0p100,8,0.100000,0.500000,true,2,256,1.000e-12,0.05000,6.000000,4,2.6711490414,4.6193339317,229,171,219,256
open_n8_g0p100,8,0.100000,0.500000,true,2,256,1.000e-12,0.05000,6.000000,5,2.4238282119,3.9335807477,64,61,64,64
open_n8_g0p100,8,0.100000,0.500000,true,2,256,1.000e-12,0.05000,6.000000,6,1.8974261945,2.7549586581,16,16,16,16
open_n8_g0p100,8,0.100000,0.500000,true,2,256,1.000e-12,0.05000,6.000000,7,1.1981112938,1.5726461563,4,4,4,4
open_n8_g0p100,8,0.100000,0.500000,true,2,256,1.000e-12,0.05000,6.400000,1,1.2100507963,1.5857692525,4,4,4,4
open_n8_g0p100,8,0.100000,0.500000,true,2,256,1.000e-12,0.05000,6.400000,2,1.8558675368,2.8708800926,16,16,16,16
open_n8_g0p100,8,0.100000,0.500000,true,2,256,1.000e-12,0.05000,6.400000,3,2.2444107788,3.9861884909,64,64,64,64
open_n8_g0p100,8,0.100000,0.500000,true,2,256,1.000e-12,0.05000,6.400000,4,2.3060097951,4.4571761669,231,177,226,256
open_n8_g0p100,8,0.100000,0.500000,true,2,256,1.000e-12,0.05000,6.400000,5,2.1220879057,3.7547669353,64,61,64,64
open_n8_g0p100,8,0.100000,0.500000,true,2,256,1.000e-12,0.05000,6.400000,6,1.5951387183,2.5400140029,16,16,16,16
open_n8_g0p100,8,0.100000,0.500000,true,2,256,1.000e-12,0.05000,6.400000,7,1.0160938200,1.4546891209,4,4,4,4
open_n8_g0p100,8,0.100000,0.500000,true,2,256,1.000e-12,0.05000,6.800000,1,1.0480558570,1.4829458768,4,4,4,4
open_n8_g0p100,8,0.100000,0.500000,true,2,256,1.000e-12,0.05000,6.800000,2,1.5613429366,2.6763812237,16,16,16,16
open_n8_g0p100,8,0.100000,0.500000,true,2,256,1.000e-12,0.05000,6.800000,3,1.9193673795,3.7857110794,64,64,64,64
open_n8_g0p100,8,0.100000,0.500000,true,2,256,1.000e-12,0.05000,6.800000,4,1.9742145450,4.2825584966,233,173,227,256
open_n8_g0p100,8,0.100000,0.500000,true,2,256,1.000e-12,0.05000,6.800000,5,1.7903529841,3.5275193565,64,61,64,64
open_n8_g0p100,8,0.100000,0.500000,true,2,256,1.000e-12,0.05000,6.800000,6,1.3549602933,2.3800564676,16,16,16,16
open_n8_g0p100,8,0.100000,0.500000,true,2,256,1.000e-12,0.05000,6.800000,7,0.8491190846,1.3354176637,4,4,4,4
open_n8_g0p100,8,0.100000,0.500000,true,2,256,1.000e-12,0.05000,7.200000,1,0.8828325484,1.3683375544,4,4,4,4
open_n8_g0p100,8,0.100000,0.500000,true,2,256,1.000e-12,0.05000,7.200000,2,1.2905296480,2.4768504130,16,16,16,16
open_n8_g0p100,8,0.100000,0.500000,true,2,256,1.000e-12,0.05000,7.200000,3,1.5946021967,3.5509601572,64,64,64,64
open_n8_g0p100,8,0.100000,0.500000,true,2,256,1.000e-12,0.05000,7.200000,4,1.6526404088,4.0710764350,232,171,226,256
open_n8_g0p100,8,0.100000,0.500000,true,2,256,1.000e-12,0.05000,7.200000,5,1.4848624150,3.3042380640,64,60,64,64
open_n8_g0p100,8,0.100000,0.500000,true,2,256,1.000e-12,0.05000,7.200000,6,1.1513866556,2.2395420812,16,16,16,16
open_n8_g0p100,8,0.100000,0.500000,true,2,256,1.000e-12,0.05000,7.200000,7,0.7206698339,1.2343551838,4,4,4,4
open_n8_g0p100,8,0.100000,0.500000,true,2,256,1.000e-12,0.05000,7.600000,1,0.7220555565,1.2440261223,4,4,4,4
open_n8_g0p100,8,0.100000,0.500000,true,2,256,1.000e-12,0.05000,7.600000,2,1.0598721045,2.2869814738,16,16,16,16
open_n8_g0p100,8,0.100000,0.500000,true,2,256,1.000e-12,0.05000,7.600000,3,1.2986406070,3.3023788758,64,64,64,64
open_n8_g0p100,8,0.100000,0.500000,true,2,256,1.000e-12,0.05000,7.600000,4,1.3444764511,3.7936049413,232,170,223,256
open_n8_g0p100,8,0.100000,0.500000,true,2,256,1.000e-12,0.05000,7.600000,5,1.2274057263,3.1028957344,64,59,64,64
open_n8_g0p100,8,0.100000,0.500000,true,2,256,1.000e-12,0.05000,7.600000,6,0.9684332135,2.0938868095,16,16,16,16
open_n8_g0p100,8,0.100000,0.500000,true,2,256,1.000e-12,0.05000,7.600000,7,0.6265455248,1.1539523253,4,4,4,4
open_n8_g0p100,8,0.100000,0.500000,true,2,256,1.000e-12,0.05000,8.000000,1,0.5756488385,1.1153099397,4,4,4,4
open_n8_g0p100,8,0.100000,0.500000,true,2,256,1.000e-12,0.05000,8.000000,2,0.8719884923,2.1128655294,16,16,16,16
open_n8_g0p100,8,0.100000,0.500000,true,2,256,1.000e-12,0.05000,8.000000,3,1.0446178967,3.0492891222,64,64,64,64
open_n8_g0p100,8,0.100000,0.500000,true,2,256,1.000e-12,0.05000,8.000000,4,1.0739555098,3.4617157737,231,160,217,256
open_n8_g0p100,8,0.100000,0.500000,true,2,256,1.000e-12,0.05000,8.000000,5,1.0061943979,2.8937732488,64,59,64,64
open_n8_g0p100,8,0.100000,0.500000,true,2,256,1.000e-12,0.05000,8.000000,6,0.8083725038,1.9462799593,16,16,16,16
open_n8_g0p100,8,0.100000,0.500000,true,2,256,1.000e-12,0.05000,8.000000,7,0.5473967054,1.0815799501,4,4,4,4
open_n8_g0p100,8,0.100000,0.500000,true,2,256,1.000e-12,0.05000,8.400000,1,0.4519047274,0.9904667641,4,4,4,4
open_n8_g0p100,8,0.100000,0.500000,true,2,256,1.000e-12,0.05000,8.400000,2,0.7169477112,1.9476990787,16,16,16,16
open_n8_g0p100,8,0.100000,0.500000,true,2,256,1.000e-12,0.05000,8.400000,3,0.8384126799,2.8025866699,64,63,64,64
open_n8_g0p100,8,0.100000,0.500000,true,2,256,1.000e-12,0.05000,8.400000,4,0.8621240028,3.1732754031,225,155,210,256
open_n8_g0p100,8,0.100000,0.500000,true,2,256,1.000e-12,0.05000,8.400000,5,0.8121852342,2.6641870069,64,58,64,64
open_n8_g0p100,8,0.100000,0.500000,true,2,256,1.000e-12,0.05000,8.400000,6,0.6751440222,1.8074886138,16,16,16,16
open_n8_g0p100,8,0.100000,0.500000,true,2,256,1.000e-12,0.05000,8.400000,7,0.4686459842,1.0036452861,4,4,4,4
open_n8_g0p100,8,0.100000,0.500000,true,2,256,1.000e-12,0.05000,8.800000,1,0.3543311927,0.8774784775,4,4,4,4
open_n8_g0p100,8,0.100000,0.500000,true,2,256,1.000e-12,0.05000,8.800000,2,0.5863342482,1.7839853568,16,16,16,16
open_n8_g0p100,8,0.100000,0.500000,true,2,256,1.000e-12,0.05000,8.800000,3,0.6749113459,2.5605870746,64,63,64,64
open_n8_g0p100,8,0.100000,0.500000,true,2,256,1.000e-12,0.05000,8.800000,4,0.7006468559,2.9500853780,225,158,215,256
open_n8_g0p100,8,0.100000,0.500000,true,2,256,1.000e-12,0.05000,8.800000,5,0.6466084788,2.4197980514,64,57,64,64
open_n8_g0p100,8,0.100000,0.500000,true,2,256,1.000e-12,0.05000,8.800000,6,0.5642156092,1.6763210019,16,16,16,16
open_n8_g0p100,8,0.100000,0.500000,true,2,256,1.000e-12,0.05000,8.800000,7,0.3874952477,0.9145851060,4,4,4,4
open_n8_g0p100,8,0.100000,0.500000,true,2,256,1.000e-12,0.05000,9.200000,1,0.2804979007,0.7798779720,4,4,4,4
open_n8_g0p100,8,0.100000,0.500000,true,2,256,1.000e-12,0.05000,9.200000,2,0.4798433490,1.6248285670,16,16,16,16
open_n8_g0p100,8,0.100000,0.500000,true,2,256,1.000e-12,0.05000,9.200000,3,0.5455331211,2.3273045911,64,62,64,64
open_n8_g0p100,8,0.100000,0.500000,true,2,256,1.000e-12,0.05000,9.200000,4,0.5711700337,2.7379857951,225,160,219,256
open_n8_g0p100,8,0.100000,0.500000,true,2,256,1.000e-12,0.05000,9.200000,5,0.5148950247,2.1800306563,64,57,64,64
open_n8_g0p100,8,0.100000,0.500000,true,2,256,1.000e-12,0.05000,9.200000,6,0.4698444351,1.5438396044,16,16,16,16
open_n8_g0p100,8,0.100000,0.500000,true,2,256,1.000e-12,0.05000,9.200000,7,0.3097339028,0.8181007505,4,4,4,4
open_n8_g0p100,8,0.100000,0.500000,true,2,256,1.000e-12,0.05000,9.600000,1,0.2247044910,0.6964139570,4,4,4,4
open_n8_g0p100,8,0.100000,0.500000,true,2,256,1.000e-12,0.05000,9.600000,2,0.3975911289,1.4803882255,16,16,16,16
open_n8_g0p100,8,0.100000,0.500000,true,2,256,1.000e-12,0.05000,9.600000,3,0.4429829588,2.1150149369,64,61,64,64
open_n8_g0p100,8,0.100000,0.500000,true,2,256,1.000e-12,0.05000,9.600000,4,0.4653569118,2.5128540341,225,158,216,256
open_n8_g0p100,8,0.100000,0.500000,true,2,256,1.000e-12,0.05000,9.600000,5,0.4176717235,1.9735898755,64,55,64,64
open_n8_g0p100,8,0.100000,0.500000,true,2,256,1.000e-12,0.05000,9.600000,6,0.3898408556,1.4093031177,16,16,16,16
open_n8_g0p100,8,0.100000,0.500000,true,2,256,1.000e-12,0.05000,9.600000,7,0.2438262277,0.7246432068,4,4,4,4
open_n8_g0p100,8,0.100000,0.500000,true,2,256,1.000e-12,0.05000,10.000000,1,0.1814236083,0.6236906053,4,4,4,4
open_n8_g0p100,8,0.100000,0.500000,true,2,256,1.000e-12,0.05000,10.000000,2,0.3340775602,1.3543329437,16,16,16,16
open_n8_g0p100,8,0.100000,0.500000,true,2,256,1.000e-12,0.05000,10.000000,3,0.3613761996,1.9282558355,64,61,64,64
open_n8_g0p100,8,0.100000,0.500000,true,2,256,1.000e-12,0.05000,10.000000,4,0.3798465898,2.2947748730,223,152,211,256
open_n8_g0p100,8,0.100000,0.500000,true,2,256,1.000e-12,0.05000,10.000000,5,0.3468147112,1.8089752119,64,55,64,64
open_n8_g0p100,8,0.100000,0.500000,true,2,256,1.000e-12,0.05000,10.000000,6,0.3224202302,1.2775398610,16,16,16,16
open_n8_g0p100,8,0.100000,0.500000,true,2,256,1.000e-12,0.05000,10.000000,7,0.1951923428,0.6458146444,4,4,4,4
open_n8_g0p100,8,0.100000,0.500000,true,2,256,1.000e-12,0.05000,10.400000,1,0.1468476183,0.5587096996,4,4,4,4
open_n8_g0p100,8,0.100000,0.500000,true,2,256,1.000e-12,0.05000,10.400000,2,0.2819761207,1.2400564290,16,16,16,16
open_n8_g0p100,8,0.100000,0.500000,true,2,256,1.000e-12,0.05000,10.400000,3,0.2968005330,1.7632063624,64,60,64,64
open_n8_g0p100,8,0.100000,0.500000,true,2,256,1.000e-12,0.05000,10.400000,4,0.3115411696,2.1032984150,223,153,216,256
open_n8_g0p100,8,0.100000,0.500000,true,2,256,1.000e-12,0.05000,10.400000,5,0.2919414620,1.6700195467,64,55,64,64
open_n8_g0p100,8,0.100000,0.500000,true,2,256,1.000e-12,0.05000,10.400000,6,0.2656343111,1.1526531361,16,16,16,16
open_n8_g0p100,8,0.100000,0.500000,true,2,256,1.000e-12,0.05000,10.400000,7,0.1632750881,0.5869983638,4,4,4,4
open_n8_g0p100,8,0.100000,0.500000,true,2,256,1.000e-12,0.05000,10.800000,1,0.1188610863,0.5000557513,4,4,4,4
open_n8_g0p100,8,0.100000,0.500000,true,2,256,1.000e-12,0.05000,10.800000,2,0.2371588211,1.1330241264,16,16,16,16
open_n8_g0p100,8,0.100000,0.500000,true,2,256,1.000e-12,0.05000,10.800000,3,0.2463112054,1.6122816439,64,60,64,64
open_n8_g0p100,8,0.100000,0.500000,true,2,256,1.000e-12,0.05000,10.800000,4,0.2574696991,1.9255625850,223,150,213,256
open_n8_g0p100,8,0.100000,0.500000,true,2,256,1.000e-12,0.05000,10.800000,5,0.2465155382,1.5382668632,64,54,64,64
open_n8_g0p100,8,0.100000,0.500000,true,2,256,1.000e-12,0.05000,10.800000,6,0.2189137535,1.0381933797,16,16,16,16
open_n8_g0p100,8,0.100000,0.500000,true,2,256,1.000e-12,0.05000,10.800000,7,0.1424888975,0.5437570817,4,4,4,4
open_n8_g0p100,8,0.100000,0.500000,true,2,256,1.000e-12,0.05000,11.200000,1,0.0965378492,0.4480703626,4,4,4,4
open_n8_g0p100,8,0.100000,0.500000,true,2,256,1.000e-12,0.05000,11.200000,2,0.1987053934,1.0328917112,16,16,16,16
open_n8_g0p100,8,0.100000,0.500000,true,2,256,1.000e-12,0.05000,11.200000,3,0.2067794246,1.4720449750,64,59,64,64
open_n8_g0p100,8,0.100000,0.500000,true,2,256,1.000e-12,0.05000,11.200000,4,0.2151341548,1.7575203897,223,145,210,256
open_n8_g0p100,8,0.100000,0.500000,true,2,256,1.000e-12,0.05000,11.200000,5,0.2080168221,1.4098583976,64,53,64,64
open_n8_g0p100,8,0.100000,0.500000,true,2,256,1.000e-12,0.05000,11.200000,6,0.1825474936,0.9384874955,16,16,16,16
open_n8_g0p100,8,0.100000,0.500000,true,2,256,1.000e-12,0.05000,11.200000,7,0.1262832870,0.5070970808,4,4,4,4
open_n8_g0p100,8,0.100000,0.500000,true,2,256,1.000e-12,0.05000,11.600000,1,0.0791878765,0.4033670134,4,4,4,4
open_n8_g0p100,8,0.100000,0.500000,true,2,256,1.000e-12,0.05000,11.600000,2,0.1666750567,0.9395836863,16,16,16,16
open_n8_g0p100,8,0.100000,0.500000,true,2,256,1.000e-12,0.05000,11.600000,3,0.1752465216,1.3413135394,64,58,64,64
open_n8_g0p100,8,0.100000,0.500000,true,2,256,1.000e-12,0.05000,11.600000,4,0.1816563168,1.5992644187,221,140,206,256
open_n8_g0p100,8,0.100000,0.500000,true,2,256,1.000e-12,0.05000,11.600000,5,0.1756844547,1.2861090838,64,52,64,64
open_n8_g0p100,8,0.100000,0.500000,true,2,256,1.000e-12,0.05000,11.600000,6,0.1556638132,0.8557779104,16,16,16,16
open_n8_g0p100,8,0.100000,0.500000,true,2,256,1.000e-12,0.05000,11.600000,7,0.1105904168,0.4704748595,4,4,4,4
open_n8_g0p100,8,0.100000,0.500000,true,2,256,1.000e-12,0.05000,12.000000,1,0.0657679248,0.3652653457,4,4,4,4
open_n8_g0p100,8,0.100000,0.500000,true,2,256,1.000e-12,0.05000,12.000000,2,0.1406691995,0.8534973617,16,16,16,16
open_n8_g0p100,8,0.100000,0.500000,true,2,256,1.000e-12,0.05000,12.000000,3,0.1497023770,1.2215998311,64,57,64,64
open_n8_g0p100,8,0.100000,0.500000,true,2,256,1.000e-12,0.05000,12.000000,4,0.1542416952,1.4513990206,218,134,206,256
open_n8_g0p100,8,0.100000,0.500000,true,2,256,1.000e-12,0.05000,12.000000,5,0.1492416923,1.1704512134,64,50,64,64
open_n8_g0p100,8,0.100000,0.500000,true,2,256,1.000e-12,0.05000,12.000000,6,0.1356676968,0.7877462858,16,15,16,16
open_n8_g0p100,8,0.100000,0.500000,true,2,256,1.000e-12,0.05000,12.000000,7,0.0944570898,0.4317384149,4,4,4,4
closed_n12,12,0.000000,0.500000,false,2,256,1.000e-12,0.05000,0.000000,1,0.0000000000,0.0000000000,1,1,1,4
closed_n12,12,0.000000,0.500000,false,2,256,1.000e-12,0.05000,0.000000,2,0.0000000000,0.0000000000,1,1,1,16
closed_n12,12,0.000000,0.500000,false,2,256,1.000e-12,0.05000,0.000000,3,0.0000000000,0.0000000000,1,1,1,64
closed_n12,12,0.000000,0.500000,false,2,256,1.000e-12,0.05000,0.000000,4,0.0000000000,0.0000000000,1,1,1,256
closed_n12,12,0.000000,0.500000,false,2,256,1.000e-12,0.05000,0.000000,5,0.0000000000,0.0000000000,1,1,1,1024
closed_n12,12,0.000000,0.500000,false,2,256,1.000e-12,0.05000,0.000000,6,0.0000000000,0.0000000000,1,1,1,4096
closed_n12,12,0.000000,0.500000,false,2,256,1.000e-12,0.05000,0.000000,7,0.0000000000,0.0000000000,1,1,1,1024
closed_n12,12,0.000000,0.500000,false,2,256,1.000e-12,0.05000,0.000000,8,0.0000000000,0.0000000000,1,1,1,256
closed_n12,12,0.000000,0.500000,false,2,256,1.000e-12,0.05000,0.000000,9,0.0000000000,0.0000000000,1,1,1,64
closed_n12,12,0.000000,0.500000,false,2,256,1.000e-12,0.05000,0.000000,10,0.0000000000,0.0000000000,1,1,1,16
closed_n12,12,0.000000,0.500000,false,2,256,1.000e-12,0.05000,0.000000,11,0.0000000000,0.0000000000,1,1,1,4
closed_n12,12,0.000000,0.500000,false,2,256,1.000e-12,0.05000,0.600000,1,0.8202567733,1.2637022390,4,4,4,4
closed_n12,12,0.000000,0.500000,false,2,256,1.000e-12,0.05000,0.600000,2,0.7803050774,1.3947529108,16,13,16,16
closed_n12,12,0.000000,0.500000,false,2,256,1.000e-12,0.05000,0.600000,3,0.7798633546,1.3956164374,64,15,35,64
closed_n12,12,0.000000,0.500000,false,2,256,1.000e-12,0.05000,0.600000,4,0.7810381354,1.3958615084,100,15,37,256
closed_n12,12,0.000000,0.500000,false,2,256,1.000e-12,0.05000,0.600000,5,0.7798246729,1.3956043807,81,15,37,1024
closed_n12,12,0.000000,0.500000,false,2,256,1.000e-12,0.05000,0.600000,6,0.7810382506,1.3958606141,100,15,37,4096
closed_n12,12,0.000000,0.500000,false,2,256,1.000e-12,0.05000,0.600000,7,0.7798246729,1.3956043807,81,15,37,1024
closed_n12,12,0.000000,0.500000,false,2,256,1.000e-12,0.05000,0.600000,8,0.7810381354,1.3958615084,100,15,37,256
closed_n12,12,0.000000,0.500000,false,2,256,1.000e-12,0.05000,0.600000,9,0.7798633546,1.3956164374,64,15,35,64
closed_n12,12,0.000000,0.500000,false,2,256,1.000e-12,0.05000,0.600000,10,0.7803050774,1.3947529108,16,13,16,16
closed_n12,12,0.000000,0.500000,false,2,256,1.000e-12,0.05000,0.600000,11,0.8202567733,1.2637022390,4,4,4,4
closed_n12,12,0.000000,0.500000,false,2,256,1.000e-12,0.05000,1.200000,1,1.6347890864,1.8068129582,4,4,4,4
closed_n12,12,0.000000,0.500000,false,2,256,1.000e-12,0.05000,1.200000,2,1.7357211839,2.4716168514,16,16,16,16
closed_n12,12,0.000000,0.500000,false,2,256,1.000e-12,0.05000,1.200000,3,1.7234360688,2.5527721902,64,39,60,64
closed_n12,12,0.000000,0.500000,false,2,256,1.000e-12,0.05000,1.200000,4,1.7231549474,2.5522983984,225,43,108,256
closed_n12,12,0.000000,0.500000,false,2,256,1.000e-12,0.05000,1.200000,5,1.7219872807,2.5522696534,256,43,117,1024
closed_n12,12,0.000000,0.500000,false,2,256,1.000e-12,0.05000,1.200000,6,1.7229686190,2.5522188204,324,43,118,4096
closed_n12,12,0.000000,0.500000,false,2,256,1.000e-12,0.05000,1.200000,7,1.7219872807,2.5522696534,256,43,117,1024
closed_n12,12,0.000000,0.500000,false,2,256,1.000e-12,0.05000,1.200000,8,1.7231549474,2.5522983984,225,43,108,256
closed_n12,12,0.000000,0.500000,false,2,256,1.000e-12,0.05000,1.200000,9,1.7234360688,2.5527721902,64,39,60,64
closed_n12,12,0.000000,0.500000,false,2,256,1.000e-12,0.05000,1.200000,10,1.7357211839,2.4716168514,16,16,16,16
closed_n12,12,0.000000,0.500000,false,2,256,1.000e-12,0.05000,1.200000,11,1.6347890864,1.8068129582,4,4,4,4
closed_n12,12,0.000000,0.500000,false,2,256,1.000e-12,0.05000,1.800000,1,1.9175201227,1.9582588871,4,4,4,4
closed_n12,12,0.000000,0.500000,false,2,256,1.000e-12,0.05000,1.800000,2,2.4297805286,3.0590573904,16,16,16,16
closed_n12,12,0.000000,0.500000,false,2,256,1.000e-12,0.05000,1.800000,3,2.6267004550,3.5948315146,64,56,64,64
closed_n12,12,0.000000,0.500000,false,2,256,1.000e-12,0.05000,1.800000,4,2.5901604869,3.6249940857,256,106,199,256
closed_n12,12,0.000000,0.500000,false,2,256,1.000e-12,0.05000,1.800000,5,2.5908672137,3.6272755004,676,115,312,1024
closed_n12,12,0.000000,0.500000,false,2,256,1.000e-12,0.05000,1.800000,6,2.5904736449,3.6266965050,961,114,343,4096
closed_n12,12,0.000000,0.500000,false,2,256,1.000e-12,0.05000,1.800000,7,2.5908672137,3.6272755004,676,115,312,1024
closed_n12,12,0.000000,0.500000,false,2,256,1.000e-12,0.05000,1.800000,8,2.5901604869,3.6249940857,256,106,199,256
closed_n12,12,0.000000,0.500000,false,2,256,1.000e-12,0.05000,1.800000,9,2.6267004550,3.5948315146,64,56,64,64
closed_n12,12,0.000000,0.500000,false,2,256,1.000e-12,0.05000,1.800000,10,2.4297805286,3.0590573904,16,16,16,16
closed_n12,12,0.000000,0.500000,false,2,256,1.000e-12,0.05000,1.800000,11,1.9175201227,1.9582588871,4,4,4,4
closed_n12,12,0.000000,0.500000,false,2,256,1.000e-12,0.05000,2.400000,1,1.9495977932,1.9746132181,4,4,4,4
closed_n12,12,0.000000,0.500000,false,2,256,1.000e-12,0.05000,2.400000,2,2.5374866593,3.1619653478,16,16,16,16
closed_n12,12,0.000000,0.500000,false,2,256,1.000e-12,0.05000,2.400000,3,3.4348971343,4.3035786647,64,62,64,64
closed_n12,12,0.000000,0.500000,false,2,256,1.000e-12,0.05000,2.400000,4,3.3900798928,4.6080951594,256,173,241,256
closed_n12,12,0.000000,0.500000,false,2,256,1.000e-12,0.05000,2.400000,5,3.4249208083,4.6504312179,900,267,602,1024
closed_n12,12,0.000000,0.500000,false,2,256,1.000e-12,0.05000,2.400000,6,3.4118178951,4.6492400511,2025,280,855,4096
closed_n12,12,0.000000,0.500000,false,2,256,1.000e-12,0.05000,2.400000,7,3.4249208083,4.6504312179,900,267,602,1024
closed_n12,12,0.000000,0.500000,false,2,256,1.000e-12,0.05000,2.400000,8,3.3900798928,4.6080951594,256,173,241,256
closed_n12,12,0.000000,0.500000,false,2,256,1.000e-12,0.05000,2.400000,9,3.4348971343,4.3035786647,64,62,64,64
closed_n12,12,0.000000,0.500000,false,2,256,1.000e-12,0.05000,2.400000,10,2.5374866593,3.1619653478,16,16,16,16
closed_n12,12,0.000000,0.500000,false,2,256,1.000e-12,0.05000,2.400000,11,1.9495977932,1.9746132181,4,4,4,4
closed_n12,12,0.000000,0.500000,false,2,256,1.000e-12,0.05000,3.000000,1,1.8987903530,1.9486370207,4,4,4,4
closed_n12,12,0.000000,0.500000,false,2,256,1.000e-12,0.05000,3.000000,2,2.5217017324,3.1568853303,16,16,16,16
closed_n12,12,0.000000,0.500000,false,2,256,1.000e-12,0.05000,3.000000,3,3.7482228883,4.5094851848,64,63,64,64
closed_n12,12,0.000000,0.500000,false,2,256,1.000e-12,0.05000,3.000000,4,4.0157044366,5.3072844283,256,209,253,256
closed_n12,12,0.000000,0.500000,false,2,256,1.000e-12,0.05000,3.000000,5,4.2319794987,5.6007369830,961,484,824,1024
closed_n12,12,0.000000,0.500000,false,2,256,1.000e-12,0.05000,3.000000,6,4.1953126276,5.6252742488,3136,658,1748,4096
closed_n12,12,0.000000,0.500000,false,2,256,1.000e-12,0.05000,3.000000,7,4.2319794987,5.6007369829,961,484,824,1024
closed_n12,12,0.000000,0.500000,false,2,256,1.000e-12,0.05000,3.000000,8,4.0157044366,5.3072844283,256,209,253,256
closed_n12,12,0.000000,0.500000,false,2,256,1.000e-12,0.05000,3.000000,9,3.7482228883,4.5094851848,64,63,64,64
closed_n12,12,0.000000,0.500000,false,2,256,1.000e-12,0.05000,3.000000,10,2.5217017324,3.1568853303,16,16,16,16
closed_n12,12,0.000000,0.500000,false,2,256,1.000e-12,0.05000,3.000000,11,1.8987903530,1.9486370207,4,4,4,4
closed_n12,12,0.000000,0.500000,false,2,256,1.000e-12,0.05000,3.600000,1,1.8333622091,1.9145916194,4,4,4,4
closed_n12,12,0.000000,0.500000,false,2,256,1.000e-12,0.05000,3.600000,2,2.5825059775,3.1782076366,16,16,16,16
closed_n12,12,0.000000,0.500000,false,2,256,1.000e-12,0.05000,3.600000,3,3.7750377601,4.5186383182,64,63,64,64
closed_n12,12,0.000000,0.500000,false,2,256,1.000e-12,0.05000,3.600000,4,4.2238707190,5.5437147035,256,222,255,256
closed_n12,12,0.000000,0.500000,false,2,256,1.000e-12,0.05000,3.600000,5,4.9330588438,6.3489872660,1024,654,937,1024
closed_n12,12,0.000000,0.500000,false,2,256,1.000e-12,0.05000,3.600000,6,4.8999981042,6.5172848162,3721,1249,2660,4096
closed_n12,12,0.000000,0.500000,false,2,256,1.000e-12,0.05000,3.600000,7,4.9330588438,6.3489872660,1024,654,937,1024
closed_n12,12,0.000000,0.500000,false,2,256,1.000e-12,0.05000,3.600000,8,4.2238707190,5.5437147035,256,222,255,256
closed_n12,12,0.000000,0.500000,false,2,256,1.000e-12,0.05000,3.600000,9,3.7750377601,4.5186383182,64,63,64,64
closed_n12,12,0.000000,0.500000,false,2,256,1.000e-12,0.05000,3.600000,10,2.5825059775,3.1782076366,16,16,16,16
closed_n12,12,0.000000,0.500000,false,2,256,1.000e-12,0.05000,3.600000,11,1.8333622091,1.9145916194,4,4,4,4
closed_n12,12,0.000000,0.500000,false,2,256,1.000e-12,0.05000,4.200000,1,1.8337580200,1.9147996498,4,4,4,4
closed_n12,12,0.000000,0.500000,false,2,256,1.000e-12,0.05000,4.200000,2,2.6054834892,3.1907402751,16,16,16,16
closed_n12,12,0.000000,0.500000,false,2,256,1.000e-12,0.05000,4.200000,3,3.8103797286,4.5525503302,64,63,64,64
closed_n12,12,0.000000,0.500000,false,2,256,1.000e-12,0.05000,4.200000,4,4.2960465654,5.5995286583,256,226,255,256
closed_n12,12,0.000000,0.500000,false,2,256,1.000e-12,0.05000,4.200000,5,5.3106971398,6.6923164549,1024,729,972,1024
closed_n12,12,0.000000,0.500000,false,2,256,1.000e-12,0.05000,4.200000,6,5.3541127095,7.1378403791,3844,1810,3191,4096
closed_n12,12,0.000000,0.500000,false,2,256,1.000e-12,0.05000,4.200000,7,5.3106971398,6.6923164549,1024,729,972,1024
closed_n12,12,0.000000,0.500000,false,2,256,1.000e-12,0.05000,4.200000,8,4.2960465654,5.5995286583,256,226,255,256
closed_n12,12,0.000000,0.500000,false,2,256,1.000e-12,0.05000,4.200000,9,3.8103797286,4.5525503302,64,63,64,64
closed_n12,12,0.000000,0.500000,false,2,256,1.000e-12,0.05000,4.200000,10,2.6054834892,3.1907402751,16,16,16,16
closed_n12,12,0.000000,0.500000,false,2,256,1.000e-12,0.05000,4.200000,11,1.8337580200,1.9147996498,4,4,4,4
closed_n12,12,0.000000,0.500000,false,2,256,1.000e-12,0.05000,4.800000,1,1.8770183787,1.9373836426,4,4,4,4
closed_n12,12,0.000000,0.500000,false,2,256,1.000e-12,0.05000,4.800000,2,2.6258720844,3.2071312329,16,16,16,16
closed_n12,12,0.000000,0.500000,false,2,256,1.000e-12,0.05000,4.800000,3,3.8131968529,4.5663834535,64,63,64,64
closed_n12,12,0.000000,0.500000,false,2,256,1.000e-12,0.05000,4.800000,4,4.4806009452,5.7038245171,256,228,255,256
closed_n12,12,0.000000,0.500000,false,2,256,1.000e-12,0.05000,4.800000,5,5.3742926114,6.7020337680,1024,733,977,1024
closed_n12,12,0.000000,0.500000,false,2,256,1.000e-12,0.05000,4.800000,6,5.4510626250,7.2504504803,3844,2031,3383,4096
closed_n12,12,0.000000,0.500000,false,2,256,1.000e-12,0.05000,4.800000,7,5.3742926114,6.7020337680,1024,733,977,1024
closed_n12,12,0.000000,0.500000,false,2,256,1.000e-12,0.05000,4.800000,8,4.4806009452,5.7038245171,256,228,255,256
closed_n12,12,0.000000,0.500000,false,2,256,1.000e-12,0.05000,4.800000,9,3.8131968529,4.5663834534,64,63,64,64
closed_n12,12,0.000000,0.500000,false,2,256,1.000e-12,0.05000,4.800000,10,2.6258720844,3.2071312329,16,16,16,16
closed_n12,12,0.000000,0.500000,false,2,256,1.000e-12,0.05000,4.800000,11,1.8770183787,1.9373836426,4,4,4,4
closed_n12,12,0.000000,0.500000,false,2,256,1.000e-12,0.05000,5.400000,1,1.8986387314,1.9485589078,4,4,4,4
closed_n12,12,0.000000,0.500000,false,2,256,1.000e-12,0.05000,5.400000,2,2.6901590356,3.2438891996,16,16,16,16
closed_n12,12,0.000000,0.500000,false,2,256,1.000e-12,0.05000,5.400000,3,3.8406410344,4.5822533098,64,63,64,64
closed_n12,12,0.000000,0.500000,false,2,256,1.000e-12,0.05000,5.400000,4,4.6024801758,5.7785641556,256,229,255,256
closed_n12,12,0.000000,0.500000,false,2,256,1.000e-12,0.05000,5.400000,5,5.3904481315,6.7310535291,1024,742,980,1024
closed_n12,12,0.000000,0.500000,false,2,256,1.000e-12,0.05000,5.400000,6,5.5716627403,7.2755346624,3969,1991,3412,4096
closed_n12,12,0.000000,0.500000,false,2,256,1.000e-12,0.05000,5.400000,7,5.3904481315,6.7310535291,1024,742,980,1024
closed_n12,12,0.000000,0.500000,false,2,256,1.000e-12,0.05000,5.400000,8,4.6024801758,5.7785641556,256,229,255,256
closed_n12,12,0.000000,0.500000,false,2,256,1.000e-12,0.05000,5.400000,9,3.8406410344,4.5822533098,64,63,64,64
closed_n12,12,0.000000,0.500000,false,2,256,1.000e-12,0.05000,5.400000,10,2.6901590356,3.2438891996,16,16,16,16
closed_n12,12,0.000000,0.500000,false,2,256,1.000e-12,0.05000,5.400000,11,1.8986387314,1.9485589078,4,4,4,4
closed_n12,12,0.000000,0.500000,false,2,256,1.000e-12,0.05000,6.000000,1,1.8858919352,1.9419791421,4,4,4,4
closed_n12,12,0.000000,0.500000,false,2,256,1.000e-12,0.05000,6.000000,2,2.8063231390,3.3087754145,16,16,16,16
closed_n12,12,0.000000,0.500000,false,2,256,1.000e-12,0.05000,6.000000,3,3.8790792906,4.6014458660,64,63,64,64
closed_n12,12,0.000000,0.500000,false,2,256,1.000e-12,0.05000,6.000000,4,4.6441769739,5.7825347091,256,229,255,256
closed_n12,12,0.000000,0.500000,false,2,256,1.000e-12,0.05000,6.000000,5,5.2220737364,6.6622277493,1024,741,973,1024
closed_n12,12,0.000000,0.500000,false,2,256,1.000e-12,0.05000,6.000000,6,5.6130521316,7.2727118281,3969,1940,3392,4096
closed_n12,12,0.000000,0.500000,false,2,256,1.000e-12,0.05000,6.000000,7,5.2220737364,6.6622277493,1024,741,973,1024
closed_n12,12,0.000000,0.500000,false,2,256,1.000e-12,0.05000,6.000000,8,4.6441769739,5.7825347091,256,229,255,256
closed_n12,12,0.000000,0.500000,false,2,256,1.000e-12,0.05000,6.000000,9,3.8790792906,4.6014458660,64,63,64,64
closed_n12,12,0.000000,0.500000,false,2,256,1.000e-12,0.05000,6.000000,10,2.8063231390,3.3087754145,16,16,16,16
closed_n12,12,0.000000,0.500000,false,2,256,1.000e-12,0.05000,6.000000,11,1.8858919352,1.9419791421,4,4,4,4
closed_n12,12,0.000000,0.500000,false,2,256,1.000e-12,0.05000,6.600000,1,1.8651466976,1.9312159544,4,4,4,4
closed_n12,12,0.000000,0.500000,false,2,256,1.000e-12,0.05000,6.600000,2,2.9662862788,3.3970814701,16,16,16,16
closed_n12,12,0.000000,0.500000,false,2,256,1.000e-12,0.05000,6.600000,3,3.7675982791,4.5325915748,64,63,64,64
closed_n12,12,0.000000,0.500000,false,2,256,1.000e-12,0.05000,6.600000,4,4.7184759794,5.7863103374,256,228,255,256
closed_n12,12,0.000000,0.500000,false,2,256,1.000e-12,0.05000,6.600000,5,4.8273062123,6.4147446106,1024,736,974,1024
closed_n12,12,0.000000,0.500000,false,2,256,1.000e-12,0.05000,6.600000,6,5.4546649420,7.1489459562,3969,1872,3375,4096
closed_n12,12,0.000000,0.500000,false,2,256,1.000e-12,0.05000,6.600000,7,4.8273062123,6.4147446106,1024,736,974,1024
closed_n12,12,0.000000,0.500000,false,2,256,1.000e-12,0.05000,6.600000,8,4.7184759794,5.7863103374,256,228,255,256
closed_n12,12,0.000000,0.500000,false,2,256,1.000e-12,0.05000,6.600000,9,3.7675982791,4.5325915748,64,63,64,64
closed_n12,12,0.000000,0.500000,false,2,256,1.000e-12,0.05000,6.600000,10,2.9662862788,3.3970814701,16,16,16,16
closed_n12,12,0.000000,0.500000,false,2,256,1.000e-12,0.05000,6.600000,11,1.8651466976,1.9312159544,4,4,4,4
closed_n12,12,0.000000,0.500000,false,2,256,1.000e-12,0.05000,7.200000,1,1.8644408269,1.9308485270,4,4,4,4
closed_n12,12,0.000000,0.500000,false,2,256,1.000e-12,0.05000,7.200000,2,3.0560177651,3.4367666854,16,16,16,16
closed_n12,12,0.000000,0.500000,false,2,256,1.000e-12,0.05000,7.200000,3,3.6138023555,4.4295353905,64,63,64,64
closed_n12,12,0.000000,0.500000,false,2,256,1.000e-12,0.05000,7.200000,4,4.6984940176,5.7391408008,256,224,255,256
closed_n12,12,0.000000,0.500000,false,2,256,1.000e-12,0.05000,7.200000,5,4.6750611712,6.3265037430,1024,742,979,1024
closed_n12,12,0.000000,0.500000,false,2,256,1.000e-12,0.05000,7.200000,6,5.2785728086,6.9514876490,3969,1859,3395,4096
closed_n12,12,0.000000,0.500000,false,2,256,1.000e-12,0.05000,7.200000,7,4.6750611712,6.3265037430,1024,742,979,1024
closed_n12,12,0.000000,0.500000,false,2,256,1.000e-12,0.05000,7.200000,8,4.6984940176,5.7391408008,256,224,255,256
closed_n12,12,0.000000,0.500000,false,2,256,1.000e-12,0.05000,7.200000,9,3.6138023555,4.4295353905,64,63,64,64
closed_n12,12,0.000000,0.500000,false,2,256,1.000e-12,0.05000,7.200000,10,3.0560177651,3.4367666854,16,16,16,16
closed_n12,12,0.000000,0.500000,false,2,256,1.000e-12,0.05000,7.200000,11,1.8644408269,1.9308485270,4,4,4,4
closed_n12,12,0.000000,0.500000,false,2,256,1.000e-12,0.05000,7.800000,1,1.8673493241,1.9323619780,4,4,4,4
closed_n12,12,0.000000,0.500000,false,2,256,1.000e-12,0.05000,7.800000,2,2.9195166173,3.3370253904,16,16,16,16
closed_n12,12,0.000000,0.500000,false,2,256,1.000e-12,0.05000,7.800000,3,3.6377244401,4.4488989763,64,63,64,64
closed_n12,12,0.000000,0.500000,false,2,256,1.000e-12,0.05000,7.800000,4,4.5007257463,5.6123003604,256,221,254,256
closed_n12,12,0.000000,0.500000,false,2,256,1.000e-12,0.05000,7.800000,5,4.8483208235,6.4505840623,1024,747,979,1024
closed_n12,12,0.000000,0.500000,false,2,256,1.000e-12,0.05000,7.800000,6,5.2109753328,6.9520820189,3969,1807,3312,4096
closed_n12,12,0.000000,0.500000,false,2,256,1.000e-12,0.05000,7.800000,7,4.8483208235,6.4505840623,1024,747,979,1024
closed_n12,12,0.000000,0.500000,false,2,256,1.000e-12,0.05000,7.800000,8,4.5007257463,5.6123003604,256,221,254,256
closed_n12,12,0.000000,0.500000,false,2,256,1.000e-12,0.05000,7.800000,9,3.6377244401,4.4488989763,64,63,64,64
closed_n12,12,0.000000,0.500000,false,2,256,1.000e-12,0.05000,7.800000,10,2.9195166173,3.3370253904,16,16,16,16
closed_n12,12,0.000000,0.500000,false,2,256,1.000e-12,0.05000,7.800000,11,1.8673493241,1.9323619780,4,4,4,4
closed_n12,12,0.000000,0.500000,false,2,256,1.000e-12,0.05000,8.400000,1,1.8397825847,1.9179628825,4,4,4,4
closed_n12,12,0.000000,0.500000,false,2,256,1.000e-12,0.05000,8.400000,2,2.5724123909,3.1209537524,16,16,16,16
closed_n12,12,0.000000,0.500000,false,2,256,1.000e-12,0.05000,8.400000,3,3.6885202424,4.4771239781,64,63,64,64
closed_n12,12,0.000000,0.500000,false,2,256,1.000e-12,0.05000,8.400000,4,4.2602050210,5.4949657407,256,220,254,256
closed_n12,12,0.000000,0.500000,false,2,256,1.000e-12,0.05000,8.400000,5,4.9652361561,6.5113688335,1024,748,975,1024
closed_n12,12,0.000000,0.500000,false,2,256,1.000e-12,0.05000,8.400000,6,5.0890589004,6.9509860823,3969,1877,3369,4096
closed_n12,12,0.000000,0.500000,false,2,256,1.000e-12,0.05000,8.400000,7,4.9652361561,6.5113688335,1024,748,975,1024
closed_n12,12,0.000000,0.500000,false,2,256,1.000e-12,0.05000,8.400000,8,4.2602050210,5.4949657407,256,220,254,256
closed_n12,12,0.000000,0.500000,false,2,256,1.000e-12,0.05000,8.400000,9,3.6885202424,4.4771239781,64,63,64,64
closed_n12,12,0.000000,0.500000,false,2,256,1.000e-12,0.05000,8.400000,10,2.5724123909,3.1209537524,16,16,16,16
closed_n12,12,0.000000,0.500000,false,2,256,1.000e-12,0.05000,8.400000,11,1.8397825847,1.9179628825,4,4,4,4
closed_n12,12,0.000000,0.500000,false,2,256,1.000e-12,0.05000,9.000000,1,1.7841777739,1.8885391013,4,4,4,4
closed_n12,12,0.000000,0.500000,false,2,256,1.000e-12,0.05000,9.000000,2,2.3088527147,2.9786923356,16,16,16,16
closed_n12,12,0.000000,0.500000,false,2,256,1.000e-12,0.05000,9.000000,3,3.5871595083,4.3934413533,64,62,64,64
closed_n12,12,0.000000,0.500000,false,2,256,1.000e-12,0.05000,9.000000,4,4.2030706831,5.5315453561,256,220,253,256
closed_n12,12,0.000000,0.500000,false,2,256,1.000e-12,0.05000,9.000000,5,4.8573114902,6.4224968228,1024,743,971,1024
closed_n12,12,0.000000,0.500000,false,2,256,1.000e-12,0.05000,9.000000,6,5.2669442375,7.1558295573,3969,2015,3435,4096
closed_n12,12,0.000000,0.500000,false,2,256,1.000e-12,0.05000,9.000000,7,4.8573114902,6.4224968228,1024,743,971,1024
closed_n12,12,0.000000,0.500000,false,2,256,1.000e-12,0.05000,9.000000,8,4.2030706831,5.5315453561,256,220,253,256
closed_n12,12,0.000000,0.500000,false,2,256,1.000e-12,0.05000,9.000000,9,3.5871595083,4.3934413533,64,62,64,64
closed_n12,12,0.000000,0.500000,false,2,256,1.000e-12,0.05000,9.000000,10,2.3088527147,2.9786923356,16,16,16,16
closed_n12,12,0.000000,0.500000,false,2,256,1.000e-12,0.05000,9.000000,11,1.7841777739,1.8885391013,4,4,4,4
closed_n12,12,0.000000,0.500000,false,2,256,1.000e-12,0.05000,9.600000,1,1.7591149725,1.8751062271,4,4,4,4
closed_n12,12,0.000000,0.500000,false,2,256,1.000e-12,0.05000,9.600000,2,2.3067699858,2.9960152722,16,16,16,16
closed_n12,12,0.000000,0.500000,false,2,256,1.000e-12,0.05000,9.600000,3,3.5505989862,4.3660684507,64,62,64,64
closed_n12,12,0.000000,0.500000,false,2,256,1.000e-12,0.05000,9.600000,4,4.2860920061,5.6110331992,256,221,253,256
closed_n12,12,0.000000,0.500000,false,2,256,1.000e-12,0.05000,9.600000,5,4.9030220621,6.4660054471,1024,744,970,1024
closed_n12,12,0.000000,0.500000,false,2,256,1.000e-12,0.05000,9.600000,6,5.3373459569,7.1440923766,3969,1913,3389,4096
closed_n12,12,0.000000,0.500000,false,2,256,1.000e-12,0.05000,9.600000,7,4.9030220621,6.4660054471,1024,744,970,1024
closed_n12,12,0.000000,0.500000,false,2,256,1.000e-12,0.05000,9.600000,8,4.2860920061,5.6110331992,256,221,253,256
closed_n12,12,0.000000,0.500000,false,2,256,1.000e-12,0.05000,9.600000,9,3.5505989862,4.3660684507,64,62,64,64
closed_n12,12,0.000000,0.500000,false,2,256,1.000e-12,0.05000,9.600000,10,2.3067699858,2.9960152722,16,16,16,16
closed_n12,12,0.000000,0.500000,false,2,256,1.000e-12,0.05000,9.600000,11,1.7591149725,1.8751062271,4,4,4,4
closed_n12,12,0.000000,0.500000,false,2,256,1.000e-12,0.05000,10.200000,1,1.8107693149,1.9026744873,4,4,4,4
closed_n12,12,0.000000,0.500000,false,2,256,1.000e-12,0.05000,10.200000,2,2.4549845920,3.0910559143,16,16,16,16
closed_n12,12,0.000000,0.500000,false,2,256,1.000e-12,0.05000,10.200000,3,3.6798585915,4.4607014403,64,63,64,64
closed_n12,12,0.000000,0.500000,false,2,256,1.000e-12,0.05000,10.200000,4,4.1977681135,5.5246569102,256,221,254,256
closed_n12,12,0.000000,0.500000,false,2,256,1.000e-12,0.05000,10.200000,5,5.1415477589,6.6480075699,1024,753,970,1024
closed_n12,12,0.000000,0.500000,false,2,256,1.000e-12,0.05000,10.200000,6,4.9607385918,6.9308114684,3969,1831,3342,4096
closed_n12,12,0.000000,0.500000,false,2,256,1.000e-12,0.05000,10.200000,7,5.1415477589,6.6480075699,1024,753,970,1024
closed_n12,12,0.000000,0.500000,false,2,256,1.000e-12,0.05000,10.200000,8,4.1977681135,5.5246569102,256,221,254,256
closed_n12,12,0.000000,0.500000,false,2,256,1.000e-12,0.05000,10.200000,9,3.6798585915,4.4607014403,64,63,64,64
closed_n12,12,0.000000,0.500000,false,2,256,1.000e-12,0.05000,10.200000,10,2.4549845920,3.0910559143,16,16,16,16
closed_n12,12,0.000000,0.500000,false,2,256,1.000e-12,0.05000,10.200000,11,1.8107693149,1.9026744873,4,4,4,4
closed_n12,12,0.000000,0.500000,false,2,256,1.000e-12,0.05000,10.800000,1,1.8991543514,1.9488245318,4,4,4,4
closed_n12,12,0.000000,0.500000,false,2,256,1.000e-12,0.05000,10.800000,2,2.6754186837,3.2249848241,16,16,16,16
closed_n12,12,0.000000,0.500000,false,2,256,1.000e-12,0.05000,10.800000,3,3.7727855705,4.5199116891,64,63,64,64
closed_n12,12,0.000000,0.500000,false,2,256,1.000e-12,0.05000,10.800000,4,4.1773348163,5.5358078021,256,225,255,256
closed_n12,12,0.000000,0.500000,false,2,256,1.000e-12,0.05000,10.800000,5,5.1730688799,6.6496112187,1024,755,980,1024
closed_n12,12,0.000000,0.500000,false,2,256,1.000e-12,0.05000,10.800000,6,4.8365601368,7.0247276421,3969,1971,3383,4096
closed_n12,12,0.000000,0.500000,false,2,256,1.000e-12,0.05000,10.800000,7,5.1730688799,6.6496112187,1024,755,980,1024
closed_n12,12,0.000000,0.500000,false,2,256,1.000e-12,0.05000,10.800000,8,4.1773348163,5.5358078021,256,225,255,256
closed_n12,12,0.000000,0.500000,false,2,256,1.000e-12,0.05000,10.800000,9,3.7727855705,4.5199116891,64,63,64,64
closed_n12,12,0.000000,0.500000,false,2,256,1.000e-12,0.05000,10.800000,10,2.6754186837,3.2249848241,16,16,16,16
closed_n12,12,0.000000,0.500000,false,2,256,1.000e-12,0.05000,10.800000,11,1.8991543514,1.9488245318,4,4,4,4
closed_n12,12,0.000000,0.500000,false,2,256,1.000e-12,0.05000,11.400000,1,1.9659148000,1.9828728205,4,4,4,4
closed_n12,12,0.000000,0.500000,false,2,256,1.000e-12,0.05000,11.400000,2,2.8608317588,3.3388050746,16,16,16,16
closed_n12,12,0.000000,0.500000,false,2,256,1.000e-12,0.05000,11.400000,3,3.8211640111,4.5577551244,64,63,64,64
closed_n12,12,0.000000,0.500000,false,2,256,1.000e-12,0.05000,11.400000,4,4.2452054704,5.6140594979,256,227,255,256
closed_n12,12,0.000000,0.500000,false,2,256,1.000e-12,0.05000,11.400000,5,5.0933809001,6.5814327947,1024,759,985,1024
closed_n12,12,0.000000,0.500000,false,2,256,1.000e-12,0.05000,11.400000,6,4.9675369544,7.1538911905,3969,2127,3496,4096
closed_n12,12,0.000000,0.500000,false,2,256,1.000e-12,0.05000,11.400000,7,5.0933809001,6.5814327947,1024,759,985,1024
closed_n12,12,0.000000,0.500000,false,2,256,1.000e-12,0.05000,11.400000,8,4.2452054704,5.6140594979,256,227,255,256
closed_n12,12,0.000000,0.500000,false,2,256,1.000e-12,0.05000,11.400000,9,3.8211640111,4.5577551244,64,63,64,64
closed_n12,12,0.000000,0.500000,false,2,256,1.000e-12,0.05000,11.400000,10,2.8608317588,3.3388050746,16,16,16,16
closed_n12,12,0.000000,0.500000,false,2,256,1.000e-12,0.05000,11.400000,11,1.9659148000,1.9828728205,4,4,4,4
closed_n12,12,0.000000,0.500000,false,2,256,1.000e-12,0.05000,12.000000,1,1.9963068499,1.9981524393,4,4,4,4
closed_n12,12,0.000000,0.500000,false,2,256,1.000e-12,0.05000,12.000000,2,2.9115870661,3.3807499532,16,16,16,16
closed_n12,12,0.000000,0.500000,false,2,256,1.000e-12,0.05000,12.000000,3,3.9300619632,4.6552836055,64,63,64,64
closed_n12,12,0.000000,0.500000,false,2,256,1.000e-12,0.05000,12.000000,4,4.2518418203,5.6198847228,256,230,255,256
closed_n12,12,0.000000,0.500000,false,2,256,1.000e-12,0.05000,12.000000,5,5.2009515057,6.7139889718,1024,784,991,1024
closed_n12,12,0.000000,0.500000,false,2,256,1.000e-12,0.05000,12.000000,6,4.8728059707,6.9639641315,3969,1993,3448,4096
closed_n12,12,0.000000,0.500000,false,2,256,1.000e-12,0.05000,12.000000,7,5.2009515057,6.7139889718,1024,784,991,1024
closed_n12,12,0.000000,0.500000,false,2,256,1.000e-12,0.05000,12.000000,8,4.2518418203,5.6198847228,256,230,255,256
closed_n12,12,0.000000,0.500000,false,2,256,1.000e-12,0.05000,12.000000,9,3.9300619632,4.6552836055,64,63,64,64
closed_n12,12,0.000000,0.500000,false,2,256,1.000e-12,0.05000,12.000000,10,2.9115870661,3.3807499532,16,16,16,16
closed_n12,12,0.000000,0.500000,false,2,256,1.000e-12,0.05000,12.000000,11,1.9963068499,1.9981524393,4,4,4,4
closed_n12,12,0.000000,0.500000,false,2,256,1.000e-12,0.05000,12.600000,1,1.9966990446,1.9983487349,4,4,4,4
closed_n12,12,0.000000,0.500000,false,2,256,1.000e-12,0.05000,12.600000,2,2.8808950309,3.3808128787,16,16,16,16
closed_n12,12,0.000000,0.500000,false,2,256,1.000e-12,0.05000,12.600000,3,3.9075981506,4.6524158536,64,63,64,64
closed_n12,12,0.000000,0.500000,false,2,256,1.000e-12,0.05000,12.600000,4,4.4511889164,5.7418862806,256,233,255,256
closed_n12,12,0.000000,0.500000,false,2,256,1.000e-12,0.05000,12.600000,5,5.1075470447,6.6538303578,1024,787,993,1024
closed_n12,12,0.000000,0.500000,false,2,256,1.000e-12,0.05000,12.600000,6,4.9958150043,6.9424369803,3969,1963,3401,4096
closed_n12,12,0.000000,0.500000,false,2,256,1.000e-12,0.05000,12.600000,7,5.1075470447,6.6538303578,1024,787,993,1024
closed_n12,12,0.000000,0.500000,false,2,256,1.000e-12,0.05000,12.600000,8,4.4511889164,5.7418862806,256,233,255,256
closed_n12,12,0.000000,0.500000,false,2,256,1.000e-12,0.05000,12.600000,9,3.9075981506,4.6524158536,64,63,64,64
closed_n12,12,0.000000,0.500000,false,2,256,1.000e-12,0.05000,12.600000,10,2.8808950309,3.3808128787,16,16,16,16
closed_n12,12,0.000000,0.500000,false,2,256,1.000e-12,0.05000,12.600000,11,1.9966990446,1.9983487349,4,4,4,4
closed_n12,12,0.000000,0.500000,false,2,256,1.000e-12,0.05000,13.200000,1,1.9699747595,1.9849218139,4,4,4,4
closed_n12,12,0.000000,0.500000,false,2,256,1.000e-12,0.05000,13.200000,2,2.8675557088,3.3850670645,16,16,16,16
closed_n12,12,0.000000,0.500000,false,2,256,1.000e-12,0.05000,13.200000,3,3.7686826103,4.5668110799,64,63,64,64
closed_n12,12,0.000000,0.500000,false,2,256,1.000e-12,0.05000,13.200000,4,4.6760658899,5.8822046759,256,233,255,256
closed_n12,12,0.000000,0.500000,false,2,256,1.000e-12,0.05000,13.200000,5,4.8270858215,6.4394194665,1024,773,986,1024
closed_n12,12,0.000000,0.500000,false,2,256,1.000e-12,0.05000,13.200000,6,5.3494541610,7.2152964814,3969,2070,3400,4096
closed_n12,12,0.000000,0.500000,false,2,256,1.000e-12,0.05000,13.200000,7,4.8270858215,6.4394194665,1024,773,986,1024
closed_n12,12,0.000000,0.500000,false,2,256,1.000e-12,0.05000,13.200000,8,4.6760658899,5.8822046759,256,233,255,256
closed_n12,12,0.000000,0.500000,false,2,256,1.000e-12,0.05000,13.200000,9,3.7686826103,4.5668110799,64,63,64,64
closed_n12,12,0.000000,0.500000,false,2,256,1.000e-12,0.05000,13.200000,10,2.8675557088,3.3850670645,16,16,16,16
closed_n12,12,0.000000,0.500000,false,2,256,1.000e-12,0.05000,13.200000,11,1.9699747595,1.9849218139,4,4,4,4
closed_n12,12,0.000000,0.500000,false,2,256,1.000e-12,0.05000,13.800000,1,1.9346134971,1.9669931053,4,4,4,4
closed_n12,12,0.000000,0.500000,false,2,256,1.000e-12,0.05000,13.800000,2,2.8742548297,3.3887194070,16,16,16,16
closed_n12,12,0.000000,0.500000,false,2,256,1.000e-12,0.05000,13.800000,3,3.7516504916,4.5665404384,64,63,64,64
closed_n12,12,0.000000,0.500000,false,2,256,1.000e-12,0.05000,13.800000,4,4.6633402279,5.8834560980,256,235,255,256
closed_n12,12,0.000000,0.500000,false,2,256,1.000e-12,0.05000,13.800000,5,4.9321571989,6.6582813835,1024,800,993,1024
closed_n12,12,0.000000,0.500000,false,2,256,1.000e-12,0.05000,13.800000,6,5.4426764320,7.2657408089,3969,2070,3417,4096
closed_n12,12,0.000000,0.500000,false,2,256,1.000e-12,0.05000,13.800000,7,4.9321571989,6.6582813835,1024,800,993,1024
closed_n12,12,0.000000,0.500000,false,2,256,1.000e-12,0.05000,13.800000,8,4.6633402279,5.8834560980,256,235,255,256
closed_n12,12,0.000000,0.500000,false,2,256,1.000e-12,0.05000,13.800000,9,3.7516504916,4.5665404384,64,63,64,64
closed_n12,12,0.000000,0.500000,false,2,256,1.000e-12,0.05000,13.800000,10,2.8742548297,3.3887194070,16,16,16,16
closed_n12,12,0.000000,0.500000,false,2,256,1.000e-12,0.05000,13.800000,11,1.9346134971,1.9669931053,4,4,4,4
closed_n12,12,0.000000,0.500000,false,2,256,1.000e-12,0.05000,14.400000,1,1.9372853002,1.9683543047,4,4,4,4
closed_n12,12,0.000000,0.500000,false,2,256,1.000e-12,0.05000,14.400000,2,2.8508547138,3.3686894499,16,16,16,16
closed_n12,12,0.000000,0.500000,false,2,256,1.000e-12,0.05000,14.400000,3,3.8388428511,4.6282765749,64,63,64,64
closed_n12,12,0.000000,0.500000,false,2,256,1.000e-12,0.05000,14.400000,4,4.5168648122,5.8162939781,256,235,255,256
closed_n12,12,0.000000,0.500000,false,2,256,1.000e-12,0.05000,14.400000,5,5.0099125752,6.6387443940,1024,781,993,1024
closed_n12,12,0.000000,0.500000,false,2,256,1.000e-12,0.05000,14.400000,6,5.4226965255,7.2393290094,3969,2066,3518,4096
closed_n12,12,0.000000,0.500000,false,2,256,1.000e-12,0.05000,14.400000,7,5.0099125752,6.6387443940,1024,781,993,1024
closed_n12,12,0.000000,0.500000,false,2,256,1.000e-12,0.05000,14.400000,8,4.5168648122,5.8162939781,256,235,255,256
closed_n12,12,0.000000,0.500000,false,2,256,1.000e-12,0.05000,14.400000,9,3.8388428511,4.6282765749,64,63,64,64
closed_n12,12,0.000000,0.500000,false,2,256,1.000e-12,0.05000,14.400000,10,2.8508547138,3.3686894499,16,16,16,16
closed_n12,12,0.000000,0.500000,false,2,256,1.000e-12,0.05000,14.400000,11,1.9372853002,1.9683543047,4,4,4,4
closed_n12,12,0.000000,0.500000,false,2,256,1.000e-12,0.05000,15.000000,1,1.9801098756,1.9900262358,4,4,4,4
closed_n12,12,0.000000,0.500000,false,2,256,1.000e-12,0.05000,15.000000,2,2.7871835085,3.3316102971,16,16,16,16
closed_n12,12,0.000000,0.500000,false,2,256,1.000e-12,0.05000,15.000000,3,3.9381247011,4.6925582064,64,64,64,64
closed_n12,12,0.000000,0.500000,false,2,256,1.000e-12,0.05000,15.000000,4,4.3986536227,5.7291726825,256,231,255,256
closed_n12,12,0.000000,0.500000,false,2,256,1.000e-12,0.05000,15.000000,5,5.1165533483,6.6138349423,1024,761,989,1024
closed_n12,12,0.000000,0.500000,false,2,256,1.000e-12,0.05000,15.000000,6,5.4024712957,7.2102955604,4096,2009,3510,4096
closed_n12,12,0.000000,0.500000,false,2,256,1.000e-12,0.05000,15.000000,7,5.1165533483,6.6138349423,1024,761,989,1024
closed_n12,12,0.000000,0.500000,false,2,256,1.000e-12,0.05000,15.000000,8,4.3986536227,5.7291726825,256,231,255,256
closed_n12,12,0.000000,0.500000,false,2,256,1.000e-12,0.05000,15.000000,9,3.9381247011,4.6925582064,64,64,64,64
closed_n12,12,0.000000,0.500000,false,2,256,1.000e-12,0.05000,15.000000,10,2.7871835085,3.3316102971,16,16,16,16
closed_n12,12,0.000000,0.500000,false,2,256,1.000e-12,0.05000,15.000000,11,1.9801098756,1.9900262358,4,4,4,4
closed_n12,12,0.000000,0.500000,false,2,256,1.000e-12,0.05000,15.600000,1,1.9997989574,1.9998994758,4,4,4,4
closed_n12,12,0.000000,0.500000,false,2,256,1.000e-12,0.05000,15.600000,2,2.7433368805,3.3078594303,16,16,16,16
closed_n12,12,0.000000,0.500000,false,2,256,1.000e-12,0.05000,15.600000,3,3.9490198036,4.6917556782,64,64,64,64
closed_n12,12,0.000000,0.500000,false,2,256,1.000e-12,0.05000,15.600000,4,4.4549434530,5.7478828731,256,229,255,256
closed_n12,12,0.000000,0.500000,false,2,256,1.000e-12,0.05000,15.600000,5,5.1563905807,6.6556484940,1024,772,992,1024
closed_n12,12,0.000000,0.500000,false,2,256,1.000e-12,0.05000,15.600000,6,5.4026743842,7.1419559155,4096,1886,3390,4096
closed_n12,12,0.000000,0.500000,false,2,256,1.000e-12,0.05000,15.600000,7,5.1563905807,6.6556484940,1024,772,992,1024
closed_n12,12,0.000000,0.500000,false,2,256,1.000e-12,0.05000,15.600000,8,4.4549434530,5.7478828731,256,229,255,256
closed_n12,12,0.000000,0.500000,false,2,256,1.000e-12,0.05000,15.600000,9,3.9490198037,4.6917556782,64,64,64,64
closed_n12,12,0.000000,0.500000,false,2,256,1.000e-12,0.05000,15.600000,10,2.7433368805,3.3078594303,16,16,16,16
closed_n12,12,0.000000,0.500000,false,2,256,1.000e-12,0.05000,15.600000,11,1.9997989574,1.9998994758,4,4,4,4
closed_n12,12,0.000000,0.500000,false,2,256,1.000e-12,0.05000,16.200000,1,1.9859511167,1.9929612593,4,4,4,4
closed_n12,12,0.000000,0.500000,false,2,256,1.000e-12,0.05000,16.200000,2,2.7115194368,3.2802087605,16,16,16,16
closed_n12,12,0.000000,0.500000,false,2,256,1.000e-12,0.05000,16.200000,3,3.8131091839,4.5806329605,64,64,64,64
closed_n12,12,0.000000,0.500000,false,2,256,1.000e-12,0.05000,16.200000,4,4.6373903886,5.8611977342,256,236,256,256
closed_n12,12,0.000000,0.500000,false,2,256,1.000e-12,0.05000,16.200000,5,4.9584785156,6.5095112900,1024,762,985,1024
closed_n12,12,0.000000,0.500000,false,2,256,1.000e-12,0.05000,16.200000,6,5.5253251118,7.2688540348,4096,2038,3470,4096
closed_n12,12,0.000000,0.500000,false,2,256,1.000e-12,0.05000,16.200000,7,4.9584785156,6.5095112900,1024,762,985,1024
closed_n12,12,0.000000,0.500000,false,2,256,1.000e-12,0.05000,16.200000,8,4.6373903886,5.8611977342,256,236,256,256
closed_n12,12,0.000000,0.500000,false,2,256,1.000e-12,0.05000,16.200000,9,3.8131091839,4.5806329605,64,64,64,64
closed_n12,12,0.000000,0.500000,false,2,256,1.000e-12,0.05000,16.200000,10,2.7115194368,3.2802087605,16,16,16,16
closed_n12,12,0.000000,0.500000,false,2,256,1.000e-12,0.05000,16.200000,11,1.9859511167,1.9929612593,4,4,4,4
closed_n12,12,0.000000,0.500000,false,2,256,1.000e-12,0.05000,16.800000,1,1.9879884772,1.9939837912,4,4,4,4
closed_n12,12,0.000000,0.500000,false,2,256,1.000e-12,0.05000,16.800000,2,2.6041157206,3.2042736269,16,16,16,16
closed_n12,12,0.000000,0.500000,false,2,256,1.000e-12,0.05000,16.800000,3,3.7510521581,4.5165713633,64,63,64,64
closed_n12,12,0.000000,0.500000,false,2,256,1.000e-12,0.05000,16.800000,4,4.6127375546,5.8479441018,256,237,256,256
closed_n12,12,0.000000,0.500000,false,2,256,1.000e-12,0.05000,16.800000,5,5.0234265411,6.5775095946,1024,797,1001,1024
closed_n12,12,0.000000,0.500000,false,2,256,1.000e-12,0.05000,16.800000,6,5.4610160537,7.2927648483,4096,2106,3456,4096
closed_n12,12,0.000000,0.500000,false,2,256,1.000e-12,0.05000,16.800000,7,5.0234265411,6.5775095946,1024,797,1001,1024
closed_n12,12,0.000000,0.500000,false,2,256,1.000e-12,0.05000,16.800000,8,4.6127375546,5.8479441018,256,237,256,256
closed_n12,12,0.000000,0.500000,false,2,256,1.000e-12,0.05000,16.800000,9,3.7510521581,4.5165713633,64,63,64,64
closed_n12,12,0.000000,0.500000,false,2,256,1.000e-12,0.05000,16.800000,10,2.6041157206,3.2042736269,16,16,16,16
closed_n12,12,0.000000,0.500000,false,2,256,1.000e-12,0.05000,16.800000,11,1.9879884772,1.9939837912,4,4,4,4
closed_n12,12,0.000000,0.500000,false,2,256,1.000e-12,0.05000,17.400000,1,1.9999953822,1.9999976911,4,4,4,4
closed_n12,12,0.000000,0.500000,false,2,256,1.000e-12,0.05000,17.400000,2,2.5517014168,3.1850347586,16,16,16,16
closed_n12,12,0.000000,0.500000,false,2,256,1.000e-12,0.05000,17.400000,3,3.8342067960,4.5661125778,64,63,64,64
closed_n12,12,0.000000,0.500000,false,2,256,1.000e-12,0.05000,17.400000,4,4.3881704822,5.7243355497,256,236,256,256
closed_n12,12,0.000000,0.500000,false,2,256,1.000e-12,0.05000,17.400000,5,5.2689518070,6.7576906460,1024,817,1005,1024
closed_n12,12,0.000000,0.500000,false,2,256,1.000e-12,0.05000,17.400000,6,5.1405737672,7.1637765838,4096,2192,3534,4096
closed_n12,12,0.000000,0.500000,false,2,256,1.000e-12,0.05000,17.400000,7,5.2689518070,6.7576906460,1024,817,1005,1024
closed_n12,12,0.000000,0.500000,false,2,256,1.000e-12,0.05000,17.400000,8,4.3881704822,5.7243355497,256,236,256,256
closed_n12,12,0.000000,0.500000,false,2,256,1.000e-12,0.05000,17.400000,9,3.8342067960,4.5661125778,64,63,64,64
closed_n12,12,0.000000,0.500000,false,2,256,1.000e-12,0.05000,17.400000,10,2.5517014168,3.1850347586,16,16,16,16
closed_n12,12,0.000000,0.500000,false,2,256,1.000e-12,0.05000,17.400000,11,1.9999953822,1.9999976911,4,4,4,4
closed_n12,12,0.000000,0.500000,false,2,256,1.000e-12,0.05000,18.000000,1,1.9824145815,1.9911848674,4,4,4,4
closed_n12,12,0.000000,0.500000,false,2,256,1.000e-12,0.05000,18.000000,2,2.6818326000,3.2721274579,16,16,16,16
closed_n12,12,0.000000,0.500000,false,2,256,1.000e-12,0.05000,18.000000,3,3.8488554435,4.5817869420,64,63,64,64
closed_n12,12,0.000000,0.500000,false,2,256,1.000e-12,0.05000,18.000000,4,4.3427114213,5.7116134118,256,236,256,256
closed_n12,12,0.000000,0.500000,false,2,256,1.000e-12,0.05000,18.000000,5,5.2903018106,6.7743938406,1024,812,1004,1024
closed_n12,12,0.000000,0.500000,false,2,256,1.000e-12,0.05000,18.000000,6,5.0897328961,7.1560151669,4096,2137,3527,4096
closed_n12,12,0.000000,0.500000,false,2,256,1.000e-12,0.05000,18.000000,7,5.2903018106,6.7743938406,1024,812,1004,1024
closed_n12,12,0.000000,0.500000,false,2,256,1.000e-12,0.05000,18.000000,8,4.3427114213,5.7116134118,256,236,256,256
closed_n12,12,0.000000,0.500000,false,2,256,1.000e-12,0.05000,18.000000,9,3.8488554435,4.5817869420,64,63,64,64
closed_n12,12,0.000000,0.500000,false,2,256,1.000e-12,0.05000,18.000000,10,2.6818326000,3.2721274579,16,16,16,16
closed_n12,12,0.000000,0.500000,false,2,256,1.000e-12,0.05000,18.000000,11,1.9824145815,1.9911848674,4,4,4,4
open_n12_g0p100,12,0.100000,0.500000,true,2,256,1.000e-12,0.05000,0.000000,1,0.0000000000,0.0000000000,1,1,1,4
open_n12_g0p100,12,0.100000,0.500000,true,2,256,1.000e-12,0.05000,0.000000,2,0.0000000000,0.0000000000,1,1,1,16
open_n12_g0p100,12,0.100000,0.500000,true,2,256,1.000e-12,0.05000,0.000000,3,0.0000000000,0.0000000000,1,1,1,64
open_n12_g0p100,12,0.100000,0.500000,true,2,256,1.000e-12,0.05000,0.000000,4,0.0000000000,0.0000000000,1,1,1,256
open_n12_g0p100,12,0.100000,0.500000,true,2,256,1.000e-12,0.05000,0.000000,5,0.0000000000,0.0000000000,1,1,1,1024
open_n12_g0p100,12,0.100000,0.500000,true,2,256,1.000e-12,0.05000,0.000000,6,0.0000000000,0.0000000000,1,1,1,4096
open_n12_g0p100,12,0.100000,0.500000,true,2,256,1.000e-12,0.05000,0.000000,7,0.0000000000,0.0000000000,1,1,1,1024
open_n12_g0p100,12,0.100000,0.500000,true,2,256,1.000e-12,0.05000,0.000000,8,0.0000000000,0.0000000000,1,1,1,256
open_n12_g0p100,12,0.100000,0.500000,true,2,256,1.000e-12,0.05000,0.000000,9,0.0000000000,0.0000000000,1,1,1,64
open_n12_g0p100,12,0.100000,0.500000,true,2,256,1.000e-12,0.05000,0.000000,10,0.0000000000,0.0000000000,1,1,1,16
open_n12_g0p100,12,0.100000,0.500000,true,2,256,1.000e-12,0.05000,0.000000,11,0.0000000000,0.0000000000,1,1,1,4
open_n12_g0p100,12,0.100000,0.500000,true,2,256,1.000e-12,0.05000,0.600000,1,0.8184285963,1.2626820120,4,4,4,4
open_n12_g0p100,12,0.100000,0.500000,true,2,256,1.000e-12,0.05000,0.600000,2,0.7785786336,1.3932851702,16,13,16,16
open_n12_g0p100,12,0.100000,0.500000,true,2,256,1.000e-12,0.05000,0.600000,3,0.7781187599,1.3939045741,38,15,32,64
open_n12_g0p100,12,0.100000,0.500000,true,2,256,1.000e-12,0.05000,0.600000,4,0.7792818497,1.3941138827,41,15,34,256
open_n12_g0p100,12,0.100000,0.500000,true,2,256,1.000e-12,0.05000,0.600000,5,0.7780804615,1.3938825259,43,15,34,1024
open_n12_g0p100,12,0.100000,0.500000,true,2,256,1.000e-12,0.05000,0.600000,6,0.7792820491,1.3941112714,40,15,34,4096
open_n12_g0p100,12,0.100000,0.500000,true,2,256,1.000e-12,0.05000,0.600000,7,0.7780804554,1.3938825368,43,15,34,1024
open_n12_g0p100,12,0.100000,0.500000,true,2,256,1.000e-12,0.05000,0.600000,8,0.7792819127,1.3941137412,41,15,34,256
open_n12_g0p100,12,0.100000,0.500000,true,2,256,1.000e-12,0.05000,0.600000,9,0.7781186717,1.3939002000,38,15,32,64
open_n12_g0p100,12,0.100000,0.500000,true,2,256,1.000e-12,0.05000,0.600000,10,0.7785370037,1.3930255391,16,13,16,16
open_n12_g0p100,12,0.100000,0.500000,true,2,256,1.000e-12,0.05000,0.600000,11,0.8178770068,1.2617656180,4,4,4,4
open_n12_g0p100,12,0.100000,0.500000,true,2,256,1.000e-12,0.05000,1.200000,1,1.6284307763,1.8045131952,4,4,4,4
open_n12_g0p100,12,0.100000,0.500000,true,2,256,1.000e-12,0.05000,1.200000,2,1.7268988899,2.4659757199,16,16,16,16
open_n12_g0p100,12,0.100000,0.500000,true,2,256,1.000e-12,0.05000,1.200000,3,1.7125686824,2.5426091835,63,39,63,64
open_n12_g0p100,12,0.100000,0.500000,true,2,256,1.000e-12,0.05000,1.200000,4,1.7122350692,2.5412515205,118,43,101,256
open_n12_g0p100,12,0.100000,0.500000,true,2,256,1.000e-12,0.05000,1.200000,5,1.7110997113,2.5412536234,131,43,107,1024
open_n12_g0p100,12,0.100000,0.500000,true,2,256,1.000e-12,0.05000,1.200000,6,1.7120301719,2.5411203679,124,43,106,4096
open_n12_g0p100,12,0.100000,0.500000,true,2,256,1.000e-12,0.05000,1.200000,7,1.7110794677,2.5412290420,131,43,107,1024
open_n12_g0p100,12,0.100000,0.500000,true,2,256,1.000e-12,0.05000,1.200000,8,1.7121726003,2.5411218066,114,43,99,256
open_n12_g0p100,12,0.100000,0.500000,true,2,256,1.000e-12,0.05000,1.200000,9,1.7122702457,2.5413721296,60,38,58,64
open_n12_g0p100,12,0.100000,0.500000,true,2,256,1.000e-12,0.05000,1.200000,10,1.7230053633,2.4599897249,16,16,16,16
open_n12_g0p100,12,0.100000,0.500000,true,2,256,1.000e-12,0.05000,1.200000,11,1.6168790025,1.7967699835,4,4,4,4
open_n12_g0p100,12,0.100000,0.500000,true,2,256,1.000e-12,0.05000,1.800000,1,1.9089030546,1.9546300105,4,4,4,4
open_n12_g0p100,12,0.100000,0.500000,true,2,256,1.000e-12,0.05000,1.800000,2,2.4354511027,3.0692387591,16,16,16,16
open_n12_g0p100,12,0.100000,0.500000,true,2,256,1.000e-12,0.05000,1.800000,3,2.6000553709,3.5773883634,64,59,64,64
open_n12_g0p100,12,0.100000,0.500000,true,2,256,1.000e-12,0.05000,1.800000,4,2.5631108169,3.5993098674,223,106,210,256
open_n12_g0p100,12,0.100000,0.500000,true,2,256,1.000e-12,0.05000,1.800000,5,2.5629136505,3.5997945754,256,113,253,1024
open_n12_g0p100,12,0.100000,0.500000,true,2,256,1.000e-12,0.05000,1.800000,6,2.5623928786,3.5989396464,256,112,254,4096
open_n12_g0p100,12,0.100000,0.500000,true,2,256,1.000e-12,0.05000,1.800000,7,2.5623308461,3.5991920925,256,113,252,1024
open_n12_g0p100,12,0.100000,0.500000,true,2,256,1.000e-12,0.05000,1.800000,8,2.5604181469,3.5956257729,198,104,186,256
open_n12_g0p100,12,0.100000,0.500000,true,2,256,1.000e-12,0.05000,1.800000,9,2.5913304243,3.5629508644,64,55,64,64
open_n12_g0p100,12,0.100000,0.500000,true,2,256,1.000e-12,0.05000,1.800000,10,2.3944817160,3.0316629991,16,16,16,16
open_n12_g0p100,12,0.100000,0.500000,true,2,256,1.000e-12,0.05000,1.800000,11,1.8745464784,1.9362463673,4,4,4,4
open_n12_g0p100,12,0.100000,0.500000,true,2,256,1.000e-12,0.05000,2.400000,1,1.9392351063,1.9702350063,4,4,4,4
open_n12_g0p100,12,0.100000,0.500000,true,2,256,1.000e-12,0.05000,2.400000,2,2.6013592516,3.2208092123,16,16,16,16
open_n12_g0p100,12,0.100000,0.500000,true,2,256,1.000e-12,0.05000,2.400000,3,3.4069012491,4.3098636010,64,64,64,64
open_n12_g0p100,12,0.100000,0.500000,true,2,256,1.000e-12,0.05000,2.400000,4,3.3421016670,4.5743966012,251,185,248,256
open_n12_g0p100,12,0.100000,0.500000,true,2,256,1.000e-12,0.05000,2.400000,5,3.3601199997,4.5902882955,256,228,256,1024
open_n12_g0p100,12,0.100000,0.500000,true,2,256,1.000e-12,0.05000,2.400000,6,3.3473760965,4.5844761315,256,228,256,4096
open_n12_g0p100,12,0.100000,0.500000,true,2,256,1.000e-12,0.05000,2.400000,7,3.3567079571,4.5847672576,256,226,256,1024
open_n12_g0p100,12,0.100000,0.500000,true,2,256,1.000e-12,0.05000,2.400000,8,3.3151968778,4.5454254593,239,171,232,256
open_n12_g0p100,12,0.100000,0.500000,true,2,256,1.000e-12,0.05000,2.400000,9,3.3364136582,4.2402941316,64,61,64,64
open_n12_g0p100,12,0.100000,0.500000,true,2,256,1.000e-12,0.05000,2.400000,10,2.4796881738,3.1237195672,16,16,16,16
open_n12_g0p100,12,0.100000,0.500000,true,2,256,1.000e-12,0.05000,2.400000,11,1.8809076345,1.9399878846,4,4,4,4
open_n12_g0p100,12,0.100000,0.500000,true,2,256,1.000e-12,0.05000,3.000000,1,1.9005602886,1.9517537467,4,4,4,4
open_n12_g0p100,12,0.100000,0.500000,true,2,256,1.000e-12,0.05000,3.000000,2,2.6326937752,3.2669112020,16,16,16,16
open_n12_g0p100,12,0.100000,0.500000,true,2,256,1.000e-12,0.05000,3.000000,3,3.7581482617,4.5854153655,64,64,64,64
open_n12_g0p100,12,0.100000,0.500000,true,2,256,1.000e-12,0.05000,3.000000,4,3.9652988205,5.3025619868,254,228,254,256
open_n12_g0p100,12,0.100000,0.500000,true,2,256,1.000e-12,0.05000,3.000000,5,4.0949463015,5.4563143891,256,253,256,1024
open_n12_g0p100,12,0.100000,0.500000,true,2,256,1.000e-12,0.05000,3.000000,6,4.0458082830,5.4376987770,256,253,256,4096
open_n12_g0p100,12,0.100000,0.500000,true,2,256,1.000e-12,0.05000,3.000000,7,4.0620089379,5.4238437852,256,253,256,1024
open_n12_g0p100,12,0.100000,0.500000,true,2,256,1.000e-12,0.05000,3.000000,8,3.8468254294,5.1946406106,250,207,248,256
open_n12_g0p100,12,0.100000,0.500000,true,2,256,1.000e-12,0.05000,3.000000,9,3.5701954323,4.4244744464,64,63,64,64
open_n12_g0p100,12,0.100000,0.500000,true,2,256,1.000e-12,0.05000,3.000000,10,2.4554465707,3.1193041086,16,16,16,16
open_n12_g0p100,12,0.100000,0.500000,true,2,256,1.000e-12,0.05000,3.000000,11,1.7947062774,1.8963069951,4,4,4,4
open_n12_g0p100,12,0.100000,0.500000,true,2,256,1.000e-12,0.05000,3.600000,1,1.8463628532,1.9258906980,4,4,4,4
open_n12_g0p100,12,0.100000,0.500000,true,2,256,1.000e-12,0.05000,3.600000,2,2.6957162530,3.3162120349,16,16,16,16
open_n12_g0p100,12,0.100000,0.500000,true,2,256,1.000e-12,0.05000,3.600000,3,3.7764671848,4.6467973749,64,64,64,64
open_n12_g0p100,12,0.100000,0.500000,true,2,256,1.000e-12,0.05000,3.600000,4,4.2096801881,5.6299473857,255,237,254,256
open_n12_g0p100,12,0.100000,0.500000,true,2,256,1.000e-12,0.05000,3.600000,5,4.6753269994,6.0640850455,256,256,256,1024
open_n12_g0p100,12,0.100000,0.500000,true,2,256,1.000e-12,0.05000,3.600000,6,4.5717451907,6.0422293906,256,256,256,4096
open_n12_g0p100,12,0.100000,0.500000,true,2,256,1.000e-12,0.05000,3.600000,7,4.5429964771,5.9717154422,256,256,256,1024
open_n12_g0p100,12,0.100000,0.500000,true,2,256,1.000e-12,0.05000,3.600000,8,3.9542401947,5.4041030843,252,220,250,256
open_n12_g0p100,12,0.100000,0.500000,true,2,256,1.000e-12,0.05000,3.600000,9,3.5391139585,4.4407889067,64,63,64,64
open_n12_g0p100,12,0.100000,0.500000,true,2,256,1.000e-12,0.05000,3.600000,10,2.5174972534,3.1381702798,16,16,16,16
open_n12_g0p100,12,0.100000,0.500000,true,2,256,1.000e-12,0.05000,3.600000,11,1.6745083895,1.8342716813,4,4,4,4
open_n12_g0p100,12,0.100000,0.500000,true,2,256,1.000e-12,0.05000,4.200000,1,1.8104300125,1.9087031287,4,4,4,4
open_n12_g0p100,12,0.100000,0.500000,true,2,256,1.000e-12,0.05000,4.200000,2,2.6665567639,3.3130548343,16,16,16,16
open_n12_g0p100,12,0.100000,0.500000,true,2,256,1.000e-12,0.05000,4.200000,3,3.7057835859,4.6723465141,64,64,64,64
open_n12_g0p100,12,0.100000,0.500000,true,2,256,1.000e-12,0.05000,4.200000,4,4.2150487119,5.7283244566,255,238,254,256
open_n12_g0p100,12,0.100000,0.500000,true,2,256,1.000e-12,0.05000,4.200000,5,4.8560142909,6.2921004454,256,256,256,1024
open_n12_g0p100,12,0.100000,0.500000,true,2,256,1.000e-12,0.05000,4.200000,6,4.7431129681,6.3089323429,256,256,256,4096
open_n12_g0p100,12,0.100000,0.500000,true,2,256,1.000e-12,0.05000,4.200000,7,4.6314632661,6.1463576506,256,256,256,1024
open_n12_g0p100,12,0.100000,0.500000,true,2,256,1.000e-12,0.05000,4.200000,8,3.9143123248,5.4564298381,252,219,252,256
open_n12_g0p100,12,0.100000,0.500000,true,2,256,1.000e-12,0.05000,4.200000,9,3.4780565748,4.4564723783,64,63,64,64
open_n12_g0p100,12,0.100000,0.500000,true,2,256,1.000e-12,0.05000,4.200000,10,2.5073818742,3.1303195392,16,16,16,16
open_n12_g0p100,12,0.100000,0.500000,true,2,256,1.000e-12,0.05000,4.200000,11,1.6000817559,1.7959850436,4,4,4,4
open_n12_g0p100,12,0.100000,0.500000,true,2,256,1.000e-12,0.05000,4.800000,1,1.7427099341,1.8754500604,4,4,4,4
open_n12_g0p100,12,0.100000,0.500000,true,2,256,1.000e-12,0.05000,4.800000,2,2.5457862177,3.2562226683,16,16,16,16
open_n12_g0p100,12,0.100000,0.500000,true,2,256,1.000e-12,0.05000,4.800000,3,3.4719469926,4.6005080988,64,64,64,64
open_n12_g0p100,12,0.100000,0.500000,true,2,256,1.000e-12,0.05000,4.800000,4,4.0646703010,5.7290756409,255,239,255,256
open_n12_g0p100,12,0.100000,0.500000,true,2,256,1.000e-12,0.05000,4.800000,5,4.5607185980,6.2116103174,256,256,256,1024
open_n12_g0p100,12,0.100000,0.500000,true,2,256,1.000e-12,0.05000,4.800000,6,4.5130424528,6.2690632293,256,256,256,4096
open_n12_g0p100,12,0.100000,0.500000,true,2,256,1.000e-12,0.05000,4.800000,7,4.3915448577,6.0849180625,256,256,256,1024
open_n12_g0p100,12,0.100000,0.500000,true,2,256,1.000e-12,0.05000,4.800000,8,3.8529070237,5.4749286992,253,215,252,256
open_n12_g0p100,12,0.100000,0.500000,true,2,256,1.000e-12,0.05000,4.800000,9,3.2758936717,4.3938264790,64,63,64,64
open_n12_g0p100,12,0.100000,0.500000,true,2,256,1.000e-12,0.05000,4.800000,10,2.3929226276,3.0791723382,16,16,16,16
open_n12_g0p100,12,0.100000,0.500000,true,2,256,1.000e-12,0.05000,4.800000,11,1.5342551790,1.7621020955,4,4,4,4
open_n12_g0p100,12,0.100000,0.500000,true,2,256,1.000e-12,0.05000,5.400000,1,1.5765767333,1.7911210368,4,4,4,4
open_n12_g0p100,12,0.100000,0.500000,true,2,256,1.000e-12,0.05000,5.400000,2,2.3284786713,3.1457374167,16,16,16,16
open_n12_g0p100,12,0.100000,0.500000,true,2,256,1.000e-12,0.05000,5.400000,3,3.0643900194,4.4276321870,64,64,64,64
open_n12_g0p100,12,0.100000,0.500000,true,2,256,1.000e-12,0.05000,5.400000,4,3.6025332961,5.5681494581,255,237,255,256
open_n12_g0p100,12,0.100000,0.500000,true,2,256,1.000e-12,0.05000,5.400000,5,3.9548637137,6.0139455860,256,256,256,1024
open_n12_g0p100,12,0.100000,0.500000,true,2,256,1.000e-12,0.05000,5.400000,6,4.0085993054,6.1138545270,256,256,256,4096
open_n12_g0p100,12,0.100000,0.500000,true,2,256,1.000e-12,0.05000,5.400000,7,3.9103943950,5.9494748233,256,256,256,1024
open_n12_g0p100,12,0.100000,0.500000,true,2,256,1.000e-12,0.05000,5.400000,8,3.5093036708,5.3567539501,253,213,253,256
open_n12_g0p100,12,0.100000,0.500000,true,2,256,1.000e-12,0.05000,5.400000,9,2.9222943634,4.2445857959,64,62,64,64
open_n12_g0p100,12,0.100000,0.500000,true,2,256,1.000e-12,0.05000,5.400000,10,2.1665483530,2.9590458413,16,16,16,16
open_n12_g0p100,12,0.100000,0.500000,true,2,256,1.000e-12,0.05000,5.400000,11,1.3805859250,1.6777864507,4,4,4,4
open_n12_g0p100,12,0.100000,0.500000,true,2,256,1.000e-12,0.05000,6.000000,1,1.3118333513,1.6458892574,4,4,4,4
open_n12_g0p100,12,0.100000,0.500000,true,2,256,1.000e-12,0.05000,6.000000,2,1.9899267374,2.9663658175,16,16,16,16
open_n12_g0p100,12,0.100000,0.500000,true,2,256,1.000e-12,0.05000,6.000000,3,2.5198134280,4.1736964554,64,64,64,64
open_n12_g0p100,12,0.100000,0.500000,true,2,256,1.000e-12,0.05000,6.000000,4,2.9011661014,5.2426688090,256,236,256,256
open_n12_g0p100,12,0.100000,0.500000,true,2,256,1.000e-12,0.05000,6.000000,5,3.1415043240,5.6806496845,256,256,256,1024
open_n12_g0p100,12,0.100000,0.500000,true,2,256,1.000e-12,0.05000,6.000000,6,3.2560659275,5.8122140167,256,256,256,4096
open_n12_g0p100,12,0.100000,0.500000,true,2,256,1.000e-12,0.05000,6.000000,7,3.1425174478,5.6293973113,256,256,256,1024
open_n12_g0p100,12,0.100000,0.500000,true,2,256,1.000e-12,0.05000,6.000000,8,2.8817420232,5.0689755124,253,215,253,256
open_n12_g0p100,12,0.100000,0.500000,true,2,256,1.000e-12,0.05000,6.000000,9,2.4133263033,3.9830791768,64,61,64,64
open_n12_g0p100,12,0.100000,0.500000,true,2,256,1.000e-12,0.05000,6.000000,10,1.8322813950,2.7559631323,16,16,16,16
open_n12_g0p100,12,0.100000,0.500000,true,2,256,1.000e-12,0.05000,6.000000,11,1.1161026238,1.5185872951,4,4,4,4
open_n12_g0p100,12,0.100000,0.500000,true,2,256,1.000e-12,0.05000,6.600000,1,1.0018648574,1.4518842119,4,4,4,4
open_n12_g0p100,12,0.100000,0.500000,true,2,256,1.000e-12,0.05000,6.600000,2,1.5625223493,2.7085701759,16,16,16,16
open_n12_g0p100,12,0.100000,0.500000,true,2,256,1.000e-12,0.05000,6.600000,3,1.9065656376,3.8152408508,64,64,64,64
open_n12_g0p100,12,0.100000,0.500000,true,2,256,1.000e-12,0.05000,6.600000,4,2.1735396485,4.8346694370,256,235,256,256
open_n12_g0p100,12,0.100000,0.500000,true,2,256,1.000e-12,0.05000,6.600000,5,2.2981348421,5.2034721681,256,256,256,1024
open_n12_g0p100,12,0.100000,0.500000,true,2,256,1.000e-12,0.05000,6.600000,6,2.4075958590,5.3402554922,256,256,256,4096
open_n12_g0p100,12,0.100000,0.500000,true,2,256,1.000e-12,0.05000,6.600000,7,2.2999881590,5.1411558924,256,256,256,1024
open_n12_g0p100,12,0.100000,0.500000,true,2,256,1.000e-12,0.05000,6.600000,8,2.1559279638,4.6365253831,254,214,253,256
open_n12_g0p100,12,0.100000,0.500000,true,2,256,1.000e-12,0.05000,6.600000,9,1.8061573746,3.5796126706,64,61,64,64
open_n12_g0p100,12,0.100000,0.500000,true,2,256,1.000e-12,0.05000,6.600000,10,1.4475301470,2.4902757547,16,16,16,16
open_n12_g0p100,12,0.100000,0.500000,true,2,256,1.000e-12,0.05000,6.600000,11,0.8139794317,1.3073179011,4,4,4,4
open_n12_g0p100,12,0.100000,0.500000,true,2,256,1.000e-12,0.05000,7.200000,1,0.7156682045,1.2377991663,4,4,4,4
open_n12_g0p100,12,0.100000,0.500000,true,2,256,1.000e-12,0.05000,7.200000,2,1.1382518834,2.3865873526,16,16,16,16
open_n12_g0p100,12,0.100000,0.500000,true,2,256,1.000e-12,0.05000,7.200000,3,1.3517608565,3.3765261522,64,64,64,64
open_n12_g0p100,12,0.100000,0.500000,true,2,256,1.000e-12,0.05000,7.200000,4,1.5419786836,4.3533522219,256,234,256,256
open_n12_g0p100,12,0.100000,0.500000,true,2,256,1.000e-12,0.05000,7.200000,5,1.6082205312,4.6759796097,256,256,256,1024
open_n12_g0p100,12,0.100000,0.500000,true,2,256,1.000e-12,0.05000,7.200000,6,1.6702544109,4.7758061515,256,256,256,4096
open_n12_g0p100,12,0.100000,0.500000,true,2,256,1.000e-12,0.05000,7.200000,7,1.6135571127,4.6131470071,256,256,256,1024
open_n12_g0p100,12,0.100000,0.500000,true,2,256,1.000e-12,0.05000,7.200000,8,1.4976763254,4.0996605667,254,211,254,256
open_n12_g0p100,12,0.100000,0.500000,true,2,256,1.000e-12,0.05000,7.200000,9,1.2754093587,3.1276311481,64,61,64,64
open_n12_g0p100,12,0.100000,0.500000,true,2,256,1.000e-12,0.05000,7.200000,10,1.0647050982,2.1700989531,16,16,16,16
open_n12_g0p100,12,0.100000,0.500000,true,2,256,1.000e-12,0.05000,7.200000,11,0.5771298931,1.1059929495,4,4,4,4
open_n12_g0p100,12,0.100000,0.500000,true,2,256,1.000e-12,0.05000,7.800000,1,0.4935878224,1.0334735718,4,4,4,4
open_n12_g0p100,12,0.100000,0.500000,true,2,256,1.000e-12,0.05000,7.800000,2,0.8042768850,2.0527175706,16,16,16,16
open_n12_g0p100,12,0.100000,0.500000,true,2,256,1.000e-12,0.05000,7.800000,3,0.9305516418,2.9225719050,64,63,64,64
open_n12_g0p100,12,0.100000,0.500000,true,2,256,1.000e-12,0.05000,7.800000,4,1.0573541946,3.8169619194,256,230,256,256
open_n12_g0p100,12,0.100000,0.500000,true,2,256,1.000e-12,0.05000,7.800000,5,1.1088012489,4.1457726487,256,256,256,1024
open_n12_g0p100,12,0.100000,0.500000,true,2,256,1.000e-12,0.05000,7.800000,6,1.1305007973,4.1962763667,256,256,256,4096
open_n12_g0p100,12,0.100000,0.500000,true,2,256,1.000e-12,0.05000,7.800000,7,1.1022275641,4.0759433439,256,256,256,1024
open_n12_g0p100,12,0.100000,0.500000,true,2,256,1.000e-12,0.05000,7.800000,8,1.0121348462,3.5388784309,254,206,254,256
open_n12_g0p100,12,0.100000,0.500000,true,2,256,1.000e-12,0.05000,7.800000,9,0.8938408158,2.7058641354,64,60,64,64
open_n12_g0p100,12,0.100000,0.500000,true,2,256,1.000e-12,0.05000,7.800000,10,0.7413553081,1.8251080512,16,16,16,16
open_n12_g0p100,12,0.100000,0.500000,true,2,256,1.000e-12,0.05000,7.800000,11,0.4303057135,0.9535390773,4,4,4,4
open_n12_g0p100,12,0.100000,0.500000,true,2,256,1.000e-12,0.05000,8.400000,1,0.3392790067,0.8577845312,4,4,4,4
open_n12_g0p100,12,0.100000,0.500000,true,2,256,1.000e-12,0.05000,8.400000,2,0.5748789909,1.7517620891,16,16,16,16
open_n12_g0p100,12,0.100000,0.500000,true,2,256,1.000e-12,0.05000,8.400000,3,0.6464612436,2.5034443723,64,63,64,64
open_n12_g0p100,12,0.100000,0.500000,true,2,256,1.000e-12,0.05000,8.400000,4,0.7224049089,3.2838826839,256,225,256,256
open_n12_g0p100,12,0.100000,0.500000,true,2,256,1.000e-12,0.05000,8.400000,5,0.7587847127,3.6053371086,256,256,256,1024
open_n12_g0p100,12,0.100000,0.500000,true,2,256,1.000e-12,0.05000,8.400000,6,0.7645097996,3.6318341513,256,256,256,4096
open_n12_g0p100,12,0.100000,0.500000,true,2,256,1.000e-12,0.05000,8.400000,7,0.7416255568,3.5286601186,256,256,256,1024
open_n12_g0p100,12,0.100000,0.500000,true,2,256,1.000e-12,0.05000,8.400000,8,0.6926906344,3.0302009864,254,200,254,256
open_n12_g0p100,12,0.100000,0.500000,true,2,256,1.000e-12,0.05000,8.400000,9,0.6300894114,2.3097435105,64,59,64,64
open_n12_g0p100,12,0.100000,0.500000,true,2,256,1.000e-12,0.05000,8.400000,10,0.5154564114,1.5176171521,16,16,16,16
open_n12_g0p100,12,0.100000,0.500000,true,2,256,1.000e-12,0.05000,8.400000,11,0.3286794202,0.8288634531,4,4,4,4
open_n12_g0p100,12,0.100000,0.500000,true,2,256,1.000e-12,0.05000,9.000000,1,0.2412463602,0.7218730745,4,4,4,4
open_n12_g0p100,12,0.100000,0.500000,true,2,256,1.000e-12,0.05000,9.000000,2,0.4209319046,1.4956542175,16,16,16,16
open_n12_g0p100,12,0.100000,0.500000,true,2,256,1.000e-12,0.05000,9.000000,3,0.4650867235,2.1443004616,64,62,64,64
open_n12_g0p100,12,0.100000,0.500000,true,2,256,1.000e-12,0.05000,9.000000,4,0.5037500951,2.7993384675,256,218,256,256
open_n12_g0p100,12,0.100000,0.500000,true,2,256,1.000e-12,0.05000,9.000000,5,0.5215400054,3.0802224658,256,256,256,1024
open_n12_g0p100,12,0.100000,0.500000,true,2,256,1.000e-12,0.05000,9.000000,6,0.5219195503,3.1106975869,256,256,256,4096
open_n12_g0p100,12,0.100000,0.500000,true,2,256,1.000e-12,0.05000,9.000000,7,0.5065476424,3.0052063549,256,256,256,1024
open_n12_g0p100,12,0.100000,0.500000,true,2,256,1.000e-12,0.05000,9.000000,8,0.4855475367,2.5861973067,254,192,254,256
open_n12_g0p100,12,0.100000,0.500000,true,2,256,1.000e-12,0.05000,9.000000,9,0.4480928730,1.9462762934,64,56,64,64
open_n12_g0p100,12,0.100000,0.500000,true,2,256,1.000e-12,0.05000,9.000000,10,0.3782437016,1.2875238658,16,16,16,16
open_n12_g0p100,12,0.100000,0.500000,true,2,256,1.000e-12,0.05000,9.000000,11,0.2419486101,0.7067355267,4,4,4,4
open_n12_g0p100,12,0.100000,0.500000,true,2,256,1.000e-12,0.05000,9.600000,1,0.1788301589,0.6190630383,4,4,4,4
open_n12_g0p100,12,0.100000,0.500000,true,2,256,1.000e-12,0.05000,9.600000,2,0.3172865146,1.2868048589,16,16,16,16
open_n12_g0p100,12,0.100000,0.500000,true,2,256,1.000e-12,0.05000,9.600000,3,0.3452204323,1.8326762132,64,61,64,64
open_n12_g0p100,12,0.100000,0.500000,true,2,256,1.000e-12,0.05000,9.600000,4,0.3620596492,2.3811832105,256,212,256,256
open_n12_g0p100,12,0.100000,0.500000,true,2,256,1.000e-12,0.05000,9.600000,5,0.3671061060,2.6112641940,256,256,256,1024
open_n12_g0p100,12,0.100000,0.500000,true,2,256,1.000e-12,0.05000,9.600000,6,0.3651824899,2.6374903416,256,256,256,4096
open_n12_g0p100,12,0.100000,0.500000,true,2,256,1.000e-12,0.05000,9.600000,7,0.3574535692,2.5466778617,256,255,256,1024
open_n12_g0p100,12,0.100000,0.500000,true,2,256,1.000e-12,0.05000,9.600000,8,0.3499123348,2.1870064498,254,184,254,256
open_n12_g0p100,12,0.100000,0.500000,true,2,256,1.000e-12,0.05000,9.600000,9,0.3256554838,1.6379418366,64,54,64,64
open_n12_g0p100,12,0.100000,0.500000,true,2,256,1.000e-12,0.05000,9.600000,10,0.2894325807,1.1133823139,16,16,16,16
open_n12_g0p100,12,0.100000,0.500000,true,2,256,1.000e-12,0.05000,9.600000,11,0.1750803405,0.5968504621,4,4,4,4
open_n12_g0p100,12,0.100000,0.500000,true,2,256,1.000e-12,0.05000,10.200000,1,0.1338373152,0.5322556482,4,4,4,4
open_n12_g0p100,12,0.100000,0.500000,true,2,256,1.000e-12,0.05000,10.200000,2,0.2471111338,1.1239717879,16,16,16,16
open_n12_g0p100,12,0.100000,0.500000,true,2,256,1.000e-12,0.05000,10.200000,3,0.2609010655,1.5607847580,64,60,64,64
open_n12_g0p100,12,0.100000,0.500000,true,2,256,1.000e-12,0.05000,10.200000,4,0.2683178895,2.0218587627,256,204,256,256
open_n12_g0p100,12,0.100000,0.500000,true,2,256,1.000e-12,0.05000,10.200000,5,0.2667769039,2.2105829959,256,255,256,1024
open_n12_g0p100,12,0.100000,0.500000,true,2,256,1.000e-12,0.05000,10.200000,6,0.2659837487,2.2213587570,256,255,256,4096
open_n12_g0p100,12,0.100000,0.500000,true,2,256,1.000e-12,0.05000,10.200000,7,0.2606779060,2.1508002234,256,254,256,1024
open_n12_g0p100,12,0.100000,0.500000,true,2,256,1.000e-12,0.05000,10.200000,8,0.2598945803,1.8369667867,254,175,253,256
open_n12_g0p100,12,0.100000,0.500000,true,2,256,1.000e-12,0.05000,10.200000,9,0.2446850248,1.3907473870,64,50,64,64
open_n12_g0p100,12,0.100000,0.500000,true,2,256,1.000e-12,0.05000,10.200000,10,0.2209755063,0.9606346864,16,15,16,16
open_n12_g0p100,12,0.100000,0.500000,true,2,256,1.000e-12,0.05000,10.200000,11,0.1387202459,0.5261451496,4,4,4,4
open_n12_g0p100,12,0.100000,0.500000,true,2,256,1.000e-12,0.05000,10.800000,1,0.0999170049,0.4563434657,4,4,4,4
open_n12_g0p100,12,0.100000,0.500000,true,2,256,1.000e-12,0.05000,10.800000,2,0.1953762855,0.9860996874,16,16,16,16
open_n12_g0p100,12,0.100000,0.500000,true,2,256,1.000e-12,0.05000,10.800000,3,0.2014204564,1.3328025189,64,59,64,64
open_n12_g0p100,12,0.100000,0.500000,true,2,256,1.000e-12,0.05000,10.800000,4,0.2034788806,1.7112954327,256,195,256,256
open_n12_g0p100,12,0.100000,0.500000,true,2,256,1.000e-12,0.05000,10.800000,5,0.2005645014,1.8711300997,256,254,256,1024
open_n12_g0p100,12,0.100000,0.500000,true,2,256,1.000e-12,0.05000,10.800000,6,0.2009521740,1.8743106495,256,254,256,4096
open_n12_g0p100,12,0.100000,0.500000,true,2,256,1.000e-12,0.05000,10.800000,7,0.1975354517,1.8098707127,256,252,256,1024
open_n12_g0p100,12,0.100000,0.500000,true,2,256,1.000e-12,0.05000,10.800000,8,0.1990685988,1.5495606196,254,164,253,256
open_n12_g0p100,12,0.100000,0.500000,true,2,256,1.000e-12,0.05000,10.800000,9,0.1877708759,1.1843786480,64,48,64,64
open_n12_g0p100,12,0.100000,0.500000,true,2,256,1.000e-12,0.05000,10.800000,10,0.1687889187,0.8283671642,16,15,16,16
open_n12_g0p100,12,0.100000,0.500000,true,2,256,1.000e-12,0.05000,10.800000,11,0.1220628305,0.4878908418,4,4,4,4
open_n12_g0p100,12,0.100000,0.500000,true,2,256,1.000e-12,0.05000,11.400000,1,0.0761402942,0.3951641217,4,4,4,4
open_n12_g0p100,12,0.100000,0.500000,true,2,256,1.000e-12,0.05000,11.400000,2,0.1538688748,0.8599938748,16,16,16,16
open_n12_g0p100,12,0.100000,0.500000,true,2,256,1.000e-12,0.05000,11.400000,3,0.1597345058,1.1461152822,64,56,64,64
open_n12_g0p100,12,0.100000,0.500000,true,2,256,1.000e-12,0.05000,11.400000,4,0.1577548987,1.4472983580,256,185,255,256
open_n12_g0p100,12,0.100000,0.500000,true,2,256,1.000e-12,0.05000,11.400000,5,0.1550942673,1.5838447442,256,252,256,1024
open_n12_g0p100,12,0.100000,0.500000,true,2,256,1.000e-12,0.05000,11.400000,6,0.1561935084,1.5881127639,256,253,256,4096
open_n12_g0p100,12,0.100000,0.500000,true,2,256,1.000e-12,0.05000,11.400000,7,0.1545234067,1.5264309679,256,249,256,1024
open_n12_g0p100,12,0.100000,0.500000,true,2,256,1.000e-12,0.05000,11.400000,8,0.1566249427,1.3185643853,254,152,252,256
open_n12_g0p100,12,0.100000,0.500000,true,2,256,1.000e-12,0.05000,11.400000,9,0.1449695004,1.0085737884,64,46,64,64
open_n12_g0p100,12,0.100000,0.500000,true,2,256,1.000e-12,0.05000,11.400000,10,0.1339657757,0.7255367501,16,15,16,16
open_n12_g0p100,12,0.100000,0.500000,true,2,256,1.000e-12,0.05000,11.400000,11,0.1060152276,0.4495523444,4,4,4,4
open_n12_g0p100,12,0.100000,0.500000,true,2,256,1.000e-12,0.05000,12.000000,1,0.0602357385,0.3486327765,4,4,4,4
open_n12_g0p100,12,0.100000,0.500000,true,2,256,1.000e-12,0.05000,12.000000,2,0.1216012832,0.7497582881,16,16,16,16
open_n12_g0p100,12,0.100000,0.500000,true,2,256,1.000e-12,0.05000,12.000000,3,0.1287243220,0.9897184207,64,53,64,64
open_n12_g0p100,12,0.100000,0.500000,true,2,256,1.000e-12,0.05000,12.000000,4,0.1256130301,1.2275694668,256,174,255,256
open_n12_g0p100,12,0.100000,0.500000,true,2,256,1.000e-12,0.05000,12.000000,5,0.1225944143,1.3406466052,256,248,256,1024
open_n12_g0p100,12,0.100000,0.500000,true,2,256,1.000e-12,0.05000,12.000000,6,0.1242143997,1.3467608983,256,250,256,4096
open_n12_g0p100,12,0.100000,0.500000,true,2,256,1.000e-12,0.05000,12.000000,7,0.1233079977,1.2954702540,256,244,256,1024
open_n12_g0p100,12,0.100000,0.500000,true,2,256,1.000e-12,0.05000,12.000000,8,0.1251037272,1.1250612407,254,139,250,256
open_n12_g0p100,12,0.100000,0.500000,true,2,256,1.000e-12,0.05000,12.000000,9,0.1138196402,0.8631828447,64,45,64,64
open_n12_g0p100,12,0.100000,0.500000,true,2,256,1.000e-12,0.05000,12.000000,10,0.1111917139,0.6447032147,16,15,16,16
open_n12_g0p100,12,0.100000,0.500000,true,2,256,1.000e-12,0.05000,12.000000,11,0.0856291805,0.3999230707,4,4,4,4
open_n12_g0p100,12,0.100000,0.500000,true,2,256,1.000e-12,0.05000,12.600000,1,0.0484224644,0.3097543559,4,4,4,4
open_n12_g0p100,12,0.100000,0.500000,true,2,256,1.000e-12,0.05000,12.600000,2,0.0980882322,0.6586398353,16,16,16,16
open_n12_g0p100,12,0.100000,0.500000,true,2,256,1.000e-12,0.05000,12.600000,3,0.1040748020,0.8567934368,64,49,64,64
open_n12_g0p100,12,0.100000,0.500000,true,2,256,1.000e-12,0.05000,12.600000,4,0.1023229767,1.0485763277,256,161,255,256
open_n12_g0p100,12,0.100000,0.500000,true,2,256,1.000e-12,0.05000,12.600000,5,0.0996666067,1.1391369963,256,242,256,1024
open_n12_g0p100,12,0.100000,0.500000,true,2,256,1.000e-12,0.05000,12.600000,6,0.1004325645,1.1441679767,256,245,256,4096
open_n12_g0p100,12,0.100000,0.500000,true,2,256,1.000e-12,0.05000,12.600000,7,0.1000977820,1.1054674282,256,235,256,1024
open_n12_g0p100,12,0.100000,0.500000,true,2,256,1.000e-12,0.05000,12.600000,8,0.1011241376,0.9620995808,254,126,247,256
open_n12_g0p100,12,0.100000,0.500000,true,2,256,1.000e-12,0.05000,12.600000,9,0.0917978679,0.7457749080,64,43,64,64
open_n12_g0p100,12,0.100000,0.500000,true,2,256,1.000e-12,0.05000,12.600000,10,0.0933152133,0.5731621876,16,15,16,16
open_n12_g0p100,12,0.100000,0.500000,true,2,256,1.000e-12,0.05000,12.600000,11,0.0674825202,0.3514134333,4,4,4,4
open_n12_g0p100,12,0.100000,0.500000,true,2,256,1.000e-12,0.05000,13.200000,1,0.0383148905,0.2727911044,4,4,4,4
open_n12_g0p100,12,0.100000,0.500000,true,2,256,1.000e-12,0.05000,13.200000,2,0.0807259212,0.5833529990,16,16,16,16
open_n12_g0p100,12,0.100000,0.500000,true,2,256,1.000e-12,0.05000,13.200000,3,0.0843229645,0.7435946091,64,48,64,64
open_n12_g0p100,12,0.100000,0.500000,true,2,256,1.000e-12,0.05000,13.200000,4,0.0848524399,0.9036320974,256,148,253,256
open_n12_g0p100,12,0.100000,0.500000,true,2,256,1.000e-12,0.05000,13.200000,5,0.0829206245,0.9761326864,256,233,256,1024
open_n12_g0p100,12,0.100000,0.500000,true,2,256,1.000e-12,0.05000,13.200000,6,0.0826423571,0.9799720570,256,237,256,4096
open_n12_g0p100,12,0.100000,0.500000,true,2,256,1.000e-12,0.05000,13.200000,7,0.0822645880,0.9468644359,256,221,256,1024
open_n12_g0p100,12,0.100000,0.500000,true,2,256,1.000e-12,0.05000,13.200000,8,0.0827472389,0.8265711522,254,111,245,256
open_n12_g0p100,12,0.100000,0.500000,true,2,256,1.000e-12,0.05000,13.200000,9,0.0753925936,0.6505589814,64,41,63,64
open_n12_g0p100,12,0.100000,0.500000,true,2,256,1.000e-12,0.05000,13.200000,10,0.0773891904,0.5105728884,16,15,16,16
open_n12_g0p100,12,0.100000,0.500000,true,2,256,1.000e-12,0.05000,13.200000,11,0.0570165876,0.3193452435,4,4,4,4
open_n12_g0p100,12,0.100000,0.500000,true,2,256,1.000e-12,0.05000,13.800000,1,0.0296049827,0.2373421391,4,4,4,4
open_n12_g0p100,12,0.100000,0.500000,true,2,256,1.000e-12,0.05000,13.800000,2,0.0672701794,0.5199646810,16,16,16,16
open_n12_g0p100,12,0.100000,0.500000,true,2,256,1.000e-12,0.05000,13.800000,3,0.0687523218,0.6454723044,64,46,64,64
open_n12_g0p100,12,0.100000,0.500000,true,2,256,1.000e-12,0.05000,13.800000,4,0.0712770346,0.7838155218,256,135,252,256
open_n12_g0p100,12,0.100000,0.500000,true,2,256,1.000e-12,0.05000,13.800000,5,0.0700623769,0.8449979597,256,219,256,1024
open_n12_g0p100,12,0.100000,0.500000,true,2,256,1.000e-12,0.05000,13.800000,6,0.0691918113,0.8473283481,256,226,256,4096
open_n12_g0p100,12,0.100000,0.500000,true,2,256,1.000e-12,0.05000,13.800000,7,0.0683997960,0.8160791381,256,204,256,1024
open_n12_g0p100,12,0.100000,0.500000,true,2,256,1.000e-12,0.05000,13.800000,8,0.0681562854,0.7139064495,254,101,240,256
open_n12_g0p100,12,0.100000,0.500000,true,2,256,1.000e-12,0.05000,13.800000,9,0.0629269830,0.5716731245,64,38,63,64
open_n12_g0p100,12,0.100000,0.500000,true,2,256,1.000e-12,0.05000,13.800000,10,0.0637965723,0.4562153931,16,14,16,16
open_n12_g0p100,12,0.100000,0.500000,true,2,256,1.000e-12,0.05000,13.800000,11,0.0513818957,0.2996180647,4,4,4,4
open_n12_g0p100,12,0.100000,0.500000,true,2,256,1.000e-12,0.05000,14.400000,1,0.0229707535,0.2067859761,4,4,4,4
open_n12_g0p100,12,0.100000,0.500000,true,2,256,1.000e-12,0.05000,14.400000,2,0.0567460413,0.4661478913,16,15,16,16
open_n12_g0p100,12,0.100000,0.500000,true,2,256,1.000e-12,0.05000,14.400000,3,0.0566987670,0.5616323385,64,44,64,64
open_n12_g0p100,12,0.100000,0.500000,true,2,256,1.000e-12,0.05000,14.400000,4,0.0601114501,0.6807754871,256,120,249,256
open_n12_g0p100,12,0.100000,0.500000,true,2,256,1.000e-12,0.05000,14.400000,5,0.0597736537,0.7378667234,256,200,256,1024
open_n12_g0p100,12,0.100000,0.500000,true,2,256,1.000e-12,0.05000,14.400000,6,0.0584365560,0.7381295897,256,209,256,4096
open_n12_g0p100,12,0.100000,0.500000,true,2,256,1.000e-12,0.05000,14.400000,7,0.0575563819,0.7092397007,256,183,256,1024
open_n12_g0p100,12,0.100000,0.500000,true,2,256,1.000e-12,0.05000,14.400000,8,0.0565882036,0.6221578034,253,90,235,256
open_n12_g0p100,12,0.100000,0.500000,true,2,256,1.000e-12,0.05000,14.400000,9,0.0532781192,0.5063724163,64,35,63,64
open_n12_g0p100,12,0.100000,0.500000,true,2,256,1.000e-12,0.05000,14.400000,10,0.0535873892,0.4091584803,16,14,16,16
open_n12_g0p100,12,0.100000,0.500000,true,2,256,1.000e-12,0.05000,14.400000,11,0.0451902162,0.2779931560,4,4,4,4
open_n12_g0p100,12,0.100000,0.500000,true,2,256,1.000e-12,0.05000,15.000000,1,0.0186696387,0.1842715465,4,4,4,4
open_n12_g0p100,12,0.100000,0.500000,true,2,256,1.000e-12,0.05000,15.000000,2,0.0484565395,0.4199862809,16,15,16,16
open_n12_g0p100,12,0.100000,0.500000,true,2,256,1.000e-12,0.05000,15.000000,3,0.0475287888,0.4943436036,64,41,64,64
open_n12_g0p100,12,0.100000,0.500000,true,2,256,1.000e-12,0.05000,15.000000,4,0.0508719641,0.5916598306,256,105,246,256
open_n12_g0p100,12,0.100000,0.500000,true,2,256,1.000e-12,0.05000,15.000000,5,0.0509579824,0.6456561101,256,178,256,1024
open_n12_g0p100,12,0.100000,0.500000,true,2,256,1.000e-12,0.05000,15.000000,6,0.0497785124,0.6458234756,256,188,256,4096
open_n12_g0p100,12,0.100000,0.500000,true,2,256,1.000e-12,0.05000,15.000000,7,0.0489618039,0.6199673858,256,159,256,1024
open_n12_g0p100,12,0.100000,0.500000,true,2,256,1.000e-12,0.05000,15.000000,8,0.0475150384,0.5470395678,250,80,229,256
open_n12_g0p100,12,0.100000,0.500000,true,2,256,1.000e-12,0.05000,15.000000,9,0.0453542498,0.4509788203,64,32,63,64
open_n12_g0p100,12,0.100000,0.500000,true,2,256,1.000e-12,0.05000,15.000000,10,0.0462395099,0.3694382363,16,13,16,16
open_n12_g0p100,12,0.100000,0.500000,true,2,256,1.000e-12,0.05000,15.000000,11,0.0376219318,0.2511198133,4,4,4,4
open_n12_g0p100,12,0.100000,0.500000,true,2,256,1.000e-12,0.05000,15.600000,1,0.0157765071,0.1674058465,4,4,4,4
open_n12_g0p100,12,0.100000,0.500000,true,2,256,1.000e-12,0.05000,15.600000,2,0.0416957442,0.3788055173,16,14,16,16
open_n12_g0p100,12,0.100000,0.500000,true,2,256,1.000e-12,0.05000,15.600000,3,0.0403840689,0.4394559832,64,38,64,64
open_n12_g0p100,12,0.100000,0.500000,true,2,256,1.000e-12,0.05000,15.600000,4,0.0433005834,0.5185089676,255,91,242,256
open_n12_g0p100,12,0.100000,0.500000,true,2,256,1.000e-12,0.05000,15.600000,5,0.0433512127,0.5660728605,256,152,256,1024
open_n12_g0p100,12,0.100000,0.500000,true,2,256,1.000e-12,0.05000,15.600000,6,0.0428118193,0.5686213406,256,162,256,4096
open_n12_g0p100,12,0.100000,0.500000,true,2,256,1.000e-12,0.05000,15.600000,7,0.0420877734,0.5460059155,256,133,256,1024
open_n12_g0p100,12,0.100000,0.500000,true,2,256,1.000e-12,0.05000,15.600000,8,0.0401682509,0.4833064802,247,69,221,256
open_n12_g0p100,12,0.100000,0.500000,true,2,256,1.000e-12,0.05000,15.600000,9,0.0389546255,0.4038462144,64,29,62,64
open_n12_g0p100,12,0.100000,0.500000,true,2,256,1.000e-12,0.05000,15.600000,10,0.0399651474,0.3346389197,16,11,16,16
open_n12_g0p100,12,0.100000,0.500000,true,2,256,1.000e-12,0.05000,15.600000,11,0.0312759550,0.2265770572,4,4,4,4
open_n12_g0p100,12,0.100000,0.500000,true,2,256,1.000e-12,0.05000,16.200000,1,0.0132051106,0.1514088259,4,4,4,4
open_n12_g0p100,12,0.100000,0.500000,true,2,256,1.000e-12,0.05000,16.200000,2,0.0360463496,0.3435515614,16,13,16,16
open_n12_g0p100,12,0.100000,0.500000,true,2,256,1.000e-12,0.05000,16.200000,3,0.0346476920,0.3910135721,64,35,63,64
open_n12_g0p100,12,0.100000,0.500000,true,2,256,1.000e-12,0.05000,16.200000,4,0.0369089904,0.4590470283,255,78,237,256
open_n12_g0p100,12,0.100000,0.500000,true,2,256,1.000e-12,0.05000,16.200000,5,0.0370473101,0.4982318472,256,124,256,1024
open_n12_g0p100,12,0.100000,0.500000,true,2,256,1.000e-12,0.05000,16.200000,6,0.0369800628,0.5044576485,256,134,256,4096
open_n12_g0p100,12,0.100000,0.500000,true,2,256,1.000e-12,0.05000,16.200000,7,0.0362811658,0.4831241555,256,108,256,1024
open_n12_g0p100,12,0.100000,0.500000,true,2,256,1.000e-12,0.05000,16.200000,8,0.0342758875,0.4290054927,242,59,215,256
open_n12_g0p100,12,0.100000,0.500000,true,2,256,1.000e-12,0.05000,16.200000,9,0.0338357959,0.3641715957,64,26,61,64
open_n12_g0p100,12,0.100000,0.500000,true,2,256,1.000e-12,0.05000,16.200000,10,0.0340379024,0.3034910056,16,10,16,16
open_n12_g0p100,12,0.100000,0.500000,true,2,256,1.000e-12,0.05000,16.200000,11,0.0275319577,0.2102810178,4,4,4,4
open_n12_g0p100,12,0.100000,0.500000,true,2,256,1.000e-12,0.05000,16.800000,1,0.0107854585,0.1352730486,4,4,4,4
open_n12_g0p100,12,0.100000,0.500000,true,2,256,1.000e-12,0.05000,16.800000,2,0.0312419204,0.3142886583,16,13,16,16
open_n12_g0p100,12,0.100000,0.500000,true,2,256,1.000e-12,0.05000,16.800000,3,0.0300158671,0.3494484704,64,31,63,64
open_n12_g0p100,12,0.100000,0.500000,true,2,256,1.000e-12,0.05000,16.800000,4,0.0314478069,0.4075561042,253,64,231,256
open_n12_g0p100,12,0.100000,0.500000,true,2,256,1.000e-12,0.05000,16.800000,5,0.0319147087,0.4409093868,256,99,256,1024
open_n12_g0p100,12,0.100000,0.500000,true,2,256,1.000e-12,0.05000,16.800000,6,0.0319591393,0.4497718122,256,106,256,4096
open_n12_g0p100,12,0.100000,0.500000,true,2,256,1.000e-12,0.05000,16.800000,7,0.0312574874,0.4293935905,256,86,256,1024
open_n12_g0p100,12,0.100000,0.500000,true,2,256,1.000e-12,0.05000,16.800000,8,0.0297625763,0.3837866266,237,50,210,256
open_n12_g0p100,12,0.100000,0.500000,true,2,256,1.000e-12,0.05000,16.800000,9,0.0293292715,0.3289288628,64,24,60,64
open_n12_g0p100,12,0.100000,0.500000,true,2,256,1.000e-12,0.05000,16.800000,10,0.0290707279,0.2755458632,16,9,16,16
open_n12_g0p100,12,0.100000,0.500000,true,2,256,1.000e-12,0.05000,16.800000,11,0.0248071843,0.1974728178,4,4,4,4
open_n12_g0p100,12,0.100000,0.500000,true,2,256,1.000e-12,0.05000,17.400000,1,0.0089463360,0.1217540076,4,4,4,4
open_n12_g0p100,12,0.100000,0.500000,true,2,256,1.000e-12,0.05000,17.400000,2,0.0270866278,0.2871192911,16,12,16,16
open_n12_g0p100,12,0.100000,0.500000,true,2,256,1.000e-12,0.05000,17.400000,3,0.0261358047,0.3157221343,64,28,63,64
open_n12_g0p100,12,0.100000,0.500000,true,2,256,1.000e-12,0.05000,17.400000,4,0.0268727913,0.3620711420,250,53,224,256
open_n12_g0p100,12,0.100000,0.500000,true,2,256,1.000e-12,0.05000,17.400000,5,0.0276414996,0.3917733111,256,76,256,1024
open_n12_g0p100,12,0.100000,0.500000,true,2,256,1.000e-12,0.05000,17.400000,6,0.0275967901,0.4018733875,256,83,256,4096
open_n12_g0p100,12,0.100000,0.500000,true,2,256,1.000e-12,0.05000,17.400000,7,0.0270240563,0.3848683070,256,68,256,1024
open_n12_g0p100,12,0.100000,0.500000,true,2,256,1.000e-12,0.05000,17.400000,8,0.0261425177,0.3457160012,227,43,202,256
open_n12_g0p100,12,0.100000,0.500000,true,2,256,1.000e-12,0.05000,17.400000,9,0.0251950140,0.2972160167,63,21,59,64
open_n12_g0p100,12,0.100000,0.500000,true,2,256,1.000e-12,0.05000,17.400000,10,0.0255886296,0.2522954092,16,9,16,16
open_n12_g0p100,12,0.100000,0.500000,true,2,256,1.000e-12,0.05000,17.400000,11,0.0212899848,0.1809603379,4,4,4,4
open_n12_g0p100,12,0.100000,0.500000,true,2,256,1.000e-12,0.05000,18.000000,1,0.0077882628,0.1122140962,4,4,4,4
open_n12_g0p100,12,0.100000,0.500000,true,2,256,1.000e-12,0.05000,18.000000,2,0.0235200373,0.2605710191,16,11,16,16
open_n12_g0p100,12,0.100000,0.500000,true,2,256,1.000e-12,0.05000,18.000000,3,0.0227331918,0.2869174354,64,26,63,64
open_n12_g0p100,12,0.100000,0.500000,true,2,256,1.000e-12,0.05000,18.000000,4,0.0231362995,0.3218563301,246,44,219,256
open_n12_g0p100,12,0.100000,0.500000,true,2,256,1.000e-12,0.05000,18.000000,5,0.0239558807,0.3496139917,256,59,256,1024
open_n12_g0p100,12,0.100000,0.500000,true,2,256,1.000e-12,0.05000,18.000000,6,0.0238862322,0.3596108754,256,64,256,4096
open_n12_g0p100,12,0.100000,0.500000,true,2,256,1.000e-12,0.05000,18.000000,7,0.0234540669,0.3466405371,256,54,256,1024
open_n12_g0p100,12,0.100000,0.500000,true,2,256,1.000e-12,0.05000,18.000000,8,0.0229444593,0.3131281730,220,37,194,256
open_n12_g0p100,12,0.100000,0.500000,true,2,256,1.000e-12,0.05000,18.000000,9,0.0216927019,0.2690858367,63,19,57,64
open_n12_g0p100,12,0.100000,0.500000,true,2,256,1.000e-12,0.05000,18.000000,10,0.0231075808,0.2340732862,16,8,16,16
open_n12_g0p100,12,0.100000,0.500000,true,2,256,1.000e-12,0.05000,18.000000,11,0.0172123211,0.1608556337,4,4,4,4
closed_n16,16,0.000000,0.500000,false,2,256,1.000e-12,0.05000,0.000000,1,0.0000000000,0.0000000000,1,1,1,4
closed_n16,16,0.000000,0.500000,false,2,256,1.000e-12,0.05000,0.000000,2,0.0000000000,0.0000000000,1,1,1,16
closed_n16,16,0.000000,0.500000,false,2,256,1.000e-12,0.05000,0.000000,3,0.0000000000,0.0000000000,1,1,1,64
closed_n16,16,0.000000,0.500000,false,2,256,1.000e-12,0.05000,0.000000,4,0.0000000000,0.0000000000,1,1,1,256
closed_n16,16,0.000000,0.500000,false,2,256,1.000e-12,0.05000,0.000000,5,0.0000000000,0.0000000000,1,1,1,1024
closed_n16,16,0.000000,0.500000,false,2,256,1.000e-12,0.05000,0.000000,6,0.0000000000,0.0000000000,1,1,1,4096
closed_n16,16,0.000000,0.500000,false,2,256,1.000e-12,0.05000,0.000000,7,0.0000000000,0.0000000000,1,1,1,16384
closed_n16,16,0.000000,0.500000,false,2,256,1.000e-12,0.05000,0.000000,8,0.0000000000,0.0000000000,1,1,1,65536
closed_n16,16,0.000000,0.500000,false,2,256,1.000e-12,0.05000,0.000000,9,0.0000000000,0.0000000000,1,1,1,16384
closed_n16,16,0.000000,0.500000,false,2,256,1.000e-12,0.05000,0.000000,10,0.0000000000,0.0000000000,1,1,1,4096
closed_n16,16,0.000000,0.500000,false,2,256,1.000e-12,0.05000,0.000000,11,0.0000000000,0.0000000000,1,1,1,1024
closed_n16,16,0.000000,0.500000,false,2,256,1.000e-12,0.05000,0.000000,12,0.0000000000,0.0000000000,1,1,1,256
closed_n16,16,0.000000,0.500000,false,2,256,1.000e-12,0.05000,0.000000,13,0.0000000000,0.0000000000,1,1,1,64
closed_n16,16,0.000000,0.500000,false,2,256,1.000e-12,0.05000,0.000000,14,0.0000000000,0.0000000000,1,1,1,16
closed_n16,16,0.000000,0.500000,false,2,256,1.000e-12,0.05000,0.000000,15,0.0000000000,0.0000000000,1,1,1,4
closed_n16,16,0.000000,0.500000,false,2,256,1.000e-12,0.05000,0.800000,1,1.1504285516,1.5085931963,4,4,4,4
closed_n16,16,0.000000,0.500000,false,2,256,1.000e-12,0.05000,0.800000,2,1.1015987685,1.7849674122,16,15,16,16
closed_n16,16,0.000000,0.500000,false,2,256,1.000e-12,0.05000,0.800000,3,1.1005002141,1.7921302861,64,21,45,64
closed_n16,16,0.000000,0.500000,false,2,256,1.000e-12,0.05000,0.800000,4,1.1016254445,1.7922142947,121,21,56,256
closed_n16,16,0.000000,0.500000,false,2,256,1.000e-12,0.05000,0.800000,5,1.1003312065,1.7920659203,121,21,55,1024
closed_n16,16,0.000000,0.500000,false,2,256,1.000e-12,0.05000,0.800000,6,1.1016229270,1.7922039279,121,21,56,4096
closed_n16,16,0.000000,0.500000,false,2,256,1.000e-12,0.05000,0.800000,7,1.1003311360,1.7920657358,121,21,55,16384
closed_n16,16,0.000000,0.500000,false,2,256,1.000e-12,0.05000,0.800000,8,1.1016229263,1.7922039232,121,21,56,65536
closed_n16,16,0.000000,0.500000,false,2,256,1.000e-12,0.05000,0.800000,9,1.1003311360,1.7920657358,121,21,55,16384
closed_n16,16,0.000000,0.500000,false,2,256,1.000e-12,0.05000,0.800000,10,1.1016229270,1.7922039279,121,21,56,4096
closed_n16,16,0.000000,0.500000,false,2,256,1.000e-12,0.05000,0.800000,11,1.1003312065,1.7920659203,121,21,55,1024
closed_n16,16,0.000000,0.500000,false,2,256,1.000e-12,0.05000,0.800000,12,1.1016254445,1.7922142947,121,21,56,256
closed_n16,16,0.000000,0.500000,false,2,256,1.000e-12,0.05000,0.800000,13,1.1005002141,1.7921302861,64,21,45,64
closed_n16,16,0.000000,0.500000,false,2,256,1.000e-12,0.05000,0.800000,14,1.1015987685,1.7849674122,16,15,16,16
closed_n16,16,0.000000,0.500000,false,2,256,1.000e-12,0.05000,0.800000,15,1.1504285516,1.5085931963,4,4,4,4
closed_n16,16,0.000000,0.500000,false,2,256,1.000e-12,0.05000,1.600000,1,1.8671377000,1.9322519039,4,4,4,4
closed_n16,16,0.000000,0.500000,false,2,256,1.000e-12,0.05000,1.600000,2,2.2663983549,2.9315227996,16,16,16,16
closed_n16,16,0.000000,0.500000,false,2,256,1.000e-12,0.05000,1.600000,3,2.3259766505,3.2670448313,64,52,63,64
closed_n16,16,0.000000,0.500000,false,2,256,1.000e-12,0.05000,1.600000,4,2.3105807443,3.2745264429,256,80,174,256
closed_n16,16,0.000000,0.500000,false,2,256,1.000e-12,0.05000,1.600000,5,2.3095325433,3.2751048432,529,82,229,1024
closed_n16,16,0.000000,0.500000,false,2,256,1.000e-12,0.05000,1.600000,6,2.3099372705,3.2748574288,676,82,240,4096
closed_n16,16,0.000000,0.500000,false,2,256,1.000e-12,0.05000,1.600000,7,2.3092832998,3.2747643288,576,82,234,16384
closed_n16,16,0.000000,0.500000,false,2,256,1.000e-12,0.05000,1.600000,8,2.3099356587,3.2748463635,676,82,239,65536
closed_n16,16,0.000000,0.500000,false,2,256,1.000e-12,0.05000,1.600000,9,2.3092832998,3.2747643288,576,82,234,16384
closed_n16,16,0.000000,0.500000,false,2,256,1.000e-12,0.05000,1.600000,10,2.3099372705,3.2748574288,676,82,240,4096
closed_n16,16,0.000000,0.500000,false,2,256,1.000e-12,0.05000,1.600000,11,2.3095325433,3.2751048432,529,82,229,1024
closed_n16,16,0.000000,0.500000,false,2,256,1.000e-12,0.05000,1.600000,12,2.3105807443,3.2745264429,256,80,174,256
closed_n16,16,0.000000,0.500000,false,2,256,1.000e-12,0.05000,1.600000,13,2.3259766505,3.2670448313,64,52,63,64
closed_n16,16,0.000000,0.500000,false,2,256,1.000e-12,0.05000,1.600000,14,2.2663983549,2.9315227996,16,16,16,16
closed_n16,16,0.000000,0.500000,false,2,256,1.000e-12,0.05000,1.600000,15,1.8671377000,1.9322519039,4,4,4,4
closed_n16,16,0.000000,0.500000,false,2,256,1.000e-12,0.05000,2.400000,1,1.9495977930,1.9746132180,4,4,4,4
closed_n16,16,0.000000,0.500000,false,2,256,1.000e-12,0.05000,2.400000,2,2.5374866106,3.1619653173,16,16,16,16
closed_n16,16,0.000000,0.500000,false,2,256,1.000e-12,0.05000,2.400000,3,3.4348953158,4.3035771737,64,62,64,64
closed_n16,16,0.000000,0.500000,false,2,256,1.000e-12,0.05000,2.400000,4,3.3900712085,4.6080632390,256,173,241,256
closed_n16,16,0.000000,0.500000,false,2,256,1.000e-12,0.05000,2.400000,5,3.4246962359,4.6501270580,900,266,601,1024
closed_n16,16,0.000000,0.500000,false,2,256,1.000e-12,0.05000,2.400000,6,3.4117322530,4.6479239830,2025,279,848,4096
closed_n16,16,0.000000,0.500000,false,2,256,1.000e-12,0.05000,2.400000,7,3.4109036957,4.6467940930,2304,278,865,16384
closed_n16,16,0.000000,0.500000,false,2,256,1.000e-12,0.05000,2.400000,8,3.4116674610,4.6468993643,2500,278,885,65536
closed_n16,16,0.000000,0.500000,false,2,256,1.000e-12,0.05000,2.400000,9,3.4109036957,4.6467940930,2304,278,865,16384
closed_n16,16,0.000000,0.500000,false,2,256,1.000e-12,0.05000,2.400000,10,3.4117322530,4.6479239828,2025,279,848,4096
closed_n16,16,0.000000,0.500000,false,2,256,1.000e-12,0.05000,2.400000,11,3.4246962358,4.6501270580,900,266,601,1024
closed_n16,16,0.000000,0.500000,false,2,256,1.000e-12,0.05000,2.400000,12,3.3900712085,4.6080632390,256,173,241,256
closed_n16,16,0.000000,0.500000,false,2,256,1.000e-12,0.05000,2.400000,13,3.4348953158,4.3035771737,64,62,64,64
closed_n16,16,0.000000,0.500000,false,2,256,1.000e-12,0.05000,2.400000,14,2.5374866106,3.1619653173,16,16,16,16
closed_n16,16,0.000000,0.500000,false,2,256,1.000e-12,0.05000,2.400000,15,1.9495977930,1.9746132180,4,4,4,4
closed_n16,16,0.000000,0.500000,false,2,256,1.000e-12,0.05000,3.200000,1,1.8737407860,1.9356830737,4,4,4,4
closed_n16,16,0.000000,0.500000,false,2,256,1.000e-12,0.05000,3.200000,2,2.5393585698,3.1625065992,16,16,16,16
closed_n16,16,0.000000,0.500000,false,2,256,1.000e-12,0.05000,3.200000,3,3.7643427084,4.5149627669,64,63,64,64
closed_n16,16,0.000000,0.500000,false,2,256,1.000e-12,0.05000,3.200000,4,4.1301638196,5.4315304299,256,214,253,256
closed_n16,16,0.000000,0.500000,false,2,256,1.000e-12,0.05000,3.200000,5,4.4779160380,5.8743529188,1024,549,866,1024
closed_n16,16,0.000000,0.500000,false,2,256,1.000e-12,0.05000,3.200000,6,4.4374980378,5.9285109685,3364,823,2040,4096
closed_n16,16,0.000000,0.500000,false,2,256,1.000e-12,0.05000,3.200000,7,4.4413206802,5.9351428014,6561,878,2783,16384
closed_n16,16,0.000000,0.500000,false,2,256,1.000e-12,0.05000,3.200000,8,4.4355219956,5.9318221305,9025,874,3030,65536
closed_n16,16,0.000000,0.500000,false,2,256,1.000e-12,0.05000,3.200000,9,4.4413206802,5.9351428013,6561,878,2783,16384
closed_n16,16,0.000000,0.500000,false,2,256,1.000e-12,0.05000,3.200000,10,4.4374980378,5.9285109684,3364,823,2040,4096
closed_n16,16,0.000000,0.500000,false,2,256,1.000e-12,0.05000,3.200000,11,4.4779160380,5.8743529188,1024,549,866,1024
closed_n16,16,0.000000,0.500000,false,2,256,1.000e-12,0.05000,3.200000,12,4.1301638196,5.4315304299,256,214,253,256
closed_n16,16,0.000000,0.500000,false,2,256,1.000e-12,0.05000,3.200000,13,3.7643427084,4.5149627669,64,63,64,64
closed_n16,16,0.000000,0.500000,false,2,256,1.000e-12,0.05000,3.200000,14,2.5393585698,3.1625065992,16,16,16,16
closed_n16,16,0.000000,0.500000,false,2,256,1.000e-12,0.05000,3.200000,15,1.8737407860,1.9356830737,4,4,4,4
closed_n16,16,0.000000,0.500000,false,2,256,1.000e-12,0.05000,4.000000,1,1.8252831641,1.9103398181,4,4,4,4
closed_n16,16,0.000000,0.500000,false,2,256,1.000e-12,0.05000,4.000000,2,2.6021328547,3.1873423111,16,16,16,16
closed_n16,16,0.000000,0.500000,false,2,256,1.000e-12,0.05000,4.000000,3,3.7957607943,4.5385110983,64,63,64,64
closed_n16,16,0.000000,0.500000,false,2,256,1.000e-12,0.05000,4.000000,4,4.2447823859,5.5698854372,256,225,255,256
closed_n16,16,0.000000,0.500000,false,2,256,1.000e-12,0.05000,4.000000,5,5.1634107613,6.5757583168,1024,704,961,1024
closed_n16,16,0.000000,0.500000,false,2,256,1.000e-12,0.05000,4.000000,6,5.2858844415,7.0108695558,3721,1631,3021,4096
closed_n16,16,0.000000,0.500000,false,2,256,1.000e-12,0.05000,4.000000,7,5.4507515353,7.1516273404,10609,2393,6370,16384
closed_n16,16,0.000000,0.500000,false,2,256,1.000e-12,0.05000,4.000000,8,5.4025355258,7.1610615365,22801,2571,8856,65536
closed_n16,16,0.000000,0.500000,false,2,256,1.000e-12,0.05000,4.000000,9,5.4507515353,7.1516273402,10609,2393,6370,16384
closed_n16,16,0.000000,0.500000,false,2,256,1.000e-12,0.05000,4.000000,10,5.2858844415,7.0108695556,3721,1631,3021,4096
closed_n16,16,0.000000,0.500000,false,2,256,1.000e-12,0.05000,4.000000,11,5.1634107613,6.5757583168,1024,704,961,1024
closed_n16,16,0.000000,0.500000,false,2,256,1.000e-12,0.05000,4.000000,12,4.2447823859,5.5698854372,256,225,255,256
closed_n16,16,0.000000,0.500000,false,2,256,1.000e-12,0.05000,4.000000,13,3.7957607943,4.5385110983,64,63,64,64
closed_n16,16,0.000000,0.500000,false,2,256,1.000e-12,0.05000,4.000000,14,2.6021328547,3.1873423111,16,16,16,16
closed_n16,16,0.000000,0.500000,false,2,256,1.000e-12,0.05000,4.000000,15,1.8252831641,1.9103398181,4,4,4,4
closed_n16,16,0.000000,0.500000,false,2,256,1.000e-12,0.05000,4.800000,1,1.8767227623,1.9372303327,4,4,4,4
closed_n16,16,0.000000,0.500000,false,2,256,1.000e-12,0.05000,4.800000,2,2.6112295820,3.1975689190,16,16,16,16
closed_n16,16,0.000000,0.500000,false,2,256,1.000e-12,0.05000,4.800000,3,3.7810940221,4.5474168927,64,63,64,64
closed_n16,16,0.000000,0.500000,false,2,256,1.000e-12,0.05000,4.800000,4,4.3860813633,5.6434221626,256,224,255,256
closed_n16,16,0.000000,0.500000,false,2,256,1.000e-12,0.05000,4.800000,5,5.3210962233,6.7113863275,1024,738,975,1024
closed_n16,16,0.000000,0.500000,false,2,256,1.000e-12,0.05000,4.800000,6,5.7055344820,7.5653775773,3844,2164,3422,4096
closed_n16,16,0.000000,0.500000,false,2,256,1.000e-12,0.05000,4.800000,7,6.3065633402,8.1382094857,13225,4651,9878,16384
closed_n16,16,0.000000,0.500000,false,2,256,1.000e-12,0.05000,4.800000,8,6.2897536160,8.2683242040,38416,6437,19549,65536
closed_n16,16,0.000000,0.500000,false,2,256,1.000e-12,0.05000,4.800000,9,6.3065633402,8.1382094855,13225,4651,9878,16384
closed_n16,16,0.000000,0.500000,false,2,256,1.000e-12,0.05000,4.800000,10,5.7055344820,7.5653775772,3844,2164,3422,4096
closed_n16,16,0.000000,0.500000,false,2,256,1.000e-12,0.05000,4.800000,11,5.3210962233,6.7113863275,1024,738,975,1024
closed_n16,16,0.000000,0.500000,false,2,256,1.000e-12,0.05000,4.800000,12,4.3860813633,5.6434221626,256,224,255,256
closed_n16,16,0.000000,0.500000,false,2,256,1.000e-12,0.05000,4.800000,13,3.7810940221,4.5474168927,64,63,64,64
closed_n16,16,0.000000,0.500000,false,2,256,1.000e-12,0.05000,4.800000,14,2.6112295820,3.1975689190,16,16,16,16
closed_n16,16,0.000000,0.500000,false,2,256,1.000e-12,0.05000,4.800000,15,1.8767227623,1.9372303327,4,4,4,4
closed_n16,16,0.000000,0.500000,false,2,256,1.000e-12,0.05000,5.600000,1,1.8947244811,1.9465411137,4,4,4,4
closed_n16,16,0.000000,0.500000,false,2,256,1.000e-12,0.05000,5.600000,2,2.6196799208,3.1985514675,16,16,16,16
closed_n16,16,0.000000,0.500000,false,2,256,1.000e-12,0.05000,5.600000,3,3.7746084579,4.5415092837,64,63,64,64
closed_n16,16,0.000000,0.500000,false,2,256,1.000e-12,0.05000,5.600000,4,4.4518447434,5.6922965339,256,225,255,256
closed_n16,16,0.000000,0.500000,false,2,256,1.000e-12,0.05000,5.600000,5,5.4520549655,6.8383722882,1024,755,978,1024
closed_n16,16,0.000000,0.500000,false,2,256,1.000e-12,0.05000,5.600000,6,5.9529217670,7.7663351198,3969,2347,3533,4096
closed_n16,16,0.000000,0.500000,false,2,256,1.000e-12,0.05000,5.600000,7,6.7378677364,8.6224549960,14161,6181,11617,16384
closed_n16,16,0.000000,0.500000,false,2,256,1.000e-12,0.05000,5.600000,8,6.7481631439,8.9308433735,46225,11398,29493,65536
closed_n16,16,0.000000,0.500000,false,2,256,1.000e-12,0.05000,5.600000,9,6.7378677364,8.6224549958,14161,6181,11617,16384
closed_n16,16,0.000000,0.500000,false,2,256,1.000e-12,0.05000,5.600000,10,5.9529217670,7.7663351197,3969,2347,3533,4096
closed_n16,16,0.000000,0.500000,false,2,256,1.000e-12,0.05000,5.600000,11,5.4520549655,6.8383722882,1024,755,978,1024
closed_n16,16,0.000000,0.500000,false,2,256,1.000e-12,0.05000,5.600000,12,4.4518447434,5.6922965339,256,225,255,256
closed_n16,16,0.000000,0.500000,false,2,256,1.000e-12,0.05000,5.600000,13,3.7746084580,4.5415092837,64,63,64,64
closed_n16,16,0.000000,0.500000,false,2,256,1.000e-12,0.05000,5.600000,14,2.6196799208,3.1985514675,16,16,16,16
closed_n16,16,0.000000,0.500000,false,2,256,1.000e-12,0.05000,5.600000,15,1.8947244811,1.9465411137,4,4,4,4
closed_n16,16,0.000000,0.500000,false,2,256,1.000e-12,0.05000,6.400000,1,1.8566157391,1.9267699857,4,4,4,4
closed_n16,16,0.000000,0.500000,false,2,256,1.000e-12,0.05000,6.400000,2,2.6155464740,3.1897483093,16,16,16,16
closed_n16,16,0.000000,0.500000,false,2,256,1.000e-12,0.05000,6.400000,3,3.8475188760,4.5788506344,64,63,64,64
closed_n16,16,0.000000,0.500000,false,2,256,1.000e-12,0.05000,6.400000,4,4.5069817165,5.7293813673,256,227,255,256
closed_n16,16,0.000000,0.500000,false,2,256,1.000e-12,0.05000,6.400000,5,5.5176847474,6.9087947830,1024,764,980,1024
closed_n16,16,0.000000,0.500000,false,2,256,1.000e-12,0.05000,6.400000,6,6.1964601783,7.9596204048,3969,2451,3583,4096
closed_n16,16,0.000000,0.500000,false,2,256,1.000e-12,0.05000,6.400000,7,6.8818262705,8.7265514165,14400,6587,12127,16384
closed_n16,16,0.000000,0.500000,false,2,256,1.000e-12,0.05000,6.400000,8,6.9521692686,9.1274380114,49284,13563,33807,65536
closed_n16,16,0.000000,0.500000,false,2,256,1.000e-12,0.05000,6.400000,9,6.8818262705,8.7265514164,14400,6587,12127,16384
closed_n16,16,0.000000,0.500000,false,2,256,1.000e-12,0.05000,6.400000,10,6.1964601783,7.9596204047,3969,2451,3583,4096
closed_n16,16,0.000000,0.500000,false,2,256,1.000e-12,0.05000,6.400000,11,5.5176847474,6.9087947830,1024,764,980,1024
closed_n16,16,0.000000,0.500000,false,2,256,1.000e-12,0.05000,6.400000,12,4.5069817165,5.7293813673,256,227,255,256
closed_n16,16,0.000000,0.500000,false,2,256,1.000e-12,0.05000,6.400000,13,3.8475188760,4.5788506345,64,63,64,64
closed_n16,16,0.000000,0.500000,false,2,256,1.000e-12,0.05000,6.400000,14,2.6155464740,3.1897483093,16,16,16,16
closed_n16,16,0.000000,0.500000,false,2,256,1.000e-12,0.05000,6.400000,15,1.8566157391,1.9267699857,4,4,4,4
closed_n16,16,0.000000,0.500000,false,2,256,1.000e-12,0.05000,7.200000,1,1.8389898316,1.9175469812,4,4,4,4
closed_n16,16,0.000000,0.500000,false,2,256,1.000e-12,0.05000,7.200000,2,2.6581989929,3.2134337608,16,16,16,16
closed_n16,16,0.000000,0.500000,false,2,256,1.000e-12,0.05000,7.200000,3,3.8865741846,4.6070102229,64,63,64,64
closed_n16,16,0.000000,0.500000,false,2,256,1.000e-12,0.05000,7.200000,4,4.6090307382,5.7882364700,256,228,255,256
closed_n16,16,0.000000,0.500000,false,2,256,1.000e-12,0.05000,7.200000,5,5.5987862020,6.9551698071,1024,772,984,1024
closed_n16,16,0.000000,0.500000,false,2,256,1.000e-12,0.05000,7.200000,6,6.1891426320,7.9751409856,3969,2494,3600,4096
closed_n16,16,0.000000,0.500000,false,2,256,1.000e-12,0.05000,7.200000,7,6.8681891924,8.8234393768,14400,7017,12330,16384
closed_n16,16,0.000000,0.500000,false,2,256,1.000e-12,0.05000,7.200000,8,7.0445510390,9.2306793342,50625,13983,34813,65536
closed_n16,16,0.000000,0.500000,false,2,256,1.000e-12,0.05000,7.200000,9,6.8681891924,8.8234393768,14400,7017,12330,16384
closed_n16,16,0.000000,0.500000,false,2,256,1.000e-12,0.05000,7.200000,10,6.1891426320,7.9751409857,3969,2494,3600,4096
closed_n16,16,0.000000,0.500000,false,2,256,1.000e-12,0.05000,7.200000,11,5.5987862020,6.9551698070,1024,772,984,1024
closed_n16,16,0.000000,0.500000,false,2,256,1.000e-12,0.05000,7.200000,12,4.6090307382,5.7882364700,256,228,255,256
closed_n16,16,0.000000,0.500000,false,2,256,1.000e-12,0.05000,7.200000,13,3.8865741846,4.6070102229,64,63,64,64
closed_n16,16,0.000000,0.500000,false,2,256,1.000e-12,0.05000,7.200000,14,2.6581989929,3.2134337608,16,16,16,16
closed_n16,16,0.000000,0.500000,false,2,256,1.000e-12,0.05000,7.200000,15,1.8389898316,1.9175469812,4,4,4,4
closed_n16,16,0.000000,0.500000,false,2,256,1.000e-12,0.05000,8.000000,1,1.8643799580,1.9308168391,4,4,4,4
closed_n16,16,0.000000,0.500000,false,2,256,1.000e-12,0.05000,8.000000,2,2.7825275274,3.2862168906,16,16,16,16
closed_n16,16,0.000000,0.500000,false,2,256,1.000e-12,0.05000,8.000000,3,3.8615309029,4.6001246550,64,63,64,64
closed_n16,16,0.000000,0.500000,false,2,256,1.000e-12,0.05000,8.000000,4,4.7368586956,5.8516748886,256,230,255,256
closed_n16,16,0.000000,0.500000,false,2,256,1.000e-12,0.05000,8.000000,5,5.4965341246,6.9168555730,1024,776,984,1024
closed_n16,16,0.000000,0.500000,false,2,256,1.000e-12,0.05000,8.000000,6,6.1831391202,7.9559799944,3969,2497,3603,4096
closed_n16,16,0.000000,0.500000,false,2,256,1.000e-12,0.05000,8.000000,7,6.5162996653,8.6839540885,14400,7135,12471,16384
closed_n16,16,0.000000,0.500000,false,2,256,1.000e-12,0.05000,8.000000,8,6.8092851968,9.2022922079,52441,15047,36006,65536
closed_n16,16,0.000000,0.500000,false,2,256,1.000e-12,0.05000,8.000000,9,6.5162996653,8.6839540885,14400,7135,12471,16384
closed_n16,16,0.000000,0.500000,false,2,256,1.000e-12,0.05000,8.000000,10,6.1831391202,7.9559799943,3969,2497,3603,4096
closed_n16,16,0.000000,0.500000,false,2,256,1.000e-12,0.05000,8.000000,11,5.4965341246,6.9168555729,1024,776,984,1024
closed_n16,16,0.000000,0.500000,false,2,256,1.000e-12,0.05000,8.000000,12,4.7368586956,5.8516748885,256,230,255,256
closed_n16,16,0.000000,0.500000,false,2,256,1.000e-12,0.05000,8.000000,13,3.8615309029,4.6001246550,64,63,64,64
closed_n16,16,0.000000,0.500000,false,2,256,1.000e-12,0.05000,8.000000,14,2.7825275274,3.2862168906,16,16,16,16
closed_n16,16,0.000000,0.500000,false,2,256,1.000e-12,0.05000,8.000000,15,1.8643799580,1.9308168391,4,4,4,4
closed_n16,16,0.000000,0.500000,false,2,256,1.000e-12,0.05000,8.800000,1,1.8678205639,1.9326070629,4,4,4,4
closed_n16,16,0.000000,0.500000,false,2,256,1.000e-12,0.05000,8.800000,2,2.9341022783,3.3692608260,16,16,16,16
closed_n16,16,0.000000,0.500000,false,2,256,1.000e-12,0.05000,8.800000,3,3.7534614781,4.5377864715,64,63,64,64
closed_n16,16,0.000000,0.500000,false,2,256,1.000e-12,0.05000,8.800000,4,4.8173726507,5.8671881285,256,230,255,256
closed_n16,16,0.000000,0.500000,false,2,256,1.000e-12,0.05000,8.800000,5,5.2143825706,6.7696216795,1024,769,980,1024
closed_n16,16,0.000000,0.500000,false,2,256,1.000e-12,0.05000,8.800000,6,6.0822329348,7.8831449867,3969,2499,3607,4096
closed_n16,16,0.000000,0.500000,false,2,256,1.000e-12,0.05000,8.800000,7,6.1567776352,8.5227398829,14400,7262,12611,16384
closed_n16,16,0.000000,0.500000,false,2,256,1.000e-12,0.05000,8.800000,8,6.6345402591,9.0561091727,53361,14664,36282,65536
closed_n16,16,0.000000,0.500000,false,2,256,1.000e-12,0.05000,8.800000,9,6.1567776352,8.5227398829,14400,7262,12611,16384
closed_n16,16,0.000000,0.500000,false,2,256,1.000e-12,0.05000,8.800000,10,6.0822329348,7.8831449866,3969,2499,3607,4096
closed_n16,16,0.000000,0.500000,false,2,256,1.000e-12,0.05000,8.800000,11,5.2143825706,6.7696216795,1024,769,980,1024
closed_n16,16,0.000000,0.500000,false,2,256,1.000e-12,0.05000,8.800000,12,4.8173726507,5.8671881285,256,230,255,256
closed_n16,16,0.000000,0.500000,false,2,256,1.000e-12,0.05000,8.800000,13,3.7534614781,4.5377864715,64,63,64,64
closed_n16,16,0.000000,0.500000,false,2,256,1.000e-12,0.05000,8.800000,14,2.9341022783,3.3692608260,16,16,16,16
closed_n16,16,0.000000,0.500000,false,2,256,1.000e-12,0.05000,8.800000,15,1.8678205639,1.9326070629,4,4,4,4
closed_n16,16,0.000000,0.500000,false,2,256,1.000e-12,0.05000,9.600000,1,1.8311317583,1.9134188588,4,4,4,4
closed_n16,16,0.000000,0.500000,false,2,256,1.000e-12,0.05000,9.600000,2,2.9013175762,3.3413252255,16,16,16,16
closed_n16,16,0.000000,0.500000,false,2,256,1.000e-12,0.05000,9.600000,3,3.7246452103,4.5244838020,64,63,64,64
closed_n16,16,0.000000,0.500000,false,2,256,1.000e-12,0.05000,9.600000,4,4.7013508608,5.7783719661,256,226,255,256
closed_n16,16,0.000000,0.500000,false,2,256,1.000e-12,0.05000,9.600000,5,5.1435767335,6.7230487726,1024,769,981,1024
closed_n16,16,0.000000,0.500000,false,2,256,1.000e-12,0.05000,9.600000,6,5.8969995713,7.7509953171,3969,2493,3624,4096
closed_n16,16,0.000000,0.500000,false,2,256,1.000e-12,0.05000,9.600000,7,6.1196204587,8.5163543916,14400,7346,12663,16384
closed_n16,16,0.000000,0.500000,false,2,256,1.000e-12,0.05000,9.600000,8,6.4470335441,8.9397985721,54756,14913,36690,65536
closed_n16,16,0.000000,0.500000,false,2,256,1.000e-12,0.05000,9.600000,9,6.1196204587,8.5163543915,14400,7346,12663,16384
closed_n16,16,0.000000,0.500000,false,2,256,1.000e-12,0.05000,9.600000,10,5.8969995713,7.7509953172,3969,2493,3624,4096
closed_n16,16,0.000000,0.500000,false,2,256,1.000e-12,0.05000,9.600000,11,5.1435767335,6.7230487725,1024,769,981,1024
closed_n16,16,0.000000,0.500000,false,2,256,1.000e-12,0.05000,9.600000,12,4.7013508608,5.7783719661,256,226,255,256
closed_n16,16,0.000000,0.500000,false,2,256,1.000e-12,0.05000,9.600000,13,3.7246452103,4.5244838020,64,63,64,64
closed_n16,16,0.000000,0.500000,false,2,256,1.000e-12,0.05000,9.600000,14,2.9013175762,3.3413252255,16,16,16,16
closed_n16,16,0.000000,0.500000,false,2,256,1.000e-12,0.05000,9.600000,15,1.8311317583,1.9134188588,4,4,4,4
closed_n16,16,0.000000,0.500000,false,2,256,1.000e-12,0.05000,10.400000,1,1.7855064658,1.8892482352,4,4,4,4
closed_n16,16,0.000000,0.500000,false,2,256,1.000e-12,0.05000,10.400000,2,2.6056906759,3.1612021839,16,16,16,16
closed_n16,16,0.000000,0.500000,false,2,256,1.000e-12,0.05000,10.400000,3,3.7772424918,4.5615461936,64,63,64,64
closed_n16,16,0.000000,0.500000,false,2,256,1.000e-12,0.05000,10.400000,4,4.3549197003,5.6335290014,256,225,255,256
closed_n16,16,0.000000,0.500000,false,2,256,1.000e-12,0.05000,10.400000,5,5.2680822466,6.7945045573,1024,772,980,1024
closed_n16,16,0.000000,0.500000,false,2,256,1.000e-12,0.05000,10.400000,6,5.6618953291,7.6601910421,3969,2489,3631,4096
closed_n16,16,0.000000,0.500000,false,2,256,1.000e-12,0.05000,10.400000,7,6.1028621366,8.4707443879,14400,7281,12712,16384
closed_n16,16,0.000000,0.500000,false,2,256,1.000e-12,0.05000,10.400000,8,6.1346521973,8.8089898518,53824,15150,37566,65536
closed_n16,16,0.000000,0.500000,false,2,256,1.000e-12,0.05000,10.400000,9,6.1028621366,8.4707443879,14400,7281,12712,16384
closed_n16,16,0.000000,0.500000,false,2,256,1.000e-12,0.05000,10.400000,10,5.6618953291,7.6601910419,3969,2489,3631,4096
closed_n16,16,0.000000,0.500000,false,2,256,1.000e-12,0.05000,10.400000,11,5.2680822466,6.7945045573,1024,772,980,1024
closed_n16,16,0.000000,0.500000,false,2,256,1.000e-12,0.05000,10.400000,12,4.3549197003,5.6335290013,256,225,255,256
closed_n16,16,0.000000,0.500000,false,2,256,1.000e-12,0.05000,10.400000,13,3.7772424918,4.5615461936,64,63,64,64
closed_n16,16,0.000000,0.500000,false,2,256,1.000e-12,0.05000,10.400000,14,2.6056906759,3.1612021839,16,16,16,16
closed_n16,16,0.000000,0.500000,false,2,256,1.000e-12,0.05000,10.400000,15,1.7855064658,1.8892482352,4,4,4,4
closed_n16,16,0.000000,0.500000,false,2,256,1.000e-12,0.05000,11.200000,1,1.7642602738,1.8778727742,4,4,4,4
closed_n16,16,0.000000,0.500000,false,2,256,1.000e-12,0.05000,11.200000,2,2.3904888957,3.0451670248,16,16,16,16
closed_n16,16,0.000000,0.500000,false,2,256,1.000e-12,0.05000,11.200000,3,3.6285104702,4.4636440598,64,63,64,64
closed_n16,16,0.000000,0.500000,false,2,256,1.000e-12,0.05000,11.200000,4,4.2772571038,5.6543349612,256,227,255,256
closed_n16,16,0.000000,0.500000,false,2,256,1.000e-12,0.05000,11.200000,5,5.1220807298,6.7215331229,1024,778,984,1024
closed_n16,16,0.000000,0.500000,false,2,256,1.000e-12,0.05000,11.200000,6,5.7742093342,7.7911631963,3969,2558,3663,4096
closed_n16,16,0.000000,0.500000,false,2,256,1.000e-12,0.05000,11.200000,7,5.8913480073,8.2800903366,14641,7060,12624,16384
closed_n16,16,0.000000,0.500000,false,2,256,1.000e-12,0.05000,11.200000,8,6.1988972298,8.8520588867,54289,14824,37433,65536
closed_n16,16,0.000000,0.500000,false,2,256,1.000e-12,0.05000,11.200000,9,5.8913480073,8.2800903362,14641,7060,12624,16384
closed_n16,16,0.000000,0.500000,false,2,256,1.000e-12,0.05000,11.200000,10,5.7742093342,7.7911631961,3969,2558,3663,4096
closed_n16,16,0.000000,0.500000,false,2,256,1.000e-12,0.05000,11.200000,11,5.1220807298,6.7215331230,1024,778,984,1024
closed_n16,16,0.000000,0.500000,false,2,256,1.000e-12,0.05000,11.200000,12,4.2772571038,5.6543349612,256,227,255,256
closed_n16,16,0.000000,0.500000,false,2,256,1.000e-12,0.05000,11.200000,13,3.6285104702,4.4636440598,64,63,64,64
closed_n16,16,0.000000,0.500000,false,2,256,1.000e-12,0.05000,11.200000,14,2.3904888957,3.0451670247,16,16,16,16
closed_n16,16,0.000000,0.500000,false,2,256,1.000e-12,0.05000,11.200000,15,1.7642602738,1.8778727742,4,4,4,4
closed_n16,16,0.000000,0.500000,false,2,256,1.000e-12,0.05000,12.000000,1,1.7709127913,1.8814429430,4,4,4,4
closed_n16,16,0.000000,0.500000,false,2,256,1.000e-12,0.05000,12.000000,2,2.4415456648,3.0798785546,16,16,16,16
closed_n16,16,0.000000,0.500000,false,2,256,1.000e-12,0.05000,12.000000,3,3.5868547372,4.4384489020,64,63,64,64
closed_n16,16,0.000000,0.500000,false,2,256,1.000e-12,0.05000,12.000000,4,4.4201833285,5.7230994552,256,228,255,256
closed_n16,16,0.000000,0.500000,false,2,256,1.000e-12,0.05000,12.000000,5,5.1654943509,6.7857952052,1024,788,989,1024
closed_n16,16,0.000000,0.500000,false,2,256,1.000e-12,0.05000,12.000000,6,5.8664997984,7.8041125948,3969,2549,3666,4096
closed_n16,16,0.000000,0.500000,false,2,256,1.000e-12,0.05000,12.000000,7,6.2141136773,8.5343385833,14641,7445,12901,16384
closed_n16,16,0.000000,0.500000,false,2,256,1.000e-12,0.05000,12.000000,8,6.2930806723,8.8016576480,54289,14341,36488,65536
closed_n16,16,0.000000,0.500000,false,2,256,1.000e-12,0.05000,12.000000,9,6.2141136773,8.5343385833,14641,7445,12901,16384
closed_n16,16,0.000000,0.500000,false,2,256,1.000e-12,0.05000,12.000000,10,5.8664997984,7.8041125947,3969,2549,3666,4096
closed_n16,16,0.000000,0.500000,false,2,256,1.000e-12,0.05000,12.000000,11,5.1654943509,6.7857952051,1024,788,989,1024
closed_n16,16,0.000000,0.500000,false,2,256,1.000e-12,0.05000,12.000000,12,4.4201833285,5.7230994552,256,228,255,256
closed_n16,16,0.000000,0.500000,false,2,256,1.000e-12,0.05000,12.000000,13,3.5868547372,4.4384489020,64,63,64,64
closed_n16,16,0.000000,0.500000,false,2,256,1.000e-12,0.05000,12.000000,14,2.4415456648,3.0798785546,16,16,16,16
closed_n16,16,0.000000,0.500000,false,2,256,1.000e-12,0.05000,12.000000,15,1.7709127913,1.8814429430,4,4,4,4
closed_n16,16,0.000000,0.500000,false,2,256,1.000e-12,0.05000,12.800000,1,1.7936551946,1.8935907269,4,4,4,4
closed_n16,16,0.000000,0.500000,false,2,256,1.000e-12,0.05000,12.800000,2,2.5994613247,3.1688070256,16,16,16,16
closed_n16,16,0.000000,0.500000,false,2,256,1.000e-12,0.05000,12.800000,3,3.7035925207,4.5197283473,64,63,64,64
closed_n16,16,0.000000,0.500000,false,2,256,1.000e-12,0.05000,12.800000,4,4.3949828729,5.6589242913,256,229,255,256
closed_n16,16,0.000000,0.500000,false,2,256,1.000e-12,0.05000,12.800000,5,5.3653392174,6.9105919764,1024,795,992,1024
closed_n16,16,0.000000,0.500000,false,2,256,1.000e-12,0.05000,12.800000,6,5.7522623527,7.7818477469,3969,2576,3669,4096
closed_n16,16,0.000000,0.500000,false,2,256,1.000e-12,0.05000,12.800000,7,6.4503215080,8.6682333593,14641,7674,13048,16384
closed_n16,16,0.000000,0.500000,false,2,256,1.000e-12,0.05000,12.800000,8,6.4325044234,8.9979439076,55696,15914,38975,65536
closed_n16,16,0.000000,0.500000,false,2,256,1.000e-12,0.05000,12.800000,9,6.4503215080,8.6682333592,14641,7674,13048,16384
closed_n16,16,0.000000,0.500000,false,2,256,1.000e-12,0.05000,12.800000,10,5.7522623527,7.7818477470,3969,2576,3669,4096
closed_n16,16,0.000000,0.500000,false,2,256,1.000e-12,0.05000,12.800000,11,5.3653392174,6.9105919764,1024,795,992,1024
closed_n16,16,0.000000,0.500000,false,2,256,1.000e-12,0.05000,12.800000,12,4.3949828729,5.6589242912,256,229,255,256
closed_n16,16,0.000000,0.500000,false,2,256,1.000e-12,0.05000,12.800000,13,3.7035925207,4.5197283473,64,63,64,64
closed_n16,16,0.000000,0.500000,false,2,256,1.000e-12,0.05000,12.800000,14,2.5994613247,3.1688070256,16,16,16,16
closed_n16,16,0.000000,0.500000,false,2,256,1.000e-12,0.05000,12.800000,15,1.7936551946,1.8935907269,4,4,4,4
closed_n16,16,0.000000,0.500000,false,2,256,1.000e-12,0.05000,13.600000,1,1.8263361504,1.9108945866,4,4,4,4
closed_n16,16,0.000000,0.500000,false,2,256,1.000e-12,0.05000,13.600000,2,2.7753501938,3.2757389797,16,16,16,16
closed_n16,16,0.000000,0.500000,false,2,256,1.000e-12,0.05000,13.600000,3,3.6963429941,4.5121717774,64,63,64,64
closed_n16,16,0.000000,0.500000,false,2,256,1.000e-12,0.05000,13.600000,4,4.5408158221,5.7536890739,256,230,255,256
closed_n16,16,0.000000,0.500000,false,2,256,1.000e-12,0.05000,13.600000,5,5.3925688469,6.8908789861,1024,803,996,1024
closed_n16,16,0.000000,0.500000,false,2,256,1.000e-12,0.05000,13.600000,6,5.9259832418,7.9499390007,4096,2656,3717,4096
closed_n16,16,0.000000,0.500000,false,2,256,1.000e-12,0.05000,13.600000,7,6.4872694402,8.6970081761,14641,7877,13157,16384
closed_n16,16,0.000000,0.500000,false,2,256,1.000e-12,0.05000,13.600000,8,6.6239296371,9.1836268040,56169,16223,39136,65536
closed_n16,16,0.000000,0.500000,false,2,256,1.000e-12,0.05000,13.600000,9,6.4872694402,8.6970081756,14641,7877,13157,16384
closed_n16,16,0.000000,0.500000,false,2,256,1.000e-12,0.05000,13.600000,10,5.9259832418,7.9499390004,4096,2656,3717,4096
closed_n16,16,0.000000,0.500000,false,2,256,1.000e-12,0.05000,13.600000,11,5.3925688469,6.8908789862,1024,803,996,1024
closed_n16,16,0.000000,0.500000,false,2,256,1.000e-12,0.05000,13.600000,12,4.5408158221,5.7536890738,256,230,255,256
closed_n16,16,0.000000,0.500000,false,2,256,1.000e-12,0.05000,13.600000,13,3.6963429941,4.5121717774,64,63,64,64
closed_n16,16,0.000000,0.500000,false,2,256,1.000e-12,0.05000,13.600000,14,2.7753501938,3.2757389797,16,16,16,16
closed_n16,16,0.000000,0.500000,false,2,256,1.000e-12,0.05000,13.600000,15,1.8263361504,1.9108945866,4,4,4,4
closed_n16,16,0.000000,0.500000,false,2,256,1.000e-12,0.05000,14.400000,1,1.8575182892,1.9272409080,4,4,4,4
closed_n16,16,0.000000,0.500000,false,2,256,1.000e-12,0.05000,14.400000,2,2.7713676390,3.2779020890,16,16,16,16
closed_n16,16,0.000000,0.500000,false,2,256,1.000e-12,0.05000,14.400000,3,3.8246356164,4.5974434180,64,63,64,64
closed_n16,16,0.000000,0.500000,false,2,256,1.000e-12,0.05000,14.400000,4,4.5691078095,5.7540129201,256,231,255,256
closed_n16,16,0.000000,0.500000,false,2,256,1.000e-12,0.05000,14.400000,5,5.5863454151,7.0100057883,1024,814,999,1024
closed_n16,16,0.000000,0.500000,false,2,256,1.000e-12,0.05000,14.400000,6,5.8885438714,7.8998267196,4096,2671,3739,4096
closed_n16,16,0.000000,0.500000,false,2,256,1.000e-12,0.05000,14.400000,7,6.7999378143,8.9308074823,14884,8143,13270,16384
closed_n16,16,0.000000,0.500000,false,2,256,1.000e-12,0.05000,14.400000,8,6.3620246566,9.0660554614,56169,16518,39407,65536
closed_n16,16,0.000000,0.500000,false,2,256,1.000e-12,0.05000,14.400000,9,6.7999378143,8.9308074825,14884,8143,13270,16384
closed_n16,16,0.000000,0.500000,false,2,256,1.000e-12,0.05000,14.400000,10,5.8885438714,7.8998267198,4096,2671,3739,4096
closed_n16,16,0.000000,0.500000,false,2,256,1.000e-12,0.05000,14.400000,11,5.5863454151,7.0100057883,1024,814,999,1024
closed_n16,16,0.000000,0.500000,false,2,256,1.000e-12,0.05000,14.400000,12,4.5691078095,5.7540129202,256,231,255,256
closed_n16,16,0.000000,0.500000,false,2,256,1.000e-12,0.05000,14.400000,13,3.8246356164,4.5974434180,64,63,64,64
closed_n16,16,0.000000,0.500000,false,2,256,1.000e-12,0.05000,14.400000,14,2.7713676390,3.2779020890,16,16,16,16
closed_n16,16,0.000000,0.500000,false,2,256,1.000e-12,0.05000,14.400000,15,1.8575182892,1.9272409080,4,4,4,4
closed_n16,16,0.000000,0.500000,false,2,256,1.000e-12,0.05000,15.200000,1,1.8952901491,1.9468328630,4,4,4,4
closed_n16,16,0.000000,0.500000,false,2,256,1.000e-12,0.05000,15.200000,2,2.6992848744,3.2441574473,16,16,16,16
closed_n16,16,0.000000,0.500000,false,2,256,1.000e-12,0.05000,15.200000,3,3.8838782759,4.6078863911,64,63,64,64
closed_n16,16,0.000000,0.500000,false,2,256,1.000e-12,0.05000,15.200000,4,4.6461570211,5.8270143497,256,232,255,256
closed_n16,16,0.000000,0.500000,false,2,256,1.000e-12,0.05000,15.200000,5,5.5864470539,6.9903298450,1024,809,996,1024
closed_n16,16,0.000000,0.500000,false,2,256,1.000e-12,0.05000,15.200000,6,6.0514330603,8.0347712617,4096,2728,3759,4096
closed_n16,16,0.000000,0.500000,false,2,256,1.000e-12,0.05000,15.200000,7,6.8732921231,8.9682451400,14884,8277,13419,16384
closed_n16,16,0.000000,0.500000,false,2,256,1.000e-12,0.05000,15.200000,8,6.7583116502,9.3921144226,56644,18484,42008,65536
closed_n16,16,0.000000,0.500000,false,2,256,1.000e-12,0.05000,15.200000,9,6.8732921231,8.9682451443,14884,8277,13419,16384
closed_n16,16,0.000000,0.500000,false,2,256,1.000e-12,0.05000,15.200000,10,6.0514330603,8.0347712620,4096,2728,3759,4096
closed_n16,16,0.000000,0.500000,false,2,256,1.000e-12,0.05000,15.200000,11,5.5864470539,6.9903298452,1024,809,996,1024
closed_n16,16,0.000000,0.500000,false,2,256,1.000e-12,0.05000,15.200000,12,4.6461570211,5.8270143497,256,232,255,256
closed_n16,16,0.000000,0.500000,false,2,256,1.000e-12,0.05000,15.200000,13,3.8838782759,4.6078863911,64,63,64,64
closed_n16,16,0.000000,0.500000,false,2,256,1.000e-12,0.05000,15.200000,14,2.6992848744,3.2441574473,16,16,16,16
closed_n16,16,0.000000,0.500000,false,2,256,1.000e-12,0.05000,15.200000,15,1.8952901491,1.9468328630,4,4,4,4
closed_n16,16,0.000000,0.500000,false,2,256,1.000e-12,0.05000,16.000000,1,1.9549720666,1.9773380353,4,4,4,4
closed_n16,16,0.000000,0.500000,false,2,256,1.000e-12,0.05000,16.000000,2,2.7288968333,3.2716112874,16,16,16,16
closed_n16,16,0.000000,0.500000,false,2,256,1.000e-12,0.05000,16.000000,3,3.9221565795,4.6299327955,64,63,64,64
closed_n16,16,0.000000,0.500000,false,2,256,1.000e-12,0.05000,16.000000,4,4.6889792988,5.8666352013,256,233,255,256
closed_n16,16,0.000000,0.500000,false,2,256,1.000e-12,0.05000,16.000000,5,5.6019649144,7.0104998625,1024,812,997,1024
closed_n16,16,0.000000,0.500000,false,2,256,1.000e-12,0.05000,16.000000,6,6.2062990839,8.0941035788,4096,2748,3755,4096
closed_n16,16,0.000000,0.500000,false,2,256,1.000e-12,0.05000,16.000000,7,6.9466601276,9.0449243339,14884,8470,13506,16384
closed_n16,16,0.000000,0.500000,false,2,256,1.000e-12,0.05000,16.000000,8,7.0211917983,9.4135945365,56644,17695,41123,65536
closed_n16,16,0.000000,0.500000,false,2,256,1.000e-12,0.05000,16.000000,9,6.9466601276,9.0449243436,14884,8470,13506,16384
closed_n16,16,0.000000,0.500000,false,2,256,1.000e-12,0.05000,16.000000,10,6.2062990839,8.0941035780,4096,2748,3755,4096
closed_n16,16,0.000000,0.500000,false,2,256,1.000e-12,0.05000,16.000000,11,5.6019649144,7.0104998616,1024,812,997,1024
closed_n16,16,0.000000,0.500000,false,2,256,1.000e-12,0.05000,16.000000,12,4.6889792988,5.8666352014,256,233,255,256
closed_n16,16,0.000000,0.500000,false,2,256,1.000e-12,0.05000,16.000000,13,3.9221565795,4.6299327955,64,63,64,64
closed_n16,16,0.000000,0.500000,false,2,256,1.000e-12,0.05000,16.000000,14,2.7288968333,3.2716112874,16,16,16,16
closed_n16,16,0.000000,0.500000,false,2,256,1.000e-12,0.05000,16.000000,15,1.9549720666,1.9773380353,4,4,4,4
closed_n16,16,0.000000,0.500000,false,2,256,1.000e-12,0.05000,16.800000,1,1.9962565193,1.9981272469,4,4,4,4
closed_n16,16,0.000000,0.500000,false,2,256,1.000e-12,0.05000,16.800000,2,2.8646405642,3.3561437421,16,16,16,16
closed_n16,16,0.000000,0.500000,false,2,256,1.000e-12,0.05000,16.800000,3,3.9770539581,4.6748879379,64,63,64,64
closed_n16,16,0.000000,0.500000,false,2,256,1.000e-12,0.05000,16.800000,4,4.6965526755,5.8700030510,256,235,255,256
closed_n16,16,0.000000,0.500000,false,2,256,1.000e-12,0.05000,16.800000,5,5.5477881796,6.9673199146,1024,812,999,1024
closed_n16,16,0.000000,0.500000,false,2,256,1.000e-12,0.05000,16.800000,6,6.3484364688,8.1447966028,4096,2764,3767,4096
closed_n16,16,0.000000,0.500000,false,2,256,1.000e-12,0.05000,16.800000,7,6.6971312272,8.8822614850,14884,8296,13440,16384
closed_n16,16,0.000000,0.500000,false,2,256,1.000e-12,0.05000,16.800000,8,7.1554560458,9.5421171325,57121,18936,41814,65536
closed_n16,16,0.000000,0.500000,false,2,256,1.000e-12,0.05000,16.800000,9,6.6971312272,8.8822614700,14884,8296,13440,16384
closed_n16,16,0.000000,0.500000,false,2,256,1.000e-12,0.05000,16.800000,10,6.3484364688,8.1447966013,4096,2764,3767,4096
closed_n16,16,0.000000,0.500000,false,2,256,1.000e-12,0.05000,16.800000,11,5.5477881796,6.9673199150,1024,812,999,1024
closed_n16,16,0.000000,0.500000,false,2,256,1.000e-12,0.05000,16.800000,12,4.6965526755,5.8700030509,256,235,255,256
closed_n16,16,0.000000,0.500000,false,2,256,1.000e-12,0.05000,16.800000,13,3.9770539581,4.6748879379,64,63,64,64
closed_n16,16,0.000000,0.500000,false,2,256,1.000e-12,0.05000,16.800000,14,2.8646405642,3.3561437421,16,16,16,16
closed_n16,16,0.000000,0.500000,false,2,256,1.000e-12,0.05000,16.800000,15,1.9962565193,1.9981272469,4,4,4,4
closed_n16,16,0.000000,0.500000,false,2,256,1.000e-12,0.05000,17.600000,1,1.9984975217,1.9992485978,4,4,4,4
closed_n16,16,0.000000,0.500000,false,2,256,1.000e-12,0.05000,17.600000,2,2.9794487014,3.4225573897,16,16,16,16
closed_n16,16,0.000000,0.500000,false,2,256,1.000e-12,0.05000,17.600000,3,3.9355945201,4.6539971166,64,63,64,64
closed_n16,16,0.000000,0.500000,false,2,256,1.000e-12,0.05000,17.600000,4,4.7602505533,5.9027602104,256,233,255,256
closed_n16,16,0.000000,0.500000,false,2,256,1.000e-12,0.05000,17.600000,5,5.4970288719,6.9555066358,1024,815,1000,1024
closed_n16,16,0.000000,0.500000,false,2,256,1.000e-12,0.05000,17.600000,6,6.3636504129,8.1587343212,4096,2747,3756,4096
closed_n16,16,0.000000,0.500000,false,2,256,1.000e-12,0.05000,17.600000,7,6.5459366534,8.8497709751,14884,8437,13511,16384
closed_n16,16,0.000000,0.500000,false,2,256,1.000e-12,0.05000,17.600000,8,7.1395855612,9.5181339436,57600,18875,41342,65536
closed_n16,16,0.000000,0.500000,false,2,256,1.000e-12,0.05000,17.600000,9,6.5459366534,8.8497709507,14884,8437,13511,16384
closed_n16,16,0.000000,0.500000,false,2,256,1.000e-12,0.05000,17.600000,10,6.3636504129,8.1587343012,4096,2747,3756,4096
closed_n16,16,0.000000,0.500000,false,2,256,1.000e-12,0.05000,17.600000,11,5.4970288719,6.9555066399,1024,815,1000,1024
closed_n16,16,0.000000,0.500000,false,2,256,1.000e-12,0.05000,17.600000,12,4.7602505533,5.9027602112,256,233,255,256
closed_n16,16,0.000000,0.500000,false,2,256,1.000e-12,0.05000,17.600000,13,3.9355945201,4.6539971165,64,63,64,64
closed_n16,16,0.000000,0.500000,false,2,256,1.000e-12,0.05000,17.600000,14,2.9794487014,3.4225573897,16,16,16,16
closed_n16,16,0.000000,0.500000,false,2,256,1.000e-12,0.05000,17.600000,15,1.9984975217,1.9992485978,4,4,4,4
closed_n16,16,0.000000,0.500000,false,2,256,1.000e-12,0.05000,18.400000,1,1.9996531605,1.9998265715,4,4,4,4
closed_n16,16,0.000000,0.500000,false,2,256,1.000e-12,0.05000,18.400000,2,2.8835865528,3.3734025212,16,16,16,16
closed_n16,16,0.000000,0.500000,false,2,256,1.000e-12,0.05000,18.400000,3,3.9604961612,4.6667196111,64,63,64,64
closed_n16,16,0.000000,0.500000,false,2,256,1.000e-12,0.05000,18.400000,4,4.7010366587,5.8790210938,256,234,255,256
closed_n16,16,0.000000,0.500000,false,2,256,1.000e-12,0.05000,18.400000,5,5.5852739783,7.0233813416,1024,814,998,1024
closed_n16,16,0.000000,0.500000,false,2,256,1.000e-12,0.05000,18.400000,6,6.1913008982,8.0727947789,4096,2738,3755,4096
closed_n16,16,0.000000,0.500000,false,2,256,1.000e-12,0.05000,18.400000,7,6.7271682827,8.9604773092,14884,8570,13554,16384
closed_n16,16,0.000000,0.500000,false,2,256,1.000e-12,0.05000,18.400000,8,6.9702257792,9.4063684011,57600,18826,42317,65536
closed_n16,16,0.000000,0.500000,false,2,256,1.000e-12,0.05000,18.400000,9,6.7271682827,8.9604773166,14884,8570,13554,16384
closed_n16,16,0.000000,0.500000,false,2,256,1.000e-12,0.05000,18.400000,10,6.1913008982,8.0727947516,4096,2738,3755,4096
closed_n16,16,0.000000,0.500000,false,2,256,1.000e-12,0.05000,18.400000,11,5.5852739783,7.0233813288,1024,814,998,1024
closed_n16,16,0.000000,0.500000,false,2,256,1.000e-12,0.05000,18.400000,12,4.7010366587,5.8790210937,256,234,255,256
closed_n16,16,0.000000,0.500000,false,2,256,1.000e-12,0.05000,18.400000,13,3.9604961612,4.6667196111,64,63,64,64
closed_n16,16,0.000000,0.500000,false,2,256,1.000e-12,0.05000,18.400000,14,2.8835865528,3.3734025212,16,16,16,16
closed_n16,16,0.000000,0.500000,false,2,256,1.000e-12,0.05000,18.400000,15,1.9996531605,1.9998265715,4,4,4,4
closed_n16,16,0.000000,0.500000,false,2,256,1.000e-12,0.05000,19.200000,1,1.9923287242,1.9961601052,4,4,4,4
closed_n16,16,0.000000,0.500000,false,2,256,1.000e-12,0.05000,19.200000,2,2.6960436863,3.2655603094,16,16,16,16
closed_n16,16,0.000000,0.500000,false,2,256,1.000e-12,0.05000,19.200000,3,3.9803840136,4.6660440374,64,63,64,64
closed_n16,16,0.000000,0.500000,false,2,256,1.000e-12,0.05000,19.200000,4,4.6529252868,5.8631028366,256,233,255,256
closed_n16,16,0.000000,0.500000,false,2,256,1.000e-12,0.05000,19.200000,5,5.5701986697,6.9875697963,1024,815,1001,1024
closed_n16,16,0.000000,0.500000,false,2,256,1.000e-12,0.05000,19.200000,6,6.1434067054,8.0292601678,4096,2706,3753,4096
closed_n16,16,0.000000,0.500000,false,2,256,1.000e-12,0.05000,19.200000,7,6.6866369313,8.8449814536,14884,8459,13557,16384
closed_n16,16,0.000000,0.500000,false,2,256,1.000e-12,0.05000,19.200000,8,6.8330886330,9.3012749311,57121,18441,41943,65536
closed_n16,16,0.000000,0.500000,false,2,256,1.000e-12,0.05000,19.200000,9,6.6866369313,8.8449814831,14884,8459,13557,16384
closed_n16,16,0.000000,0.500000,false,2,256,1.000e-12,0.05000,19.200000,10,6.1434067054,8.0292601584,4096,2706,3753,4096
closed_n16,16,0.000000,0.500000,false,2,256,1.000e-12,0.05000,19.200000,11,5.5701986696,6.9875697834,1024,815,1001,1024
closed_n16,16,0.000000,0.500000,false,2,256,1.000e-12,0.05000,19.200000,12,4.6529252868,5.8631028360,256,233,255,256
closed_n16,16,0.000000,0.500000,false,2,256,1.000e-12,0.05000,19.200000,13,3.9803840136,4.6660440375,64,63,64,64
closed_n16,16,0.000000,0.500000,false,2,256,1.000e-12,0.05000,19.200000,14,2.6960436863,3.2655603094,16,16,16,16
closed_n16,16,0.000000,0.500000,false,2,256,1.000e-12,0.05000,19.200000,15,1.9923287242,1.9961601052,4,4,4,4
closed_n16,16,0.000000,0.500000,false,2,256,1.000e-12,0.05000,20.000000,1,1.9631498063,1.9814759783,4,4,4,4
closed_n16,16,0.000000,0.500000,false,2,256,1.000e-12,0.05000,20.000000,2,2.6941203806,3.2495596769,16,16,16,16
closed_n16,16,0.000000,0.500000,false,2,256,1.000e-12,0.05000,20.000000,3,3.9250418798,4.6415183839,64,63,64,64
closed_n16,16,0.000000,0.500000,false,2,256,1.000e-12,0.05000,20.000000,4,4.6612260772,5.8552309765,256,233,255,256
closed_n16,16,0.000000,0.500000,false,2,256,1.000e-12,0.05000,20.000000,5,5.4561766579,6.9158337727,1024,812,1001,1024
closed_n16,16,0.000000,0.500000,false,2,256,1.000e-12,0.05000,20.000000,6,6.2277856782,8.0432058263,4096,2742,3770,4096
closed_n16,16,0.000000,0.500000,false,2,256,1.000e-12,0.05000,20.000000,7,6.4374541723,8.7070769923,14884,8308,13522,16384
closed_n16,16,0.000000,0.500000,false,2,256,1.000e-12,0.05000,20.000000,8,6.7630820918,9.1130624276,57121,17169,41568,65536
closed_n16,16,0.000000,0.500000,false,2,256,1.000e-12,0.05000,20.000000,9,6.4374541723,8.7070770024,14884,8308,13522,16384
closed_n16,16,0.000000,0.500000,false,2,256,1.000e-12,0.05000,20.000000,10,6.2277856782,8.0432058495,4096,2742,3770,4096
closed_n16,16,0.000000,0.500000,false,2,256,1.000e-12,0.05000,20.000000,11,5.4561766580,6.9158337774,1024,812,1001,1024
closed_n16,16,0.000000,0.500000,false,2,256,1.000e-12,0.05000,20.000000,12,4.6612260772,5.8552309770,256,233,255,256
closed_n16,16,0.000000,0.500000,false,2,256,1.000e-12,0.05000,20.000000,13,3.9250418797,4.6415183838,64,63,64,64
closed_n16,16,0.000000,0.500000,false,2,256,1.000e-12,0.05000,20.000000,14,2.6941203806,3.2495596769,16,16,16,16
closed_n16,16,0.000000,0.500000,false,2,256,1.000e-12,0.05000,20.000000,15,1.9631498063,1.9814759783,4,4,4,4
closed_n16,16,0.000000,0.500000,false,2,256,1.000e-12,0.05000,20.800000,1,1.9467663494,1.9731759048,4,4,4,4
closed_n16,16,0.000000,0.500000,false,2,256,1.000e-12,0.05000,20.800000,2,2.7641717437,3.2864642058,16,16,16,16
closed_n16,16,0.000000,0.500000,false,2,256,1.000e-12,0.05000,20.800000,3,3.8577909976,4.5946114535,64,63,64,64
closed_n16,16,0.000000,0.500000,false,2,256,1.000e-12,0.05000,20.800000,4,4.7027834981,5.8910159768,256,235,255,256
closed_n16,16,0.000000,0.500000,false,2,256,1.000e-12,0.05000,20.800000,5,5.3426132248,6.8450486457,1024,814,1001,1024
closed_n16,16,0.000000,0.500000,false,2,256,1.000e-12,0.05000,20.800000,6,6.3134272316,8.0955656687,4096,2755,3778,4096
closed_n16,16,0.000000,0.500000,false,2,256,1.000e-12,0.05000,20.800000,7,6.2882243632,8.6093811674,14884,8164,13524,16384
closed_n16,16,0.000000,0.500000,false,2,256,1.000e-12,0.05000,20.800000,8,6.8064535734,9.1581761792,56644,17099,41291,65536
closed_n16,16,0.000000,0.500000,false,2,256,1.000e-12,0.05000,20.800000,9,6.2882243632,8.6093811640,14884,8164,13523,16384
closed_n16,16,0.000000,0.500000,false,2,256,1.000e-12,0.05000,20.800000,10,6.3134272316,8.0955656679,4096,2755,3778,4096
closed_n16,16,0.000000,0.500000,false,2,256,1.000e-12,0.05000,20.800000,11,5.3426132249,6.8450486670,1024,814,1001,1024
closed_n16,16,0.000000,0.500000,false,2,256,1.000e-12,0.05000,20.800000,12,4.7027834981,5.8910159770,256,235,255,256
closed_n16,16,0.000000,0.500000,false,2,256,1.000e-12,0.05000,20.800000,13,3.8577909976,4.5946114535,64,63,64,64
closed_n16,16,0.000000,0.500000,false,2,256,1.000e-12,0.05000,20.800000,14,2.7641717437,3.2864642058,16,16,16,16
closed_n16,16,0.000000,0.500000,false,2,256,1.000e-12,0.05000,20.800000,15,1.9467663494,1.9731759048,4,4,4,4
closed_n16,16,0.000000,0.500000,false,2,256,1.000e-12,0.05000,21.600000,1,1.9678093679,1.9838292803,4,4,4,4
closed_n16,16,0.000000,0.500000,false,2,256,1.000e-12,0.05000,21.600000,2,2.7131148140,3.2643373882,16,16,16,16
closed_n16,16,0.000000,0.500000,false,2,256,1.000e-12,0.05000,21.600000,3,3.9621714696,4.6589287503,64,63,64,64
closed_n16,16,0.000000,0.500000,false,2,256,1.000e-12,0.05000,21.600000,4,4.6475303939,5.8647285745,256,237,256,256
closed_n16,16,0.000000,0.500000,false,2,256,1.000e-12,0.05000,21.600000,5,5.5596682329,6.9854887633,1024,826,1004,1024
closed_n16,16,0.000000,0.500000,false,2,256,1.000e-12,0.05000,21.600000,6,6.1548122635,8.0156868427,4096,2756,3782,4096
closed_n16,16,0.000000,0.500000,false,2,256,1.000e-12,0.05000,21.600000,7,6.6559722977,8.8464954008,14884,8323,13546,16384
closed_n16,16,0.000000,0.500000,false,2,256,1.000e-12,0.05000,21.600000,8,6.7576433617,9.1046254053,57121,16564,40654,65536
closed_n16,16,0.000000,0.500000,false,2,256,1.000e-12,0.05000,21.600000,9,6.6559722977,8.8464954105,14884,8323,13546,16384
closed_n16,16,0.000000,0.500000,false,2,256,1.000e-12,0.05000,21.600000,10,6.1548122635,8.0156868294,4096,2756,3782,4096
closed_n16,16,0.000000,0.500000,false,2,256,1.000e-12,0.05000,21.600000,11,5.5596682330,6.9854887767,1024,826,1004,1024
closed_n16,16,0.000000,0.500000,false,2,256,1.000e-12,0.05000,21.600000,12,4.6475303938,5.8647285730,256,237,256,256
closed_n16,16,0.000000,0.500000,false,2,256,1.000e-12,0.05000,21.600000,13,3.9621714696,4.6589287503,64,63,64,64
closed_n16,16,0.000000,0.500000,false,2,256,1.000e-12,0.05000,21.600000,14,2.7131148140,3.2643373882,16,16,16,16
closed_n16,16,0.000000,0.500000,false,2,256,1.000e-12,0.05000,21.600000,15,1.9678093679,1.9838292803,4,4,4,4
closed_n16,16,0.000000,0.500000,false,2,256,1.000e-12,0.05000,22.400000,1,1.9940929320,1.9970439430,4,4,4,4
closed_n16,16,0.000000,0.500000,false,2,256,1.000e-12,0.05000,22.400000,2,2.7649988791,3.3017876071,16,16,16,16
closed_n16,16,0.000000,0.500000,false,2,256,1.000e-12,0.05000,22.400000,3,3.9661657917,4.6753700982,64,63,64,64
closed_n16,16,0.000000,0.500000,false,2,256,1.000e-12,0.05000,22.400000,4,4.7461878837,5.9035891222,256,235,255,256
closed_n16,16,0.000000,0.500000,false,2,256,1.000e-12,0.05000,22.400000,5,5.6222562483,7.0431895511,1024,828,1005,1024
closed_n16,16,0.000000,0.500000,false,2,256,1.000e-12,0.05000,22.400000,6,6.1510225234,8.0185899174,4096,2737,3767,4096
closed_n16,16,0.000000,0.500000,false,2,256,1.000e-12,0.05000,22.400000,7,6.6773511133,8.7931514229,14884,8159,13451,16384
closed_n16,16,0.000000,0.500000,false,2,256,1.000e-12,0.05000,22.400000,8,6.8495030678,9.1804778027,56644,16175,39412,65536
closed_n16,16,0.000000,0.500000,false,2,256,1.000e-12,0.05000,22.400000,9,6.6773511132,8.7931513861,14884,8159,13451,16384
closed_n16,16,0.000000,0.500000,false,2,256,1.000e-12,0.05000,22.400000,10,6.1510225235,8.0185899442,4096,2737,3767,4096
closed_n16,16,0.000000,0.500000,false,2,256,1.000e-12,0.05000,22.400000,11,5.6222562484,7.0431895436,1024,828,1005,1024
closed_n16,16,0.000000,0.500000,false,2,256,1.000e-12,0.05000,22.400000,12,4.7461878838,5.9035891244,256,235,255,256
closed_n16,16,0.000000,0.500000,false,2,256,1.000e-12,0.05000,22.400000,13,3.9661657917,4.6753700982,64,63,64,64
closed_n16,16,0.000000,0.500000,false,2,256,1.000e-12,0.05000,22.400000,14,2.7649988791,3.3017876071,16,16,16,16
closed_n16,16,0.000000,0.500000,false,2,256,1.000e-12,0.05000,22.400000,15,1.9940929320,1.9970439430,4,4,4,4
closed_n16,16,0.000000,0.500000,false,2,256,1.000e-12,0.05000,23.200000,1,1.9998379564,1.9999189763,4,4,4,4
closed_n16,16,0.000000,0.500000,false,2,256,1.000e-12,0.05000,23.200000,2,2.8838032085,3.3690476209,16,16,16,16
closed_n16,16,0.000000,0.500000,false,2,256,1.000e-12,0.05000,23.200000,3,3.9089320113,4.6441946522,64,63,64,64
closed_n16,16,0.000000,0.500000,false,2,256,1.000e-12,0.05000,23.200000,4,4.7955022921,5.9261118095,256,236,256,256
closed_n16,16,0.000000,0.500000,false,2,256,1.000e-12,0.05000,23.200000,5,5.6479258179,7.0709202213,1024,825,1005,1024
closed_n16,16,0.000000,0.500000,false,2,256,1.000e-12,0.05000,23.200000,6,6.0422752268,7.9939099141,4096,2790,3805,4096
closed_n16,16,0.000000,0.500000,false,2,256,1.000e-12,0.05000,23.200000,7,6.7557617640,8.8060483514,14884,8091,13460,16384
closed_n16,16,0.000000,0.500000,false,2,256,1.000e-12,0.05000,23.200000,8,6.6238512585,9.0768194815,57121,15779,39666,65536
closed_n16,16,0.000000,0.500000,false,2,256,1.000e-12,0.05000,23.200000,9,6.7557617641,8.8060483595,14884,8091,13460,16384
closed_n16,16,0.000000,0.500000,false,2,256,1.000e-12,0.05000,23.200000,10,6.0422752267,7.9939098809,4096,2790,3805,4096
closed_n16,16,0.000000,0.500000,false,2,256,1.000e-12,0.05000,23.200000,11,5.6479258179,7.0709201929,1024,825,1005,1024
closed_n16,16,0.000000,0.500000,false,2,256,1.000e-12,0.05000,23.200000,12,4.7955022921,5.9261118076,256,236,256,256
closed_n16,16,0.000000,0.500000,false,2,256,1.000e-12,0.05000,23.200000,13,3.9089320113,4.6441946524,64,63,64,64
closed_n16,16,0.000000,0.500000,false,2,256,1.000e-12,0.05000,23.200000,14,2.8838032085,3.3690476209,16,16,16,16
closed_n16,16,0.000000,0.500000,false,2,256,1.000e-12,0.05000,23.200000,15,1.9998379564,1.9999189763,4,4,4,4
closed_n16,16,0.000000,0.500000,false,2,256,1.000e-12,0.05000,24.000000,1,1.9981724443,1.9990859809,4,4,4,4
closed_n16,16,0.000000,0.500000,false,2,256,1.000e-12,0.05000,24.000000,2,2.8447222300,3.3469419394,16,16,16,16
closed_n16,16,0.000000,0.500000,false,2,256,1.000e-12,0.05000,24.000000,3,4.0019598847,4.6991135796,64,63,64,64
closed_n16,16,0.000000,0.500000,false,2,256,1.000e-12,0.05000,24.000000,4,4.7032275563,5.8962196258,256,237,256,256
closed_n16,16,0.000000,0.500000,false,2,256,1.000e-12,0.05000,24.000000,5,5.7144207375,7.1016361566,1024,830,1006,1024
closed_n16,16,0.000000,0.500000,false,2,256,1.000e-12,0.05000,24.000000,6,5.9559157515,7.9577083253,4096,2807,3813,4096
closed_n16,16,0.000000,0.500000,false,2,256,1.000e-12,0.05000,24.000000,7,6.8740654850,8.8596507573,15129,8092,13571,16384
closed_n16,16,0.000000,0.500000,false,2,256,1.000e-12,0.05000,24.000000,8,6.4348341443,9.0555588164,57121,16500,40252,65536
closed_n16,16,0.000000,0.500000,false,2,256,1.000e-12,0.05000,24.000000,9,6.8740654849,8.8596508246,15129,8093,13571,16384
closed_n16,16,0.000000,0.500000,false,2,256,1.000e-12,0.05000,24.000000,10,5.9559157516,7.9577083508,4096,2807,3813,4096
closed_n16,16,0.000000,0.500000,false,2,256,1.000e-12,0.05000,24.000000,11,5.7144207375,7.1016361569,1024,830,1006,1024
closed_n16,16,0.000000,0.500000,false,2,256,1.000e-12,0.05000,24.000000,12,4.7032275564,5.8962196292,256,237,256,256
closed_n16,16,0.000000,0.500000,false,2,256,1.000e-12,0.05000,24.000000,13,4.0019598848,4.6991135799,64,63,64,64
closed_n16,16,0.000000,0.500000,false,2,256,1.000e-12,0.05000,24.000000,14,2.8447222300,3.3469419394,16,16,16,16
closed_n16,16,0.000000,0.500000,false,2,256,1.000e-12,0.05000,24.000000,15,1.9981724443,1.9990859809,4,4,4,4
open_n16_g0p100,16,0.100000,0.500000,true,2,256,1.000e-12,0.05000,0.000000,1,0.0000000000,0.0000000000,1,1,1,4
open_n16_g0p100,16,0.100000,0.500000,true,2,256,1.000e-12,0.05000,0.000000,2,0.0000000000,0.0000000000,1,1,1,16
open_n16_g0p100,16,0.100000,0.500000,true,2,256,1.000e-12,0.05000,0.000000,3,0.0000000000,0.0000000000,1,1,1,64
open_n16_g0p100,16,0.100000,0.500000,true,2,256,1.000e-12,0.05000,0.000000,4,0.0000000000,0.0000000000,1,1,1,256
open_n16_g0p100,16,0.100000,0.500000,true,2,256,1.000e-12,0.05000,0.000000,5,0.0000000000,0.0000000000,1,1,1,1024
open_n16_g0p100,16,0.100000,0.500000,true,2,256,1.000e-12,0.05000,0.000000,6,0.0000000000,0.0000000000,1,1,1,4096
open_n16_g0p100,16,0.100000,0.500000,true,2,256,1.000e-12,0.05000,0.000000,7,0.0000000000,0.0000000000,1,1,1,16384
open_n16_g0p100,16,0.100000,0.500000,true,2,256,1.000e-12,0.05000,0.000000,8,0.0000000000,0.0000000000,1,1,1,65536
open_n16_g0p100,16,0.100000,0.500000,true,2,256,1.000e-12,0.05000,0.000000,9,0.0000000000,0.0000000000,1,1,1,16384
open_n16_g0p100,16,0.100000,0.500000,true,2,256,1.000e-12,0.05000,0.000000,10,0.0000000000,0.0000000000,1,1,1,4096
open_n16_g0p100,16,0.100000,0.500000,true,2,256,1.000e-12,0.05000,0.000000,11,0.0000000000,0.0000000000,1,1,1,1024
open_n16_g0p100,16,0.100000,0.500000,true,2,256,1.000e-12,0.05000,0.000000,12,0.0000000000,0.0000000000,1,1,1,256
open_n16_g0p100,16,0.100000,0.500000,true,2,256,1.000e-12,0.05000,0.000000,13,0.0000000000,0.0000000000,1,1,1,64
open_n16_g0p100,16,0.100000,0.500000,true,2,256,1.000e-12,0.05000,0.000000,14,0.0000000000,0.0000000000,1,1,1,16
open_n16_g0p100,16,0.100000,0.500000,true,2,256,1.000e-12,0.05000,0.000000,15,0.0000000000,0.0000000000,1,1,1,4
open_n16_g0p100,16,0.100000,0.500000,true,2,256,1.000e-12,0.05000,0.800000,1,1.1467912342,1.5069899587,4,4,4,4
open_n16_g0p100,16,0.100000,0.500000,true,2,256,1.000e-12,0.05000,0.800000,2,1.0979318405,1.7820014921,16,15,16,16
open_n16_g0p100,16,0.100000,0.500000,true,2,256,1.000e-12,0.05000,0.800000,3,1.0966878781,1.7884210733,53,21,44,64
open_n16_g0p100,16,0.100000,0.500000,true,2,256,1.000e-12,0.05000,0.800000,4,1.0977917831,1.7884000955,60,21,49,256
open_n16_g0p100,16,0.100000,0.500000,true,2,256,1.000e-12,0.05000,0.800000,5,1.0965197865,1.7882954012,61,21,49,1024
open_n16_g0p100,16,0.100000,0.500000,true,2,256,1.000e-12,0.05000,0.800000,6,1.0977885386,1.7883878387,60,21,49,4096
open_n16_g0p100,16,0.100000,0.500000,true,2,256,1.000e-12,0.05000,0.800000,7,1.0965196934,1.7882939400,61,21,49,16384
open_n16_g0p100,16,0.100000,0.500000,true,2,256,1.000e-12,0.05000,0.800000,8,1.0977885243,1.7883878200,60,21,49,65536
open_n16_g0p100,16,0.100000,0.500000,true,2,256,1.000e-12,0.05000,0.800000,9,1.0965196907,1.7882939341,61,21,49,16384
open_n16_g0p100,16,0.100000,0.500000,true,2,256,1.000e-12,0.05000,0.800000,10,1.0977885117,1.7883877982,60,21,49,4096
open_n16_g0p100,16,0.100000,0.500000,true,2,256,1.000e-12,0.05000,0.800000,11,1.0965195813,1.7882950946,61,21,49,1024
open_n16_g0p100,16,0.100000,0.500000,true,2,256,1.000e-12,0.05000,0.800000,12,1.0977908535,1.7883965941,60,21,49,256
open_n16_g0p100,16,0.100000,0.500000,true,2,256,1.000e-12,0.05000,0.800000,13,1.0966814420,1.7883393679,48,21,42,64
open_n16_g0p100,16,0.100000,0.500000,true,2,256,1.000e-12,0.05000,0.800000,14,1.0976473588,1.7810905825,16,15,16,16
open_n16_g0p100,16,0.100000,0.500000,true,2,256,1.000e-12,0.05000,0.800000,15,1.1445930358,1.5046217102,4,4,4,4
open_n16_g0p100,16,0.100000,0.500000,true,2,256,1.000e-12,0.05000,1.600000,1,1.8595516890,1.9292625887,4,4,4,4
open_n16_g0p100,16,0.100000,0.500000,true,2,256,1.000e-12,0.05000,1.600000,2,2.2613027795,2.9322103249,16,16,16,16
open_n16_g0p100,16,0.100000,0.500000,true,2,256,1.000e-12,0.05000,1.600000,3,2.3049816950,3.2504252854,64,55,64,64
open_n16_g0p100,16,0.100000,0.500000,true,2,256,1.000e-12,0.05000,1.600000,4,2.2895651165,3.2537518435,195,80,174,256
open_n16_g0p100,16,0.100000,0.500000,true,2,256,1.000e-12,0.05000,1.600000,5,2.2883795547,3.2538594722,254,81,207,1024
open_n16_g0p100,16,0.100000,0.500000,true,2,256,1.000e-12,0.05000,1.600000,6,2.2887188450,3.2534942606,251,81,210,4096
open_n16_g0p100,16,0.100000,0.500000,true,2,256,1.000e-12,0.05000,1.600000,7,2.2880967638,3.2534863472,256,81,210,16384
open_n16_g0p100,16,0.100000,0.500000,true,2,256,1.000e-12,0.05000,1.600000,8,2.2886847730,3.2534467229,250,81,209,65536
open_n16_g0p100,16,0.100000,0.500000,true,2,256,1.000e-12,0.05000,1.600000,9,2.2880630140,3.2534509534,256,81,210,16384
open_n16_g0p100,16,0.100000,0.500000,true,2,256,1.000e-12,0.05000,1.600000,10,2.2886012148,3.2533838489,250,81,210,4096
open_n16_g0p100,16,0.100000,0.500000,true,2,256,1.000e-12,0.05000,1.600000,11,2.2880794971,3.2535561344,250,81,205,1024
open_n16_g0p100,16,0.100000,0.500000,true,2,256,1.000e-12,0.05000,1.600000,12,2.2885999712,3.2522916281,175,80,158,256
open_n16_g0p100,16,0.100000,0.500000,true,2,256,1.000e-12,0.05000,1.600000,13,2.3016737699,3.2433160276,63,52,63,64
open_n16_g0p100,16,0.100000,0.500000,true,2,256,1.000e-12,0.05000,1.600000,14,2.2391417823,2.9094365621,16,16,16,16
open_n16_g0p100,16,0.100000,0.500000,true,2,256,1.000e-12,0.05000,1.600000,15,1.8327872256,1.9143840865,4,4,4,4
open_n16_g0p100,16,0.100000,0.500000,true,2,256,1.000e-12,0.05000,2.400000,1,1.9392455704,1.9702400592,4,4,4,4
open_n16_g0p100,16,0.100000,0.500000,true,2,256,1.000e-12,0.05000,2.400000,2,2.6015919570,3.2209306845,16,16,16,16
open_n16_g0p100,16,0.100000,0.500000,true,2,256,1.000e-12,0.05000,2.400000,3,3.4073503421,4.3101715245,64,64,64,64
open_n16_g0p100,16,0.100000,0.500000,true,2,256,1.000e-12,0.05000,2.400000,4,3.3429255328,4.5749983660,251,185,248,256
open_n16_g0p100,16,0.100000,0.500000,true,2,256,1.000e-12,0.05000,2.400000,5,3.3617204733,4.5912328027,256,228,256,1024
open_n16_g0p100,16,0.100000,0.500000,true,2,256,1.000e-12,0.05000,2.400000,6,3.3503359656,4.5857246188,256,228,256,4096
open_n16_g0p100,16,0.100000,0.500000,true,2,256,1.000e-12,0.05000,2.400000,7,3.3486329730,4.5842700363,256,227,256,16384
open_n16_g0p100,16,0.100000,0.500000,true,2,256,1.000e-12,0.05000,2.400000,8,3.3496045730,4.5841624226,256,227,256,65536
open_n16_g0p100,16,0.100000,0.500000,true,2,256,1.000e-12,0.05000,2.400000,9,3.3477142588,4.5835155717,256,227,256,16384
open_n16_g0p100,16,0.100000,0.500000,true,2,256,1.000e-12,0.05000,2.400000,10,3.3473030620,4.5833427317,256,228,256,4096
open_n16_g0p100,16,0.100000,0.500000,true,2,256,1.000e-12,0.05000,2.400000,11,3.3571620950,4.5847871474,256,226,256,1024
open_n16_g0p100,16,0.100000,0.500000,true,2,256,1.000e-12,0.05000,2.400000,12,3.3153176204,4.5455365498,239,171,232,256
open_n16_g0p100,16,0.100000,0.500000,true,2,256,1.000e-12,0.05000,2.400000,13,3.3366516357,4.2404546545,64,61,64,64
open_n16_g0p100,16,0.100000,0.500000,true,2,256,1.000e-12,0.05000,2.400000,14,2.4797868790,3.1237745277,16,16,16,16
open_n16_g0p100,16,0.100000,0.500000,true,2,256,1.000e-12,0.05000,2.400000,15,1.8809198626,1.9399940868,4,4,4,4
open_n16_g0p100,16,0.100000,0.500000,true,2,256,1.000e-12,0.05000,3.200000,1,1.8819554595,1.9428606524,4,4,4,4
open_n16_g0p100,16,0.100000,0.500000,true,2,256,1.000e-12,0.05000,3.200000,2,2.6608110643,3.2876528815,16,16,16,16
open_n16_g0p100,16,0.100000,0.500000,true,2,256,1.000e-12,0.05000,3.200000,3,3.7853458571,4.6164264824,64,64,64,64
open_n16_g0p100,16,0.100000,0.500000,true,2,256,1.000e-12,0.05000,3.200000,4,4.0982943154,5.4567535805,255,233,254,256
open_n16_g0p100,16,0.100000,0.500000,true,2,256,1.000e-12,0.05000,3.200000,5,4.3185378700,5.6960361634,256,255,256,1024
open_n16_g0p100,16,0.100000,0.500000,true,2,256,1.000e-12,0.05000,3.200000,6,4.2623468785,5.6824446206,256,255,256,4096
open_n16_g0p100,16,0.100000,0.500000,true,2,256,1.000e-12,0.05000,3.200000,7,4.2544827120,5.6780485431,256,254,256,16384
open_n16_g0p100,16,0.100000,0.500000,true,2,256,1.000e-12,0.05000,3.200000,8,4.2503601799,5.6722984365,256,255,256,65536
open_n16_g0p100,16,0.100000,0.500000,true,2,256,1.000e-12,0.05000,3.200000,9,4.2525551541,5.6742205566,256,255,256,16384
open_n16_g0p100,16,0.100000,0.500000,true,2,256,1.000e-12,0.05000,3.200000,10,4.2410079682,5.6644929413,256,255,256,4096
open_n16_g0p100,16,0.100000,0.500000,true,2,256,1.000e-12,0.05000,3.200000,11,4.2578718045,5.6428642580,256,255,256,1024
open_n16_g0p100,16,0.100000,0.500000,true,2,256,1.000e-12,0.05000,3.200000,12,3.9307177652,5.3078109298,251,213,248,256
open_n16_g0p100,16,0.100000,0.500000,true,2,256,1.000e-12,0.05000,3.200000,13,3.5688668558,4.4325239089,64,63,64,64
open_n16_g0p100,16,0.100000,0.500000,true,2,256,1.000e-12,0.05000,3.200000,14,2.4764616742,3.1269091702,16,16,16,16
open_n16_g0p100,16,0.100000,0.500000,true,2,256,1.000e-12,0.05000,3.200000,15,1.7543653041,1.8755990728,4,4,4,4
open_n16_g0p100,16,0.100000,0.500000,true,2,256,1.000e-12,0.05000,4.000000,1,1.8245230882,1.9155039654,4,4,4,4
open_n16_g0p100,16,0.100000,0.500000,true,2,256,1.000e-12,0.05000,4.000000,2,2.6953427926,3.3240783531,16,16,16,16
open_n16_g0p100,16,0.100000,0.500000,true,2,256,1.000e-12,0.05000,4.000000,3,3.7498385526,4.6742608266,64,64,64,64
open_n16_g0p100,16,0.100000,0.500000,true,2,256,1.000e-12,0.05000,4.000000,4,4.2302911851,5.7111424439,255,238,254,256
open_n16_g0p100,16,0.100000,0.500000,true,2,256,1.000e-12,0.05000,4.000000,5,4.8415554795,6.2499321500,256,256,256,1024
open_n16_g0p100,16,0.100000,0.500000,true,2,256,1.000e-12,0.05000,4.000000,6,4.8319566265,6.3240631293,256,256,256,4096
open_n16_g0p100,16,0.100000,0.500000,true,2,256,1.000e-12,0.05000,4.000000,7,4.8857211521,6.3511818764,256,256,256,16384
open_n16_g0p100,16,0.100000,0.500000,true,2,256,1.000e-12,0.05000,4.000000,8,4.8262867098,6.3233631021,256,256,256,65536
open_n16_g0p100,16,0.100000,0.500000,true,2,256,1.000e-12,0.05000,4.000000,9,4.8480493122,6.3223392909,256,256,256,16384
open_n16_g0p100,16,0.100000,0.500000,true,2,256,1.000e-12,0.05000,4.000000,10,4.7064190875,6.2425933315,256,256,256,4096
open_n16_g0p100,16,0.100000,0.500000,true,2,256,1.000e-12,0.05000,4.000000,11,4.6070375184,6.0875081199,256,256,256,1024
open_n16_g0p100,16,0.100000,0.500000,true,2,256,1.000e-12,0.05000,4.000000,12,3.9220739528,5.4342665193,252,220,251,256
open_n16_g0p100,16,0.100000,0.500000,true,2,256,1.000e-12,0.05000,4.000000,13,3.5155734358,4.4583695191,64,63,64,64
open_n16_g0p100,16,0.100000,0.500000,true,2,256,1.000e-12,0.05000,4.000000,14,2.5290352264,3.1402005857,16,16,16,16
open_n16_g0p100,16,0.100000,0.500000,true,2,256,1.000e-12,0.05000,4.000000,15,1.6240091028,1.8082152975,4,4,4,4
open_n16_g0p100,16,0.100000,0.500000,true,2,256,1.000e-12,0.05000,4.800000,1,1.7466207424,1.8773833981,4,4,4,4
open_n16_g0p100,16,0.100000,0.500000,true,2,256,1.000e-12,0.05000,4.800000,2,2.5279808330,3.2469355907,16,16,16,16
open_n16_g0p100,16,0.100000,0.500000,true,2,256,1.000e-12,0.05000,4.800000,3,3.4585738530,4.5914168947,64,64,64,64
open_n16_g0p100,16,0.100000,0.500000,true,2,256,1.000e-12,0.05000,4.800000,4,4.0290272737,5.7113868890,255,238,255,256
open_n16_g0p100,16,0.100000,0.500000,true,2,256,1.000e-12,0.05000,4.800000,5,4.5699386977,6.2387195174,256,256,256,1024
open_n16_g0p100,16,0.100000,0.500000,true,2,256,1.000e-12,0.05000,4.800000,6,4.7117013561,6.4375437055,256,256,256,4096
open_n16_g0p100,16,0.100000,0.500000,true,2,256,1.000e-12,0.05000,4.800000,7,4.8927812228,6.5316368046,256,256,256,16384
open_n16_g0p100,16,0.100000,0.500000,true,2,256,1.000e-12,0.05000,4.800000,8,4.7943958739,6.5103064369,256,256,256,65536
open_n16_g0p100,16,0.100000,0.500000,true,2,256,1.000e-12,0.05000,4.800000,9,4.7586912491,6.4510641688,256,256,256,16384
open_n16_g0p100,16,0.100000,0.500000,true,2,256,1.000e-12,0.05000,4.800000,10,4.4757971443,6.2813293547,256,256,256,4096
open_n16_g0p100,16,0.100000,0.500000,true,2,256,1.000e-12,0.05000,4.800000,11,4.3019375004,6.0327820566,256,256,256,1024
open_n16_g0p100,16,0.100000,0.500000,true,2,256,1.000e-12,0.05000,4.800000,12,3.7894643508,5.4178625571,253,213,252,256
open_n16_g0p100,16,0.100000,0.500000,true,2,256,1.000e-12,0.05000,4.800000,13,3.2601692212,4.3756668708,64,62,64,64
open_n16_g0p100,16,0.100000,0.500000,true,2,256,1.000e-12,0.05000,4.800000,14,2.3857528290,3.0728068687,16,16,16,16
open_n16_g0p100,16,0.100000,0.500000,true,2,256,1.000e-12,0.05000,4.800000,15,1.5438556090,1.7672358792,4,4,4,4
open_n16_g0p100,16,0.100000,0.500000,true,2,256,1.000e-12,0.05000,5.600000,1,1.4836911116,1.7419605514,4,4,4,4
open_n16_g0p100,16,0.100000,0.500000,true,2,256,1.000e-12,0.05000,5.600000,2,2.1516485309,3.0489338930,16,16,16,16
open_n16_g0p100,16,0.100000,0.500000,true,2,256,1.000e-12,0.05000,5.600000,3,2.8189161757,4.3044865405,64,64,64,64
open_n16_g0p100,16,0.100000,0.500000,true,2,256,1.000e-12,0.05000,5.600000,4,3.2859470294,5.4143297601,255,237,255,256
open_n16_g0p100,16,0.100000,0.500000,true,2,256,1.000e-12,0.05000,5.600000,5,3.6732384935,5.9331077318,256,256,256,1024
open_n16_g0p100,16,0.100000,0.500000,true,2,256,1.000e-12,0.05000,5.600000,6,3.8470390995,6.1377004007,256,256,256,4096
open_n16_g0p100,16,0.100000,0.500000,true,2,256,1.000e-12,0.05000,5.600000,7,4.0154371310,6.2539938717,256,256,256,16384
open_n16_g0p100,16,0.100000,0.500000,true,2,256,1.000e-12,0.05000,5.600000,8,3.9442871673,6.2342144749,256,256,256,65536
open_n16_g0p100,16,0.100000,0.500000,true,2,256,1.000e-12,0.05000,5.600000,9,3.9058984573,6.1658547643,256,256,256,16384
open_n16_g0p100,16,0.100000,0.500000,true,2,256,1.000e-12,0.05000,5.600000,10,3.7147635537,6.0032499407,256,256,256,4096
open_n16_g0p100,16,0.100000,0.500000,true,2,256,1.000e-12,0.05000,5.600000,11,3.5700597191,5.7942262966,256,256,256,1024
open_n16_g0p100,16,0.100000,0.500000,true,2,256,1.000e-12,0.05000,5.600000,12,3.1802410220,5.1562871378,253,212,253,256
open_n16_g0p100,16,0.100000,0.500000,true,2,256,1.000e-12,0.05000,5.600000,13,2.6843721528,4.0993166296,64,61,64,64
open_n16_g0p100,16,0.100000,0.500000,true,2,256,1.000e-12,0.05000,5.600000,14,2.0013694908,2.8519590146,16,16,16,16
open_n16_g0p100,16,0.100000,0.500000,true,2,256,1.000e-12,0.05000,5.600000,15,1.3075379058,1.6354455292,4,4,4,4
open_n16_g0p100,16,0.100000,0.500000,true,2,256,1.000e-12,0.05000,6.400000,1,1.0546039743,1.4872426478,4,4,4,4
open_n16_g0p100,16,0.100000,0.500000,true,2,256,1.000e-12,0.05000,6.400000,2,1.5622813378,2.6958183437,16,16,16,16
open_n16_g0p100,16,0.100000,0.500000,true,2,256,1.000e-12,0.05000,6.400000,3,1.9674447419,3.8382762637,64,64,64,64
open_n16_g0p100,16,0.100000,0.500000,true,2,256,1.000e-12,0.05000,6.400000,4,2.2092985469,4.8190327708,256,234,256,256
open_n16_g0p100,16,0.100000,0.500000,true,2,256,1.000e-12,0.05000,6.400000,5,2.4238864356,5.2938551639,256,256,256,1024
open_n16_g0p100,16,0.100000,0.500000,true,2,256,1.000e-12,0.05000,6.400000,6,2.5549176562,5.4879105556,256,256,256,4096
open_n16_g0p100,16,0.100000,0.500000,true,2,256,1.000e-12,0.05000,6.400000,7,2.6418645827,5.5870481860,256,256,256,16384
open_n16_g0p100,16,0.100000,0.500000,true,2,256,1.000e-12,0.05000,6.400000,8,2.6510960623,5.5931589577,256,256,256,65536
open_n16_g0p100,16,0.100000,0.500000,true,2,256,1.000e-12,0.05000,6.400000,9,2.6610511305,5.5671568420,256,256,256,16384
open_n16_g0p100,16,0.100000,0.500000,true,2,256,1.000e-12,0.05000,6.400000,10,2.5822918230,5.4361894610,256,256,256,4096
open_n16_g0p100,16,0.100000,0.500000,true,2,256,1.000e-12,0.05000,6.400000,11,2.4616031256,5.2211687272,256,256,256,1024
open_n16_g0p100,16,0.100000,0.500000,true,2,256,1.000e-12,0.05000,6.400000,12,2.2135312021,4.6161922863,253,211,253,256
open_n16_g0p100,16,0.100000,0.500000,true,2,256,1.000e-12,0.05000,6.400000,13,1.8894966139,3.6130049314,64,61,64,64
open_n16_g0p100,16,0.100000,0.500000,true,2,256,1.000e-12,0.05000,6.400000,14,1.4532181621,2.4692016276,16,16,16,16
open_n16_g0p100,16,0.100000,0.500000,true,2,256,1.000e-12,0.05000,6.400000,15,0.8958893771,1.3672868092,4,4,4,4
open_n16_g0p100,16,0.100000,0.500000,true,2,256,1.000e-12,0.05000,7.200000,1,0.6513236096,1.1824234073,4,4,4,4
open_n16_g0p100,16,0.100000,0.500000,true,2,256,1.000e-12,0.05000,7.200000,2,0.9751753158,2.2214747078,16,16,16,16
open_n16_g0p100,16,0.100000,0.500000,true,2,256,1.000e-12,0.05000,7.200000,3,1.1883791108,3.2026656911,64,64,64,64
open_n16_g0p100,16,0.100000,0.500000,true,2,256,1.000e-12,0.05000,7.200000,4,1.3145912181,4.0839308472,256,231,256,256
open_n16_g0p100,16,0.100000,0.500000,true,2,256,1.000e-12,0.05000,7.200000,5,1.3989676106,4.4582155887,256,256,256,1024
open_n16_g0p100,16,0.100000,0.500000,true,2,256,1.000e-12,0.05000,7.200000,6,1.4662575694,4.6194876037,256,256,256,4096
open_n16_g0p100,16,0.100000,0.500000,true,2,256,1.000e-12,0.05000,7.200000,7,1.5139029812,4.6911647284,256,256,256,16384
open_n16_g0p100,16,0.100000,0.500000,true,2,256,1.000e-12,0.05000,7.200000,8,1.5494976446,4.7254587437,256,256,256,65536
open_n16_g0p100,16,0.100000,0.500000,true,2,256,1.000e-12,0.05000,7.200000,9,1.5589379862,4.7084077766,256,256,256,16384
open_n16_g0p100,16,0.100000,0.500000,true,2,256,1.000e-12,0.05000,7.200000,10,1.5414080174,4.6091264866,256,256,256,4096
open_n16_g0p100,16,0.100000,0.500000,true,2,256,1.000e-12,0.05000,7.200000,11,1.4848115828,4.4343745612,256,256,256,1024
open_n16_g0p100,16,0.100000,0.500000,true,2,256,1.000e-12,0.05000,7.200000,12,1.3400979148,3.8703350956,253,206,253,256
open_n16_g0p100,16,0.100000,0.500000,true,2,256,1.000e-12,0.05000,7.200000,13,1.1680329008,2.9999246881,64,60,64,64
open_n16_g0p100,16,0.100000,0.500000,true,2,256,1.000e-12,0.05000,7.200000,14,0.9542335929,2.0427739316,16,16,16,16
open_n16_g0p100,16,0.100000,0.500000,true,2,256,1.000e-12,0.05000,7.200000,15,0.5511999390,1.0793159028,4,4,4,4
open_n16_g0p100,16,0.100000,0.500000,true,2,256,1.000e-12,0.05000,8.000000,1,0.3812585632,0.9083357007,4,4,4,4
open_n16_g0p100,16,0.100000,0.500000,true,2,256,1.000e-12,0.05000,8.000000,2,0.5896528371,1.7731888304,16,16,16,16
open_n16_g0p100,16,0.100000,0.500000,true,2,256,1.000e-12,0.05000,8.000000,3,0.6814357457,2.5414884232,64,63,64,64
open_n16_g0p100,16,0.100000,0.500000,true,2,256,1.000e-12,0.05000,8.000000,4,0.7541409556,3.3079728874,256,223,256,256
open_n16_g0p100,16,0.100000,0.500000,true,2,256,1.000e-12,0.05000,8.000000,5,0.7952040859,3.6226036956,256,256,256,1024
open_n16_g0p100,16,0.100000,0.500000,true,2,256,1.000e-12,0.05000,8.000000,6,0.8273617309,3.7362777110,256,256,256,4096
open_n16_g0p100,16,0.100000,0.500000,true,2,256,1.000e-12,0.05000,8.000000,7,0.8597467301,3.7835930958,256,256,256,16384
open_n16_g0p100,16,0.100000,0.500000,true,2,256,1.000e-12,0.05000,8.000000,8,0.8863500313,3.8087169463,256,256,256,65536
open_n16_g0p100,16,0.100000,0.500000,true,2,256,1.000e-12,0.05000,8.000000,9,0.8987010832,3.8023308625,256,256,256,16384
open_n16_g0p100,16,0.100000,0.500000,true,2,256,1.000e-12,0.05000,8.000000,10,0.8905166464,3.7428069907,256,256,256,4096
open_n16_g0p100,16,0.100000,0.500000,true,2,256,1.000e-12,0.05000,8.000000,11,0.8551713999,3.5993726650,256,256,256,1024
open_n16_g0p100,16,0.100000,0.500000,true,2,256,1.000e-12,0.05000,8.000000,12,0.7883763642,3.1165123921,253,196,253,256
open_n16_g0p100,16,0.100000,0.500000,true,2,256,1.000e-12,0.05000,8.000000,13,0.7037906393,2.3948004549,64,59,64,64
open_n16_g0p100,16,0.100000,0.500000,true,2,256,1.000e-12,0.05000,8.000000,14,0.6012318532,1.6423249041,16,16,16,16
open_n16_g0p100,16,0.100000,0.500000,true,2,256,1.000e-12,0.05000,8.000000,15,0.3736533512,0.8850300265,4,4,4,4
open_n16_g0p100,16,0.100000,0.500000,true,2,256,1.000e-12,0.05000,8.800000,1,0.2270964910,0.6985263698,4,4,4,4
open_n16_g0p100,16,0.100000,0.500000,true,2,256,1.000e-12,0.05000,8.800000,2,0.3794724490,1.4256093079,16,16,16,16
open_n16_g0p100,16,0.100000,0.500000,true,2,256,1.000e-12,0.05000,8.800000,3,0.4134940772,1.9984552411,64,62,64,64
open_n16_g0p100,16,0.100000,0.500000,true,2,256,1.000e-12,0.05000,8.800000,4,0.4482663686,2.6028016645,256,213,256,256
open_n16_g0p100,16,0.100000,0.500000,true,2,256,1.000e-12,0.05000,8.800000,5,0.4725948668,2.8706833702,256,256,256,1024
open_n16_g0p100,16,0.100000,0.500000,true,2,256,1.000e-12,0.05000,8.800000,6,0.4956760058,2.9637121899,256,256,256,4096
open_n16_g0p100,16,0.100000,0.500000,true,2,256,1.000e-12,0.05000,8.800000,7,0.5165331839,2.9980802570,256,256,256,16384
open_n16_g0p100,16,0.100000,0.500000,true,2,256,1.000e-12,0.05000,8.800000,8,0.5403340066,3.0229242216,256,256,256,65536
open_n16_g0p100,16,0.100000,0.500000,true,2,256,1.000e-12,0.05000,8.800000,9,0.5475400531,3.0224245737,256,256,256,16384
open_n16_g0p100,16,0.100000,0.500000,true,2,256,1.000e-12,0.05000,8.800000,10,0.5329316409,2.9724927115,256,256,256,4096
open_n16_g0p100,16,0.100000,0.500000,true,2,256,1.000e-12,0.05000,8.800000,11,0.5092979098,2.8503885456,256,255,256,1024
open_n16_g0p100,16,0.100000,0.500000,true,2,256,1.000e-12,0.05000,8.800000,12,0.4845557929,2.4709868879,253,185,253,256
open_n16_g0p100,16,0.100000,0.500000,true,2,256,1.000e-12,0.05000,8.800000,13,0.4459702789,1.8921919812,64,55,64,64
open_n16_g0p100,16,0.100000,0.500000,true,2,256,1.000e-12,0.05000,8.800000,14,0.3931960245,1.3113144799,16,16,16,16
open_n16_g0p100,16,0.100000,0.500000,true,2,256,1.000e-12,0.05000,8.800000,15,0.2544441094,0.7243369854,4,4,4,4
open_n16_g0p100,16,0.100000,0.500000,true,2,256,1.000e-12,0.05000,9.600000,1,0.1476723206,0.5598065974,4,4,4,4
open_n16_g0p100,16,0.100000,0.500000,true,2,256,1.000e-12,0.05000,9.600000,2,0.2604452448,1.1599602425,16,16,16,16
open_n16_g0p100,16,0.100000,0.500000,true,2,256,1.000e-12,0.05000,9.600000,3,0.2748306952,1.5909808125,64,60,64,64
open_n16_g0p100,16,0.100000,0.500000,true,2,256,1.000e-12,0.05000,9.600000,4,0.2894663883,2.0481283731,256,204,256,256
open_n16_g0p100,16,0.100000,0.500000,true,2,256,1.000e-12,0.05000,9.600000,5,0.3047249326,2.2585960698,256,255,256,1024
open_n16_g0p100,16,0.100000,0.500000,true,2,256,1.000e-12,0.05000,9.600000,6,0.3200127608,2.3339637211,256,255,256,4096
open_n16_g0p100,16,0.100000,0.500000,true,2,256,1.000e-12,0.05000,9.600000,7,0.3351030538,2.3674012132,256,256,256,16384
open_n16_g0p100,16,0.100000,0.500000,true,2,256,1.000e-12,0.05000,9.600000,8,0.3491970158,2.3907794700,256,256,256,65536
open_n16_g0p100,16,0.100000,0.500000,true,2,256,1.000e-12,0.05000,9.600000,9,0.3490994551,2.3869288916,256,255,256,16384
open_n16_g0p100,16,0.100000,0.500000,true,2,256,1.000e-12,0.05000,9.600000,10,0.3384191705,2.3475921635,256,255,256,4096
open_n16_g0p100,16,0.100000,0.500000,true,2,256,1.000e-12,0.05000,9.600000,11,0.3300627201,2.2555187285,256,254,256,1024
open_n16_g0p100,16,0.100000,0.500000,true,2,256,1.000e-12,0.05000,9.600000,12,0.3176090511,1.9476365417,253,173,252,256
open_n16_g0p100,16,0.100000,0.500000,true,2,256,1.000e-12,0.05000,9.600000,13,0.2986517468,1.5064737781,64,51,64,64
open_n16_g0p100,16,0.100000,0.500000,true,2,256,1.000e-12,0.05000,9.600000,14,0.2763787887,1.0707518136,16,15,16,16
open_n16_g0p100,16,0.100000,0.500000,true,2,256,1.000e-12,0.05000,9.600000,15,0.1600623585,0.5689111839,4,4,4,4
open_n16_g0p100,16,0.100000,0.500000,true,2,256,1.000e-12,0.05000,10.400000,1,0.0993881368,0.4552167248,4,4,4,4
open_n16_g0p100,16,0.100000,0.500000,true,2,256,1.000e-12,0.05000,10.400000,2,0.1904073948,0.9717370598,16,16,16,16
open_n16_g0p100,16,0.100000,0.500000,true,2,256,1.000e-12,0.05000,10.400000,3,0.1941936542,1.2822287305,64,58,64,64
open_n16_g0p100,16,0.100000,0.500000,true,2,256,1.000e-12,0.05000,10.400000,4,0.2021224728,1.6306372977,256,191,256,256
open_n16_g0p100,16,0.100000,0.500000,true,2,256,1.000e-12,0.05000,10.400000,5,0.2121015859,1.7950837276,256,252,256,1024
open_n16_g0p100,16,0.100000,0.500000,true,2,256,1.000e-12,0.05000,10.400000,6,0.2227137482,1.8490985374,256,254,256,4096
open_n16_g0p100,16,0.100000,0.500000,true,2,256,1.000e-12,0.05000,10.400000,7,0.2306833592,1.8775673975,256,254,256,16384
open_n16_g0p100,16,0.100000,0.500000,true,2,256,1.000e-12,0.05000,10.400000,8,0.2345116076,1.8895294583,256,254,256,65536
open_n16_g0p100,16,0.100000,0.500000,true,2,256,1.000e-12,0.05000,10.400000,9,0.2327726220,1.8872439398,256,254,256,16384
open_n16_g0p100,16,0.100000,0.500000,true,2,256,1.000e-12,0.05000,10.400000,10,0.2305675562,1.8648733158,256,253,256,4096
open_n16_g0p100,16,0.100000,0.500000,true,2,256,1.000e-12,0.05000,10.400000,11,0.2265206253,1.7882304626,256,250,256,1024
open_n16_g0p100,16,0.100000,0.500000,true,2,256,1.000e-12,0.05000,10.400000,12,0.2211788264,1.5473067125,253,159,251,256
open_n16_g0p100,16,0.100000,0.500000,true,2,256,1.000e-12,0.05000,10.400000,13,0.2104511352,1.2138571764,64,47,64,64
open_n16_g0p100,16,0.100000,0.500000,true,2,256,1.000e-12,0.05000,10.400000,14,0.2004626451,0.8887639816,16,15,16,16
open_n16_g0p100,16,0.100000,0.500000,true,2,256,1.000e-12,0.05000,10.400000,15,0.1163936921,0.4781111348,4,4,4,4
open_n16_g0p100,16,0.100000,0.500000,true,2,256,1.000e-12,0.05000,11.200000,1,0.0670593044,0.3694492563,4,4,4,4
open_n16_g0p100,16,0.100000,0.500000,true,2,256,1.000e-12,0.05000,11.200000,2,0.1452233628,0.8262083385,16,16,16,16
open_n16_g0p100,16,0.100000,0.500000,true,2,256,1.000e-12,0.05000,11.200000,3,0.1435197877,1.0457625281,64,55,64,64
open_n16_g0p100,16,0.100000,0.500000,true,2,256,1.000e-12,0.05000,11.200000,4,0.1483977644,1.3066291235,256,175,255,256
open_n16_g0p100,16,0.100000,0.500000,true,2,256,1.000e-12,0.05000,11.200000,5,0.1553747901,1.4436921748,256,247,256,1024
open_n16_g0p100,16,0.100000,0.500000,true,2,256,1.000e-12,0.05000,11.200000,6,0.1624554817,1.4865109650,256,250,256,4096
open_n16_g0p100,16,0.100000,0.500000,true,2,256,1.000e-12,0.05000,11.200000,7,0.1654154865,1.5021585818,256,250,256,16384
open_n16_g0p100,16,0.100000,0.500000,true,2,256,1.000e-12,0.05000,11.200000,8,0.1651807688,1.5072348069,256,250,256,65536
open_n16_g0p100,16,0.100000,0.500000,true,2,256,1.000e-12,0.05000,11.200000,9,0.1643356502,1.5067221780,256,250,256,16384
open_n16_g0p100,16,0.100000,0.500000,true,2,256,1.000e-12,0.05000,11.200000,10,0.1641893912,1.4876077346,256,249,256,4096
open_n16_g0p100,16,0.100000,0.500000,true,2,256,1.000e-12,0.05000,11.200000,11,0.1634804006,1.4267748611,256,242,256,1024
open_n16_g0p100,16,0.100000,0.500000,true,2,256,1.000e-12,0.05000,11.200000,12,0.1602581050,1.2446102701,253,140,250,256
open_n16_g0p100,16,0.100000,0.500000,true,2,256,1.000e-12,0.05000,11.200000,13,0.1559678662,0.9961229574,64,45,64,64
open_n16_g0p100,16,0.100000,0.500000,true,2,256,1.000e-12,0.05000,11.200000,14,0.1485924169,0.7501889776,16,15,16,16
open_n16_g0p100,16,0.100000,0.500000,true,2,256,1.000e-12,0.05000,11.200000,15,0.0985712984,0.4323986021,4,4,4,4
open_n16_g0p100,16,0.100000,0.500000,true,2,256,1.000e-12,0.05000,12.000000,1,0.0491905371,0.3128199417,4,4,4,4
open_n16_g0p100,16,0.100000,0.500000,true,2,256,1.000e-12,0.05000,12.000000,2,0.1133479811,0.7060266102,16,16,16,16
open_n16_g0p100,16,0.100000,0.500000,true,2,256,1.000e-12,0.05000,12.000000,3,0.1107078614,0.8696928113,64,49,64,64
open_n16_g0p100,16,0.100000,0.500000,true,2,256,1.000e-12,0.05000,12.000000,4,0.1130495691,1.0591767148,256,159,254,256
open_n16_g0p100,16,0.100000,0.500000,true,2,256,1.000e-12,0.05000,12.000000,5,0.1168440907,1.1676322712,256,237,256,1024
open_n16_g0p100,16,0.100000,0.500000,true,2,256,1.000e-12,0.05000,12.000000,6,0.1211670272,1.2057168934,256,243,256,4096
open_n16_g0p100,16,0.100000,0.500000,true,2,256,1.000e-12,0.05000,12.000000,7,0.1219180767,1.2162135884,256,243,256,16384
open_n16_g0p100,16,0.100000,0.500000,true,2,256,1.000e-12,0.05000,12.000000,8,0.1216237496,1.2185955983,256,242,256,65536
open_n16_g0p100,16,0.100000,0.500000,true,2,256,1.000e-12,0.05000,12.000000,9,0.1210379276,1.2135816919,256,242,256,16384
open_n16_g0p100,16,0.100000,0.500000,true,2,256,1.000e-12,0.05000,12.000000,10,0.1219366027,1.1973643746,256,241,256,4096
open_n16_g0p100,16,0.100000,0.500000,true,2,256,1.000e-12,0.05000,12.000000,11,0.1213692599,1.1491512857,256,227,256,1024
open_n16_g0p100,16,0.100000,0.500000,true,2,256,1.000e-12,0.05000,12.000000,12,0.1203595757,1.0174635352,253,120,246,256
open_n16_g0p100,16,0.100000,0.500000,true,2,256,1.000e-12,0.05000,12.000000,13,0.1178639844,0.8268050175,64,43,64,64
open_n16_g0p100,16,0.100000,0.500000,true,2,256,1.000e-12,0.05000,12.000000,14,0.1162950364,0.6455122397,16,15,16,16
open_n16_g0p100,16,0.100000,0.500000,true,2,256,1.000e-12,0.05000,12.000000,15,0.0747750703,0.3709493707,4,4,4,4
open_n16_g0p100,16,0.100000,0.500000,true,2,256,1.000e-12,0.05000,12.800000,1,0.0385658954,0.2732508990,4,4,4,4
open_n16_g0p100,16,0.100000,0.500000,true,2,256,1.000e-12,0.05000,12.800000,2,0.0906988308,0.6130644497,16,16,16,16
open_n16_g0p100,16,0.100000,0.500000,true,2,256,1.000e-12,0.05000,12.800000,3,0.0876419190,0.7383175738,64,48,64,64
open_n16_g0p100,16,0.100000,0.500000,true,2,256,1.000e-12,0.05000,12.800000,4,0.0886621504,0.8752667748,256,139,252,256
open_n16_g0p100,16,0.100000,0.500000,true,2,256,1.000e-12,0.05000,12.800000,5,0.0902338386,0.9537714144,256,220,256,1024
open_n16_g0p100,16,0.100000,0.500000,true,2,256,1.000e-12,0.05000,12.800000,6,0.0917555011,0.9837148315,256,229,256,4096
open_n16_g0p100,16,0.100000,0.500000,true,2,256,1.000e-12,0.05000,12.800000,7,0.0920554286,0.9942414432,256,229,256,16384
open_n16_g0p100,16,0.100000,0.500000,true,2,256,1.000e-12,0.05000,12.800000,8,0.0919661612,0.9938793101,256,228,256,65536
open_n16_g0p100,16,0.100000,0.500000,true,2,256,1.000e-12,0.05000,12.800000,9,0.0924414200,0.9890632561,256,228,256,16384
open_n16_g0p100,16,0.100000,0.500000,true,2,256,1.000e-12,0.05000,12.800000,10,0.0932031458,0.9770888109,256,225,256,4096
open_n16_g0p100,16,0.100000,0.500000,true,2,256,1.000e-12,0.05000,12.800000,11,0.0929391322,0.9407789826,256,204,256,1024
open_n16_g0p100,16,0.100000,0.500000,true,2,256,1.000e-12,0.05000,12.800000,12,0.0924527267,0.8373332457,253,105,242,256
open_n16_g0p100,16,0.100000,0.500000,true,2,256,1.000e-12,0.05000,12.800000,13,0.0922014764,0.6956880000,64,40,63,64
open_n16_g0p100,16,0.100000,0.500000,true,2,256,1.000e-12,0.05000,12.800000,14,0.0915655641,0.5532693947,16,15,16,16
open_n16_g0p100,16,0.100000,0.500000,true,2,256,1.000e-12,0.05000,12.800000,15,0.0547008387,0.3129283698,4,4,4,4
open_n16_g0p100,16,0.100000,0.500000,true,2,256,1.000e-12,0.05000,13.600000,1,0.0294015222,0.2352690953,4,4,4,4
open_n16_g0p100,16,0.100000,0.500000,true,2,256,1.000e-12,0.05000,13.600000,2,0.0731110824,0.5355763220,16,16,16,16
open_n16_g0p100,16,0.100000,0.500000,true,2,256,1.000e-12,0.05000,13.600000,3,0.0707837948,0.6319279375,64,45,64,64
open_n16_g0p100,16,0.100000,0.500000,true,2,256,1.000e-12,0.05000,13.600000,4,0.0704280581,0.7336416580,256,118,250,256
open_n16_g0p100,16,0.100000,0.500000,true,2,256,1.000e-12,0.05000,13.600000,5,0.0710003439,0.7910532636,256,193,256,1024
open_n16_g0p100,16,0.100000,0.500000,true,2,256,1.000e-12,0.05000,13.600000,6,0.0707536940,0.8104335715,256,207,256,4096
open_n16_g0p100,16,0.100000,0.500000,true,2,256,1.000e-12,0.05000,13.600000,7,0.0709440116,0.8178676817,256,208,256,16384
open_n16_g0p100,16,0.100000,0.500000,true,2,256,1.000e-12,0.05000,13.600000,8,0.0713403902,0.8177919790,256,207,256,65536
open_n16_g0p100,16,0.100000,0.500000,true,2,256,1.000e-12,0.05000,13.600000,9,0.0722022975,0.8155419046,256,206,256,16384
open_n16_g0p100,16,0.100000,0.500000,true,2,256,1.000e-12,0.05000,13.600000,10,0.0728244201,0.8074436184,256,201,256,4096
open_n16_g0p100,16,0.100000,0.500000,true,2,256,1.000e-12,0.05000,13.600000,11,0.0722148079,0.7771558554,256,173,256,1024
open_n16_g0p100,16,0.100000,0.500000,true,2,256,1.000e-12,0.05000,13.600000,12,0.0730011550,0.6981387998,253,90,235,256
open_n16_g0p100,16,0.100000,0.500000,true,2,256,1.000e-12,0.05000,13.600000,13,0.0734955519,0.5916759830,64,36,63,64
open_n16_g0p100,16,0.100000,0.500000,true,2,256,1.000e-12,0.05000,13.600000,14,0.0700176930,0.4734888522,16,14,16,16
open_n16_g0p100,16,0.100000,0.500000,true,2,256,1.000e-12,0.05000,13.600000,15,0.0478684939,0.2883733452,4,4,4,4
open_n16_g0p100,16,0.100000,0.500000,true,2,256,1.000e-12,0.05000,14.400000,1,0.0222302431,0.2019828693,4,4,4,4
open_n16_g0p100,16,0.100000,0.500000,true,2,256,1.000e-12,0.05000,14.400000,2,0.0585383039,0.4681985582,16,15,16,16
open_n16_g0p100,16,0.100000,0.500000,true,2,256,1.000e-12,0.05000,14.400000,3,0.0581488840,0.5430573351,64,40,64,64
open_n16_g0p100,16,0.100000,0.500000,true,2,256,1.000e-12,0.05000,14.400000,4,0.0562537597,0.6171963128,255,97,244,256
open_n16_g0p100,16,0.100000,0.500000,true,2,256,1.000e-12,0.05000,14.400000,5,0.0564691075,0.6627711286,256,159,256,1024
open_n16_g0p100,16,0.100000,0.500000,true,2,256,1.000e-12,0.05000,14.400000,6,0.0558251073,0.6757043789,256,177,256,4096
open_n16_g0p100,16,0.100000,0.500000,true,2,256,1.000e-12,0.05000,14.400000,7,0.0559121839,0.6803446860,256,180,256,16384
open_n16_g0p100,16,0.100000,0.500000,true,2,256,1.000e-12,0.05000,14.400000,8,0.0566442445,0.6806653473,256,180,256,65536
open_n16_g0p100,16,0.100000,0.500000,true,2,256,1.000e-12,0.05000,14.400000,9,0.0573777310,0.6803901524,256,178,256,16384
open_n16_g0p100,16,0.100000,0.500000,true,2,256,1.000e-12,0.05000,14.400000,10,0.0576167183,0.6723094950,256,169,256,4096
open_n16_g0p100,16,0.100000,0.500000,true,2,256,1.000e-12,0.05000,14.400000,11,0.0572248414,0.6467027511,256,137,256,1024
open_n16_g0p100,16,0.100000,0.500000,true,2,256,1.000e-12,0.05000,14.400000,12,0.0588839422,0.5908068569,249,74,226,256
open_n16_g0p100,16,0.100000,0.500000,true,2,256,1.000e-12,0.05000,14.400000,13,0.0584987999,0.5060233251,64,32,63,64
open_n16_g0p100,16,0.100000,0.500000,true,2,256,1.000e-12,0.05000,14.400000,14,0.0546165568,0.4100322141,16,13,16,16
open_n16_g0p100,16,0.100000,0.500000,true,2,256,1.000e-12,0.05000,14.400000,15,0.0424700489,0.2679167382,4,4,4,4
open_n16_g0p100,16,0.100000,0.500000,true,2,256,1.000e-12,0.05000,15.200000,1,0.0182130913,0.1802814265,4,4,4,4
open_n16_g0p100,16,0.100000,0.500000,true,2,256,1.000e-12,0.05000,15.200000,2,0.0465374552,0.4055307452,16,14,16,16
open_n16_g0p100,16,0.100000,0.500000,true,2,256,1.000e-12,0.05000,15.200000,3,0.0481303376,0.4719573920,64,37,64,64
open_n16_g0p100,16,0.100000,0.500000,true,2,256,1.000e-12,0.05000,15.200000,4,0.0454855318,0.5214015411,255,78,238,256
open_n16_g0p100,16,0.100000,0.500000,true,2,256,1.000e-12,0.05000,15.200000,5,0.0451905395,0.5573317898,256,124,256,1024
open_n16_g0p100,16,0.100000,0.500000,true,2,256,1.000e-12,0.05000,15.200000,6,0.0449144653,0.5678486672,256,142,256,4096
open_n16_g0p100,16,0.100000,0.500000,true,2,256,1.000e-12,0.05000,15.200000,7,0.0450155984,0.5716466717,256,148,256,16384
open_n16_g0p100,16,0.100000,0.500000,true,2,256,1.000e-12,0.05000,15.200000,8,0.0456466714,0.5738966204,256,149,256,65536
open_n16_g0p100,16,0.100000,0.500000,true,2,256,1.000e-12,0.05000,15.200000,9,0.0460170884,0.5720915920,256,145,256,16384
open_n16_g0p100,16,0.100000,0.500000,true,2,256,1.000e-12,0.05000,15.200000,10,0.0462498909,0.5640093820,256,134,256,4096
open_n16_g0p100,16,0.100000,0.500000,true,2,256,1.000e-12,0.05000,15.200000,11,0.0462434593,0.5431723726,256,105,256,1024
open_n16_g0p100,16,0.100000,0.500000,true,2,256,1.000e-12,0.05000,15.200000,12,0.0479664317,0.5040353870,244,60,217,256
open_n16_g0p100,16,0.100000,0.500000,true,2,256,1.000e-12,0.05000,15.200000,13,0.0460808466,0.4319727309,64,28,62,64
open_n16_g0p100,16,0.100000,0.500000,true,2,256,1.000e-12,0.05000,15.200000,14,0.0448113990,0.3598015475,16,11,16,16
open_n16_g0p100,16,0.100000,0.500000,true,2,256,1.000e-12,0.05000,15.200000,15,0.0335299813,0.2350629235,4,4,4,4
open_n16_g0p100,16,0.100000,0.500000,true,2,256,1.000e-12,0.05000,16.000000,1,0.0151601465,0.1623325267,4,4,4,4
open_n16_g0p100,16,0.100000,0.500000,true,2,256,1.000e-12,0.05000,16.000000,2,0.0372004035,0.3513623666,16,13,16,16
open_n16_g0p100,16,0.100000,0.500000,true,2,256,1.000e-12,0.05000,16.000000,3,0.0395267588,0.4080795910,64,32,63,64
open_n16_g0p100,16,0.100000,0.500000,true,2,256,1.000e-12,0.05000,16.000000,4,0.0374941469,0.4489413478,253,62,230,256
open_n16_g0p100,16,0.100000,0.500000,true,2,256,1.000e-12,0.05000,16.000000,5,0.0366573443,0.4723344415,256,93,256,1024
open_n16_g0p100,16,0.100000,0.500000,true,2,256,1.000e-12,0.05000,16.000000,6,0.0367024211,0.4817967443,256,109,256,4096
open_n16_g0p100,16,0.100000,0.500000,true,2,256,1.000e-12,0.05000,16.000000,7,0.0369124080,0.4854537107,256,116,256,16384
open_n16_g0p100,16,0.100000,0.500000,true,2,256,1.000e-12,0.05000,16.000000,8,0.0371136439,0.4875749671,256,117,256,65536
open_n16_g0p100,16,0.100000,0.500000,true,2,256,1.000e-12,0.05000,16.000000,9,0.0372293823,0.4855317400,256,113,256,16384
open_n16_g0p100,16,0.100000,0.500000,true,2,256,1.000e-12,0.05000,16.000000,10,0.0377755664,0.4786219450,256,102,256,4096
open_n16_g0p100,16,0.100000,0.500000,true,2,256,1.000e-12,0.05000,16.000000,11,0.0378220295,0.4624764965,256,79,256,1024
open_n16_g0p100,16,0.100000,0.500000,true,2,256,1.000e-12,0.05000,16.000000,12,0.0390255823,0.4305620205,234,47,209,256
open_n16_g0p100,16,0.100000,0.500000,true,2,256,1.000e-12,0.05000,16.000000,13,0.0369541117,0.3719877415,64,24,60,64
open_n16_g0p100,16,0.100000,0.500000,true,2,256,1.000e-12,0.05000,16.000000,14,0.0364349191,0.3152652861,16,10,16,16
open_n16_g0p100,16,0.100000,0.500000,true,2,256,1.000e-12,0.05000,16.000000,15,0.0272740021,0.2091891774,4,4,4,4
open_n16_g0p100,16,0.100000,0.500000,true,2,256,1.000e-12,0.05000,16.800000,1,0.0118167669,0.1414597487,4,4,4,4
open_n16_g0p100,16,0.100000,0.500000,true,2,256,1.000e-12,0.05000,16.800000,2,0.0301172820,0.3101440070,16,12,16,16
open_n16_g0p100,16,0.100000,0.500000,true,2,256,1.000e-12,0.05000,16.800000,3,0.0321761772,0.3508420668,64,28,63,64
open_n16_g0p100,16,0.100000,0.500000,true,2,256,1.000e-12,0.05000,16.800000,4,0.0311933237,0.3891347327,247,47,220,256
open_n16_g0p100,16,0.100000,0.500000,true,2,256,1.000e-12,0.05000,16.800000,5,0.0302966804,0.4056767343,256,69,256,1024
open_n16_g0p100,16,0.100000,0.500000,true,2,256,1.000e-12,0.05000,16.800000,6,0.0303425107,0.4135016830,256,82,256,4096
open_n16_g0p100,16,0.100000,0.500000,true,2,256,1.000e-12,0.05000,16.800000,7,0.0305972673,0.4174966151,256,88,256,16384
open_n16_g0p100,16,0.100000,0.500000,true,2,256,1.000e-12,0.05000,16.800000,8,0.0304255494,0.4168428630,256,89,256,65536
open_n16_g0p100,16,0.100000,0.500000,true,2,256,1.000e-12,0.05000,16.800000,9,0.0305361779,0.4151880102,256,86,256,16384
open_n16_g0p100,16,0.100000,0.500000,true,2,256,1.000e-12,0.05000,16.800000,10,0.0311684029,0.4110676946,256,77,256,4096
open_n16_g0p100,16,0.100000,0.500000,true,2,256,1.000e-12,0.05000,16.800000,11,0.0309631679,0.3966753072,256,60,256,1024
open_n16_g0p100,16,0.100000,0.500000,true,2,256,1.000e-12,0.05000,16.800000,12,0.0319782168,0.3700904184,224,40,199,256
open_n16_g0p100,16,0.100000,0.500000,true,2,256,1.000e-12,0.05000,16.800000,13,0.0299670951,0.3224809216,63,21,59,64
open_n16_g0p100,16,0.100000,0.500000,true,2,256,1.000e-12,0.05000,16.800000,14,0.0291914631,0.2766932211,16,9,16,16
open_n16_g0p100,16,0.100000,0.500000,true,2,256,1.000e-12,0.05000,16.800000,15,0.0243093851,0.1949386681,4,4,4,4
open_n16_g0p100,16,0.100000,0.500000,true,2,256,1.000e-12,0.05000,17.600000,1,0.0093351412,0.1239111228,4,4,4,4
open_n16_g0p100,16,0.100000,0.500000,true,2,256,1.000e-12,0.05000,17.600000,2,0.0246680107,0.2741003879,16,11,16,16
open_n16_g0p100,16,0.100000,0.500000,true,2,256,1.000e-12,0.05000,17.600000,3,0.0261432351,0.3052540281,64,24,62,64
open_n16_g0p100,16,0.100000,0.500000,true,2,256,1.000e-12,0.05000,17.600000,4,0.0260523600,0.3354114373,236,37,213,256
open_n16_g0p100,16,0.100000,0.500000,true,2,256,1.000e-12,0.05000,17.600000,5,0.0253978220,0.3518085552,256,51,256,1024
open_n16_g0p100,16,0.100000,0.500000,true,2,256,1.000e-12,0.05000,17.600000,6,0.0253383011,0.3586402564,256,60,256,4096
open_n16_g0p100,16,0.100000,0.500000,true,2,256,1.000e-12,0.05000,17.600000,7,0.0254268220,0.3626224094,256,65,256,16384
open_n16_g0p100,16,0.100000,0.500000,true,2,256,1.000e-12,0.05000,17.600000,8,0.0253025892,0.3604742490,256,66,256,65536
open_n16_g0p100,16,0.100000,0.500000,true,2,256,1.000e-12,0.05000,17.600000,9,0.0253881355,0.3578260951,256,64,256,16384
open_n16_g0p100,16,0.100000,0.500000,true,2,256,1.000e-12,0.05000,17.600000,10,0.0256653093,0.3547879095,256,58,256,4096
open_n16_g0p100,16,0.100000,0.500000,true,2,256,1.000e-12,0.05000,17.600000,11,0.0255997315,0.3428595780,256,46,255,1024
open_n16_g0p100,16,0.100000,0.500000,true,2,256,1.000e-12,0.05000,17.600000,12,0.0263757267,0.3215071910,216,32,188,256
open_n16_g0p100,16,0.100000,0.500000,true,2,256,1.000e-12,0.05000,17.600000,13,0.0241317588,0.2803051871,63,18,56,64
open_n16_g0p100,16,0.100000,0.500000,true,2,256,1.000e-12,0.05000,17.600000,14,0.0243418376,0.2462202416,16,9,16,16
open_n16_g0p100,16,0.100000,0.500000,true,2,256,1.000e-12,0.05000,17.600000,15,0.0203938155,0.1762248562,4,4,4,4
open_n16_g0p100,16,0.100000,0.500000,true,2,256,1.000e-12,0.05000,18.400000,1,0.0078287467,0.1117204114,4,4,4,4
open_n16_g0p100,16,0.100000,0.500000,true,2,256,1.000e-12,0.05000,18.400000,2,0.0206404269,0.2419291477,16,10,16,16
open_n16_g0p100,16,0.100000,0.500000,true,2,256,1.000e-12,0.05000,18.400000,3,0.0211691022,0.2671143432,64,20,60,64
open_n16_g0p100,16,0.100000,0.500000,true,2,256,1.000e-12,0.05000,18.400000,4,0.0219222560,0.2906653695,226,32,204,256
open_n16_g0p100,16,0.100000,0.500000,true,2,256,1.000e-12,0.05000,18.400000,5,0.0213893483,0.3063682924,256,39,255,1024
open_n16_g0p100,16,0.100000,0.500000,true,2,256,1.000e-12,0.05000,18.400000,6,0.0213054685,0.3141783693,256,45,256,4096
open_n16_g0p100,16,0.100000,0.500000,true,2,256,1.000e-12,0.05000,18.400000,7,0.0212194959,0.3162405547,256,49,256,16384
open_n16_g0p100,16,0.100000,0.500000,true,2,256,1.000e-12,0.05000,18.400000,8,0.0213043447,0.3152044604,256,49,256,65536
open_n16_g0p100,16,0.100000,0.500000,true,2,256,1.000e-12,0.05000,18.400000,9,0.0212552285,0.3118463888,256,48,256,16384
open_n16_g0p100,16,0.100000,0.500000,true,2,256,1.000e-12,0.05000,18.400000,10,0.0211778870,0.3079416012,256,45,256,4096
open_n16_g0p100,16,0.100000,0.500000,true,2,256,1.000e-12,0.05000,18.400000,11,0.0214535093,0.2990429542,256,37,254,1024
open_n16_g0p100,16,0.100000,0.500000,true,2,256,1.000e-12,0.05000,18.400000,12,0.0215449822,0.2805704390,207,26,177,256
open_n16_g0p100,16,0.100000,0.500000,true,2,256,1.000e-12,0.05000,18.400000,13,0.0197916880,0.2458789294,63,15,53,64
open_n16_g0p100,16,0.100000,0.500000,true,2,256,1.000e-12,0.05000,18.400000,14,0.0206717236,0.2206460405,16,8,16,16
open_n16_g0p100,16,0.100000,0.500000,true,2,256,1.000e-12,0.05000,18.400000,15,0.0161627259,0.1547590645,4,4,4,4
open_n16_g0p100,16,0.100000,0.500000,true,2,256,1.000e-12,0.05000,19.200000,1,0.0063355628,0.0988359174,4,4,4,4
open_n16_g0p100,16,0.100000,0.500000,true,2,256,1.000e-12,0.05000,19.200000,2,0.0176122709,0.2184765531,16,9,16,16
open_n16_g0p100,16,0.100000,0.500000,true,2,256,1.000e-12,0.05000,19.200000,3,0.0172144952,0.2321199527,64,17,58,64
open_n16_g0p100,16,0.100000,0.500000,true,2,256,1.000e-12,0.05000,19.200000,4,0.0185041569,0.2557135467,220,26,194,256
open_n16_g0p100,16,0.100000,0.500000,true,2,256,1.000e-12,0.05000,19.200000,5,0.0180516377,0.2688837609,256,31,254,1024
open_n16_g0p100,16,0.100000,0.500000,true,2,256,1.000e-12,0.05000,19.200000,6,0.0179470620,0.2764727217,256,35,255,4096
open_n16_g0p100,16,0.100000,0.500000,true,2,256,1.000e-12,0.05000,19.200000,7,0.0178772672,0.2771904319,256,37,256,16384
open_n16_g0p100,16,0.100000,0.500000,true,2,256,1.000e-12,0.05000,19.200000,8,0.0180012436,0.2777405037,256,38,256,65536
open_n16_g0p100,16,0.100000,0.500000,true,2,256,1.000e-12,0.05000,19.200000,9,0.0178341966,0.2749340156,256,36,256,16384
open_n16_g0p100,16,0.100000,0.500000,true,2,256,1.000e-12,0.05000,19.200000,10,0.0176839157,0.2697620932,256,33,255,4096
open_n16_g0p100,16,0.100000,0.500000,true,2,256,1.000e-12,0.05000,19.200000,11,0.0179869051,0.2622997027,256,28,252,1024
open_n16_g0p100,16,0.100000,0.500000,true,2,256,1.000e-12,0.05000,19.200000,12,0.0174957198,0.2453384906,195,21,165,256
open_n16_g0p100,16,0.100000,0.500000,true,2,256,1.000e-12,0.05000,19.200000,13,0.0168300165,0.2192227279,61,14,49,64
open_n16_g0p100,16,0.100000,0.500000,true,2,256,1.000e-12,0.05000,19.200000,14,0.0168803017,0.1958207800,16,8,16,16
open_n16_g0p100,16,0.100000,0.500000,true,2,256,1.000e-12,0.05000,19.200000,15,0.0139255061,0.1418809488,4,4,4,4
open_n16_g0p100,16,0.100000,0.500000,true,2,256,1.000e-12,0.05000,20.000000,1,0.0049162307,0.0856367468,4,4,4,4
open_n16_g0p100,16,0.100000,0.500000,true,2,256,1.000e-12,0.05000,20.000000,2,0.0150038936,0.1986632507,16,9,16,16
open_n16_g0p100,16,0.100000,0.500000,true,2,256,1.000e-12,0.05000,20.000000,3,0.0143357823,0.2040808802,63,15,56,64
open_n16_g0p100,16,0.100000,0.500000,true,2,256,1.000e-12,0.05000,20.000000,4,0.0155141832,0.2256861483,213,21,181,256
open_n16_g0p100,16,0.100000,0.500000,true,2,256,1.000e-12,0.05000,20.000000,5,0.0152766686,0.2380931410,256,25,251,1024
open_n16_g0p100,16,0.100000,0.500000,true,2,256,1.000e-12,0.05000,20.000000,6,0.0151469886,0.2435546548,256,28,254,4096
open_n16_g0p100,16,0.100000,0.500000,true,2,256,1.000e-12,0.05000,20.000000,7,0.0151891279,0.2455081459,256,29,255,16384
open_n16_g0p100,16,0.100000,0.500000,true,2,256,1.000e-12,0.05000,20.000000,8,0.0151485859,0.2459367186,256,30,255,65536
open_n16_g0p100,16,0.100000,0.500000,true,2,256,1.000e-12,0.05000,20.000000,9,0.0150306640,0.2436556830,256,29,255,16384
open_n16_g0p100,16,0.100000,0.500000,true,2,256,1.000e-12,0.05000,20.000000,10,0.0149517819,0.2387897322,256,26,254,4096
open_n16_g0p100,16,0.100000,0.500000,true,2,256,1.000e-12,0.05000,20.000000,11,0.0149963091,0.2315476110,256,22,248,1024
open_n16_g0p100,16,0.100000,0.500000,true,2,256,1.000e-12,0.05000,20.000000,12,0.0144366514,0.2156612311,186,17,152,256
open_n16_g0p100,16,0.100000,0.500000,true,2,256,1.000e-12,0.05000,20.000000,13,0.0143066828,0.1969397388,58,13,47,64
open_n16_g0p100,16,0.100000,0.500000,true,2,256,1.000e-12,0.05000,20.000000,14,0.0137305876,0.1742320218,16,7,16,16
open_n16_g0p100,16,0.100000,0.500000,true,2,256,1.000e-12,0.05000,20.000000,15,0.0124545950,0.1326453735,4,4,4,4
open_n16_g0p100,16,0.100000,0.500000,true,2,256,1.000e-12,0.05000,20.800000,1,0.0040521711,0.0765249985,4,4,4,4
open_n16_g0p100,16,0.100000,0.500000,true,2,256,1.000e-12,0.05000,20.800000,2,0.0126269461,0.1782947302,16,8,16,16
open_n16_g0p100,16,0.100000,0.500000,true,2,256,1.000e-12,0.05000,20.800000,3,0.0122389523,0.1836702307,63,13,51,64
open_n16_g0p100,16,0.100000,0.500000,true,2,256,1.000e-12,0.05000,20.800000,4,0.0129188035,0.1989348045,203,17,167,256
open_n16_g0p100,16,0.100000,0.500000,true,2,256,1.000e-12,0.05000,20.800000,5,0.0129623887,0.2114694281,256,20,247,1024
open_n16_g0p100,16,0.100000,0.500000,true,2,256,1.000e-12,0.05000,20.800000,6,0.0128581249,0.2156060698,256,23,253,4096
open_n16_g0p100,16,0.100000,0.500000,true,2,256,1.000e-12,0.05000,20.800000,7,0.0128603580,0.2188088487,256,24,254,16384
open_n16_g0p100,16,0.100000,0.500000,true,2,256,1.000e-12,0.05000,20.800000,8,0.0127585651,0.2189698309,256,24,254,65536
open_n16_g0p100,16,0.100000,0.500000,true,2,256,1.000e-12,0.05000,20.800000,9,0.0127535703,0.2167811528,256,23,254,16384
open_n16_g0p100,16,0.100000,0.500000,true,2,256,1.000e-12,0.05000,20.800000,10,0.0126657558,0.2131587135,256,21,252,4096
open_n16_g0p100,16,0.100000,0.500000,true,2,256,1.000e-12,0.05000,20.800000,11,0.0125307057,0.2052683173,256,19,242,1024
open_n16_g0p100,16,0.100000,0.500000,true,2,256,1.000e-12,0.05000,20.800000,12,0.0121520050,0.1913659952,173,15,137,256
open_n16_g0p100,16,0.100000,0.500000,true,2,256,1.000e-12,0.05000,20.800000,13,0.0118482637,0.1757692573,58,11,46,64
open_n16_g0p100,16,0.100000,0.500000,true,2,256,1.000e-12,0.05000,20.800000,14,0.0117519113,0.1573742941,16,7,15,16
open_n16_g0p100,16,0.100000,0.500000,true,2,256,1.000e-12,0.05000,20.800000,15,0.0103071403,0.1191587184,4,4,4,4
open_n16_g0p100,16,0.100000,0.500000,true,2,256,1.000e-12,0.05000,21.600000,1,0.0034859858,0.0698383641,4,4,4,4
open_n16_g0p100,16,0.100000,0.500000,true,2,256,1.000e-12,0.05000,21.600000,2,0.0106441191,0.1602465638,16,8,16,16
open_n16_g0p100,16,0.100000,0.500000,true,2,256,1.000e-12,0.05000,21.600000,3,0.0104916879,0.1658719582,61,12,49,64
open_n16_g0p100,16,0.100000,0.500000,true,2,256,1.000e-12,0.05000,21.600000,4,0.0107663813,0.1761404317,189,14,151,256
open_n16_g0p100,16,0.100000,0.500000,true,2,256,1.000e-12,0.05000,21.600000,5,0.0110138708,0.1874273913,256,16,240,1024
open_n16_g0p100,16,0.100000,0.500000,true,2,256,1.000e-12,0.05000,21.600000,6,0.0109683735,0.1932748225,256,19,250,4096
open_n16_g0p100,16,0.100000,0.500000,true,2,256,1.000e-12,0.05000,21.600000,7,0.0108238495,0.1954715066,256,20,252,16384
open_n16_g0p100,16,0.100000,0.500000,true,2,256,1.000e-12,0.05000,21.600000,8,0.0108103427,0.1959659730,256,20,252,65536
open_n16_g0p100,16,0.100000,0.500000,true,2,256,1.000e-12,0.05000,21.600000,9,0.0108377727,0.1940448525,256,19,252,16384
open_n16_g0p100,16,0.100000,0.500000,true,2,256,1.000e-12,0.05000,21.600000,10,0.0107058324,0.1908718583,256,18,249,4096
open_n16_g0p100,16,0.100000,0.500000,true,2,256,1.000e-12,0.05000,21.600000,11,0.0105797067,0.1828893744,256,16,232,1024
open_n16_g0p100,16,0.100000,0.500000,true,2,256,1.000e-12,0.05000,21.600000,12,0.0102568007,0.1711704893,160,13,124,256
open_n16_g0p100,16,0.100000,0.500000,true,2,256,1.000e-12,0.05000,21.600000,13,0.0098322039,0.1561337786,55,10,45,64
open_n16_g0p100,16,0.100000,0.500000,true,2,256,1.000e-12,0.05000,21.600000,14,0.0101719961,0.1430572560,16,6,15,16
open_n16_g0p100,16,0.100000,0.500000,true,2,256,1.000e-12,0.05000,21.600000,15,0.0083324835,0.1057579801,4,4,4,4
open_n16_g0p100,16,0.100000,0.500000,true,2,256,1.000e-12,0.05000,22.400000,1,0.0028830703,0.0625436231,4,4,4,4
open_n16_g0p100,16,0.100000,0.500000,true,2,256,1.000e-12,0.05000,22.400000,2,0.0090854033,0.1458041944,16,8,16,16
open_n16_g0p100,16,0.100000,0.500000,true,2,256,1.000e-12,0.05000,22.400000,3,0.0089173753,0.1487391063,60,10,49,64
open_n16_g0p100,16,0.100000,0.500000,true,2,256,1.000e-12,0.05000,22.400000,4,0.0090557320,0.1569686328,173,13,136,256
open_n16_g0p100,16,0.100000,0.500000,true,2,256,1.000e-12,0.05000,22.400000,5,0.0093515683,0.1662129197,256,15,230,1024
open_n16_g0p100,16,0.100000,0.500000,true,2,256,1.000e-12,0.05000,22.400000,6,0.0093305489,0.1738153823,256,16,246,4096
open_n16_g0p100,16,0.100000,0.500000,true,2,256,1.000e-12,0.05000,22.400000,7,0.0091333072,0.1751118344,256,17,249,16384
open_n16_g0p100,16,0.100000,0.500000,true,2,256,1.000e-12,0.05000,22.400000,8,0.0091876425,0.1758725321,256,17,250,65536
open_n16_g0p100,16,0.100000,0.500000,true,2,256,1.000e-12,0.05000,22.400000,9,0.0091740736,0.1745643533,256,16,249,16384
open_n16_g0p100,16,0.100000,0.500000,true,2,256,1.000e-12,0.05000,22.400000,10,0.0090814404,0.1707133501,256,15,244,4096
open_n16_g0p100,16,0.100000,0.500000,true,2,256,1.000e-12,0.05000,22.400000,11,0.0089732656,0.1639699332,256,15,219,1024
open_n16_g0p100,16,0.100000,0.500000,true,2,256,1.000e-12,0.05000,22.400000,12,0.0086452855,0.1535039198,147,12,113,256
open_n16_g0p100,16,0.100000,0.500000,true,2,256,1.000e-12,0.05000,22.400000,13,0.0083317430,0.1394836874,53,9,42,64
open_n16_g0p100,16,0.100000,0.500000,true,2,256,1.000e-12,0.05000,22.400000,14,0.0085913799,0.1298073902,16,6,15,16
open_n16_g0p100,16,0.100000,0.500000,true,2,256,1.000e-12,0.05000,22.400000,15,0.0071285489,0.0966787976,4,4,4,4
open_n16_g0p100,16,0.100000,0.500000,true,2,256,1.000e-12,0.05000,23.200000,1,0.0023763602,0.0559546368,4,4,4,4
open_n16_g0p100,16,0.100000,0.500000,true,2,256,1.000e-12,0.05000,23.200000,2,0.0077995909,0.1328806716,16,8,16,16
open_n16_g0p100,16,0.100000,0.500000,true,2,256,1.000e-12,0.05000,23.200000,3,0.0075366222,0.1333217880,56,10,47,64
open_n16_g0p100,16,0.100000,0.500000,true,2,256,1.000e-12,0.05000,23.200000,4,0.0076964793,0.1398198085,156,12,122,256
open_n16_g0p100,16,0.100000,0.500000,true,2,256,1.000e-12,0.05000,23.200000,5,0.0079108671,0.1486407608,256,13,216,1024
open_n16_g0p100,16,0.100000,0.500000,true,2,256,1.000e-12,0.05000,23.200000,6,0.0079030260,0.1556175365,256,14,239,4096
open_n16_g0p100,16,0.100000,0.500000,true,2,256,1.000e-12,0.05000,23.200000,7,0.0077792372,0.1576983711,256,15,245,16384
open_n16_g0p100,16,0.100000,0.500000,true,2,256,1.000e-12,0.05000,23.200000,8,0.0077872921,0.1585204769,256,15,245,65536
open_n16_g0p100,16,0.100000,0.500000,true,2,256,1.000e-12,0.05000,23.200000,9,0.0077587056,0.1572973376,256,15,244,16384
open_n16_g0p100,16,0.100000,0.500000,true,2,256,1.000e-12,0.05000,23.200000,10,0.0077341333,0.1530850198,256,14,236,4096
open_n16_g0p100,16,0.100000,0.500000,true,2,256,1.000e-12,0.05000,23.200000,11,0.0075928973,0.1475010034,251,12,201,1024
open_n16_g0p100,16,0.100000,0.500000,true,2,256,1.000e-12,0.05000,23.200000,12,0.0073309604,0.1376648935,134,11,102,256
open_n16_g0p100,16,0.100000,0.500000,true,2,256,1.000e-12,0.05000,23.200000,13,0.0070867468,0.1258591245,51,9,41,64
open_n16_g0p100,16,0.100000,0.500000,true,2,256,1.000e-12,0.05000,23.200000,14,0.0073267267,0.1178241804,16,6,15,16
open_n16_g0p100,16,0.100000,0.500000,true,2,256,1.000e-12,0.05000,23.200000,15,0.0060393490,0.0879583939,4,4,4,4
open_n16_g0p100,16,0.100000,0.500000,true,2,256,1.000e-12,0.05000,24.000000,1,0.0020536444,0.0512468450,4,4,4,4
open_n16_g0p100,16,0.100000,0.500000,true,2,256,1.000e-12,0.05000,24.000000,2,0.0066939861,0.1206502672,16,7,16,16
open_n16_g0p100,16,0.100000,0.500000,true,2,256,1.000e-12,0.05000,24.000000,3,0.0063865134,0.1199622655,54,9,45,64
open_n16_g0p100,16,0.100000,0.500000,true,2,256,1.000e-12,0.05000,24.000000,4,0.0065626765,0.1249908937,145,11,110,256
open_n16_g0p100,16,0.100000,0.500000,true,2,256,1.000e-12,0.05000,24.000000,5,0.0066644607,0.1332518850,248,12,197,1024
open_n16_g0p100,16,0.100000,0.500000,true,2,256,1.000e-12,0.05000,24.000000,6,0.0066937294,0.1389585036,256,13,230,4096
open_n16_g0p100,16,0.100000,0.500000,true,2,256,1.000e-12,0.05000,24.000000,7,0.0066562386,0.1426510288,256,14,238,16384
open_n16_g0p100,16,0.100000,0.500000,true,2,256,1.000e-12,0.05000,24.000000,8,0.0065961169,0.1432042916,256,14,239,65536
open_n16_g0p100,16,0.100000,0.500000,true,2,256,1.000e-12,0.05000,24.000000,9,0.0065754379,0.1417004277,256,14,237,16384
open_n16_g0p100,16,0.100000,0.500000,true,2,256,1.000e-12,0.05000,24.000000,10,0.0065706367,0.1381540295,256,13,225,4096
open_n16_g0p100,16,0.100000,0.500000,true,2,256,1.000e-12,0.05000,24.000000,11,0.0064349499,0.1324806010,225,11,177,1024
open_n16_g0p100,16,0.100000,0.500000,true,2,256,1.000e-12,0.05000,24.000000,12,0.0062290443,0.1234463738,122,10,92,256
open_n16_g0p100,16,0.100000,0.500000,true,2,256,1.000e-12,0.05000,24.000000,13,0.0060298918,0.1144188993,48,8,39,64
open_n16_g0p100,16,0.100000,0.500000,true,2,256,1.000e-12,0.05000,24.000000,14,0.0063893894,0.1076383236,16,6,15,16
open_n16_g0p100,16,0.100000,0.500000,true,2,256,1.000e-12,0.05000,24.000000,15,0.0048882714,0.0781682560,4,4,4,4
closed_n20,20,0.000000,0.500000,false,2,256,1.000e-12,0.05000,0.000000,1,0.0000000000,0.0000000000,1,1,1,4
closed_n20,20,0.000000,0.500000,false,2,256,1.000e-12,0.05000,0.000000,2,0.0000000000,0.0000000000,1,1,1,16
closed_n20,20,0.000000,0.500000,false,2,256,1.000e-12,0.05000,0.000000,3,0.0000000000,0.0000000000,1,1,1,64
closed_n20,20,0.000000,0.500000,false,2,256,1.000e-12,0.05000,0.000000,4,0.0000000000,0.0000000000,1,1,1,256
closed_n20,20,0.000000,0.500000,false,2,256,1.000e-12,0.05000,0.000000,5,0.0000000000,0.0000000000,1,1,1,1024
closed_n20,20,0.000000,0.500000,false,2,256,1.000e-12,0.05000,0.000000,6,0.0000000000,0.0000000000,1,1,1,4096
closed_n20,20,0.000000,0.500000,false,2,256,1.000e-12,0.05000,0.000000,7,0.0000000000,0.0000000000,1,1,1,16384
closed_n20,20,0.000000,0.500000,false,2,256,1.000e-12,0.05000,0.000000,8,0.0000000000,0.0000000000,1,1,1,65536
closed_n20,20,0.000000,0.500000,false,2,256,1.000e-12,0.05000,0.000000,9,0.0000000000,0.0000000000,1,1,1,262144
closed_n20,20,0.000000,0.500000,false,2,256,1.000e-12,0.05000,0.000000,10,0.0000000000,0.0000000000,1,1,1,1048576
closed_n20,20,0.000000,0.500000,false,2,256,1.000e-12,0.05000,0.000000,11,0.0000000000,0.0000000000,1,1,1,262144
closed_n20,20,0.000000,0.500000,false,2,256,1.000e-12,0.05000,0.000000,12,0.0000000000,0.0000000000,1,1,1,65536
closed_n20,20,0.000000,0.500000,false,2,256,1.000e-12,0.05000,0.000000,13,0.0000000000,0.0000000000,1,1,1,16384
closed_n20,20,0.000000,0.500000,false,2,256,1.000e-12,0.05000,0.000000,14,0.0000000000,0.0000000000,1,1,1,4096
closed_n20,20,0.000000,0.500000,false,2,256,1.000e-12,0.05000,0.000000,15,0.0000000000,0.0000000000,1,1,1,1024
closed_n20,20,0.000000,0.500000,false,2,256,1.000e-12,0.05000,0.000000,16,0.0000000000,0.0000000000,1,1,1,256
closed_n20,20,0.000000,0.500000,false,2,256,1.000e-12,0.05000,0.000000,17,0.0000000000,0.0000000000,1,1,1,64
closed_n20,20,0.000000,0.500000,false,2,256,1.000e-12,0.05000,0.000000,18,0.0000000000,0.0000000000,1,1,1,16
closed_n20,20,0.000000,0.500000,false,2,256,1.000e-12,0.05000,0.000000,19,0.0000000000,0.0000000000,1,1,1,4
closed_n20,20,0.000000,0.500000,false,2,256,1.000e-12,0.05000,1.000000,1,1.4263750673,1.6854500986,4,4,4,4
closed_n20,20,0.000000,0.500000,false,2,256,1.000e-12,0.05000,1.000000,2,1.4203534678,2.1489974561,16,16,16,16
closed_n20,20,0.000000,0.500000,false,2,256,1.000e-12,0.05000,1.000000,3,1.4143731252,2.1776142395,64,29,54,64
closed_n20,20,0.000000,0.500000,false,2,256,1.000e-12,0.05000,1.000000,4,1.4151341370,2.1774325482,169,30,80,256
closed_n20,20,0.000000,0.500000,false,2,256,1.000e-12,0.05000,1.000000,5,1.4139148051,2.1773655094,196,30,80,1024
closed_n20,20,0.000000,0.500000,false,2,256,1.000e-12,0.05000,1.000000,6,1.4150979027,2.1773905621,225,30,81,4096
closed_n20,20,0.000000,0.500000,false,2,256,1.000e-12,0.05000,1.000000,7,1.4139143275,2.1773511882,196,30,79,16384
closed_n20,20,0.000000,0.500000,false,2,256,1.000e-12,0.05000,1.000000,8,1.4150978772,2.1773905012,225,30,81,65536
closed_n20,20,0.000000,0.500000,false,2,256,1.000e-12,0.05000,1.000000,9,1.4139143273,2.1773511871,196,30,79,262144
closed_n20,20,0.000000,0.500000,false,2,256,1.000e-12,0.05000,1.000000,10,1.4150978772,2.1773905011,225,30,81,1048576
closed_n20,20,0.000000,0.500000,false,2,256,1.000e-12,0.05000,1.000000,11,1.4139143273,2.1773511871,196,30,79,262144
closed_n20,20,0.000000,0.500000,false,2,256,1.000e-12,0.05000,1.000000,12,1.4150978772,2.1773905012,225,30,81,65536
closed_n20,20,0.000000,0.500000,false,2,256,1.000e-12,0.05000,1.000000,13,1.4139143275,2.1773511882,196,30,79,16384
closed_n20,20,0.000000,0.500000,false,2,256,1.000e-12,0.05000,1.000000,14,1.4150979027,2.1773905621,225,30,81,4096
closed_n20,20,0.000000,0.500000,false,2,256,1.000e-12,0.05000,1.000000,15,1.4139148051,2.1773655094,196,30,80,1024
closed_n20,20,0.000000,0.500000,false,2,256,1.000e-12,0.05000,1.000000,16,1.4151341370,2.1774325482,169,30,80,256
closed_n20,20,0.000000,0.500000,false,2,256,1.000e-12,0.05000,1.000000,17,1.4143731252,2.1776142395,64,29,54,64
closed_n20,20,0.000000,0.500000,false,2,256,1.000e-12,0.05000,1.000000,18,1.4203534678,2.1489974561,16,16,16,16
closed_n20,20,0.000000,0.500000,false,2,256,1.000e-12,0.05000,1.000000,19,1.4263750673,1.6854500986,4,4,4,4
closed_n20,20,0.000000,0.500000,false,2,256,1.000e-12,0.05000,2.000000,1,1.9424623297,1.9709887682,4,4,4,4
closed_n20,20,0.000000,0.500000,false,2,256,1.000e-12,0.05000,2.000000,2,2.5163016382,3.1285982939,16,16,16,16
closed_n20,20,0.000000,0.500000,false,2,256,1.000e-12,0.05000,2.000000,3,2.9252688060,3.8859413051,64,60,64,64
closed_n20,20,0.000000,0.500000,false,2,256,1.000e-12,0.05000,2.000000,4,2.8639049811,3.9674640321,256,129,219,256
closed_n20,20,0.000000,0.500000,false,2,256,1.000e-12,0.05000,2.000000,5,2.8698329322,3.9742654996,729,153,405,1024
closed_n20,20,0.000000,0.500000,false,2,256,1.000e-12,0.05000,2.000000,6,2.8674605493,3.9729634935,1225,151,466,4096
closed_n20,20,0.000000,0.500000,false,2,256,1.000e-12,0.05000,2.000000,7,2.8667605982,3.9725579805,1156,152,454,16384
closed_n20,20,0.000000,0.500000,false,2,256,1.000e-12,0.05000,2.000000,8,2.8674989034,3.9728016164,1296,152,465,65536
closed_n20,20,0.000000,0.500000,false,2,256,1.000e-12,0.05000,2.000000,9,2.8667386203,3.9725391217,1156,152,455,262144
closed_n20,20,0.000000,0.500000,false,2,256,1.000e-12,0.05000,2.000000,10,2.8674990672,3.9728006175,1296,152,465,1048576
closed_n20,20,0.000000,0.500000,false,2,256,1.000e-12,0.05000,2.000000,11,2.8667386203,3.9725391217,1156,152,455,262144
closed_n20,20,0.000000,0.500000,false,2,256,1.000e-12,0.05000,2.000000,12,2.8674989034,3.9728016164,1296,152,465,65536
closed_n20,20,0.000000,0.500000,false,2,256,1.000e-12,0.05000,2.000000,13,2.8667605982,3.9725579804,1156,152,454,16384
closed_n20,20,0.000000,0.500000,false,2,256,1.000e-12,0.05000,2.000000,14,2.8674605493,3.9729634935,1225,151,466,4096
closed_n20,20,0.000000,0.500000,false,2,256,1.000e-12,0.05000,2.000000,15,2.8698329322,3.9742654995,729,153,405,1024
closed_n20,20,0.000000,0.500000,false,2,256,1.000e-12,0.05000,2.000000,16,2.8639049811,3.9674640321,256,129,219,256
closed_n20,20,0.000000,0.500000,false,2,256,1.000e-12,0.05000,2.000000,17,2.9252688060,3.8859413051,64,60,64,64
closed_n20,20,0.000000,0.500000,false,2,256,1.000e-12,0.05000,2.000000,18,2.5163016382,3.1285982939,16,16,16,16
closed_n20,20,0.000000,0.500000,false,2,256,1.000e-12,0.05000,2.000000,19,1.9424623297,1.9709887682,4,4,4,4
closed_n20,20,0.000000,0.500000,false,2,256,1.000e-12,0.05000,3.000000,1,1.8987903185,1.9486370029,4,4,4,4
closed_n20,20,0.000000,0.500000,false,2,256,1.000e-12,0.05000,3.000000,2,2.5216971036,3.1568822124,16,16,16,16
closed_n20,20,0.000000,0.500000,false,2,256,1.000e-12,0.05000,3.000000,3,3.7481705274,4.5094508886,64,63,64,64
closed_n20,20,0.000000,0.500000,false,2,256,1.000e-12,0.05000,3.000000,4,4.0151923391,5.3066896838,256,209,253,256
closed_n20,20,0.000000,0.500000,false,2,256,1.000e-12,0.05000,3.000000,5,4.2284060053,5.5958721948,961,482,823,1024
closed_n20,20,0.000000,0.500000,false,2,256,1.000e-12,0.05000,3.000000,6,4.1904297721,5.6182493263,3136,647,1717,4096
closed_n20,20,0.000000,0.500000,false,2,256,1.000e-12,0.05000,3.000000,7,4.1894531276,5.6186284235,5329,663,2117,16384
closed_n20,20,0.000000,0.500000,false,2,256,1.000e-12,0.05000,3.000000,8,4.1872620680,5.6166041217,6889,662,2239,65536
closed_n20,20,0.000000,0.500000,false,2,256,1.000e-12,0.05000,3.000000,9,4.1863842327,5.6161705605,6084,662,2169,262144
closed_n20,20,0.000000,0.500000,false,2,256,1.000e-12,0.05000,3.000000,10,4.1871376415,5.6163504183,6889,662,2235,1048576
closed_n20,20,0.000000,0.500000,false,2,256,1.000e-12,0.05000,3.000000,11,4.1863842327,5.6161705604,6084,662,2169,262144
closed_n20,20,0.000000,0.500000,false,2,256,1.000e-12,0.05000,3.000000,12,4.1872620680,5.6166041216,6889,662,2239,65536
closed_n20,20,0.000000,0.500000,false,2,256,1.000e-12,0.05000,3.000000,13,4.1894531276,5.6186284233,5329,663,2117,16384
closed_n20,20,0.000000,0.500000,false,2,256,1.000e-12,0.05000,3.000000,14,4.1904297721,5.6182493261,3136,647,1717,4096
closed_n20,20,0.000000,0.500000,false,2,256,1.000e-12,0.05000,3.000000,15,4.2284060052,5.5958721948,961,482,823,1024
closed_n20,20,0.000000,0.500000,false,2,256,1.000e-12,0.05000,3.000000,16,4.0151923391,5.3066896838,256,209,253,256
closed_n20,20,0.000000,0.500000,false,2,256,1.000e-12,0.05000,3.000000,17,3.7481705274,4.5094508886,64,63,64,64
closed_n20,20,0.000000,0.500000,false,2,256,1.000e-12,0.05000,3.000000,18,2.5216971036,3.1568822124,16,16,16,16
closed_n20,20,0.000000,0.500000,false,2,256,1.000e-12,0.05000,3.000000,19,1.8987903185,1.9486370029,4,4,4,4
closed_n20,20,0.000000,0.500000,false,2,256,1.000e-12,0.05000,4.000000,1,1.8252831632,1.9103398177,4,4,4,4
closed_n20,20,0.000000,0.500000,false,2,256,1.000e-12,0.05000,4.000000,2,2.6021327614,3.1873422440,16,16,16,16
closed_n20,20,0.000000,0.500000,false,2,256,1.000e-12,0.05000,4.000000,3,3.7957598573,4.5385105359,64,63,64,64
closed_n20,20,0.000000,0.500000,false,2,256,1.000e-12,0.05000,4.000000,4,4.2447735937,5.5698804304,256,225,255,256
closed_n20,20,0.000000,0.500000,false,2,256,1.000e-12,0.05000,4.000000,5,5.1632715579,6.5756427799,1024,704,961,1024
closed_n20,20,0.000000,0.500000,false,2,256,1.000e-12,0.05000,4.000000,6,5.2853647599,7.0099398036,3721,1630,3020,4096
closed_n20,20,0.000000,0.500000,false,2,256,1.000e-12,0.05000,4.000000,7,5.4459576262,7.1475020298,10609,2379,6340,16384
closed_n20,20,0.000000,0.500000,false,2,256,1.000e-12,0.05000,4.000000,8,5.3998926351,7.1536715247,23716,2567,8901,65536
closed_n20,20,0.000000,0.500000,false,2,256,1.000e-12,0.05000,4.000000,9,5.4023472099,7.1511102227,25921,2582,9224,262144
closed_n20,20,0.000000,0.500000,false,2,256,1.000e-12,0.05000,4.000000,10,5.3989838235,7.1496701644,31329,2585,9558,1048576
closed_n20,20,0.000000,0.500000,false,2,256,1.000e-12,0.05000,4.000000,11,5.4023472099,7.1511102225,25921,2582,9224,262144
closed_n20,20,0.000000,0.500000,false,2,256,1.000e-12,0.05000,4.000000,12,5.3998926351,7.1536715244,23716,2567,8901,65536
closed_n20,20,0.000000,0.500000,false,2,256,1.000e-12,0.05000,4.000000,13,5.4459576262,7.1475020296,10609,2379,6340,16384
closed_n20,20,0.000000,0.500000,false,2,256,1.000e-12,0.05000,4.000000,14,5.2853647598,7.0099398035,3721,1630,3020,4096
closed_n20,20,0.000000,0.500000,false,2,256,1.000e-12,0.05000,4.000000,15,5.1632715579,6.5756427799,1024,704,961,1024
closed_n20,20,0.000000,0.500000,false,2,256,1.000e-12,0.05000,4.000000,16,4.2447735937,5.5698804304,256,225,255,256
closed_n20,20,0.000000,0.500000,false,2,256,1.000e-12,0.05000,4.000000,17,3.7957598573,4.5385105359,64,63,64,64
closed_n20,20,0.000000,0.500000,false,2,256,1.000e-12,0.05000,4.000000,18,2.6021327614,3.1873422440,16,16,16,16
closed_n20,20,0.000000,0.500000,false,2,256,1.000e-12,0.05000,4.000000,19,1.8252831632,1.9103398177,4,4,4,4
closed_n20,20,0.000000,0.500000,false,2,256,1.000e-12,0.05000,5.000000,1,1.8878391761,1.9429859342,4,4,4,4
closed_n20,20,0.000000,0.500000,false,2,256,1.000e-12,0.05000,5.000000,2,2.6166628743,3.2005621271,16,16,16,16
closed_n20,20,0.000000,0.500000,false,2,256,1.000e-12,0.05000,5.000000,3,3.7671162344,4.5405005457,64,63,64,64
closed_n20,20,0.000000,0.500000,false,2,256,1.000e-12,0.05000,5.000000,4,4.4176123207,5.6618549675,256,224,255,256
closed_n20,20,0.000000,0.500000,false,2,256,1.000e-12,0.05000,5.000000,5,5.3472068903,6.7354266104,1024,742,976,1024
closed_n20,20,0.000000,0.500000,false,2,256,1.000e-12,0.05000,5.000000,6,5.7470669266,7.6135641189,3844,2225,3456,4096
closed_n20,20,0.000000,0.500000,false,2,256,1.000e-12,0.05000,5.000000,7,6.4084492749,8.2777195149,13456,5077,10421,16384
closed_n20,20,0.000000,0.500000,false,2,256,1.000e-12,0.05000,5.000000,8,6.4774783015,8.5192162856,41616,7913,22844,65536
closed_n20,20,0.000000,0.500000,false,2,256,1.000e-12,0.05000,5.000000,9,6.5894913330,8.6038445426,65536,9108,31914,262144
closed_n20,20,0.000000,0.500000,false,2,256,1.000e-12,0.05000,5.000000,10,6.5492964321,8.6039308107,65536,9304,33056,1048576
closed_n20,20,0.000000,0.500000,false,2,256,1.000e-12,0.05000,5.000000,11,6.5894913330,8.6038445422,65536,9108,31914,262144
closed_n20,20,0.000000,0.500000,false,2,256,1.000e-12,0.05000,5.000000,12,6.4774783015,8.5192162850,41616,7913,22844,65536
closed_n20,20,0.000000,0.500000,false,2,256,1.000e-12,0.05000,5.000000,13,6.4084492749,8.2777195147,13456,5077,10421,16384
closed_n20,20,0.000000,0.500000,false,2,256,1.000e-12,0.05000,5.000000,14,5.7470669266,7.6135641188,3844,2225,3456,4096
closed_n20,20,0.000000,0.500000,false,2,256,1.000e-12,0.05000,5.000000,15,5.3472068903,6.7354266104,1024,742,976,1024
closed_n20,20,0.000000,0.500000,false,2,256,1.000e-12,0.05000,5.000000,16,4.4176123207,5.6618549675,256,224,255,256
closed_n20,20,0.000000,0.500000,false,2,256,1.000e-12,0.05000,5.000000,17,3.7671162344,4.5405005457,64,63,64,64
closed_n20,20,0.000000,0.500000,false,2,256,1.000e-12,0.05000,5.000000,18,2.6166628743,3.2005621271,16,16,16,16
closed_n20,20,0.000000,0.500000,false,2,256,1.000e-12,0.05000,5.000000,19,1.8878391761,1.9429859342,4,4,4,4
closed_n20,20,0.000000,0.500000,false,2,256,1.000e-12,0.05000,6.000000,1,1.8790437609,1.9384336560,4,4,4,4
closed_n20,20,0.000000,0.500000,false,2,256,1.000e-12,0.05000,6.000000,2,2.6118346936,3.1904218407,16,16,16,16
closed_n20,20,0.000000,0.500000,false,2,256,1.000e-12,0.05000,6.000000,3,3.8084899628,4.5573033176,64,63,64,64
closed_n20,20,0.000000,0.500000,false,2,256,1.000e-12,0.05000,6.000000,4,4.4515835261,5.6951068172,256,226,255,256
closed_n20,20,0.000000,0.500000,false,2,256,1.000e-12,0.05000,6.000000,5,5.4452725571,6.8595052056,1024,758,976,1024
closed_n20,20,0.000000,0.500000,false,2,256,1.000e-12,0.05000,6.000000,6,6.0280374960,7.8305596551,3969,2377,3551,4096
closed_n20,20,0.000000,0.500000,false,2,256,1.000e-12,0.05000,6.000000,7,6.7946246351,8.7093107125,14161,6512,11954,16384
closed_n20,20,0.000000,0.500000,false,2,256,1.000e-12,0.05000,6.000000,8,7.1109366423,9.3823402745,50625,14804,34905,65536
closed_n20,20,0.000000,0.500000,false,2,256,1.000e-12,0.05000,6.000000,9,7.6229955274,9.7993821223,65536,23415,55166,262144
closed_n20,20,0.000000,0.500000,false,2,256,1.000e-12,0.05000,6.000000,10,7.6022509666,9.9075800680,65536,25311,57512,1048576
closed_n20,20,0.000000,0.500000,false,2,256,1.000e-12,0.05000,6.000000,11,7.6229955339,9.7993831809,65536,23415,55166,262144
closed_n20,20,0.000000,0.500000,false,2,256,1.000e-12,0.05000,6.000000,12,7.1109366418,9.3823402453,50625,14804,34905,65536
closed_n20,20,0.000000,0.500000,false,2,256,1.000e-12,0.05000,6.000000,13,6.7946246352,8.7093107118,14161,6512,11954,16384
closed_n20,20,0.000000,0.500000,false,2,256,1.000e-12,0.05000,6.000000,14,6.0280374960,7.8305596550,3969,2377,3551,4096
closed_n20,20,0.000000,0.500000,false,2,256,1.000e-12,0.05000,6.000000,15,5.4452725571,6.8595052057,1024,758,976,1024
closed_n20,20,0.000000,0.500000,false,2,256,1.000e-12,0.05000,6.000000,16,4.4515835261,5.6951068172,256,226,255,256
closed_n20,20,0.000000,0.500000,false,2,256,1.000e-12,0.05000,6.000000,17,3.8084899628,4.5573033176,64,63,64,64
closed_n20,20,0.000000,0.500000,false,2,256,1.000e-12,0.05000,6.000000,18,2.6118346936,3.1904218407,16,16,16,16
closed_n20,20,0.000000,0.500000,false,2,256,1.000e-12,0.05000,6.000000,19,1.8790437609,1.9384336560,4,4,4,4
closed_n20,20,0.000000,0.500000,false,2,256,1.000e-12,0.05000,7.000000,1,1.8369634875,1.9164834366,4,4,4,4
closed_n20,20,0.000000,0.500000,false,2,256,1.000e-12,0.05000,7.000000,2,2.6165521384,3.1873165918,16,16,16,16
closed_n20,20,0.000000,0.500000,false,2,256,1.000e-12,0.05000,7.000000,3,3.8457034992,4.5791198400,64,63,64,64
closed_n20,20,0.000000,0.500000,false,2,256,1.000e-12,0.05000,7.000000,4,4.4881373013,5.7177209242,256,225,255,256
closed_n20,20,0.000000,0.500000,false,2,256,1.000e-12,0.05000,7.000000,5,5.4770192245,6.8896106817,1024,763,980,1024
closed_n20,20,0.000000,0.500000,false,2,256,1.000e-12,0.05000,7.000000,6,6.1578622822,7.9678894669,3969,2462,3584,4096
closed_n20,20,0.000000,0.500000,false,2,256,1.000e-12,0.05000,7.000000,7,7.0658160238,8.9937472647,14400,7250,12477,16384
closed_n20,20,0.000000,0.500000,false,2,256,1.000e-12,0.05000,7.000000,8,7.5873935623,9.8111451349,52900,18690,40147,65536
closed_n20,20,0.000000,0.500000,false,2,256,1.000e-12,0.05000,7.000000,9,8.1525257492,10.4245371144,65536,34496,61964,262144
closed_n20,20,0.000000,0.500000,false,2,256,1.000e-12,0.05000,7.000000,10,8.1544285773,10.6078025364,65536,39780,64168,1048576
closed_n20,20,0.000000,0.500000,false,2,256,1.000e-12,0.05000,7.000000,11,8.1525258042,10.4245384534,65536,34496,61963,262144
closed_n20,20,0.000000,0.500000,false,2,256,1.000e-12,0.05000,7.000000,12,7.5873935686,9.8111452475,52900,18690,40147,65536
closed_n20,20,0.000000,0.500000,false,2,256,1.000e-12,0.05000,7.000000,13,7.0658160212,8.9937472385,14400,7250,12477,16384
closed_n20,20,0.000000,0.500000,false,2,256,1.000e-12,0.05000,7.000000,14,6.1578622822,7.9678894578,3969,2462,3584,4096
closed_n20,20,0.000000,0.500000,false,2,256,1.000e-12,0.05000,7.000000,15,5.4770192256,6.8896106809,1024,763,980,1024
closed_n20,20,0.000000,0.500000,false,2,256,1.000e-12,0.05000,7.000000,16,4.4881373024,5.7177209262,256,225,255,256
closed_n20,20,0.000000,0.500000,false,2,256,1.000e-12,0.05000,7.000000,17,3.8457034999,4.5791198412,64,63,64,64
closed_n20,20,0.000000,0.500000,false,2,256,1.000e-12,0.05000,7.000000,18,2.6165521391,3.1873165924,16,16,16,16
closed_n20,20,0.000000,0.500000,false,2,256,1.000e-12,0.05000,7.000000,19,1.8369634876,1.9164834367,4,4,4,4
closed_n20,20,0.000000,0.500000,false,2,256,1.000e-12,0.05000,8.000000,1,1.8594956276,1.9282721638,4,4,4,4
closed_n20,20,0.000000,0.500000,false,2,256,1.000e-12,0.05000,8.000000,2,2.6292756563,3.1939377971,16,16,16,16
closed_n20,20,0.000000,0.500000,false,2,256,1.000e-12,0.05000,8.000000,3,3.8122133079,4.5701733073,64,63,64,64
closed_n20,20,0.000000,0.500000,false,2,256,1.000e-12,0.05000,8.000000,4,4.5171381875,5.7360285334,256,226,255,256
closed_n20,20,0.000000,0.500000,false,2,256,1.000e-12,0.05000,8.000000,5,5.5907386716,6.9590543342,1024,768,980,1024
closed_n20,20,0.000000,0.500000,false,2,256,1.000e-12,0.05000,8.000000,6,6.2661604412,8.0486661533,3969,2521,3603,4096
closed_n20,20,0.000000,0.500000,false,2,256,1.000e-12,0.05000,8.000000,7,7.1824351447,9.1178161509,14400,7634,12693,16384
closed_n20,20,0.000000,0.500000,false,2,256,1.000e-12,0.05000,8.000000,8,7.7991307926,10.0734159803,53824,20756,41933,65536
closed_n20,20,0.000000,0.500000,false,2,256,1.000e-12,0.05000,8.000000,9,8.4160634550,10.7117095838,65536,39009,63802,262144
closed_n20,20,0.000000,0.500000,false,2,256,1.000e-12,0.05000,8.000000,10,8.5180727594,10.9484430174,65536,44881,65010,1048576
closed_n20,20,0.000000,0.500000,false,2,256,1.000e-12,0.05000,8.000000,11,8.4160632765,10.7116974758,65536,39004,63795,262144
closed_n20,20,0.000000,0.500000,false,2,256,1.000e-12,0.05000,8.000000,12,7.7991306827,10.0734155935,53824,20756,41933,65536
closed_n20,20,0.000000,0.500000,false,2,256,1.000e-12,0.05000,8.000000,13,7.1824351418,9.1178162813,14400,7634,12693,16384
closed_n20,20,0.000000,0.500000,false,2,256,1.000e-12,0.05000,8.000000,14,6.2661604175,8.0486660334,3969,2521,3603,4096
closed_n20,20,0.000000,0.500000,false,2,256,1.000e-12,0.05000,8.000000,15,5.5907386557,6.9590543021,1024,768,980,1024
closed_n20,20,0.000000,0.500000,false,2,256,1.000e-12,0.05000,8.000000,16,4.5171381747,5.7360285185,256,226,255,256
closed_n20,20,0.000000,0.500000,false,2,256,1.000e-12,0.05000,8.000000,17,3.8122132828,4.5701732865,64,63,64,64
closed_n20,20,0.000000,0.500000,false,2,256,1.000e-12,0.05000,8.000000,18,2.6292756266,3.1939377775,16,16,16,16
closed_n20,20,0.000000,0.500000,false,2,256,1.000e-12,0.05000,8.000000,19,1.8594956320,1.9282721661,4,4,4,4
closed_n20,20,0.000000,0.500000,false,2,256,1.000e-12,0.05000,9.000000,1,1.8507053143,1.9236828715,4,4,4,4
closed_n20,20,0.000000,0.500000,false,2,256,1.000e-12,0.05000,9.000000,2,2.6459714234,3.2036315625,16,16,16,16
closed_n20,20,0.000000,0.500000,false,2,256,1.000e-12,0.05000,9.000000,3,3.8367445890,4.5861931067,64,63,64,64
closed_n20,20,0.000000,0.500000,false,2,256,1.000e-12,0.05000,9.000000,4,4.6032216053,5.7870462936,256,228,255,256
closed_n20,20,0.000000,0.500000,false,2,256,1.000e-12,0.05000,9.000000,5,5.6474820634,7.0077524679,1024,778,984,1024
closed_n20,20,0.000000,0.500000,false,2,256,1.000e-12,0.05000,9.000000,6,6.3671711266,8.1203376291,3969,2568,3624,4096
closed_n20,20,0.000000,0.500000,false,2,256,1.000e-12,0.05000,9.000000,7,7.2214230238,9.1747460451,14400,7854,12794,16384
closed_n20,20,0.000000,0.500000,false,2,256,1.000e-12,0.05000,9.000000,8,7.7656921530,10.0937455807,53824,21801,42967,65536
closed_n20,20,0.000000,0.500000,false,2,256,1.000e-12,0.05000,9.000000,9,8.2773725677,10.8151988697,65536,43112,64686,262144
closed_n20,20,0.000000,0.500000,false,2,256,1.000e-12,0.05000,9.000000,10,8.4421936008,11.1221539738,65536,50463,65384,1048576
closed_n20,20,0.000000,0.500000,false,2,256,1.000e-12,0.05000,9.000000,11,8.2773720616,10.8151887057,65536,43115,64693,262144
closed_n20,20,0.000000,0.500000,false,2,256,1.000e-12,0.05000,9.000000,12,7.7656913693,10.0937410213,53824,21802,42983,65536
closed_n20,20,0.000000,0.500000,false,2,256,1.000e-12,0.05000,9.000000,13,7.2214230630,9.1747475829,14400,7854,12794,16384
closed_n20,20,0.000000,0.500000,false,2,256,1.000e-12,0.05000,9.000000,14,6.3671709671,8.1203374309,3969,2568,3624,4096
closed_n20,20,0.000000,0.500000,false,2,256,1.000e-12,0.05000,9.000000,15,5.6474817512,7.0077519133,1024,778,984,1024
closed_n20,20,0.000000,0.500000,false,2,256,1.000e-12,0.05000,9.000000,16,4.6032213396,5.7870459628,256,228,255,256
closed_n20,20,0.000000,0.500000,false,2,256,1.000e-12,0.05000,9.000000,17,3.8367443645,4.5861928835,64,63,64,64
closed_n20,20,0.000000,0.500000,false,2,256,1.000e-12,0.05000,9.000000,18,2.6459712551,3.2036314296,16,16,16,16
closed_n20,20,0.000000,0.500000,false,2,256,1.000e-12,0.05000,9.000000,19,1.8507053000,1.9236828640,4,4,4,4
closed_n20,20,0.000000,0.500000,false,2,256,1.000e-12,0.05000,10.000000,1,1.8200465224,1.9075781649,4,4,4,4
closed_n20,20,0.000000,0.500000,false,2,256,1.000e-12,0.05000,10.000000,2,2.7467957332,3.2617700195,16,16,16,16
closed_n20,20,0.000000,0.500000,false,2,256,1.000e-12,0.05000,10.000000,3,3.8601829342,4.6034682417,64,63,64,64
closed_n20,20,0.000000,0.500000,false,2,256,1.000e-12,0.05000,10.000000,4,4.7443280494,5.8548395132,256,229,255,256
closed_n20,20,0.000000,0.500000,false,2,256,1.000e-12,0.05000,10.000000,5,5.5487188952,6.9723240060,1024,781,984,1024
closed_n20,20,0.000000,0.500000,false,2,256,1.000e-12,0.05000,10.000000,6,6.4092358986,8.1381989030,3969,2591,3640,4096
closed_n20,20,0.000000,0.500000,false,2,256,1.000e-12,0.05000,10.000000,7,6.9959420958,9.0979923264,14400,7970,12896,16384
closed_n20,20,0.000000,0.500000,false,2,256,1.000e-12,0.05000,10.000000,8,7.6103181952,10.0500396484,54289,22520,44064,65536
closed_n20,20,0.000000,0.500000,false,2,256,1.000e-12,0.05000,10.000000,9,7.8598159325,10.6628214496,65536,43921,64856,262144
closed_n20,20,0.000000,0.500000,false,2,256,1.000e-12,0.05000,10.000000,10,8.1031035850,10.9701511029,65536,50477,65395,1048576
closed_n20,20,0.000000,0.500000,false,2,256,1.000e-12,0.05000,10.000000,11,7.8598196880,10.6629138822,65536,43939,64866,262144
closed_n20,20,0.000000,0.500000,false,2,256,1.000e-12,0.05000,10.000000,12,7.6103166292,10.0500150052,54289,22522,44122,65536
closed_n20,20,0.000000,0.500000,false,2,256,1.000e-12,0.05000,10.000000,13,6.9959421726,9.0979945751,14400,7970,12895,16384
closed_n20,20,0.000000,0.500000,false,2,256,1.000e-12,0.05000,10.000000,14,6.4092361913,8.1381962526,3969,2591,3640,4096
closed_n20,20,0.000000,0.500000,false,2,256,1.000e-12,0.05000,10.000000,15,5.5487184993,6.9723229754,1024,781,984,1024
closed_n20,20,0.000000,0.500000,false,2,256,1.000e-12,0.05000,10.000000,16,4.7443278686,5.8548392406,256,229,255,256
closed_n20,20,0.000000,0.500000,false,2,256,1.000e-12,0.05000,10.000000,17,3.8601827845,4.6034681105,64,63,64,64
closed_n20,20,0.000000,0.500000,false,2,256,1.000e-12,0.05000,10.000000,18,2.7467956739,3.2617699925,16,16,16,16
closed_n20,20,0.000000,0.500000,false,2,256,1.000e-12,0.05000,10.000000,19,1.8200465288,1.9075781683,4,4,4,4
closed_n20,20,0.000000,0.500000,false,2,256,1.000e-12,0.05000,11.000000,1,1.8290049797,1.9122998489,4,4,4,4
closed_n20,20,0.000000,0.500000,false,2,256,1.000e-12,0.05000,11.000000,2,2.8868768850,3.3383225306,16,16,16,16
closed_n20,20,0.000000,0.500000,false,2,256,1.000e-12,0.05000,11.000000,3,3.7480106268,4.5469261339,64,63,64,64
closed_n20,20,0.000000,0.500000,false,2,256,1.000e-12,0.05000,11.000000,4,4.7846340449,5.8601829310,256,229,255,256
closed_n20,20,0.000000,0.500000,false,2,256,1.000e-12,0.05000,11.000000,5,5.3852959309,6.8983289843,1024,781,984,1024
closed_n20,20,0.000000,0.500000,false,2,256,1.000e-12,0.05000,11.000000,6,6.2990827497,8.0547302793,3969,2576,3647,4096
closed_n20,20,0.000000,0.500000,false,2,256,1.000e-12,0.05000,11.000000,7,6.6267236725,8.9242038197,14641,7965,13024,16384
closed_n20,20,0.000000,0.500000,false,2,256,1.000e-12,0.05000,11.000000,8,7.3603486570,9.8830233824,55225,22562,45044,65536
closed_n20,20,0.000000,0.500000,false,2,256,1.000e-12,0.05000,11.000000,9,7.4217794614,10.4455672760,65536,44389,65067,262144
closed_n20,20,0.000000,0.500000,false,2,256,1.000e-12,0.05000,11.000000,10,7.7589570122,10.7602478704,65536,51535,65458,1048576
closed_n20,20,0.000000,0.500000,false,2,256,1.000e-12,0.05000,11.000000,11,7.4217831544,10.4457228064,65536,44414,65080,262144
closed_n20,20,0.000000,0.500000,false,2,256,1.000e-12,0.05000,11.000000,12,7.3603578229,9.8830685600,55225,22564,45089,65536
closed_n20,20,0.000000,0.500000,false,2,256,1.000e-12,0.05000,11.000000,13,6.6267251311,8.9241922225,14641,7965,13038,16384
closed_n20,20,0.000000,0.500000,false,2,256,1.000e-12,0.05000,11.000000,14,6.2990844830,8.0547384857,3969,2576,3648,4096
closed_n20,20,0.000000,0.500000,false,2,256,1.000e-12,0.05000,11.000000,15,5.3852956604,6.8983244490,1024,781,984,1024
closed_n20,20,0.000000,0.500000,false,2,256,1.000e-12,0.05000,11.000000,16,4.7846340717,5.8601802624,256,229,255,256
closed_n20,20,0.000000,0.500000,false,2,256,1.000e-12,0.05000,11.000000,17,3.7480102268,4.5469254208,64,63,64,64
closed_n20,20,0.000000,0.500000,false,2,256,1.000e-12,0.05000,11.000000,18,2.8868768515,3.3383226312,16,16,16,16
closed_n20,20,0.000000,0.500000,false,2,256,1.000e-12,0.05000,11.000000,19,1.8290048539,1.9122997827,4,4,4,4
closed_n20,20,0.000000,0.500000,false,2,256,1.000e-12,0.05000,12.000000,1,1.7988839578,1.8963712449,4,4,4,4
closed_n20,20,0.000000,0.500000,false,2,256,1.000e-12,0.05000,12.000000,2,2.7459499770,3.2538078582,16,16,16,16
closed_n20,20,0.000000,0.500000,false,2,256,1.000e-12,0.05000,12.000000,3,3.7527975817,4.5591696954,64,63,64,64
closed_n20,20,0.000000,0.500000,false,2,256,1.000e-12,0.05000,12.000000,4,4.5666478326,5.7447707660,256,227,255,256
closed_n20,20,0.000000,0.500000,false,2,256,1.000e-12,0.05000,12.000000,5,5.4015624782,6.9057060141,1024,782,985,1024
closed_n20,20,0.000000,0.500000,false,2,256,1.000e-12,0.05000,12.000000,6,5.9983437920,7.9199717066,3969,2571,3664,4096
closed_n20,20,0.000000,0.500000,false,2,256,1.000e-12,0.05000,12.000000,7,6.6568656548,8.9372923863,14884,7992,13191,16384
closed_n20,20,0.000000,0.500000,false,2,256,1.000e-12,0.05000,12.000000,8,6.9996850519,9.6615363288,57121,22201,45760,65536
closed_n20,20,0.000000,0.500000,false,2,256,1.000e-12,0.05000,12.000000,9,7.2690084632,10.2903349936,65536,43034,65062,262144
closed_n20,20,0.000000,0.500000,false,2,256,1.000e-12,0.05000,12.000000,10,7.2982904175,10.4071732893,65536,49392,65452,1048576
closed_n20,20,0.000000,0.500000,false,2,256,1.000e-12,0.05000,12.000000,11,7.2690140702,10.2903643312,65536,43043,65070,262144
closed_n20,20,0.000000,0.500000,false,2,256,1.000e-12,0.05000,12.000000,12,6.9996904091,9.6615928115,57121,22202,45860,65536
closed_n20,20,0.000000,0.500000,false,2,256,1.000e-12,0.05000,12.000000,13,6.6568713813,8.9373347858,14884,7994,13202,16384
closed_n20,20,0.000000,0.500000,false,2,256,1.000e-12,0.05000,12.000000,14,5.9983469279,7.9199653395,3969,2571,3667,4096
closed_n20,20,0.000000,0.500000,false,2,256,1.000e-12,0.05000,12.000000,15,5.4015643494,6.9057130714,1024,782,985,1024
closed_n20,20,0.000000,0.500000,false,2,256,1.000e-12,0.05000,12.000000,16,4.5666481855,5.7447682767,256,227,255,256
closed_n20,20,0.000000,0.500000,false,2,256,1.000e-12,0.05000,12.000000,17,3.7527971356,4.5591677965,64,63,64,64
closed_n20,20,0.000000,0.500000,false,2,256,1.000e-12,0.05000,12.000000,18,2.7459502368,3.2538083035,16,16,16,16
closed_n20,20,0.000000,0.500000,false,2,256,1.000e-12,0.05000,12.000000,19,1.7988838277,1.8963711758,4,4,4,4
closed_n20,20,0.000000,0.500000,false,2,256,1.000e-12,0.05000,13.000000,1,1.7429537712,1.8663866115,4,4,4,4
closed_n20,20,0.000000,0.500000,false,2,256,1.000e-12,0.05000,13.000000,2,2.4622068710,3.0903760467,16,16,16,16
closed_n20,20,0.000000,0.500000,false,2,256,1.000e-12,0.05000,13.000000,3,3.7397534562,4.5452617053,64,63,64,64
closed_n20,20,0.000000,0.500000,false,2,256,1.000e-12,0.05000,13.000000,4,4.3242287269,5.6771009366,256,228,255,256
closed_n20,20,0.000000,0.500000,false,2,256,1.000e-12,0.05000,13.000000,5,5.3072432713,6.8575845001,1024,783,985,1024
closed_n20,20,0.000000,0.500000,false,2,256,1.000e-12,0.05000,13.000000,6,5.8761263626,7.9225620726,3969,2611,3694,4096
closed_n20,20,0.000000,0.500000,false,2,256,1.000e-12,0.05000,13.000000,7,6.4530682467,8.8056936920,15129,7959,13402,16384
closed_n20,20,0.000000,0.500000,false,2,256,1.000e-12,0.05000,13.000000,8,6.8811147007,9.6816561766,58564,22726,47134,65536
closed_n20,20,0.000000,0.500000,false,2,256,1.000e-12,0.05000,13.000000,9,7.0805800613,10.1107344184,65536,42097,65138,262144
closed_n20,20,0.000000,0.500000,false,2,256,1.000e-12,0.05000,13.000000,10,7.1977558399,10.4216604724,65536,49469,65480,1048576
closed_n20,20,0.000000,0.500000,false,2,256,1.000e-12,0.05000,13.000000,11,7.0805781320,10.1106936804,65536,42096,65139,262144
closed_n20,20,0.000000,0.500000,false,2,256,1.000e-12,0.05000,13.000000,12,6.8811167476,9.6815683459,58564,22718,47243,65536
closed_n20,20,0.000000,0.500000,false,2,256,1.000e-12,0.05000,13.000000,13,6.4530765674,8.8057379007,15376,7961,13419,16384
closed_n20,20,0.000000,0.500000,false,2,256,1.000e-12,0.05000,13.000000,14,5.8761317313,7.9225830391,3969,2611,3696,4096
closed_n20,20,0.000000,0.500000,false,2,256,1.000e-12,0.05000,13.000000,15,5.3072415956,6.8575869723,1024,783,985,1024
closed_n20,20,0.000000,0.500000,false,2,256,1.000e-12,0.05000,13.000000,16,4.3242279178,5.6771003220,256,228,255,256
closed_n20,20,0.000000,0.500000,false,2,256,1.000e-12,0.05000,13.000000,17,3.7397558964,4.5452656116,64,63,64,64
closed_n20,20,0.000000,0.500000,false,2,256,1.000e-12,0.05000,13.000000,18,2.4622062873,3.0903748715,16,16,16,16
closed_n20,20,0.000000,0.500000,false,2,256,1.000e-12,0.05000,13.000000,19,1.7429536712,1.8663865575,4,4,4,4
closed_n20,20,0.000000,0.500000,false,2,256,1.000e-12,0.05000,14.000000,1,1.7693939708,1.8806285184,4,4,4,4
closed_n20,20,0.000000,0.500000,false,2,256,1.000e-12,0.05000,14.000000,2,2.4863420132,3.1073166131,16,16,16,16
closed_n20,20,0.000000,0.500000,false,2,256,1.000e-12,0.05000,14.000000,3,3.6177512995,4.4659303557,64,63,64,64
closed_n20,20,0.000000,0.500000,false,2,256,1.000e-12,0.05000,14.000000,4,4.4570748186,5.7598928650,256,229,255,256
closed_n20,20,0.000000,0.500000,false,2,256,1.000e-12,0.05000,14.000000,5,5.2610388521,6.8646675665,1024,797,992,1024
closed_n20,20,0.000000,0.500000,false,2,256,1.000e-12,0.05000,14.000000,6,6.0936346155,8.0101093441,4096,2641,3739,4096
closed_n20,20,0.000000,0.500000,false,2,256,1.000e-12,0.05000,14.000000,7,6.5376569123,8.8774826706,15376,8178,13683,16384
closed_n20,20,0.000000,0.500000,false,2,256,1.000e-12,0.05000,14.000000,8,7.0700006017,9.7331073544,60025,23073,48338,65536
closed_n20,20,0.000000,0.500000,false,2,256,1.000e-12,0.05000,14.000000,9,7.3053724119,10.3330287125,65536,44663,65279,262144
closed_n20,20,0.000000,0.500000,false,2,256,1.000e-12,0.05000,14.000000,10,7.5077881890,10.5215228201,65536,49726,65480,1048576
closed_n20,20,0.000000,0.500000,false,2,256,1.000e-12,0.05000,14.000000,11,7.3053542976,10.3329652126,65536,44676,65287,262144
closed_n20,20,0.000000,0.500000,false,2,256,1.000e-12,0.05000,14.000000,12,7.0700068711,9.7330926118,60025,23069,48428,65536
closed_n20,20,0.000000,0.500000,false,2,256,1.000e-12,0.05000,14.000000,13,6.5376541863,8.8774580698,15376,8179,13698,16384
closed_n20,20,0.000000,0.500000,false,2,256,1.000e-12,0.05000,14.000000,14,6.0936184980,8.0100727927,4096,2641,3752,4096
closed_n20,20,0.000000,0.500000,false,2,256,1.000e-12,0.05000,14.000000,15,5.2610512872,6.8647008843,1024,797,992,1024
closed_n20,20,0.000000,0.500000,false,2,256,1.000e-12,0.05000,14.000000,16,4.4570780016,5.7599136260,256,229,255,256
closed_n20,20,0.000000,0.500000,false,2,256,1.000e-12,0.05000,14.000000,17,3.6177554948,4.4659359232,64,63,64,64
closed_n20,20,0.000000,0.500000,false,2,256,1.000e-12,0.05000,14.000000,18,2.4863456541,3.1073202901,16,16,16,16
closed_n20,20,0.000000,0.500000,false,2,256,1.000e-12,0.05000,14.000000,19,1.7693933367,1.8806281783,4,4,4,4
closed_n20,20,0.000000,0.500000,false,2,256,1.000e-12,0.05000,15.000000,1,1.7983484373,1.8960866809,4,4,4,4
closed_n20,20,0.000000,0.500000,false,2,256,1.000e-12,0.05000,15.000000,2,2.5881014074,3.1615339539,16,16,16,16
closed_n20,20,0.000000,0.500000,false,2,256,1.000e-12,0.05000,15.000000,3,3.6833471156,4.5155214182,64,63,64,64
closed_n20,20,0.000000,0.500000,false,2,256,1.000e-12,0.05000,15.000000,4,4.4484323802,5.7067463827,256,229,255,256
closed_n20,20,0.000000,0.500000,false,2,256,1.000e-12,0.05000,15.000000,5,5.3997789805,6.9593533171,1024,805,994,1024
closed_n20,20,0.000000,0.500000,false,2,256,1.000e-12,0.05000,15.000000,6,5.9731988005,7.9685336053,4096,2684,3777,4096
closed_n20,20,0.000000,0.500000,false,2,256,1.000e-12,0.05000,15.000000,7,6.8055329431,9.0402898059,15376,8473,13879,16384
closed_n20,20,0.000000,0.500000,false,2,256,1.000e-12,0.05000,15.000000,8,7.1797384326,9.8527609074,60516,24327,49756,65536
closed_n20,20,0.000000,0.500000,false,2,256,1.000e-12,0.05000,15.000000,9,7.5660205672,10.4900484262,65536,45807,65320,262144
closed_n20,20,0.000000,0.500000,false,2,256,1.000e-12,0.05000,15.000000,10,7.6852840246,10.7508972959,65536,52423,65504,1048576
closed_n20,20,0.000000,0.500000,false,2,256,1.000e-12,0.05000,15.000000,11,7.5660256886,10.4899268258,65536,45801,65323,262144
closed_n20,20,0.000000,0.500000,false,2,256,1.000e-12,0.05000,15.000000,12,7.1797255984,9.8525263813,61009,24318,49816,65536
closed_n20,20,0.000000,0.500000,false,2,256,1.000e-12,0.05000,15.000000,13,6.8055396627,9.0402349561,15625,8472,13938,16384
closed_n20,20,0.000000,0.500000,false,2,256,1.000e-12,0.05000,15.000000,14,5.9731942793,7.9685378875,4096,2684,3781,4096
closed_n20,20,0.000000,0.500000,false,2,256,1.000e-12,0.05000,15.000000,15,5.3997810813,6.9593720622,1024,805,995,1024
closed_n20,20,0.000000,0.500000,false,2,256,1.000e-12,0.05000,15.000000,16,4.4484306257,5.7067681991,256,229,255,256
closed_n20,20,0.000000,0.500000,false,2,256,1.000e-12,0.05000,15.000000,17,3.6833484246,4.5155419282,64,63,64,64
closed_n20,20,0.000000,0.500000,false,2,256,1.000e-12,0.05000,15.000000,18,2.5881010034,3.1615356898,16,16,16,16
closed_n20,20,0.000000,0.500000,false,2,256,1.000e-12,0.05000,15.000000,19,1.7983474144,1.8960861374,4,4,4,4
closed_n20,20,0.000000,0.500000,false,2,256,1.000e-12,0.05000,16.000000,1,1.7877217155,1.8904298653,4,4,4,4
closed_n20,20,0.000000,0.500000,false,2,256,1.000e-12,0.05000,16.000000,2,2.6930734136,3.2267340514,16,16,16,16
closed_n20,20,0.000000,0.500000,false,2,256,1.000e-12,0.05000,16.000000,3,3.6761677576,4.5084194090,64,63,64,64
closed_n20,20,0.000000,0.500000,false,2,256,1.000e-12,0.05000,16.000000,4,4.5628200753,5.7739372693,256,229,255,256
closed_n20,20,0.000000,0.500000,false,2,256,1.000e-12,0.05000,16.000000,5,5.3947764494,6.9388062711,1024,805,994,1024
closed_n20,20,0.000000,0.500000,false,2,256,1.000e-12,0.05000,16.000000,6,6.1922401635,8.0968631269,4096,2720,3796,4096
closed_n20,20,0.000000,0.500000,false,2,256,1.000e-12,0.05000,16.000000,7,6.8448909191,9.0650988788,15625,8669,14129,16384
closed_n20,20,0.000000,0.500000,false,2,256,1.000e-12,0.05000,16.000000,8,7.4493400029,10.0082596131,61504,25241,50877,65536
closed_n20,20,0.000000,0.500000,false,2,256,1.000e-12,0.05000,16.000000,9,7.7543381671,10.6336170472,65536,47871,65385,262144
closed_n20,20,0.000000,0.500000,false,2,256,1.000e-12,0.05000,16.000000,10,7.8870746022,10.8810371214,65536,53382,65508,1048576
closed_n20,20,0.000000,0.500000,false,2,256,1.000e-12,0.05000,16.000000,11,7.7543585936,10.6338533190,65536,47890,65390,262144
closed_n20,20,0.000000,0.500000,false,2,256,1.000e-12,0.05000,16.000000,12,7.4493780470,10.0083022648,61504,25247,50962,65536
closed_n20,20,0.000000,0.500000,false,2,256,1.000e-12,0.05000,16.000000,13,6.8448938308,9.0650590856,15625,8670,14134,16384
closed_n20,20,0.000000,0.500000,false,2,256,1.000e-12,0.05000,16.000000,14,6.1922353292,8.0968086556,4096,2720,3797,4096
closed_n20,20,0.000000,0.500000,false,2,256,1.000e-12,0.05000,16.000000,15,5.3947637289,6.9388159594,1024,805,994,1024
closed_n20,20,0.000000,0.500000,false,2,256,1.000e-12,0.05000,16.000000,16,4.5628058993,5.7739162569,256,229,255,256
closed_n20,20,0.000000,0.500000,false,2,256,1.000e-12,0.05000,16.000000,17,3.6761592807,4.5084050821,64,63,64,64
closed_n20,20,0.000000,0.500000,false,2,256,1.000e-12,0.05000,16.000000,18,2.6930704397,3.2267344791,16,16,16,16
closed_n20,20,0.000000,0.500000,false,2,256,1.000e-12,0.05000,16.000000,19,1.7877202987,1.8904291099,4,4,4,4
closed_n20,20,0.000000,0.500000,false,2,256,1.000e-12,0.05000,17.000000,1,1.7875654172,1.8903465220,4,4,4,4
closed_n20,20,0.000000,0.500000,false,2,256,1.000e-12,0.05000,17.000000,2,2.6321626400,3.1924090016,16,16,16,16
closed_n20,20,0.000000,0.500000,false,2,256,1.000e-12,0.05000,17.000000,3,3.7388823540,4.5471565336,64,63,64,64
closed_n20,20,0.000000,0.500000,false,2,256,1.000e-12,0.05000,17.000000,4,4.5550174030,5.7545508031,256,229,255,256
closed_n20,20,0.000000,0.500000,false,2,256,1.000e-12,0.05000,17.000000,5,5.5507889808,7.0224773585,1024,811,997,1024
closed_n20,20,0.000000,0.500000,false,2,256,1.000e-12,0.05000,17.000000,6,6.2142394976,8.0840192430,4096,2736,3822,4096
closed_n20,20,0.000000,0.500000,false,2,256,1.000e-12,0.05000,17.000000,7,7.0797316297,9.2027735856,15625,8835,14227,16384
closed_n20,20,0.000000,0.500000,false,2,256,1.000e-12,0.05000,17.000000,8,7.3950613129,10.0115932039,62001,26130,51968,65536
closed_n20,20,0.000000,0.500000,false,2,256,1.000e-12,0.05000,17.000000,9,8.0587033528,10.7949789113,65536,48828,65418,262144
closed_n20,20,0.000000,0.500000,false,2,256,1.000e-12,0.05000,17.000000,10,7.8838710438,10.9619622027,65536,55068,65517,1048576
closed_n20,20,0.000000,0.500000,false,2,256,1.000e-12,0.05000,17.000000,11,8.0587627523,10.7951696047,65536,48836,65416,262144
closed_n20,20,0.000000,0.500000,false,2,256,1.000e-12,0.05000,17.000000,12,7.3950976318,10.0116469403,62001,26123,52005,65536
closed_n20,20,0.000000,0.500000,false,2,256,1.000e-12,0.05000,17.000000,13,7.0797497114,9.2028494890,15625,8837,14232,16384
closed_n20,20,0.000000,0.500000,false,2,256,1.000e-12,0.05000,17.000000,14,6.2142588408,8.0840611417,4096,2737,3825,4096
closed_n20,20,0.000000,0.500000,false,2,256,1.000e-12,0.05000,17.000000,15,5.5507667044,7.0224254290,1024,811,997,1024
closed_n20,20,0.000000,0.500000,false,2,256,1.000e-12,0.05000,17.000000,16,4.5550175331,5.7545604162,256,229,255,256
closed_n20,20,0.000000,0.500000,false,2,256,1.000e-12,0.05000,17.000000,17,3.7388646328,4.5471303043,64,63,64,64
closed_n20,20,0.000000,0.500000,false,2,256,1.000e-12,0.05000,17.000000,18,2.6321485370,3.1923930777,16,16,16,16
closed_n20,20,0.000000,0.500000,false,2,256,1.000e-12,0.05000,17.000000,19,1.7875620385,1.8903447203,4,4,4,4
closed_n20,20,0.000000,0.500000,false,2,256,1.000e-12,0.05000,18.000000,1,1.8120081322,1.9033301194,4,4,4,4
closed_n20,20,0.000000,0.500000,false,2,256,1.000e-12,0.05000,18.000000,2,2.6194346203,3.1861779045,16,16,16,16
closed_n20,20,0.000000,0.500000,false,2,256,1.000e-12,0.05000,18.000000,3,3.7445295645,4.5387100537,64,63,64,64
closed_n20,20,0.000000,0.500000,false,2,256,1.000e-12,0.05000,18.000000,4,4.6301581972,5.8112887528,256,229,255,256
closed_n20,20,0.000000,0.500000,false,2,256,1.000e-12,0.05000,18.000000,5,5.5199648345,6.9796951253,1024,811,998,1024
closed_n20,20,0.000000,0.500000,false,2,256,1.000e-12,0.05000,18.000000,6,6.3634937841,8.2017265996,4096,2781,3850,4096
closed_n20,20,0.000000,0.500000,false,2,256,1.000e-12,0.05000,18.000000,7,7.1116935211,9.2328291590,15876,8976,14421,16384
closed_n20,20,0.000000,0.500000,false,2,256,1.000e-12,0.05000,18.000000,8,7.5425697763,10.1088056513,62001,26647,52630,65536
closed_n20,20,0.000000,0.500000,false,2,256,1.000e-12,0.05000,18.000000,9,8.1701899657,10.8494156240,65536,49574,65435,262144
closed_n20,20,0.000000,0.500000,false,2,256,1.000e-12,0.05000,18.000000,10,7.9254478666,10.9547369841,65536,55276,65519,1048576
closed_n20,20,0.000000,0.500000,false,2,256,1.000e-12,0.05000,18.000000,11,8.1702301251,10.8494251830,65536,49563,65430,262144
closed_n20,20,0.000000,0.500000,false,2,256,1.000e-12,0.05000,18.000000,12,7.5425781685,10.1086154132,62001,26637,52633,65536
closed_n20,20,0.000000,0.500000,false,2,256,1.000e-12,0.05000,18.000000,13,7.1117264126,9.2327827795,15876,8976,14427,16384
closed_n20,20,0.000000,0.500000,false,2,256,1.000e-12,0.05000,18.000000,14,6.3634926042,8.2016736883,4096,2781,3852,4096
closed_n20,20,0.000000,0.500000,false,2,256,1.000e-12,0.05000,18.000000,15,5.5199556757,6.9796373892,1024,811,998,1024
closed_n20,20,0.000000,0.500000,false,2,256,1.000e-12,0.05000,18.000000,16,4.6301482328,5.8112797196,256,229,255,256
closed_n20,20,0.000000,0.500000,false,2,256,1.000e-12,0.05000,18.000000,17,3.7445215079,4.5386995243,64,63,64,64
closed_n20,20,0.000000,0.500000,false,2,256,1.000e-12,0.05000,18.000000,18,2.6194145794,3.1861563839,16,16,16,16
closed_n20,20,0.000000,0.500000,false,2,256,1.000e-12,0.05000,18.000000,19,1.8120041688,1.9033280223,4,4,4,4
closed_n20,20,0.000000,0.500000,false,2,256,1.000e-12,0.05000,19.000000,1,1.8629212871,1.9300572896,4,4,4,4
closed_n20,20,0.000000,0.500000,false,2,256,1.000e-12,0.05000,19.000000,2,2.6863917066,3.2317832873,16,16,16,16
closed_n20,20,0.000000,0.500000,false,2,256,1.000e-12,0.05000,19.000000,3,3.8808414975,4.6204238724,64,63,64,64
closed_n20,20,0.000000,0.500000,false,2,256,1.000e-12,0.05000,19.000000,4,4.5657274555,5.7876444603,256,231,255,256
closed_n20,20,0.000000,0.500000,false,2,256,1.000e-12,0.05000,19.000000,5,5.6387771183,7.0364708318,1024,815,1000,1024
closed_n20,20,0.000000,0.500000,false,2,256,1.000e-12,0.05000,19.000000,6,6.2938614722,8.1648357119,4096,2801,3868,4096
closed_n20,20,0.000000,0.500000,false,2,256,1.000e-12,0.05000,19.000000,7,7.1970355419,9.2776189175,15876,9100,14536,16384
closed_n20,20,0.000000,0.500000,false,2,256,1.000e-12,0.05000,19.000000,8,7.6992331717,10.2173862203,63001,27566,53653,65536
closed_n20,20,0.000000,0.500000,false,2,256,1.000e-12,0.05000,19.000000,9,8.2113883601,10.8247257516,65536,49600,65447,262144
closed_n20,20,0.000000,0.500000,false,2,256,1.000e-12,0.05000,19.000000,10,8.1606045109,11.0757442419,65536,55775,65523,1048576
closed_n20,20,0.000000,0.500000,false,2,256,1.000e-12,0.05000,19.000000,11,8.2113460367,10.8243835240,65536,49563,65442,262144
closed_n20,20,0.000000,0.500000,false,2,256,1.000e-12,0.05000,19.000000,12,7.6992611793,10.2175757487,63001,27582,53677,65536
closed_n20,20,0.000000,0.500000,false,2,256,1.000e-12,0.05000,19.000000,13,7.1970327451,9.2775816790,15876,9102,14539,16384
closed_n20,20,0.000000,0.500000,false,2,256,1.000e-12,0.05000,19.000000,14,6.2938791386,8.1647763389,4096,2802,3871,4096
closed_n20,20,0.000000,0.500000,false,2,256,1.000e-12,0.05000,19.000000,15,5.6387749077,7.0364333137,1024,815,1000,1024
closed_n20,20,0.000000,0.500000,false,2,256,1.000e-12,0.05000,19.000000,16,4.5657009042,5.7875736226,256,231,255,256
closed_n20,20,0.000000,0.500000,false,2,256,1.000e-12,0.05000,19.000000,17,3.8808374290,4.6204191336,64,63,64,64
closed_n20,20,0.000000,0.500000,false,2,256,1.000e-12,0.05000,19.000000,18,2.6863867999,3.2317776772,16,16,16,16
closed_n20,20,0.000000,0.500000,false,2,256,1.000e-12,0.05000,19.000000,19,1.8629225209,1.9300579322,4,4,4,4
closed_n20,20,0.000000,0.500000,false,2,256,1.000e-12,0.05000,20.000000,1,1.9329430423,1.9661415119,4,4,4,4
closed_n20,20,0.000000,0.500000,false,2,256,1.000e-12,0.05000,20.000000,2,2.7978863599,3.3006726883,16,16,16,16
closed_n20,20,0.000000,0.500000,false,2,256,1.000e-12,0.05000,20.000000,3,3.9437361054,4.6552058405,64,63,64,64
closed_n20,20,0.000000,0.500000,false,2,256,1.000e-12,0.05000,20.000000,4,4.6470052579,5.8405283115,256,232,255,256
closed_n20,20,0.000000,0.500000,false,2,256,1.000e-12,0.05000,20.000000,5,5.6680338915,7.0508676005,1024,819,1001,1024
closed_n20,20,0.000000,0.500000,false,2,256,1.000e-12,0.05000,20.000000,6,6.3782256831,8.2138525886,4096,2826,3887,4096
closed_n20,20,0.000000,0.500000,false,2,256,1.000e-12,0.05000,20.000000,7,7.1558741787,9.2764352085,16129,9309,14760,16384
closed_n20,20,0.000000,0.500000,false,2,256,1.000e-12,0.05000,20.000000,8,7.8343296514,10.2915705549,63504,28406,54484,65536
closed_n20,20,0.000000,0.500000,false,2,256,1.000e-12,0.05000,20.000000,9,8.2054567683,10.9364614273,65536,51057,65464,262144
closed_n20,20,0.000000,0.500000,false,2,256,1.000e-12,0.05000,20.000000,10,8.4878562155,11.2147881009,65536,56224,65524,1048576
closed_n20,20,0.000000,0.500000,false,2,256,1.000e-12,0.05000,20.000000,11,8.2054782362,10.9365501668,65536,51068,65463,262144
closed_n20,20,0.000000,0.500000,false,2,256,1.000e-12,0.05000,20.000000,12,7.8343395793,10.2915910805,64009,28412,54544,65536
closed_n20,20,0.000000,0.500000,false,2,256,1.000e-12,0.05000,20.000000,13,7.1559283548,9.2766736630,16129,9317,14777,16384
closed_n20,20,0.000000,0.500000,false,2,256,1.000e-12,0.05000,20.000000,14,6.3781897984,8.2138749761,4096,2827,3888,4096
closed_n20,20,0.000000,0.500000,false,2,256,1.000e-12,0.05000,20.000000,15,5.6680236178,7.0507645616,1024,819,1001,1024
closed_n20,20,0.000000,0.500000,false,2,256,1.000e-12,0.05000,20.000000,16,4.6469644371,5.8404020875,256,232,255,256
closed_n20,20,0.000000,0.500000,false,2,256,1.000e-12,0.05000,20.000000,17,3.9437266838,4.6551707799,64,63,64,64
closed_n20,20,0.000000,0.500000,false,2,256,1.000e-12,0.05000,20.000000,18,2.7978926001,3.3006776312,16,16,16,16
closed_n20,20,0.000000,0.500000,false,2,256,1.000e-12,0.05000,20.000000,19,1.9329471278,1.9661435952,4,4,4,4
closed_n20,20,0.000000,0.500000,false,2,256,1.000e-12,0.05000,21.000000,1,1.9761625314,1.9880400016,4,4,4,4
closed_n20,20,0.000000,0.500000,false,2,256,1.000e-12,0.05000,21.000000,2,2.8325947488,3.3294002614,16,16,16,16
closed_n20,20,0.000000,0.500000,false,2,256,1.000e-12,0.05000,21.000000,3,3.9571283535,4.6500093626,64,63,64,64
closed_n20,20,0.000000,0.500000,false,2,256,1.000e-12,0.05000,21.000000,4,4.7739566949,5.9048913512,256,233,255,256
closed_n20,20,0.000000,0.500000,false,2,256,1.000e-12,0.05000,21.000000,5,5.6475965461,7.0457457180,1024,823,1003,1024
closed_n20,20,0.000000,0.500000,false,2,256,1.000e-12,0.05000,21.000000,6,6.4454726918,8.2458103965,4096,2865,3910,4096
closed_n20,20,0.000000,0.500000,false,2,256,1.000e-12,0.05000,21.000000,7,7.0772344437,9.2416577409,16129,9406,14872,16384
closed_n20,20,0.000000,0.500000,false,2,256,1.000e-12,0.05000,21.000000,8,7.7868501793,10.2966900525,64009,29180,55430,65536
closed_n20,20,0.000000,0.500000,false,2,256,1.000e-12,0.05000,21.000000,9,7.9152432872,10.8010332670,65536,50900,65468,262144
closed_n20,20,0.000000,0.500000,false,2,256,1.000e-12,0.05000,21.000000,10,8.4901856638,11.2545767774,65536,56988,65526,1048576
closed_n20,20,0.000000,0.500000,false,2,256,1.000e-12,0.05000,21.000000,11,7.9152750201,10.8014265831,65536,50939,65466,262144
closed_n20,20,0.000000,0.500000,false,2,256,1.000e-12,0.05000,21.000000,12,7.7868427744,10.2967255603,64009,29199,55463,65536
closed_n20,20,0.000000,0.500000,false,2,256,1.000e-12,0.05000,21.000000,13,7.0771742751,9.2415640343,16129,9413,14876,16384
closed_n20,20,0.000000,0.500000,false,2,256,1.000e-12,0.05000,21.000000,14,6.4454696520,8.2459575154,4096,2868,3912,4096
closed_n20,20,0.000000,0.500000,false,2,256,1.000e-12,0.05000,21.000000,15,5.6476041493,7.0457464817,1024,824,1003,1024
closed_n20,20,0.000000,0.500000,false,2,256,1.000e-12,0.05000,21.000000,16,4.7739475453,5.9048899239,256,233,255,256
closed_n20,20,0.000000,0.500000,false,2,256,1.000e-12,0.05000,21.000000,17,3.9570938709,4.6499441943,64,63,64,64
closed_n20,20,0.000000,0.500000,false,2,256,1.000e-12,0.05000,21.000000,18,2.8326122302,3.3294227734,16,16,16,16
closed_n20,20,0.000000,0.500000,false,2,256,1.000e-12,0.05000,21.000000,19,1.9761658266,1.9880416606,4,4,4,4
closed_n20,20,0.000000,0.500000,false,2,256,1.000e-12,0.05000,22.000000,1,1.9887773745,1.9943795689,4,4,4,4
closed_n20,20,0.000000,0.500000,false,2,256,1.000e-12,0.05000,22.000000,2,2.7993653776,3.3135139428,16,16,16,16
closed_n20,20,0.000000,0.500000,false,2,256,1.000e-12,0.05000,22.000000,3,3.9898146832,4.6795814576,64,63,64,64
closed_n20,20,0.000000,0.500000,false,2,256,1.000e-12,0.05000,22.000000,4,4.7724830966,5.9101696317,256,233,255,256
closed_n20,20,0.000000,0.500000,false,2,256,1.000e-12,0.05000,22.000000,5,5.6316700423,7.0412610723,1024,826,1004,1024
closed_n20,20,0.000000,0.500000,false,2,256,1.000e-12,0.05000,22.000000,6,6.4037232565,8.2135082947,4096,2858,3920,4096
closed_n20,20,0.000000,0.500000,false,2,256,1.000e-12,0.05000,22.000000,7,7.0673776336,9.2504953324,16129,9540,14971,16384
closed_n20,20,0.000000,0.500000,false,2,256,1.000e-12,0.05000,22.000000,8,7.6619506381,10.1998073535,64516,29187,56089,65536
closed_n20,20,0.000000,0.500000,false,2,256,1.000e-12,0.05000,22.000000,9,8.0476860270,10.9258348243,65536,52302,65486,262144
closed_n20,20,0.000000,0.500000,false,2,256,1.000e-12,0.05000,22.000000,10,8.2825324307,11.1229502415,65536,56549,65524,1048576
closed_n20,20,0.000000,0.500000,false,2,256,1.000e-12,0.05000,22.000000,11,8.0476912584,10.9264487693,65536,52360,65487,262144
closed_n20,20,0.000000,0.500000,false,2,256,1.000e-12,0.05000,22.000000,12,7.6619354121,10.2001531385,64516,29230,56147,65536
closed_n20,20,0.000000,0.500000,false,2,256,1.000e-12,0.05000,22.000000,13,7.0673424179,9.2506298121,16129,9550,14977,16384
closed_n20,20,0.000000,0.500000,false,2,256,1.000e-12,0.05000,22.000000,14,6.4037399269,8.2136487986,4096,2860,3921,4096
closed_n20,20,0.000000,0.500000,false,2,256,1.000e-12,0.05000,22.000000,15,5.6316365972,7.0413232348,1024,827,1004,1024
closed_n20,20,0.000000,0.500000,false,2,256,1.000e-12,0.05000,22.000000,16,4.7724765909,5.9101985798,256,233,255,256
closed_n20,20,0.000000,0.500000,false,2,256,1.000e-12,0.05000,22.000000,17,3.9898420728,4.6796267808,64,63,64,64
closed_n20,20,0.000000,0.500000,false,2,256,1.000e-12,0.05000,22.000000,18,2.7993334242,3.3134919930,16,16,16,16
closed_n20,20,0.000000,0.500000,false,2,256,1.000e-12,0.05000,22.000000,19,1.9887793709,1.9943805704,4,4,4,4
closed_n20,20,0.000000,0.500000,false,2,256,1.000e-12,0.05000,23.000000,1,1.9793184400,1.9896281824,4,4,4,4
closed_n20,20,0.000000,0.500000,false,2,256,1.000e-12,0.05000,23.000000,2,2.7679183740,3.2961731121,16,16,16,16
closed_n20,20,0.000000,0.500000,false,2,256,1.000e-12,0.05000,23.000000,3,4.0072427405,4.7007390738,64,63,64,64
closed_n20,20,0.000000,0.500000,false,2,256,1.000e-12,0.05000,23.000000,4,4.5689634065,5.8256436548,256,233,255,256
closed_n20,20,0.000000,0.500000,false,2,256,1.000e-12,0.05000,23.000000,5,5.6470265551,7.0352649920,1024,826,1005,1024
closed_n20,20,0.000000,0.500000,false,2,256,1.000e-12,0.05000,23.000000,6,6.2676035138,8.1502484444,4096,2870,3932,4096
closed_n20,20,0.000000,0.500000,false,2,256,1.000e-12,0.05000,23.000000,7,7.0126137876,9.1799423338,16384,9552,15161,16384
closed_n20,20,0.000000,0.500000,false,2,256,1.000e-12,0.05000,23.000000,8,7.5250638488,10.1454942899,65025,29708,56760,65536
closed_n20,20,0.000000,0.500000,false,2,256,1.000e-12,0.05000,23.000000,9,7.9869822817,10.8467446840,65536,52263,65491,262144
closed_n20,20,0.000000,0.500000,false,2,256,1.000e-12,0.05000,23.000000,10,8.1248526630,11.1128990242,65536,57438,65528,1048576
closed_n20,20,0.000000,0.500000,false,2,256,1.000e-12,0.05000,23.000000,11,7.9870167435,10.8471239077,65536,52300,65493,262144
closed_n20,20,0.000000,0.500000,false,2,256,1.000e-12,0.05000,23.000000,12,7.5250047686,10.1459100977,65025,29760,56822,65536
closed_n20,20,0.000000,0.500000,false,2,256,1.000e-12,0.05000,23.000000,13,7.0126051250,9.1800530043,16384,9560,15165,16384
closed_n20,20,0.000000,0.500000,false,2,256,1.000e-12,0.05000,23.000000,14,6.2675882588,8.1503014538,4096,2871,3932,4096
closed_n20,20,0.000000,0.500000,false,2,256,1.000e-12,0.05000,23.000000,15,5.6469695412,7.0351687247,1024,826,1005,1024
closed_n20,20,0.000000,0.500000,false,2,256,1.000e-12,0.05000,23.000000,16,4.5689509805,5.8256626764,256,233,255,256
closed_n20,20,0.000000,0.500000,false,2,256,1.000e-12,0.05000,23.000000,17,4.0072505952,4.7007723308,64,63,64,64
closed_n20,20,0.000000,0.500000,false,2,256,1.000e-12,0.05000,23.000000,18,2.7679597490,3.2962051277,16,16,16,16
closed_n20,20,0.000000,0.500000,false,2,256,1.000e-12,0.05000,23.000000,19,1.9793202276,1.9896290816,4,4,4,4
closed_n20,20,0.000000,0.500000,false,2,256,1.000e-12,0.05000,24.000000,1,1.9333659034,1.9663571254,4,4,4,4
closed_n20,20,0.000000,0.500000,false,2,256,1.000e-12,0.05000,24.000000,2,2.7316563298,3.2716695080,16,16,16,16
closed_n20,20,0.000000,0.500000,false,2,256,1.000e-12,0.05000,24.000000,3,3.9041531834,4.6334171649,64,63,64,64
closed_n20,20,0.000000,0.500000,false,2,256,1.000e-12,0.05000,24.000000,4,4.6151774896,5.8306046819,256,233,255,256
closed_n20,20,0.000000,0.500000,false,2,256,1.000e-12,0.05000,24.000000,5,5.5415429303,6.9947372527,1024,831,1006,1024
closed_n20,20,0.000000,0.500000,false,2,256,1.000e-12,0.05000,24.000000,6,6.2839639554,8.1369336953,4096,2883,3944,4096
closed_n20,20,0.000000,0.500000,false,2,256,1.000e-12,0.05000,24.000000,7,6.8566355121,9.1166153585,16384,9638,15257,16384
closed_n20,20,0.000000,0.500000,false,2,256,1.000e-12,0.05000,24.000000,8,7.4891920664,10.0773802003,65025,29812,57422,65536
closed_n20,20,0.000000,0.500000,false,2,256,1.000e-12,0.05000,24.000000,9,7.6933911022,10.7170992390,65536,52219,65494,262144
closed_n20,20,0.000000,0.500000,false,2,256,1.000e-12,0.05000,24.000000,10,7.9686284827,10.9616483300,65536,56961,65527,1048576
closed_n20,20,0.000000,0.500000,false,2,256,1.000e-12,0.05000,24.000000,11,7.6933552947,10.7165259594,65536,52171,65492,262144
closed_n20,20,0.000000,0.500000,false,2,256,1.000e-12,0.05000,24.000000,12,7.4891819781,10.0774736845,65025,29814,57413,65536
closed_n20,20,0.000000,0.500000,false,2,256,1.000e-12,0.05000,24.000000,13,6.8566752740,9.1167843740,16384,9640,15261,16384
closed_n20,20,0.000000,0.500000,false,2,256,1.000e-12,0.05000,24.000000,14,6.2839692435,8.1371166274,4096,2885,3945,4096
closed_n20,20,0.000000,0.500000,false,2,256,1.000e-12,0.05000,24.000000,15,5.5415492812,6.9948575281,1024,832,1006,1024
closed_n20,20,0.000000,0.500000,false,2,256,1.000e-12,0.05000,24.000000,16,4.6151605401,5.8305820292,256,233,255,256
closed_n20,20,0.000000,0.500000,false,2,256,1.000e-12,0.05000,24.000000,17,3.9042104182,4.6334869497,64,63,64,64
closed_n20,20,0.000000,0.500000,false,2,256,1.000e-12,0.05000,24.000000,18,2.7316260560,3.2716284073,16,16,16,16
closed_n20,20,0.000000,0.500000,false,2,256,1.000e-12,0.05000,24.000000,19,1.9333690395,1.9663587243,4,4,4,4
closed_n20,20,0.000000,0.500000,false,2,256,1.000e-12,0.05000,25.000000,1,1.8898812021,1.9440410944,4,4,4,4
closed_n20,20,0.000000,0.500000,false,2,256,1.000e-12,0.05000,25.000000,2,2.6506629281,3.2115855440,16,16,16,16
closed_n20,20,0.000000,0.500000,false,2,256,1.000e-12,0.05000,25.000000,3,3.8382223314,4.5897128198,64,63,64,64
closed_n20,20,0.000000,0.500000,false,2,256,1.000e-12,0.05000,25.000000,4,4.7218610452,5.8937051735,256,235,255,256
closed_n20,20,0.000000,0.500000,false,2,256,1.000e-12,0.05000,25.000000,5,5.4369408689,6.9336433557,1024,832,1007,1024
closed_n20,20,0.000000,0.500000,false,2,256,1.000e-12,0.05000,25.000000,6,6.3396527240,8.1834069075,4096,2935,3959,4096
closed_n20,20,0.000000,0.500000,false,2,256,1.000e-12,0.05000,25.000000,7,6.7593164236,9.0748305421,16384,9710,15334,16384
closed_n20,20,0.000000,0.500000,false,2,256,1.000e-12,0.05000,25.000000,8,7.5069384562,10.1132587231,65536,30352,57936,65536
closed_n20,20,0.000000,0.500000,false,2,256,1.000e-12,0.05000,25.000000,9,7.5908576977,10.6585869602,65536,51704,65494,262144
closed_n20,20,0.000000,0.500000,false,2,256,1.000e-12,0.05000,25.000000,10,8.0292899943,10.9982054829,65536,56998,65528,1048576
closed_n20,20,0.000000,0.500000,false,2,256,1.000e-12,0.05000,25.000000,11,7.5908228579,10.6581322257,65536,51680,65492,262144
closed_n20,20,0.000000,0.500000,false,2,256,1.000e-12,0.05000,25.000000,12,7.5068308580,10.1129679192,65025,30359,57965,65536
closed_n20,20,0.000000,0.500000,false,2,256,1.000e-12,0.05000,25.000000,13,6.7593623922,9.0752322374,16384,9724,15345,16384
closed_n20,20,0.000000,0.500000,false,2,256,1.000e-12,0.05000,25.000000,14,6.3395872528,8.1835658346,4096,2937,3960,4096
closed_n20,20,0.000000,0.500000,false,2,256,1.000e-12,0.05000,25.000000,15,5.4370535563,6.9337318113,1024,832,1007,1024
closed_n20,20,0.000000,0.500000,false,2,256,1.000e-12,0.05000,25.000000,16,4.7218936548,5.8936758349,256,235,255,256
closed_n20,20,0.000000,0.500000,false,2,256,1.000e-12,0.05000,25.000000,17,3.8381796057,4.5895862256,64,63,64,64
closed_n20,20,0.000000,0.500000,false,2,256,1.000e-12,0.05000,25.000000,18,2.6506837447,3.2115944488,16,16,16,16
closed_n20,20,0.000000,0.500000,false,2,256,1.000e-12,0.05000,25.000000,19,1.8898816137,1.9440413070,4,4,4,4
closed_n20,20,0.000000,0.500000,false,2,256,1.000e-12,0.05000,26.000000,1,1.9177261095,1.9583644062,4,4,4,4
closed_n20,20,0.000000,0.500000,false,2,256,1.000e-12,0.05000,26.000000,2,2.6485071540,3.2260609387,16,16,16,16
closed_n20,20,0.000000,0.500000,false,2,256,1.000e-12,0.05000,26.000000,3,3.9377839723,4.6625787057,64,63,64,64
closed_n20,20,0.000000,0.500000,false,2,256,1.000e-12,0.05000,26.000000,4,4.5853537854,5.8345062481,256,235,255,256
closed_n20,20,0.000000,0.500000,false,2,256,1.000e-12,0.05000,26.000000,5,5.5957770024,7.0378922976,1024,840,1008,1024
closed_n20,20,0.000000,0.500000,false,2,256,1.000e-12,0.05000,26.000000,6,6.2353773936,8.1326355235,4096,2953,3971,4096
closed_n20,20,0.000000,0.500000,false,2,256,1.000e-12,0.05000,26.000000,7,6.9799594629,9.1799427045,16384,9843,15415,16384
closed_n20,20,0.000000,0.500000,false,2,256,1.000e-12,0.05000,26.000000,8,7.4366524624,10.0767767031,65536,30590,58543,65536
closed_n20,20,0.000000,0.500000,false,2,256,1.000e-12,0.05000,26.000000,9,7.8292979295,10.7597403741,65536,51998,65498,262144
closed_n20,20,0.000000,0.500000,false,2,256,1.000e-12,0.05000,26.000000,10,7.9682092832,10.9798264902,65536,56737,65528,1048576
closed_n20,20,0.000000,0.500000,false,2,256,1.000e-12,0.05000,26.000000,11,7.8293660103,10.7600393434,65536,52006,65496,262144
closed_n20,20,0.000000,0.500000,false,2,256,1.000e-12,0.05000,26.000000,12,7.4366408672,10.0770680453,65536,30648,58595,65536
closed_n20,20,0.000000,0.500000,false,2,256,1.000e-12,0.05000,26.000000,13,6.9799224627,9.1803506303,16384,9860,15424,16384
closed_n20,20,0.000000,0.500000,false,2,256,1.000e-12,0.05000,26.000000,14,6.2353895580,8.1326469291,4096,2955,3971,4096
closed_n20,20,0.000000,0.500000,false,2,256,1.000e-12,0.05000,26.000000,15,5.5958039275,7.0381403253,1024,841,1008,1024
closed_n20,20,0.000000,0.500000,false,2,256,1.000e-12,0.05000,26.000000,16,4.5853476396,5.8344134752,256,235,255,256
closed_n20,20,0.000000,0.500000,false,2,256,1.000e-12,0.05000,26.000000,17,3.9378059348,4.6625797151,64,63,64,64
closed_n20,20,0.000000,0.500000,false,2,256,1.000e-12,0.05000,26.000000,18,2.6484747227,3.2260393563,16,16,16,16
closed_n20,20,0.000000,0.500000,false,2,256,1.000e-12,0.05000,26.000000,19,1.9177329021,1.9583678856,4,4,4,4
closed_n20,20,0.000000,0.500000,false,2,256,1.000e-12,0.05000,27.000000,1,1.9586215684,1.9791859157,4,4,4,4
closed_n20,20,0.000000,0.500000,false,2,256,1.000e-12,0.05000,27.000000,2,2.8179067246,3.3213451873,16,16,16,16
closed_n20,20,0.000000,0.500000,false,2,256,1.000e-12,0.05000,27.000000,3,3.8757396061,4.6356713498,64,63,64,64
closed_n20,20,0.000000,0.500000,false,2,256,1.000e-12,0.05000,27.000000,4,4.6968768166,5.8832829269,256,235,255,256
closed_n20,20,0.000000,0.500000,false,2,256,1.000e-12,0.05000,27.000000,5,5.4853890514,7.0017517360,1024,846,1009,1024
closed_n20,20,0.000000,0.500000,false,2,256,1.000e-12,0.05000,27.000000,6,6.3086710274,8.1520097268,4096,2969,3980,4096
closed_n20,20,0.000000,0.500000,false,2,256,1.000e-12,0.05000,27.000000,7,6.9478975057,9.1762117907,16384,9972,15494,16384
closed_n20,20,0.000000,0.500000,false,2,256,1.000e-12,0.05000,27.000000,8,7.5482305958,10.1161916934,65536,30994,59022,65536
closed_n20,20,0.000000,0.500000,false,2,256,1.000e-12,0.05000,27.000000,9,7.8256561524,10.7255878381,65536,52094,65499,262144
closed_n20,20,0.000000,0.500000,false,2,256,1.000e-12,0.05000,27.000000,10,8.0307860639,11.0265189384,65536,56951,65529,1048576
closed_n20,20,0.000000,0.500000,false,2,256,1.000e-12,0.05000,27.000000,11,7.8257329041,10.7267205103,65536,52193,65501,262144
closed_n20,20,0.000000,0.500000,false,2,256,1.000e-12,0.05000,27.000000,12,7.5481589791,10.1157397019,65536,30984,59029,65536
closed_n20,20,0.000000,0.500000,false,2,256,1.000e-12,0.05000,27.000000,13,6.9478202645,9.1759387866,16384,9974,15495,16384
closed_n20,20,0.000000,0.500000,false,2,256,1.000e-12,0.05000,27.000000,14,6.3086803068,8.1522944927,4096,2971,3981,4096
closed_n20,20,0.000000,0.500000,false,2,256,1.000e-12,0.05000,27.000000,15,5.4854039120,7.0018833675,1024,846,1009,1024
closed_n20,20,0.000000,0.500000,false,2,256,1.000e-12,0.05000,27.000000,16,4.6969330155,5.8835110321,256,235,255,256
closed_n20,20,0.000000,0.500000,false,2,256,1.000e-12,0.05000,27.000000,17,3.8757145841,4.6355933616,64,63,64,64
closed_n20,20,0.000000,0.500000,false,2,256,1.000e-12,0.05000,27.000000,18,2.8178414065,3.3212956865,16,16,16,16
closed_n20,20,0.000000,0.500000,false,2,256,1.000e-12,0.05000,27.000000,19,1.9586276489,1.9791889928,4,4,4,4
closed_n20,20,0.000000,0.500000,false,2,256,1.000e-12,0.05000,28.000000,1,1.9621168340,1.9809538421,4,4,4,4
closed_n20,20,0.000000,0.500000,false,2,256,1.000e-12,0.05000,28.000000,2,2.8317863362,3.3268312315,16,16,16,16
closed_n20,20,0.000000,0.500000,false,2,256,1.000e-12,0.05000,28.000000,3,3.9442408791,4.6625522089,64,63,64,64
closed_n20,20,0.000000,0.500000,false,2,256,1.000e-12,0.05000,28.000000,4,4.7883030144,5.9210176916,256,236,256,256
closed_n20,20,0.000000,0.500000,false,2,256,1.000e-12,0.05000,28.000000,5,5.6364036245,7.0718489567,1024,851,1010,1024
closed_n20,20,0.000000,0.500000,false,2,256,1.000e-12,0.05000,28.000000,6,6.2607995139,8.1610595653,4096,3008,3989,4096
closed_n20,20,0.000000,0.500000,false,2,256,1.000e-12,0.05000,28.000000,7,7.0946673856,9.2328080640,16384,10101,15564,16384
closed_n20,20,0.000000,0.500000,false,2,256,1.000e-12,0.05000,28.000000,8,7.4313561172,10.1281627820,65536,31745,59522,65536
closed_n20,20,0.000000,0.500000,false,2,256,1.000e-12,0.05000,28.000000,9,8.0162044197,10.8062117554,65536,52175,65500,262144
closed_n20,20,0.000000,0.500000,false,2,256,1.000e-12,0.05000,28.000000,10,7.8843816205,10.9652837582,65536,57321,65529,1048576
closed_n20,20,0.000000,0.500000,false,2,256,1.000e-12,0.05000,28.000000,11,8.0160836290,10.8063671527,65536,52247,65502,262144
closed_n20,20,0.000000,0.500000,false,2,256,1.000e-12,0.05000,28.000000,12,7.4313891236,10.1281778195,65536,31747,59547,65536
closed_n20,20,0.000000,0.500000,false,2,256,1.000e-12,0.05000,28.000000,13,7.0947468555,9.2328050647,16384,10103,15567,16384
closed_n20,20,0.000000,0.500000,false,2,256,1.000e-12,0.05000,28.000000,14,6.2607286273,8.1609732944,4096,3010,3990,4096
closed_n20,20,0.000000,0.500000,false,2,256,1.000e-12,0.05000,28.000000,15,5.6365677704,7.0724802300,1024,851,1010,1024
closed_n20,20,0.000000,0.500000,false,2,256,1.000e-12,0.05000,28.000000,16,4.7883202090,5.9211454818,256,236,256,256
closed_n20,20,0.000000,0.500000,false,2,256,1.000e-12,0.05000,28.000000,17,3.9442725005,4.6626326588,64,63,64,64
closed_n20,20,0.000000,0.500000,false,2,256,1.000e-12,0.05000,28.000000,18,2.8318092569,3.3268529242,16,16,16,16
closed_n20,20,0.000000,0.500000,false,2,256,1.000e-12,0.05000,28.000000,19,1.9621134685,1.9809521407,4,4,4,4
closed_n20,20,0.000000,0.500000,false,2,256,1.000e-12,0.05000,29.000000,1,1.9385223546,1.9689841792,4,4,4,4
closed_n20,20,0.000000,0.500000,false,2,256,1.000e-12,0.05000,29.000000,2,2.7585444235,3.2803657270,16,16,16,16
closed_n20,20,0.000000,0.500000,false,2,256,1.000e-12,0.05000,29.000000,3,3.9494031618,4.6702476839,64,63,64,64
closed_n20,20,0.000000,0.500000,false,2,256,1.000e-12,0.05000,29.000000,4,4.7428044419,5.8960283371,256,237,256,256
closed_n20,20,0.000000,0.500000,false,2,256,1.000e-12,0.05000,29.000000,5,5.7718197550,7.1476088014,1024,858,1011,1024
closed_n20,20,0.000000,0.500000,false,2,256,1.000e-12,0.05000,29.000000,6,6.3208952280,8.1815117380,4096,3032,3998,4096
closed_n20,20,0.000000,0.500000,false,2,256,1.000e-12,0.05000,29.000000,7,7.2082822713,9.2966184318,16384,10251,15629,16384
closed_n20,20,0.000000,0.500000,false,2,256,1.000e-12,0.05000,29.000000,8,7.5411843197,10.1903526461,65536,32186,59900,65536
closed_n20,20,0.000000,0.500000,false,2,256,1.000e-12,0.05000,29.000000,9,8.1326688513,10.8948892075,65536,52690,65504,262144
closed_n20,20,0.000000,0.500000,false,2,256,1.000e-12,0.05000,29.000000,10,7.9817290137,10.9947393962,65536,56943,65529,1048576
closed_n20,20,0.000000,0.500000,false,2,256,1.000e-12,0.05000,29.000000,11,8.1325342636,10.8942017662,65536,52655,65505,262144
closed_n20,20,0.000000,0.500000,false,2,256,1.000e-12,0.05000,29.000000,12,7.5411459465,10.1904471429,65536,32216,59946,65536
closed_n20,20,0.000000,0.500000,false,2,256,1.000e-12,0.05000,29.000000,13,7.2083934222,9.2973226603,16384,10265,15636,16384
closed_n20,20,0.000000,0.500000,false,2,256,1.000e-12,0.05000,29.000000,14,6.3210830510,8.1819088030,4096,3033,3998,4096
closed_n20,20,0.000000,0.500000,false,2,256,1.000e-12,0.05000,29.000000,15,5.7717627342,7.1474212320,1024,858,1011,1024
closed_n20,20,0.000000,0.500000,false,2,256,1.000e-12,0.05000,29.000000,16,4.7428677391,5.8961153093,256,237,256,256
closed_n20,20,0.000000,0.500000,false,2,256,1.000e-12,0.05000,29.000000,17,3.9495084411,4.6704355607,64,63,64,64
closed_n20,20,0.000000,0.500000,false,2,256,1.000e-12,0.05000,29.000000,18,2.7585402282,3.2803651618,16,16,16,16
closed_n20,20,0.000000,0.500000,false,2,256,1.000e-12,0.05000,29.000000,19,1.9385207170,1.9689833456,4,4,4,4
closed_n20,20,0.000000,0.500000,false,2,256,1.000e-12,0.05000,30.000000,1,1.9331623002,1.9662533131,4,4,4,4
closed_n20,20,0.000000,0.500000,false,2,256,1.000e-12,0.05000,30.000000,2,2.7391849811,3.2854681443,16,16,16,16
closed_n20,20,0.000000,0.500000,false,2,256,1.000e-12,0.05000,30.000000,3,3.9866101205,4.7084884979,64,64,64,64
closed_n20,20,0.000000,0.500000,false,2,256,1.000e-12,0.05000,30.000000,4,4.6989791337,5.9052583919,256,238,256,256
closed_n20,20,0.000000,0.500000,false,2,256,1.000e-12,0.05000,30.000000,5,5.7771036994,7.1689504890,1024,862,1012,1024
closed_n20,20,0.000000,0.500000,false,2,256,1.000e-12,0.05000,30.000000,6,6.4104560919,8.2440794532,4096,3054,4006,4096
closed_n20,20,0.000000,0.500000,false,2,256,1.000e-12,0.05000,30.000000,7,7.3108259362,9.3676501989,16384,10409,15694,16384
closed_n20,20,0.000000,0.500000,false,2,256,1.000e-12,0.05000,30.000000,8,7.7253099996,10.3042584755,65536,32964,60298,65536
closed_n20,20,0.000000,0.500000,false,2,256,1.000e-12,0.05000,30.000000,9,8.3474531064,11.0291988897,65536,53040,65508,262144
closed_n20,20,0.000000,0.500000,false,2,256,1.000e-12,0.05000,30.000000,10,8.1775769686,11.1212519979,65536,57614,65530,1048576
closed_n20,20,0.000000,0.500000,false,2,256,1.000e-12,0.05000,30.000000,11,8.3472824544,11.0291384917,65536,53054,65507,262144
closed_n20,20,0.000000,0.500000,false,2,256,1.000e-12,0.05000,30.000000,12,7.7251719074,10.3038117608,65536,32969,60329,65536
closed_n20,20,0.000000,0.500000,false,2,256,1.000e-12,0.05000,30.000000,13,7.3108790901,9.3674638001,16384,10408,15692,16384
closed_n20,20,0.000000,0.500000,false,2,256,1.000e-12,0.05000,30.000000,14,6.4105279412,8.2441750835,4096,3054,4006,4096
closed_n20,20,0.000000,0.500000,false,2,256,1.000e-12,0.05000,30.000000,15,5.7772477564,7.1692398936,1024,862,1012,1024
closed_n20,20,0.000000,0.500000,false,2,256,1.000e-12,0.05000,30.000000,16,4.6988926459,5.9050588309,256,238,256,256
closed_n20,20,0.000000,0.500000,false,2,256,1.000e-12,0.05000,30.000000,17,3.9866478302,4.7085295785,64,64,64,64
closed_n20,20,0.000000,0.500000,false,2,256,1.000e-12,0.05000,30.000000,18,2.7392591849,3.2855372383,16,16,16,16
closed_n20,20,0.000000,0.500000,false,2,256,1.000e-12,0.05000,30.000000,19,1.9331765709,1.9662605896,4,4,4,4
open_n20_g0p100,20,0.100000,0.500000,true,2,256,1.000e-12,0.05000,0.000000,1,0.0000000000,0.0000000000,1,1,1,4
open_n20_g0p100,20,0.100000,0.500000,true,2,256,1.000e-12,0.05000,0.000000,2,0.0000000000,0.0000000000,1,1,1,16
open_n20_g0p100,20,0.100000,0.500000,true,2,256,1.000e-12,0.05000,0.000000,3,0.0000000000,0.0000000000,1,1,1,64
open_n20_g0p100,20,0.100000,0.500000,true,2,256,1.000e-12,0.05000,0.000000,4,0.0000000000,0.0000000000,1,1,1,256
open_n20_g0p100,20,0.100000,0.500000,true,2,256,1.000e-12,0.05000,0.000000,5,0.0000000000,0.0000000000,1,1,1,1024
open_n20_g0p100,20,0.100000,0.500000,true,2,256,1.000e-12,0.05000,0.000000,6,0.0000000000,0.0000000000,1,1,1,4096
open_n20_g0p100,20,0.100000,0.500000,true,2,256,1.000e-12,0.05000,0.000000,7,0.0000000000,0.0000000000,1,1,1,16384
open_n20_g0p100,20,0.100000,0.500000,true,2,256,1.000e-12,0.05000,0.000000,8,0.0000000000,0.0000000000,1,1,1,65536
open_n20_g0p100,20,0.100000,0.500000,true,2,256,1.000e-12,0.05000,0.000000,9,0.0000000000,0.0000000000,1,1,1,262144
open_n20_g0p100,20,0.100000,0.500000,true,2,256,1.000e-12,0.05000,0.000000,10,0.0000000000,0.0000000000,1,1,1,1048576
open_n20_g0p100,20,0.100000,0.500000,true,2,256,1.000e-12,0.05000,0.000000,11,0.0000000000,0.0000000000,1,1,1,262144
open_n20_g0p100,20,0.100000,0.500000,true,2,256,1.000e-12,0.05000,0.000000,12,0.0000000000,0.0000000000,1,1,1,65536
open_n20_g0p100,20,0.100000,0.500000,true,2,256,1.000e-12,0.05000,0.000000,13,0.0000000000,0.0000000000,1,1,1,16384
open_n20_g0p100,20,0.100000,0.500000,true,2,256,1.000e-12,0.05000,0.000000,14,0.0000000000,0.0000000000,1,1,1,4096
open_n20_g0p100,20,0.100000,0.500000,true,2,256,1.000e-12,0.05000,0.000000,15,0.0000000000,0.0000000000,1,1,1,1024
open_n20_g0p100,20,0.100000,0.500000,true,2,256,1.000e-12,0.05000,0.000000,16,0.0000000000,0.0000000000,1,1,1,256
open_n20_g0p100,20,0.100000,0.500000,true,2,256,1.000e-12,0.05000,0.000000,17,0.0000000000,0.0000000000,1,1,1,64
open_n20_g0p100,20,0.100000,0.500000,true,2,256,1.000e-12,0.05000,0.000000,18,0.0000000000,0.0000000000,1,1,1,16
open_n20_g0p100,20,0.100000,0.500000,true,2,256,1.000e-12,0.05000,0.000000,19,0.0000000000,0.0000000000,1,1,1,4
open_n20_g0p100,20,0.100000,0.500000,true,2,256,1.000e-12,0.05000,1.000000,1,1.4210718152,1.6834190601,4,4,4,4
open_n20_g0p100,20,0.100000,0.500000,true,2,256,1.000e-12,0.05000,1.000000,2,1.4140948848,2.1443015304,16,16,16,16
open_n20_g0p100,20,0.100000,0.500000,true,2,256,1.000e-12,0.05000,1.000000,3,1.4075240873,2.1710010210,61,29,56,64
open_n20_g0p100,20,0.100000,0.500000,true,2,256,1.000e-12,0.05000,1.000000,4,1.4082509451,2.1704753461,85,30,73,256
open_n20_g0p100,20,0.100000,0.500000,true,2,256,1.000e-12,0.05000,1.000000,5,1.4070617429,2.1704619217,94,30,74,1024
open_n20_g0p100,20,0.100000,0.500000,true,2,256,1.000e-12,0.05000,1.000000,6,1.4082100993,2.1704253266,90,29,74,4096
open_n20_g0p100,20,0.100000,0.500000,true,2,256,1.000e-12,0.05000,1.000000,7,1.4070605030,2.1704568186,94,30,74,16384
open_n20_g0p100,20,0.100000,0.500000,true,2,256,1.000e-12,0.05000,1.000000,8,1.4082098938,2.1704250301,90,29,74,65536
open_n20_g0p100,20,0.100000,0.500000,true,2,256,1.000e-12,0.05000,1.000000,9,1.4070604825,2.1704567903,94,30,74,262144
open_n20_g0p100,20,0.100000,0.500000,true,2,256,1.000e-12,0.05000,1.000000,10,1.4082098926,2.1704250264,90,29,74,1048576
open_n20_g0p100,20,0.100000,0.500000,true,2,256,1.000e-12,0.05000,1.000000,11,1.4070604820,2.1704567896,94,30,74,262144
open_n20_g0p100,20,0.100000,0.500000,true,2,256,1.000e-12,0.05000,1.000000,12,1.4082098893,2.1704250211,90,29,74,65536
open_n20_g0p100,20,0.100000,0.500000,true,2,256,1.000e-12,0.05000,1.000000,13,1.4070604496,2.1704567245,94,30,74,16384
open_n20_g0p100,20,0.100000,0.500000,true,2,256,1.000e-12,0.05000,1.000000,14,1.4082096073,2.1704246318,90,29,74,4096
open_n20_g0p100,20,0.100000,0.500000,true,2,256,1.000e-12,0.05000,1.000000,15,1.4070588108,2.1704577840,94,30,74,1024
open_n20_g0p100,20,0.100000,0.500000,true,2,256,1.000e-12,0.05000,1.000000,16,1.4082407580,2.1704496026,85,30,73,256
open_n20_g0p100,20,0.100000,0.500000,true,2,256,1.000e-12,0.05000,1.000000,17,1.4074641627,2.1706053244,54,29,50,64
open_n20_g0p100,20,0.100000,0.500000,true,2,256,1.000e-12,0.05000,1.000000,18,1.4128843526,2.1417706215,16,16,16,16
open_n20_g0p100,20,0.100000,0.500000,true,2,256,1.000e-12,0.05000,1.000000,19,1.4152809351,1.6787367709,4,4,4,4
open_n20_g0p100,20,0.100000,0.500000,true,2,256,1.000e-12,0.05000,2.000000,1,1.9325973530,1.9666766038,4,4,4,4
open_n20_g0p100,20,0.100000,0.500000,true,2,256,1.000e-12,0.05000,2.000000,2,2.5387642613,3.1525613901,16,16,16,16
open_n20_g0p100,20,0.100000,0.500000,true,2,256,1.000e-12,0.05000,2.000000,3,2.8939897274,3.8711376284,64,62,64,64
open_n20_g0p100,20,0.100000,0.500000,true,2,256,1.000e-12,0.05000,2.000000,4,2.8301856020,3.9375735403,242,132,230,256
open_n20_g0p100,20,0.100000,0.500000,true,2,256,1.000e-12,0.05000,2.000000,5,2.8333034869,3.9393489163,256,150,256,1024
open_n20_g0p100,20,0.100000,0.500000,true,2,256,1.000e-12,0.05000,2.000000,6,2.8313030055,3.9377431480,256,148,256,4096
open_n20_g0p100,20,0.100000,0.500000,true,2,256,1.000e-12,0.05000,2.000000,7,2.8305091165,3.9373639865,256,149,256,16384
open_n20_g0p100,20,0.100000,0.500000,true,2,256,1.000e-12,0.05000,2.000000,8,2.8312182999,3.9374968851,256,148,256,65536
open_n20_g0p100,20,0.100000,0.500000,true,2,256,1.000e-12,0.05000,2.000000,9,2.8305134509,3.9373344179,256,149,256,262144
open_n20_g0p100,20,0.100000,0.500000,true,2,256,1.000e-12,0.05000,2.000000,10,2.8311976104,3.9374716210,256,148,256,1048576
open_n20_g0p100,20,0.100000,0.500000,true,2,256,1.000e-12,0.05000,2.000000,11,2.8304777823,3.9372996204,256,149,256,262144
open_n20_g0p100,20,0.100000,0.500000,true,2,256,1.000e-12,0.05000,2.000000,12,2.8310949849,3.9373818243,256,148,256,65536
open_n20_g0p100,20,0.100000,0.500000,true,2,256,1.000e-12,0.05000,2.000000,13,2.8301633548,3.9370693052,256,149,256,16384
open_n20_g0p100,20,0.100000,0.500000,true,2,256,1.000e-12,0.05000,2.000000,14,2.8304360678,3.9370401845,256,148,256,4096
open_n20_g0p100,20,0.100000,0.500000,true,2,256,1.000e-12,0.05000,2.000000,15,2.8319205984,3.9377962415,256,150,256,1024
open_n20_g0p100,20,0.100000,0.500000,true,2,256,1.000e-12,0.05000,2.000000,16,2.8235786605,3.9293045974,217,127,206,256
open_n20_g0p100,20,0.100000,0.500000,true,2,256,1.000e-12,0.05000,2.000000,17,2.8739117934,3.8445255059,64,59,64,64
open_n20_g0p100,20,0.100000,0.500000,true,2,256,1.000e-12,0.05000,2.000000,18,2.4730058938,3.0964125378,16,16,16,16
open_n20_g0p100,20,0.100000,0.500000,true,2,256,1.000e-12,0.05000,2.000000,19,1.8910277850,1.9448605735,4,4,4,4
open_n20_g0p100,20,0.100000,0.500000,true,2,256,1.000e-12,0.05000,3.000000,1,1.9007982285,1.9518676884,4,4,4,4
open_n20_g0p100,20,0.100000,0.500000,true,2,256,1.000e-12,0.05000,3.000000,2,2.6354451722,3.2682639575,16,16,16,16
open_n20_g0p100,20,0.100000,0.500000,true,2,256,1.000e-12,0.05000,3.000000,3,3.7613361164,4.5873130551,64,64,64,64
open_n20_g0p100,20,0.100000,0.500000,true,2,256,1.000e-12,0.05000,3.000000,4,3.9706818327,5.3055709261,254,228,254,256
open_n20_g0p100,20,0.100000,0.500000,true,2,256,1.000e-12,0.05000,3.000000,5,4.1000745981,5.4580509038,256,253,256,1024
open_n20_g0p100,20,0.100000,0.500000,true,2,256,1.000e-12,0.05000,3.000000,6,4.0565428173,5.4438721077,256,253,256,4096
open_n20_g0p100,20,0.100000,0.500000,true,2,256,1.000e-12,0.05000,3.000000,7,4.0513031933,5.4398674626,256,252,256,16384
open_n20_g0p100,20,0.100000,0.500000,true,2,256,1.000e-12,0.05000,3.000000,8,4.0520268914,5.4380468773,256,252,256,65536
open_n20_g0p100,20,0.100000,0.500000,true,2,256,1.000e-12,0.05000,3.000000,9,4.0508205443,5.4378954993,256,252,256,262144
open_n20_g0p100,20,0.100000,0.500000,true,2,256,1.000e-12,0.05000,3.000000,10,4.0522207659,5.4380513159,256,252,256,1048576
open_n20_g0p100,20,0.100000,0.500000,true,2,256,1.000e-12,0.05000,3.000000,11,4.0498835691,5.4372910825,256,252,256,262144
open_n20_g0p100,20,0.100000,0.500000,true,2,256,1.000e-12,0.05000,3.000000,12,4.0494903610,5.4364703393,256,252,256,65536
open_n20_g0p100,20,0.100000,0.500000,true,2,256,1.000e-12,0.05000,3.000000,13,4.0487726812,5.4367563182,256,252,256,16384
open_n20_g0p100,20,0.100000,0.500000,true,2,256,1.000e-12,0.05000,3.000000,14,4.0430918469,5.4324178296,256,252,256,4096
open_n20_g0p100,20,0.100000,0.500000,true,2,256,1.000e-12,0.05000,3.000000,15,4.0649063057,5.4228774210,256,253,256,1024
open_n20_g0p100,20,0.100000,0.500000,true,2,256,1.000e-12,0.05000,3.000000,16,3.8496863743,5.1963047431,250,207,248,256
open_n20_g0p100,20,0.100000,0.500000,true,2,256,1.000e-12,0.05000,3.000000,17,3.5724755178,4.4258120614,64,63,64,64
open_n20_g0p100,20,0.100000,0.500000,true,2,256,1.000e-12,0.05000,3.000000,18,2.4569341255,3.1202025960,16,16,16,16
open_n20_g0p100,20,0.100000,0.500000,true,2,256,1.000e-12,0.05000,3.000000,19,1.7950680457,1.8964917720,4,4,4,4
open_n20_g0p100,20,0.100000,0.500000,true,2,256,1.000e-12,0.05000,4.000000,1,1.8251245492,1.9157949466,4,4,4,4
open_n20_g0p100,20,0.100000,0.500000,true,2,256,1.000e-12,0.05000,4.000000,2,2.6985616717,3.3255908497,16,16,16,16
open_n20_g0p100,20,0.100000,0.500000,true,2,256,1.000e-12,0.05000,4.000000,3,3.7538504784,4.6763578696,64,64,64,64
open_n20_g0p100,20,0.100000,0.500000,true,2,256,1.000e-12,0.05000,4.000000,4,4.2378892203,5.7147597674,255,238,254,256
open_n20_g0p100,20,0.100000,0.500000,true,2,256,1.000e-12,0.05000,4.000000,5,4.8506930294,6.2543924984,256,256,256,1024
open_n20_g0p100,20,0.100000,0.500000,true,2,256,1.000e-12,0.05000,4.000000,6,4.8447814632,6.3299563396,256,256,256,4096
open_n20_g0p100,20,0.100000,0.500000,true,2,256,1.000e-12,0.05000,4.000000,7,4.8968521101,6.3556853270,256,256,256,16384
open_n20_g0p100,20,0.100000,0.500000,true,2,256,1.000e-12,0.05000,4.000000,8,4.8487928800,6.3315834968,256,256,256,65536
open_n20_g0p100,20,0.100000,0.500000,true,2,256,1.000e-12,0.05000,4.000000,9,4.8440882306,6.3260492504,256,256,256,262144
open_n20_g0p100,20,0.100000,0.500000,true,2,256,1.000e-12,0.05000,4.000000,10,4.8452342698,6.3257332390,256,256,256,1048576
open_n20_g0p100,20,0.100000,0.500000,true,2,256,1.000e-12,0.05000,4.000000,11,4.8457216166,6.3259294594,256,256,256,262144
open_n20_g0p100,20,0.100000,0.500000,true,2,256,1.000e-12,0.05000,4.000000,12,4.8374081563,6.3232962439,256,256,256,65536
open_n20_g0p100,20,0.100000,0.500000,true,2,256,1.000e-12,0.05000,4.000000,13,4.8617034637,6.3270091101,256,256,256,16384
open_n20_g0p100,20,0.100000,0.500000,true,2,256,1.000e-12,0.05000,4.000000,14,4.7179982276,6.2481606402,256,256,256,4096
open_n20_g0p100,20,0.100000,0.500000,true,2,256,1.000e-12,0.05000,4.000000,15,4.6164086740,6.0924757814,256,256,256,1024
open_n20_g0p100,20,0.100000,0.500000,true,2,256,1.000e-12,0.05000,4.000000,16,3.9275509070,5.4373642866,252,220,251,256
open_n20_g0p100,20,0.100000,0.500000,true,2,256,1.000e-12,0.05000,4.000000,17,3.5187577759,4.4600517319,64,63,64,64
open_n20_g0p100,20,0.100000,0.500000,true,2,256,1.000e-12,0.05000,4.000000,18,2.5310506718,3.1414131589,16,16,16,16
open_n20_g0p100,20,0.100000,0.500000,true,2,256,1.000e-12,0.05000,4.000000,19,1.6249540775,1.8087076190,4,4,4,4
open_n20_g0p100,20,0.100000,0.500000,true,2,256,1.000e-12,0.05000,5.000000,1,1.7023719270,1.8553634545,4,4,4,4
open_n20_g0p100,20,0.100000,0.500000,true,2,256,1.000e-12,0.05000,5.000000,2,2.4593773649,3.2118404014,16,16,16,16
open_n20_g0p100,20,0.100000,0.500000,true,2,256,1.000e-12,0.05000,5.000000,3,3.3281002627,4.5361938199,64,64,64,64
open_n20_g0p100,20,0.100000,0.500000,true,2,256,1.000e-12,0.05000,5.000000,4,3.9008343475,5.6707399617,255,238,255,256
open_n20_g0p100,20,0.100000,0.500000,true,2,256,1.000e-12,0.05000,5.000000,5,4.3959022930,6.1857017011,256,256,256,1024
open_n20_g0p100,20,0.100000,0.500000,true,2,256,1.000e-12,0.05000,5.000000,6,4.5532358143,6.3918097801,256,256,256,4096
open_n20_g0p100,20,0.100000,0.500000,true,2,256,1.000e-12,0.05000,5.000000,7,4.7411978594,6.4953114789,256,256,256,16384
open_n20_g0p100,20,0.100000,0.500000,true,2,256,1.000e-12,0.05000,5.000000,8,4.6799973839,6.4958614264,256,256,256,65536
open_n20_g0p100,20,0.100000,0.500000,true,2,256,1.000e-12,0.05000,5.000000,9,4.6728044814,6.4856253830,256,256,256,262144
open_n20_g0p100,20,0.100000,0.500000,true,2,256,1.000e-12,0.05000,5.000000,10,4.6474124186,6.4712682059,256,256,256,1048576
open_n20_g0p100,20,0.100000,0.500000,true,2,256,1.000e-12,0.05000,5.000000,11,4.6569589407,6.4705678841,256,256,256,262144
open_n20_g0p100,20,0.100000,0.500000,true,2,256,1.000e-12,0.05000,5.000000,12,4.6139270796,6.4492506516,256,256,256,65536
open_n20_g0p100,20,0.100000,0.500000,true,2,256,1.000e-12,0.05000,5.000000,13,4.5895602626,6.3940609456,256,256,256,16384
open_n20_g0p100,20,0.100000,0.500000,true,2,256,1.000e-12,0.05000,5.000000,14,4.3316266738,6.2294311444,256,256,256,4096
open_n20_g0p100,20,0.100000,0.500000,true,2,256,1.000e-12,0.05000,5.000000,15,4.1728397180,5.9966347758,256,256,256,1024
open_n20_g0p100,20,0.100000,0.500000,true,2,256,1.000e-12,0.05000,5.000000,16,3.7005892738,5.3812567059,253,211,253,256
open_n20_g0p100,20,0.100000,0.500000,true,2,256,1.000e-12,0.05000,5.000000,17,3.1480410983,4.3256241426,64,62,64,64
open_n20_g0p100,20,0.100000,0.500000,true,2,256,1.000e-12,0.05000,5.000000,18,2.3173709099,3.0371189232,16,16,16,16
open_n20_g0p100,20,0.100000,0.500000,true,2,256,1.000e-12,0.05000,5.000000,19,1.5093279160,1.7488998858,4,4,4,4
open_n20_g0p100,20,0.100000,0.500000,true,2,256,1.000e-12,0.05000,6.000000,1,1.2613445800,1.6164464964,4,4,4,4
open_n20_g0p100,20,0.100000,0.500000,true,2,256,1.000e-12,0.05000,6.000000,2,1.8374358930,2.8689763712,16,16,16,16
open_n20_g0p100,20,0.100000,0.500000,true,2,256,1.000e-12,0.05000,6.000000,3,2.3508248747,4.0607966897,64,64,64,64
open_n20_g0p100,20,0.100000,0.500000,true,2,256,1.000e-12,0.05000,6.000000,4,2.6751834565,5.0903857859,256,235,256,256
open_n20_g0p100,20,0.100000,0.500000,true,2,256,1.000e-12,0.05000,6.000000,5,2.9568485005,5.5887838336,256,256,256,1024
open_n20_g0p100,20,0.100000,0.500000,true,2,256,1.000e-12,0.05000,6.000000,6,3.1009995611,5.7798112924,256,256,256,4096
open_n20_g0p100,20,0.100000,0.500000,true,2,256,1.000e-12,0.05000,6.000000,7,3.2161030531,5.8932727044,256,256,256,16384
open_n20_g0p100,20,0.100000,0.500000,true,2,256,1.000e-12,0.05000,6.000000,8,3.2161594817,5.9164981993,256,256,256,65536
open_n20_g0p100,20,0.100000,0.500000,true,2,256,1.000e-12,0.05000,6.000000,9,3.2471823367,5.9462382597,256,256,256,262144
open_n20_g0p100,20,0.100000,0.500000,true,2,256,1.000e-12,0.05000,6.000000,10,3.2010316457,5.9062547091,256,256,256,1048576
open_n20_g0p100,20,0.100000,0.500000,true,2,256,1.000e-12,0.05000,6.000000,11,3.2112747865,5.9022551383,256,256,256,262144
open_n20_g0p100,20,0.100000,0.500000,true,2,256,1.000e-12,0.05000,6.000000,12,3.1639375082,5.8438701532,256,256,256,65536
open_n20_g0p100,20,0.100000,0.500000,true,2,256,1.000e-12,0.05000,6.000000,13,3.1687331727,5.8017720773,256,256,256,16384
open_n20_g0p100,20,0.100000,0.500000,true,2,256,1.000e-12,0.05000,6.000000,14,3.0878624266,5.6899734612,256,256,256,4096
open_n20_g0p100,20,0.100000,0.500000,true,2,256,1.000e-12,0.05000,6.000000,15,2.9700162161,5.4931667326,256,256,256,1024
open_n20_g0p100,20,0.100000,0.500000,true,2,256,1.000e-12,0.05000,6.000000,16,2.6714734065,4.8846973004,253,212,253,256
open_n20_g0p100,20,0.100000,0.500000,true,2,256,1.000e-12,0.05000,6.000000,17,2.2749594409,3.8604763224,64,61,64,64
open_n20_g0p100,20,0.100000,0.500000,true,2,256,1.000e-12,0.05000,6.000000,18,1.7142255283,2.6605576345,16,16,16,16
open_n20_g0p100,20,0.100000,0.500000,true,2,256,1.000e-12,0.05000,6.000000,19,1.1082826017,1.5128857636,4,4,4,4
open_n20_g0p100,20,0.100000,0.500000,true,2,256,1.000e-12,0.05000,7.000000,1,0.7091305564,1.2319445943,4,4,4,4
open_n20_g0p100,20,0.100000,0.500000,true,2,256,1.000e-12,0.05000,7.000000,2,1.0495367383,2.2897520291,16,16,16,16
open_n20_g0p100,20,0.100000,0.500000,true,2,256,1.000e-12,0.05000,7.000000,3,1.2774290842,3.2805560267,64,64,64,64
open_n20_g0p100,20,0.100000,0.500000,true,2,256,1.000e-12,0.05000,7.000000,4,1.3964784044,4.1463432356,256,230,256,256
open_n20_g0p100,20,0.100000,0.500000,true,2,256,1.000e-12,0.05000,7.000000,5,1.4783650056,4.5108609442,256,256,256,1024
open_n20_g0p100,20,0.100000,0.500000,true,2,256,1.000e-12,0.05000,7.000000,6,1.5372967991,4.6638142459,256,256,256,4096
open_n20_g0p100,20,0.100000,0.500000,true,2,256,1.000e-12,0.05000,7.000000,7,1.5678956939,4.7298248446,256,256,256,16384
open_n20_g0p100,20,0.100000,0.500000,true,2,256,1.000e-12,0.05000,7.000000,8,1.5859925834,4.7623632575,256,256,256,65536
open_n20_g0p100,20,0.100000,0.500000,true,2,256,1.000e-12,0.05000,7.000000,9,1.5932442479,4.7702210704,256,256,256,262144
open_n20_g0p100,20,0.100000,0.500000,true,2,256,1.000e-12,0.05000,7.000000,10,1.5991674550,4.7604932996,256,256,256,1048576
open_n20_g0p100,20,0.100000,0.500000,true,2,256,1.000e-12,0.05000,7.000000,11,1.6169144445,4.7653517941,256,256,256,262144
open_n20_g0p100,20,0.100000,0.500000,true,2,256,1.000e-12,0.05000,7.000000,12,1.6378525402,4.7588380817,256,256,256,65536
open_n20_g0p100,20,0.100000,0.500000,true,2,256,1.000e-12,0.05000,7.000000,13,1.6587352619,4.7528259292,256,256,256,16384
open_n20_g0p100,20,0.100000,0.500000,true,2,256,1.000e-12,0.05000,7.000000,14,1.6514313762,4.6692862168,256,256,256,4096
open_n20_g0p100,20,0.100000,0.500000,true,2,256,1.000e-12,0.05000,7.000000,15,1.6032960031,4.5091667398,256,256,256,1024
open_n20_g0p100,20,0.100000,0.500000,true,2,256,1.000e-12,0.05000,7.000000,16,1.4628723481,3.9711538740,253,206,253,256
open_n20_g0p100,20,0.100000,0.500000,true,2,256,1.000e-12,0.05000,7.000000,17,1.2790011422,3.0960180531,64,60,64,64
open_n20_g0p100,20,0.100000,0.500000,true,2,256,1.000e-12,0.05000,7.000000,18,1.0379792001,2.1187820941,16,16,16,16
open_n20_g0p100,20,0.100000,0.500000,true,2,256,1.000e-12,0.05000,7.000000,19,0.6103806179,1.1352777052,4,4,4,4
open_n20_g0p100,20,0.100000,0.500000,true,2,256,1.000e-12,0.05000,8.000000,1,0.3630547521,0.8861704818,4,4,4,4
open_n20_g0p100,20,0.100000,0.500000,true,2,256,1.000e-12,0.05000,8.000000,2,0.5547768237,1.7194461283,16,16,16,16
open_n20_g0p100,20,0.100000,0.500000,true,2,256,1.000e-12,0.05000,8.000000,3,0.6316505458,2.4414605306,64,63,64,64
open_n20_g0p100,20,0.100000,0.500000,true,2,256,1.000e-12,0.05000,8.000000,4,0.6871763682,3.1511557898,256,221,256,256
open_n20_g0p100,20,0.100000,0.500000,true,2,256,1.000e-12,0.05000,8.000000,5,0.7094727858,3.4234542108,256,256,256,1024
open_n20_g0p100,20,0.100000,0.500000,true,2,256,1.000e-12,0.05000,8.000000,6,0.7189982508,3.4966611986,256,256,256,4096
open_n20_g0p100,20,0.100000,0.500000,true,2,256,1.000e-12,0.05000,8.000000,7,0.7302561582,3.5100980483,256,256,256,16384
open_n20_g0p100,20,0.100000,0.500000,true,2,256,1.000e-12,0.05000,8.000000,8,0.7384970024,3.5153737010,256,256,256,65536
open_n20_g0p100,20,0.100000,0.500000,true,2,256,1.000e-12,0.05000,8.000000,9,0.7416084902,3.5098176675,256,256,256,262144
open_n20_g0p100,20,0.100000,0.500000,true,2,256,1.000e-12,0.05000,8.000000,10,0.7566712213,3.5223558536,256,256,256,1048576
open_n20_g0p100,20,0.100000,0.500000,true,2,256,1.000e-12,0.05000,8.000000,11,0.7778880590,3.5533000753,256,256,256,262144
open_n20_g0p100,20,0.100000,0.500000,true,2,256,1.000e-12,0.05000,8.000000,12,0.8027763856,3.5762657640,256,256,256,65536
open_n20_g0p100,20,0.100000,0.500000,true,2,256,1.000e-12,0.05000,8.000000,13,0.8296602433,3.6070705172,256,256,256,16384
open_n20_g0p100,20,0.100000,0.500000,true,2,256,1.000e-12,0.05000,8.000000,14,0.8295347565,3.5728745333,256,256,256,4096
open_n20_g0p100,20,0.100000,0.500000,true,2,256,1.000e-12,0.05000,8.000000,15,0.8070959742,3.4647772247,256,256,256,1024
open_n20_g0p100,20,0.100000,0.500000,true,2,256,1.000e-12,0.05000,8.000000,16,0.7499355003,3.0139478078,253,194,253,256
open_n20_g0p100,20,0.100000,0.500000,true,2,256,1.000e-12,0.05000,8.000000,17,0.6785506489,2.3371738697,64,59,64,64
open_n20_g0p100,20,0.100000,0.500000,true,2,256,1.000e-12,0.05000,8.000000,18,0.5835745947,1.6152948259,16,16,16,16
open_n20_g0p100,20,0.100000,0.500000,true,2,256,1.000e-12,0.05000,8.000000,19,0.3704381001,0.8810183241,4,4,4,4
open_n20_g0p100,20,0.100000,0.500000,true,2,256,1.000e-12,0.05000,9.000000,1,0.1952908309,0.6462253690,4,4,4,4
open_n20_g0p100,20,0.100000,0.500000,true,2,256,1.000e-12,0.05000,9.000000,2,0.3259455931,1.3129398451,16,16,16,16
open_n20_g0p100,20,0.100000,0.500000,true,2,256,1.000e-12,0.05000,9.000000,3,0.3467242470,1.8069039822,64,61,64,64
open_n20_g0p100,20,0.100000,0.500000,true,2,256,1.000e-12,0.05000,9.000000,4,0.3630951493,2.3111740459,256,208,256,256
open_n20_g0p100,20,0.100000,0.500000,true,2,256,1.000e-12,0.05000,9.000000,5,0.3720697720,2.5205522621,256,255,256,1024
open_n20_g0p100,20,0.100000,0.500000,true,2,256,1.000e-12,0.05000,9.000000,6,0.3785083455,2.5601705314,256,256,256,4096
open_n20_g0p100,20,0.100000,0.500000,true,2,256,1.000e-12,0.05000,9.000000,7,0.3832924800,2.5524270730,256,256,256,16384
open_n20_g0p100,20,0.100000,0.500000,true,2,256,1.000e-12,0.05000,9.000000,8,0.3928509484,2.5398265044,256,256,256,65536
open_n20_g0p100,20,0.100000,0.500000,true,2,256,1.000e-12,0.05000,9.000000,9,0.4015416417,2.5390016652,256,256,256,262144
open_n20_g0p100,20,0.100000,0.500000,true,2,256,1.000e-12,0.05000,9.000000,10,0.4121916370,2.5546201339,256,256,256,1048576
open_n20_g0p100,20,0.100000,0.500000,true,2,256,1.000e-12,0.05000,9.000000,11,0.4269030229,2.5945395032,256,256,256,262144
open_n20_g0p100,20,0.100000,0.500000,true,2,256,1.000e-12,0.05000,9.000000,12,0.4459868123,2.6394263246,256,256,256,65536
open_n20_g0p100,20,0.100000,0.500000,true,2,256,1.000e-12,0.05000,9.000000,13,0.4547173602,2.6767734766,256,256,256,16384
open_n20_g0p100,20,0.100000,0.500000,true,2,256,1.000e-12,0.05000,9.000000,14,0.4461693506,2.6627940153,256,256,256,4096
open_n20_g0p100,20,0.100000,0.500000,true,2,256,1.000e-12,0.05000,9.000000,15,0.4351885429,2.5842875698,256,255,256,1024
open_n20_g0p100,20,0.100000,0.500000,true,2,256,1.000e-12,0.05000,9.000000,16,0.4186495397,2.2574441811,253,180,253,256
open_n20_g0p100,20,0.100000,0.500000,true,2,256,1.000e-12,0.05000,9.000000,17,0.3926824323,1.7521656776,64,54,64,64
open_n20_g0p100,20,0.100000,0.500000,true,2,256,1.000e-12,0.05000,9.000000,18,0.3497246067,1.2273631435,16,16,16,16
open_n20_g0p100,20,0.100000,0.500000,true,2,256,1.000e-12,0.05000,9.000000,19,0.2291047542,0.6858266106,4,4,4,4
open_n20_g0p100,20,0.100000,0.500000,true,2,256,1.000e-12,0.05000,10.000000,1,0.1186124232,0.4993525611,4,4,4,4
open_n20_g0p100,20,0.100000,0.500000,true,2,256,1.000e-12,0.05000,10.000000,2,0.2093116458,1.0271018794,16,16,16,16
open_n20_g0p100,20,0.100000,0.500000,true,2,256,1.000e-12,0.05000,10.000000,3,0.2152846895,1.3630889720,64,59,64,64
open_n20_g0p100,20,0.100000,0.500000,true,2,256,1.000e-12,0.05000,10.000000,4,0.2184736567,1.7162376703,256,195,255,256
open_n20_g0p100,20,0.100000,0.500000,true,2,256,1.000e-12,0.05000,10.000000,5,0.2230652939,1.8541439703,256,253,256,1024
open_n20_g0p100,20,0.100000,0.500000,true,2,256,1.000e-12,0.05000,10.000000,6,0.2263461583,1.8749521287,256,254,256,4096
open_n20_g0p100,20,0.100000,0.500000,true,2,256,1.000e-12,0.05000,10.000000,7,0.2302000391,1.8676564960,256,254,256,16384
open_n20_g0p100,20,0.100000,0.500000,true,2,256,1.000e-12,0.05000,10.000000,8,0.2387747055,1.8651237276,256,254,256,65536
open_n20_g0p100,20,0.100000,0.500000,true,2,256,1.000e-12,0.05000,10.000000,9,0.2481948981,1.8756349504,256,253,256,262144
open_n20_g0p100,20,0.100000,0.500000,true,2,256,1.000e-12,0.05000,10.000000,10,0.2590375017,1.9009099786,256,253,256,1048576
open_n20_g0p100,20,0.100000,0.500000,true,2,256,1.000e-12,0.05000,10.000000,11,0.2689906674,1.9361036822,256,254,256,262144
open_n20_g0p100,20,0.100000,0.500000,true,2,256,1.000e-12,0.05000,10.000000,12,0.2736229721,1.9677965920,256,254,256,65536
open_n20_g0p100,20,0.100000,0.500000,true,2,256,1.000e-12,0.05000,10.000000,13,0.2699541264,1.9868230345,256,254,256,16384
open_n20_g0p100,20,0.100000,0.500000,true,2,256,1.000e-12,0.05000,10.000000,14,0.2654846517,1.9823314474,256,254,256,4096
open_n20_g0p100,20,0.100000,0.500000,true,2,256,1.000e-12,0.05000,10.000000,15,0.2632088100,1.9265333425,256,251,256,1024
open_n20_g0p100,20,0.100000,0.500000,true,2,256,1.000e-12,0.05000,10.000000,16,0.2582668993,1.6866120736,253,164,251,256
open_n20_g0p100,20,0.100000,0.500000,true,2,256,1.000e-12,0.05000,10.000000,17,0.2452726569,1.3269939272,64,48,64,64
open_n20_g0p100,20,0.100000,0.500000,true,2,256,1.000e-12,0.05000,10.000000,18,0.2316427124,0.9677665563,16,15,16,16
open_n20_g0p100,20,0.100000,0.500000,true,2,256,1.000e-12,0.05000,10.000000,19,0.1350905120,0.5193660789,4,4,4,4
open_n20_g0p100,20,0.100000,0.500000,true,2,256,1.000e-12,0.05000,11.000000,1,0.0715240261,0.3823018509,4,4,4,4
open_n20_g0p100,20,0.100000,0.500000,true,2,256,1.000e-12,0.05000,11.000000,2,0.1441754699,0.8297851304,16,16,16,16
open_n20_g0p100,20,0.100000,0.500000,true,2,256,1.000e-12,0.05000,11.000000,3,0.1432334030,1.0455162696,64,55,64,64
open_n20_g0p100,20,0.100000,0.500000,true,2,256,1.000e-12,0.05000,11.000000,4,0.1450078684,1.2870344067,256,175,255,256
open_n20_g0p100,20,0.100000,0.500000,true,2,256,1.000e-12,0.05000,11.000000,5,0.1474606736,1.3893201108,256,246,256,1024
open_n20_g0p100,20,0.100000,0.500000,true,2,256,1.000e-12,0.05000,11.000000,6,0.1509893618,1.4026200920,256,248,256,4096
open_n20_g0p100,20,0.100000,0.500000,true,2,256,1.000e-12,0.05000,11.000000,7,0.1540652225,1.4004620705,256,248,256,16384
open_n20_g0p100,20,0.100000,0.500000,true,2,256,1.000e-12,0.05000,11.000000,8,0.1599461379,1.4076180797,256,247,256,65536
open_n20_g0p100,20,0.100000,0.500000,true,2,256,1.000e-12,0.05000,11.000000,9,0.1668437019,1.4269725164,256,247,256,262144
open_n20_g0p100,20,0.100000,0.500000,true,2,256,1.000e-12,0.05000,11.000000,10,0.1745046993,1.4522232049,256,247,256,1048576
open_n20_g0p100,20,0.100000,0.500000,true,2,256,1.000e-12,0.05000,11.000000,11,0.1786293369,1.4767599512,256,247,256,262144
open_n20_g0p100,20,0.100000,0.500000,true,2,256,1.000e-12,0.05000,11.000000,12,0.1775483103,1.4913478517,256,248,256,65536
open_n20_g0p100,20,0.100000,0.500000,true,2,256,1.000e-12,0.05000,11.000000,13,0.1748968971,1.5001234552,256,248,256,16384
open_n20_g0p100,20,0.100000,0.500000,true,2,256,1.000e-12,0.05000,11.000000,14,0.1737522330,1.4934284395,256,248,256,4096
open_n20_g0p100,20,0.100000,0.500000,true,2,256,1.000e-12,0.05000,11.000000,15,0.1736870142,1.4475696425,256,242,256,1024
open_n20_g0p100,20,0.100000,0.500000,true,2,256,1.000e-12,0.05000,11.000000,16,0.1704521876,1.2747218545,253,142,249,256
open_n20_g0p100,20,0.100000,0.500000,true,2,256,1.000e-12,0.05000,11.000000,17,0.1660188700,1.0284761626,64,45,64,64
open_n20_g0p100,20,0.100000,0.500000,true,2,256,1.000e-12,0.05000,11.000000,18,0.1573905839,0.7773506791,16,15,16,16
open_n20_g0p100,20,0.100000,0.500000,true,2,256,1.000e-12,0.05000,11.000000,19,0.1055740309,0.4497116037,4,4,4,4
open_n20_g0p100,20,0.100000,0.500000,true,2,256,1.000e-12,0.05000,12.000000,1,0.0463981941,0.3033772141,4,4,4,4
open_n20_g0p100,20,0.100000,0.500000,true,2,256,1.000e-12,0.05000,12.000000,2,0.1028841983,0.6740579757,16,16,16,16
open_n20_g0p100,20,0.100000,0.500000,true,2,256,1.000e-12,0.05000,12.000000,3,0.1017509954,0.8185695460,64,49,64,64
open_n20_g0p100,20,0.100000,0.500000,true,2,256,1.000e-12,0.05000,12.000000,4,0.1022367842,0.9765164134,256,154,254,256
open_n20_g0p100,20,0.100000,0.500000,true,2,256,1.000e-12,0.05000,12.000000,5,0.1035279709,1.0541926820,256,231,256,1024
open_n20_g0p100,20,0.100000,0.500000,true,2,256,1.000e-12,0.05000,12.000000,6,0.1069194972,1.0758705921,256,236,256,4096
open_n20_g0p100,20,0.100000,0.500000,true,2,256,1.000e-12,0.05000,12.000000,7,0.1104778229,1.0844335113,256,234,256,16384
open_n20_g0p100,20,0.100000,0.500000,true,2,256,1.000e-12,0.05000,12.000000,8,0.1146991738,1.0976074898,256,232,256,65536
open_n20_g0p100,20,0.100000,0.500000,true,2,256,1.000e-12,0.05000,12.000000,9,0.1187458415,1.1162665507,256,230,256,262144
open_n20_g0p100,20,0.100000,0.500000,true,2,256,1.000e-12,0.05000,12.000000,10,0.1220689703,1.1324951341,256,231,256,1048576
open_n20_g0p100,20,0.100000,0.500000,true,2,256,1.000e-12,0.05000,12.000000,11,0.1228871877,1.1464431269,256,232,256,262144
open_n20_g0p100,20,0.100000,0.500000,true,2,256,1.000e-12,0.05000,12.000000,12,0.1218437124,1.1530445577,256,234,256,65536
open_n20_g0p100,20,0.100000,0.500000,true,2,256,1.000e-12,0.05000,12.000000,13,0.1207152015,1.1520380754,256,236,256,16384
open_n20_g0p100,20,0.100000,0.500000,true,2,256,1.000e-12,0.05000,12.000000,14,0.1211664827,1.1414818188,256,235,256,4096
open_n20_g0p100,20,0.100000,0.500000,true,2,256,1.000e-12,0.05000,12.000000,15,0.1204525154,1.1020683107,256,223,256,1024
open_n20_g0p100,20,0.100000,0.500000,true,2,256,1.000e-12,0.05000,12.000000,16,0.1192106217,0.9857734611,253,118,246,256
open_n20_g0p100,20,0.100000,0.500000,true,2,256,1.000e-12,0.05000,12.000000,17,0.1168611321,0.8117608525,64,43,64,64
open_n20_g0p100,20,0.100000,0.500000,true,2,256,1.000e-12,0.05000,12.000000,18,0.1154040581,0.6414781896,16,15,16,16
open_n20_g0p100,20,0.100000,0.500000,true,2,256,1.000e-12,0.05000,12.000000,19,0.0755516772,0.3729868891,4,4,4,4
open_n20_g0p100,20,0.100000,0.500000,true,2,256,1.000e-12,0.05000,13.000000,1,0.0330680346,0.2521232031,4,4,4,4
open_n20_g0p100,20,0.100000,0.500000,true,2,256,1.000e-12,0.05000,13.000000,2,0.0769341902,0.5618484624,16,16,16,16
open_n20_g0p100,20,0.100000,0.500000,true,2,256,1.000e-12,0.05000,13.000000,3,0.0752698872,0.6588722684,64,47,64,64
open_n20_g0p100,20,0.100000,0.500000,true,2,256,1.000e-12,0.05000,13.000000,4,0.0759175232,0.7643259603,256,128,251,256
open_n20_g0p100,20,0.100000,0.500000,true,2,256,1.000e-12,0.05000,13.000000,5,0.0767662723,0.8190172747,256,201,256,1024
open_n20_g0p100,20,0.100000,0.500000,true,2,256,1.000e-12,0.05000,13.000000,6,0.0786219821,0.8412821475,256,211,256,4096
open_n20_g0p100,20,0.100000,0.500000,true,2,256,1.000e-12,0.05000,13.000000,7,0.0818034002,0.8594028301,256,209,256,16384
open_n20_g0p100,20,0.100000,0.500000,true,2,256,1.000e-12,0.05000,13.000000,8,0.0845706699,0.8750617802,256,206,256,65536
open_n20_g0p100,20,0.100000,0.500000,true,2,256,1.000e-12,0.05000,13.000000,9,0.0868275749,0.8878898151,256,204,256,262144
open_n20_g0p100,20,0.100000,0.500000,true,2,256,1.000e-12,0.05000,13.000000,10,0.0875868042,0.8987772614,256,204,256,1048576
open_n20_g0p100,20,0.100000,0.500000,true,2,256,1.000e-12,0.05000,13.000000,11,0.0874637595,0.9046146548,256,206,256,262144
open_n20_g0p100,20,0.100000,0.500000,true,2,256,1.000e-12,0.05000,13.000000,12,0.0871307612,0.9040177729,256,210,256,65536
open_n20_g0p100,20,0.100000,0.500000,true,2,256,1.000e-12,0.05000,13.000000,13,0.0872635451,0.8996303941,256,212,256,16384
open_n20_g0p100,20,0.100000,0.500000,true,2,256,1.000e-12,0.05000,13.000000,14,0.0876994529,0.8901953123,256,210,256,4096
open_n20_g0p100,20,0.100000,0.500000,true,2,256,1.000e-12,0.05000,13.000000,15,0.0870485666,0.8593868800,256,189,256,1024
open_n20_g0p100,20,0.100000,0.500000,true,2,256,1.000e-12,0.05000,13.000000,16,0.0865361162,0.7723023941,253,98,239,256
open_n20_g0p100,20,0.100000,0.500000,true,2,256,1.000e-12,0.05000,13.000000,17,0.0858001756,0.6509330471,64,39,63,64
open_n20_g0p100,20,0.100000,0.500000,true,2,256,1.000e-12,0.05000,13.000000,18,0.0874829608,0.5335468453,16,14,16,16
open_n20_g0p100,20,0.100000,0.500000,true,2,256,1.000e-12,0.05000,13.000000,19,0.0505965316,0.2996059530,4,4,4,4
open_n20_g0p100,20,0.100000,0.500000,true,2,256,1.000e-12,0.05000,14.000000,1,0.0222819341,0.2033262976,4,4,4,4
open_n20_g0p100,20,0.100000,0.500000,true,2,256,1.000e-12,0.05000,14.000000,2,0.0592680809,0.4744812691,16,15,16,16
open_n20_g0p100,20,0.100000,0.500000,true,2,256,1.000e-12,0.05000,14.000000,3,0.0572549507,0.5351723885,64,41,64,64
open_n20_g0p100,20,0.100000,0.500000,true,2,256,1.000e-12,0.05000,14.000000,4,0.0577324954,0.6121438389,255,100,246,256
open_n20_g0p100,20,0.100000,0.500000,true,2,256,1.000e-12,0.05000,14.000000,5,0.0588486447,0.6561827562,256,158,256,1024
open_n20_g0p100,20,0.100000,0.500000,true,2,256,1.000e-12,0.05000,14.000000,6,0.0598704065,0.6761394376,256,173,256,4096
open_n20_g0p100,20,0.100000,0.500000,true,2,256,1.000e-12,0.05000,14.000000,7,0.0617232699,0.6924068114,256,173,256,16384
open_n20_g0p100,20,0.100000,0.500000,true,2,256,1.000e-12,0.05000,14.000000,8,0.0633730338,0.7043721056,256,172,256,65536
open_n20_g0p100,20,0.100000,0.500000,true,2,256,1.000e-12,0.05000,14.000000,9,0.0641780642,0.7135385137,256,169,256,262144
open_n20_g0p100,20,0.100000,0.500000,true,2,256,1.000e-12,0.05000,14.000000,10,0.0641720658,0.7196325221,256,169,256,1048576
open_n20_g0p100,20,0.100000,0.500000,true,2,256,1.000e-12,0.05000,14.000000,11,0.0640600642,0.7212346529,256,172,256,262144
open_n20_g0p100,20,0.100000,0.500000,true,2,256,1.000e-12,0.05000,14.000000,12,0.0645866947,0.7203977261,256,176,256,65536
open_n20_g0p100,20,0.100000,0.500000,true,2,256,1.000e-12,0.05000,14.000000,13,0.0650935002,0.7173362243,256,177,256,16384
open_n20_g0p100,20,0.100000,0.500000,true,2,256,1.000e-12,0.05000,14.000000,14,0.0651041332,0.7077361215,256,172,256,4096
open_n20_g0p100,20,0.100000,0.500000,true,2,256,1.000e-12,0.05000,14.000000,15,0.0645688955,0.6797986245,256,145,256,1024
open_n20_g0p100,20,0.100000,0.500000,true,2,256,1.000e-12,0.05000,14.000000,16,0.0648735903,0.6179932965,250,79,229,256
open_n20_g0p100,20,0.100000,0.500000,true,2,256,1.000e-12,0.05000,14.000000,17,0.0649290864,0.5324556499,64,34,63,64
open_n20_g0p100,20,0.100000,0.500000,true,2,256,1.000e-12,0.05000,14.000000,18,0.0646814630,0.4458222765,16,13,16,16
open_n20_g0p100,20,0.100000,0.500000,true,2,256,1.000e-12,0.05000,14.000000,19,0.0425716215,0.2692355614,4,4,4,4
open_n20_g0p100,20,0.100000,0.500000,true,2,256,1.000e-12,0.05000,15.000000,1,0.0162538746,0.1703849751,4,4,4,4
open_n20_g0p100,20,0.100000,0.500000,true,2,256,1.000e-12,0.05000,15.000000,2,0.0463975169,0.4034233314,16,14,16,16
open_n20_g0p100,20,0.100000,0.500000,true,2,256,1.000e-12,0.05000,15.000000,3,0.0445264092,0.4446146856,64,36,64,64
open_n20_g0p100,20,0.100000,0.500000,true,2,256,1.000e-12,0.05000,15.000000,4,0.0446785147,0.4968274689,255,74,238,256
open_n20_g0p100,20,0.100000,0.500000,true,2,256,1.000e-12,0.05000,15.000000,5,0.0456413639,0.5352743601,256,112,256,1024
open_n20_g0p100,20,0.100000,0.500000,true,2,256,1.000e-12,0.05000,15.000000,6,0.0465821036,0.5536305712,256,129,256,4096
open_n20_g0p100,20,0.100000,0.500000,true,2,256,1.000e-12,0.05000,15.000000,7,0.0472685073,0.5652041853,256,134,256,16384
open_n20_g0p100,20,0.100000,0.500000,true,2,256,1.000e-12,0.05000,15.000000,8,0.0479007192,0.5728576262,256,135,256,65536
open_n20_g0p100,20,0.100000,0.500000,true,2,256,1.000e-12,0.05000,15.000000,9,0.0481375381,0.5787106224,256,135,256,262144
open_n20_g0p100,20,0.100000,0.500000,true,2,256,1.000e-12,0.05000,15.000000,10,0.0481226646,0.5806567790,256,134,256,1048576
open_n20_g0p100,20,0.100000,0.500000,true,2,256,1.000e-12,0.05000,15.000000,11,0.0484096537,0.5818264077,256,136,256,262144
open_n20_g0p100,20,0.100000,0.500000,true,2,256,1.000e-12,0.05000,15.000000,12,0.0490254310,0.5831706767,256,138,256,65536
open_n20_g0p100,20,0.100000,0.500000,true,2,256,1.000e-12,0.05000,15.000000,13,0.0493500680,0.5808557380,256,136,256,16384
open_n20_g0p100,20,0.100000,0.500000,true,2,256,1.000e-12,0.05000,15.000000,14,0.0491306934,0.5700427607,256,128,256,4096
open_n20_g0p100,20,0.100000,0.500000,true,2,256,1.000e-12,0.05000,15.000000,15,0.0493696109,0.5485291126,256,103,256,1024
open_n20_g0p100,20,0.100000,0.500000,true,2,256,1.000e-12,0.05000,15.000000,16,0.0496055345,0.5056827443,244,59,218,256
open_n20_g0p100,20,0.100000,0.500000,true,2,256,1.000e-12,0.05000,15.000000,17,0.0493774159,0.4414434870,64,28,62,64
open_n20_g0p100,20,0.100000,0.500000,true,2,256,1.000e-12,0.05000,15.000000,18,0.0504960217,0.3792783507,16,12,16,16
open_n20_g0p100,20,0.100000,0.500000,true,2,256,1.000e-12,0.05000,15.000000,19,0.0316831767,0.2281327670,4,4,4,4
open_n20_g0p100,20,0.100000,0.500000,true,2,256,1.000e-12,0.05000,16.000000,1,0.0131588160,0.1502587467,4,4,4,4
open_n20_g0p100,20,0.100000,0.500000,true,2,256,1.000e-12,0.05000,16.000000,2,0.0369050989,0.3445489753,16,13,16,16
open_n20_g0p100,20,0.100000,0.500000,true,2,256,1.000e-12,0.05000,16.000000,3,0.0351491359,0.3766829267,64,30,63,64
open_n20_g0p100,20,0.100000,0.500000,true,2,256,1.000e-12,0.05000,16.000000,4,0.0352304329,0.4144157352,252,54,227,256
open_n20_g0p100,20,0.100000,0.500000,true,2,256,1.000e-12,0.05000,16.000000,5,0.0358037210,0.4423408750,256,77,256,1024
open_n20_g0p100,20,0.100000,0.500000,true,2,256,1.000e-12,0.05000,16.000000,6,0.0364613543,0.4568660982,256,92,256,4096
open_n20_g0p100,20,0.100000,0.500000,true,2,256,1.000e-12,0.05000,16.000000,7,0.0365697487,0.4641174616,256,98,256,16384
open_n20_g0p100,20,0.100000,0.500000,true,2,256,1.000e-12,0.05000,16.000000,8,0.0365931735,0.4705085643,256,102,256,65536
open_n20_g0p100,20,0.100000,0.500000,true,2,256,1.000e-12,0.05000,16.000000,9,0.0367400087,0.4740177386,256,103,256,262144
open_n20_g0p100,20,0.100000,0.500000,true,2,256,1.000e-12,0.05000,16.000000,10,0.0369778558,0.4743972239,256,103,256,1048576
open_n20_g0p100,20,0.100000,0.500000,true,2,256,1.000e-12,0.05000,16.000000,11,0.0374396985,0.4757238588,256,103,256,262144
open_n20_g0p100,20,0.100000,0.500000,true,2,256,1.000e-12,0.05000,16.000000,12,0.0377557218,0.4775247543,256,101,256,65536
open_n20_g0p100,20,0.100000,0.500000,true,2,256,1.000e-12,0.05000,16.000000,13,0.0377514503,0.4741680159,256,97,256,16384
open_n20_g0p100,20,0.100000,0.500000,true,2,256,1.000e-12,0.05000,16.000000,14,0.0380337165,0.4666567395,256,88,256,4096
open_n20_g0p100,20,0.100000,0.500000,true,2,256,1.000e-12,0.05000,16.000000,15,0.0383324301,0.4514229137,256,69,256,1024
open_n20_g0p100,20,0.100000,0.500000,true,2,256,1.000e-12,0.05000,16.000000,16,0.0382283184,0.4173965913,232,44,207,256
open_n20_g0p100,20,0.100000,0.500000,true,2,256,1.000e-12,0.05000,16.000000,17,0.0386735900,0.3725660811,64,23,60,64
open_n20_g0p100,20,0.100000,0.500000,true,2,256,1.000e-12,0.05000,16.000000,18,0.0393093024,0.3229284136,16,9,16,16
open_n20_g0p100,20,0.100000,0.500000,true,2,256,1.000e-12,0.05000,16.000000,19,0.0232967712,0.1922069418,4,4,4,4
open_n20_g0p100,20,0.100000,0.500000,true,2,256,1.000e-12,0.05000,17.000000,1,0.0098648964,0.1276155833,4,4,4,4
open_n20_g0p100,20,0.100000,0.500000,true,2,256,1.000e-12,0.05000,17.000000,2,0.0296761605,0.3012150436,16,12,16,16
open_n20_g0p100,20,0.100000,0.500000,true,2,256,1.000e-12,0.05000,17.000000,3,0.0282917692,0.3216268399,64,24,63,64
open_n20_g0p100,20,0.100000,0.500000,true,2,256,1.000e-12,0.05000,17.000000,4,0.0279525431,0.3505340154,242,39,217,256
open_n20_g0p100,20,0.100000,0.500000,true,2,256,1.000e-12,0.05000,17.000000,5,0.0284319991,0.3704785268,256,53,256,1024
open_n20_g0p100,20,0.100000,0.500000,true,2,256,1.000e-12,0.05000,17.000000,6,0.0285692634,0.3803150477,256,63,256,4096
open_n20_g0p100,20,0.100000,0.500000,true,2,256,1.000e-12,0.05000,17.000000,7,0.0285698683,0.3859427716,256,69,256,16384
open_n20_g0p100,20,0.100000,0.500000,true,2,256,1.000e-12,0.05000,17.000000,8,0.0284388567,0.3887497866,256,74,256,65536
open_n20_g0p100,20,0.100000,0.500000,true,2,256,1.000e-12,0.05000,17.000000,9,0.0285453655,0.3906453683,256,76,256,262144
open_n20_g0p100,20,0.100000,0.500000,true,2,256,1.000e-12,0.05000,17.000000,10,0.0289399643,0.3927018157,256,77,256,1048576
open_n20_g0p100,20,0.100000,0.500000,true,2,256,1.000e-12,0.05000,17.000000,11,0.0292758838,0.3943363077,256,75,256,262144
open_n20_g0p100,20,0.100000,0.500000,true,2,256,1.000e-12,0.05000,17.000000,12,0.0293450225,0.3941225295,256,73,256,65536
open_n20_g0p100,20,0.100000,0.500000,true,2,256,1.000e-12,0.05000,17.000000,13,0.0294899495,0.3913087281,256,68,256,16384
open_n20_g0p100,20,0.100000,0.500000,true,2,256,1.000e-12,0.05000,17.000000,14,0.0298953118,0.3871585760,256,61,256,4096
open_n20_g0p100,20,0.100000,0.500000,true,2,256,1.000e-12,0.05000,17.000000,15,0.0298485991,0.3744866451,256,49,256,1024
open_n20_g0p100,20,0.100000,0.500000,true,2,256,1.000e-12,0.05000,17.000000,16,0.0300691168,0.3495373169,220,35,194,256
open_n20_g0p100,20,0.100000,0.500000,true,2,256,1.000e-12,0.05000,17.000000,17,0.0308716750,0.3179246212,63,18,58,64
open_n20_g0p100,20,0.100000,0.500000,true,2,256,1.000e-12,0.05000,17.000000,18,0.0293760215,0.2727571833,16,9,16,16
open_n20_g0p100,20,0.100000,0.500000,true,2,256,1.000e-12,0.05000,17.000000,19,0.0207143365,0.1783496403,4,4,4,4
open_n20_g0p100,20,0.100000,0.500000,true,2,256,1.000e-12,0.05000,18.000000,1,0.0079746880,0.1125453882,4,4,4,4
open_n20_g0p100,20,0.100000,0.500000,true,2,256,1.000e-12,0.05000,18.000000,2,0.0235057827,0.2597662241,16,10,16,16
open_n20_g0p100,20,0.100000,0.500000,true,2,256,1.000e-12,0.05000,18.000000,3,0.0232875711,0.2812321500,64,20,61,64
open_n20_g0p100,20,0.100000,0.500000,true,2,256,1.000e-12,0.05000,18.000000,4,0.0223035936,0.2959420145,229,30,206,256
open_n20_g0p100,20,0.100000,0.500000,true,2,256,1.000e-12,0.05000,18.000000,5,0.0226399405,0.3124581566,256,38,255,1024
open_n20_g0p100,20,0.100000,0.500000,true,2,256,1.000e-12,0.05000,18.000000,6,0.0225644405,0.3195868380,256,45,256,4096
open_n20_g0p100,20,0.100000,0.500000,true,2,256,1.000e-12,0.05000,18.000000,7,0.0225135369,0.3243390101,256,49,256,16384
open_n20_g0p100,20,0.100000,0.500000,true,2,256,1.000e-12,0.05000,18.000000,8,0.0224955394,0.3247075475,256,52,256,65536
open_n20_g0p100,20,0.100000,0.500000,true,2,256,1.000e-12,0.05000,18.000000,9,0.0225950873,0.3254656394,256,54,256,262144
open_n20_g0p100,20,0.100000,0.500000,true,2,256,1.000e-12,0.05000,18.000000,10,0.0228751034,0.3286220119,256,56,256,1048576
open_n20_g0p100,20,0.100000,0.500000,true,2,256,1.000e-12,0.05000,18.000000,11,0.0230066679,0.3299933400,256,54,256,262144
open_n20_g0p100,20,0.100000,0.500000,true,2,256,1.000e-12,0.05000,18.000000,12,0.0231436455,0.3283646987,256,53,256,65536
open_n20_g0p100,20,0.100000,0.500000,true,2,256,1.000e-12,0.05000,18.000000,13,0.0234424136,0.3270141824,256,49,256,16384
open_n20_g0p100,20,0.100000,0.500000,true,2,256,1.000e-12,0.05000,18.000000,14,0.0235365154,0.3235978805,256,44,256,4096
open_n20_g0p100,20,0.100000,0.500000,true,2,256,1.000e-12,0.05000,18.000000,15,0.0235644586,0.3134857025,256,37,254,1024
open_n20_g0p100,20,0.100000,0.500000,true,2,256,1.000e-12,0.05000,18.000000,16,0.0240680371,0.2971430993,212,27,180,256
open_n20_g0p100,20,0.100000,0.500000,true,2,256,1.000e-12,0.05000,18.000000,17,0.0241482515,0.2705657408,63,16,54,64
open_n20_g0p100,20,0.100000,0.500000,true,2,256,1.000e-12,0.05000,18.000000,18,0.0231575598,0.2357299188,16,8,16,16
open_n20_g0p100,20,0.100000,0.500000,true,2,256,1.000e-12,0.05000,18.000000,19,0.0163959219,0.1561840089,4,4,4,4
open_n20_g0p100,20,0.100000,0.500000,true,2,256,1.000e-12,0.05000,19.000000,1,0.0066464238,0.1009067302,4,4,4,4
open_n20_g0p100,20,0.100000,0.500000,true,2,256,1.000e-12,0.05000,19.000000,2,0.0185219416,0.2242540397,16,9,16,16
open_n20_g0p100,20,0.100000,0.500000,true,2,256,1.000e-12,0.05000,19.000000,3,0.0191930884,0.2441979641,64,17,58,64
open_n20_g0p100,20,0.100000,0.500000,true,2,256,1.000e-12,0.05000,19.000000,4,0.0180438696,0.2538417988,220,24,192,256
open_n20_g0p100,20,0.100000,0.500000,true,2,256,1.000e-12,0.05000,19.000000,5,0.0180421479,0.2649247768,256,29,253,1024
open_n20_g0p100,20,0.100000,0.500000,true,2,256,1.000e-12,0.05000,19.000000,6,0.0180232838,0.2714611532,256,33,255,4096
open_n20_g0p100,20,0.100000,0.500000,true,2,256,1.000e-12,0.05000,19.000000,7,0.0179320506,0.2729531020,256,37,255,16384
open_n20_g0p100,20,0.100000,0.500000,true,2,256,1.000e-12,0.05000,19.000000,8,0.0180091075,0.2744857431,256,38,256,65536
open_n20_g0p100,20,0.100000,0.500000,true,2,256,1.000e-12,0.05000,19.000000,9,0.0181432459,0.2762158659,256,39,256,262144
open_n20_g0p100,20,0.100000,0.500000,true,2,256,1.000e-12,0.05000,19.000000,10,0.0181779597,0.2774600728,256,39,256,1048576
open_n20_g0p100,20,0.100000,0.500000,true,2,256,1.000e-12,0.05000,19.000000,11,0.0182646659,0.2773938902,256,39,256,262144
open_n20_g0p100,20,0.100000,0.500000,true,2,256,1.000e-12,0.05000,19.000000,12,0.0185404289,0.2773015890,256,39,256,65536
open_n20_g0p100,20,0.100000,0.500000,true,2,256,1.000e-12,0.05000,19.000000,13,0.0186544493,0.2762127862,256,36,255,16384
open_n20_g0p100,20,0.100000,0.500000,true,2,256,1.000e-12,0.05000,19.000000,14,0.0187634023,0.2724514951,256,33,255,4096
open_n20_g0p100,20,0.100000,0.500000,true,2,256,1.000e-12,0.05000,19.000000,15,0.0188426125,0.2655813847,256,28,252,1024
open_n20_g0p100,20,0.100000,0.500000,true,2,256,1.000e-12,0.05000,19.000000,16,0.0192046070,0.2532596338,196,21,166,256
open_n20_g0p100,20,0.100000,0.500000,true,2,256,1.000e-12,0.05000,19.000000,17,0.0190904542,0.2316061556,61,14,49,64
open_n20_g0p100,20,0.100000,0.500000,true,2,256,1.000e-12,0.05000,19.000000,18,0.0181502053,0.2030986386,16,8,16,16
open_n20_g0p100,20,0.100000,0.500000,true,2,256,1.000e-12,0.05000,19.000000,19,0.0131345863,0.1376217870,4,4,4,4
open_n20_g0p100,20,0.100000,0.500000,true,2,256,1.000e-12,0.05000,20.000000,1,0.0051109902,0.0869617213,4,4,4,4
open_n20_g0p100,20,0.100000,0.500000,true,2,256,1.000e-12,0.05000,20.000000,2,0.0146217897,0.1967512092,16,9,16,16
open_n20_g0p100,20,0.100000,0.500000,true,2,256,1.000e-12,0.05000,20.000000,3,0.0156806680,0.2099439054,63,15,55,64
open_n20_g0p100,20,0.100000,0.500000,true,2,256,1.000e-12,0.05000,20.000000,4,0.0147139464,0.2200626204,210,19,176,256
open_n20_g0p100,20,0.100000,0.500000,true,2,256,1.000e-12,0.05000,20.000000,5,0.0145255835,0.2275289353,256,23,249,1024
open_n20_g0p100,20,0.100000,0.500000,true,2,256,1.000e-12,0.05000,20.000000,6,0.0144891298,0.2315469171,256,26,253,4096
open_n20_g0p100,20,0.100000,0.500000,true,2,256,1.000e-12,0.05000,20.000000,7,0.0145202884,0.2329928764,256,28,254,16384
open_n20_g0p100,20,0.100000,0.500000,true,2,256,1.000e-12,0.05000,20.000000,8,0.0145397064,0.2347260632,256,29,255,65536
open_n20_g0p100,20,0.100000,0.500000,true,2,256,1.000e-12,0.05000,20.000000,9,0.0145982096,0.2365241302,256,30,255,262144
open_n20_g0p100,20,0.100000,0.500000,true,2,256,1.000e-12,0.05000,20.000000,10,0.0145887535,0.2357919849,256,30,255,1048576
open_n20_g0p100,20,0.100000,0.500000,true,2,256,1.000e-12,0.05000,20.000000,11,0.0147161750,0.2355157650,256,30,255,262144
open_n20_g0p100,20,0.100000,0.500000,true,2,256,1.000e-12,0.05000,20.000000,12,0.0148778534,0.2364686412,256,28,255,65536
open_n20_g0p100,20,0.100000,0.500000,true,2,256,1.000e-12,0.05000,20.000000,13,0.0149213403,0.2349450589,256,27,254,16384
open_n20_g0p100,20,0.100000,0.500000,true,2,256,1.000e-12,0.05000,20.000000,14,0.0151857440,0.2321762002,256,25,253,4096
open_n20_g0p100,20,0.100000,0.500000,true,2,256,1.000e-12,0.05000,20.000000,15,0.0150023206,0.2259527995,256,21,246,1024
open_n20_g0p100,20,0.100000,0.500000,true,2,256,1.000e-12,0.05000,20.000000,16,0.0154917343,0.2170738714,183,17,149,256
open_n20_g0p100,20,0.100000,0.500000,true,2,256,1.000e-12,0.05000,20.000000,17,0.0150687938,0.1989206086,59,12,47,64
open_n20_g0p100,20,0.100000,0.500000,true,2,256,1.000e-12,0.05000,20.000000,18,0.0140603453,0.1754084744,16,7,16,16
open_n20_g0p100,20,0.100000,0.500000,true,2,256,1.000e-12,0.05000,20.000000,19,0.0115321095,0.1271569456,4,4,4,4
open_n20_g0p100,20,0.100000,0.500000,true,2,256,1.000e-12,0.05000,21.000000,1,0.0041847409,0.0773347992,4,4,4,4
open_n20_g0p100,20,0.100000,0.500000,true,2,256,1.000e-12,0.05000,21.000000,2,0.0115424882,0.1699323312,16,8,16,16
open_n20_g0p100,20,0.100000,0.500000,true,2,256,1.000e-12,0.05000,21.000000,3,0.0126452887,0.1830738618,63,13,50,64
open_n20_g0p100,20,0.100000,0.500000,true,2,256,1.000e-12,0.05000,21.000000,4,0.0120776982,0.1902694958,196,15,158,256
open_n20_g0p100,20,0.100000,0.500000,true,2,256,1.000e-12,0.05000,21.000000,5,0.0117927867,0.1966026941,256,18,241,1024
open_n20_g0p100,20,0.100000,0.500000,true,2,256,1.000e-12,0.05000,21.000000,6,0.0117755078,0.1990324504,256,20,250,4096
open_n20_g0p100,20,0.100000,0.500000,true,2,256,1.000e-12,0.05000,21.000000,7,0.0118638716,0.2020417998,256,21,252,16384
open_n20_g0p100,20,0.100000,0.500000,true,2,256,1.000e-12,0.05000,21.000000,8,0.0118104627,0.2029546394,256,22,253,65536
open_n20_g0p100,20,0.100000,0.500000,true,2,256,1.000e-12,0.05000,21.000000,9,0.0117741131,0.2028825930,256,22,253,262144
open_n20_g0p100,20,0.100000,0.500000,true,2,256,1.000e-12,0.05000,21.000000,10,0.0118623519,0.2025894801,256,22,253,1048576
open_n20_g0p100,20,0.100000,0.500000,true,2,256,1.000e-12,0.05000,21.000000,11,0.0119307467,0.2028224453,256,23,253,262144
open_n20_g0p100,20,0.100000,0.500000,true,2,256,1.000e-12,0.05000,21.000000,12,0.0119681275,0.2022871209,256,23,253,65536
open_n20_g0p100,20,0.100000,0.500000,true,2,256,1.000e-12,0.05000,21.000000,13,0.0120970724,0.2012452827,256,21,252,16384
open_n20_g0p100,20,0.100000,0.500000,true,2,256,1.000e-12,0.05000,21.000000,14,0.0122216375,0.1997112358,256,19,249,4096
open_n20_g0p100,20,0.100000,0.500000,true,2,256,1.000e-12,0.05000,21.000000,15,0.0120339123,0.1934029328,256,18,236,1024
open_n20_g0p100,20,0.100000,0.500000,true,2,256,1.000e-12,0.05000,21.000000,16,0.0125857829,0.1878717601,166,15,129,256
open_n20_g0p100,20,0.100000,0.500000,true,2,256,1.000e-12,0.05000,21.000000,17,0.0116453893,0.1702180804,55,10,46,64
open_n20_g0p100,20,0.100000,0.500000,true,2,256,1.000e-12,0.05000,21.000000,18,0.0115934631,0.1549726801,16,7,15,16
open_n20_g0p100,20,0.100000,0.500000,true,2,256,1.000e-12,0.05000,21.000000,19,0.0090529892,0.1109289476,4,4,4,4
open_n20_g0p100,20,0.100000,0.500000,true,2,256,1.000e-12,0.05000,22.000000,1,0.0034181947,0.0685942937,4,4,4,4
open_n20_g0p100,20,0.100000,0.500000,true,2,256,1.000e-12,0.05000,22.000000,2,0.0094136232,0.1498111093,16,8,16,16
open_n20_g0p100,20,0.100000,0.500000,true,2,256,1.000e-12,0.05000,22.000000,3,0.0099890463,0.1582459411,61,11,49,64
open_n20_g0p100,20,0.100000,0.500000,true,2,256,1.000e-12,0.05000,22.000000,4,0.0099895600,0.1661898609,174,13,136,256
open_n20_g0p100,20,0.100000,0.500000,true,2,256,1.000e-12,0.05000,22.000000,5,0.0096169586,0.1694530239,256,15,228,1024
open_n20_g0p100,20,0.100000,0.500000,true,2,256,1.000e-12,0.05000,22.000000,6,0.0096686393,0.1737230121,256,16,244,4096
open_n20_g0p100,20,0.100000,0.500000,true,2,256,1.000e-12,0.05000,22.000000,7,0.0096957877,0.1760893086,256,16,248,16384
open_n20_g0p100,20,0.100000,0.500000,true,2,256,1.000e-12,0.05000,22.000000,8,0.0096357038,0.1766058293,256,17,250,65536
open_n20_g0p100,20,0.100000,0.500000,true,2,256,1.000e-12,0.05000,22.000000,9,0.0096235008,0.1756100756,256,17,251,262144
open_n20_g0p100,20,0.100000,0.500000,true,2,256,1.000e-12,0.05000,22.000000,10,0.0096856661,0.1761520155,256,17,251,1048576
open_n20_g0p100,20,0.100000,0.500000,true,2,256,1.000e-12,0.05000,22.000000,11,0.0096805499,0.1756463200,256,17,250,262144
open_n20_g0p100,20,0.100000,0.500000,true,2,256,1.000e-12,0.05000,22.000000,12,0.0097577294,0.1744345993,256,17,250,65536
open_n20_g0p100,20,0.100000,0.500000,true,2,256,1.000e-12,0.05000,22.000000,13,0.0098143740,0.1739772936,256,17,248,16384
open_n20_g0p100,20,0.100000,0.500000,true,2,256,1.000e-12,0.05000,22.000000,14,0.0097777720,0.1719399538,256,16,242,4096
open_n20_g0p100,20,0.100000,0.500000,true,2,256,1.000e-12,0.05000,22.000000,15,0.0098236854,0.1681198780,256,15,219,1024
open_n20_g0p100,20,0.100000,0.500000,true,2,256,1.000e-12,0.05000,22.000000,16,0.0100248913,0.1627252917,150,12,115,256
open_n20_g0p100,20,0.100000,0.500000,true,2,256,1.000e-12,0.05000,22.000000,17,0.0093295978,0.1477524520,53,9,43,64
open_n20_g0p100,20,0.100000,0.500000,true,2,256,1.000e-12,0.05000,22.000000,18,0.0093674887,0.1361963882,16,6,15,16
open_n20_g0p100,20,0.100000,0.500000,true,2,256,1.000e-12,0.05000,22.000000,19,0.0073049066,0.0982028896,4,4,4,4
open_n20_g0p100,20,0.100000,0.500000,true,2,256,1.000e-12,0.05000,23.000000,1,0.0026354736,0.0591511077,4,4,4,4
open_n20_g0p100,20,0.100000,0.500000,true,2,256,1.000e-12,0.05000,23.000000,2,0.0078534013,0.1344887817,16,8,16,16
open_n20_g0p100,20,0.100000,0.500000,true,2,256,1.000e-12,0.05000,23.000000,3,0.0078835726,0.1364990696,56,10,47,64
open_n20_g0p100,20,0.100000,0.500000,true,2,256,1.000e-12,0.05000,23.000000,4,0.0082462943,0.1452800766,154,12,119,256
open_n20_g0p100,20,0.100000,0.500000,true,2,256,1.000e-12,0.05000,23.000000,5,0.0078994809,0.1479262219,256,13,209,1024
open_n20_g0p100,20,0.100000,0.500000,true,2,256,1.000e-12,0.05000,23.000000,6,0.0079266184,0.1523322080,256,13,234,4096
open_n20_g0p100,20,0.100000,0.500000,true,2,256,1.000e-12,0.05000,23.000000,7,0.0079325918,0.1541306358,256,13,242,16384
open_n20_g0p100,20,0.100000,0.500000,true,2,256,1.000e-12,0.05000,23.000000,8,0.0079235596,0.1541827274,256,14,245,65536
open_n20_g0p100,20,0.100000,0.500000,true,2,256,1.000e-12,0.05000,23.000000,9,0.0079344532,0.1541997241,256,13,246,262144
open_n20_g0p100,20,0.100000,0.500000,true,2,256,1.000e-12,0.05000,23.000000,10,0.0079084364,0.1538275102,256,13,246,1048576
open_n20_g0p100,20,0.100000,0.500000,true,2,256,1.000e-12,0.05000,23.000000,11,0.0079181167,0.1527153717,256,14,246,262144
open_n20_g0p100,20,0.100000,0.500000,true,2,256,1.000e-12,0.05000,23.000000,12,0.0079926300,0.1525743457,256,14,244,65536
open_n20_g0p100,20,0.100000,0.500000,true,2,256,1.000e-12,0.05000,23.000000,13,0.0079280507,0.1511057240,256,14,241,16384
open_n20_g0p100,20,0.100000,0.500000,true,2,256,1.000e-12,0.05000,23.000000,14,0.0078990000,0.1487954859,256,14,231,4096
open_n20_g0p100,20,0.100000,0.500000,true,2,256,1.000e-12,0.05000,23.000000,15,0.0080022822,0.1472394540,244,12,193,1024
open_n20_g0p100,20,0.100000,0.500000,true,2,256,1.000e-12,0.05000,23.000000,16,0.0079825540,0.1413478063,131,10,101,256
open_n20_g0p100,20,0.100000,0.500000,true,2,256,1.000e-12,0.05000,23.000000,17,0.0076306155,0.1297109970,52,8,40,64
open_n20_g0p100,20,0.100000,0.500000,true,2,256,1.000e-12,0.05000,23.000000,18,0.0073950906,0.1192769197,16,6,15,16
open_n20_g0p100,20,0.100000,0.500000,true,2,256,1.000e-12,0.05000,23.000000,19,0.0063160758,0.0901796235,4,4,4,4
open_n20_g0p100,20,0.100000,0.500000,true,2,256,1.000e-12,0.05000,24.000000,1,0.0021464400,0.0524221294,4,4,4,4
open_n20_g0p100,20,0.100000,0.500000,true,2,256,1.000e-12,0.05000,24.000000,2,0.0064980620,0.1194304306,16,7,16,16
open_n20_g0p100,20,0.100000,0.500000,true,2,256,1.000e-12,0.05000,24.000000,3,0.0063494461,0.1204577328,54,9,44,64
open_n20_g0p100,20,0.100000,0.500000,true,2,256,1.000e-12,0.05000,24.000000,4,0.0067610662,0.1266196876,137,12,104,256
open_n20_g0p100,20,0.100000,0.500000,true,2,256,1.000e-12,0.05000,24.000000,5,0.0065284096,0.1313526075,230,12,179,1024
open_n20_g0p100,20,0.100000,0.500000,true,2,256,1.000e-12,0.05000,24.000000,6,0.0064701345,0.1335692275,256,12,219,4096
open_n20_g0p100,20,0.100000,0.500000,true,2,256,1.000e-12,0.05000,24.000000,7,0.0065136589,0.1352492386,256,12,231,16384
open_n20_g0p100,20,0.100000,0.500000,true,2,256,1.000e-12,0.05000,24.000000,8,0.0065574493,0.1358921294,256,12,237,65536
open_n20_g0p100,20,0.100000,0.500000,true,2,256,1.000e-12,0.05000,24.000000,9,0.0065287238,0.1359125695,256,12,239,262144
open_n20_g0p100,20,0.100000,0.500000,true,2,256,1.000e-12,0.05000,24.000000,10,0.0065045705,0.1350930815,256,12,239,1048576
open_n20_g0p100,20,0.100000,0.500000,true,2,256,1.000e-12,0.05000,24.000000,11,0.0065286578,0.1342621629,256,12,238,262144
open_n20_g0p100,20,0.100000,0.500000,true,2,256,1.000e-12,0.05000,24.000000,12,0.0064965165,0.1340254900,256,12,235,65536
open_n20_g0p100,20,0.100000,0.500000,true,2,256,1.000e-12,0.05000,24.000000,13,0.0064472607,0.1320852572,256,12,229,16384
open_n20_g0p100,20,0.100000,0.500000,true,2,256,1.000e-12,0.05000,24.000000,14,0.0064205128,0.1305351034,256,12,214,4096
open_n20_g0p100,20,0.100000,0.500000,true,2,256,1.000e-12,0.05000,24.000000,15,0.0065022516,0.1286179107,210,11,162,1024
open_n20_g0p100,20,0.100000,0.500000,true,2,256,1.000e-12,0.05000,24.000000,16,0.0064232730,0.1232469549,117,9,89,256
open_n20_g0p100,20,0.100000,0.500000,true,2,256,1.000e-12,0.05000,24.000000,17,0.0061610583,0.1144497876,48,7,39,64
open_n20_g0p100,20,0.100000,0.500000,true,2,256,1.000e-12,0.05000,24.000000,18,0.0060794849,0.1053475852,16,6,15,16
open_n20_g0p100,20,0.100000,0.500000,true,2,256,1.000e-12,0.05000,24.000000,19,0.0050808347,0.0797919354,4,4,4,4
open_n20_g0p100,20,0.100000,0.500000,true,2,256,1.000e-12,0.05000,25.000000,1,0.0017373351,0.0463794050,4,4,4,4
open_n20_g0p100,20,0.100000,0.500000,true,2,256,1.000e-12,0.05000,25.000000,2,0.0053418724,0.1063091502,16,7,16,16
open_n20_g0p100,20,0.100000,0.500000,true,2,256,1.000e-12,0.05000,25.000000,3,0.0052196035,0.1055455354,51,9,41,64
open_n20_g0p100,20,0.100000,0.500000,true,2,256,1.000e-12,0.05000,25.000000,4,0.0054980145,0.1117479206,119,10,89,256
open_n20_g0p100,20,0.100000,0.500000,true,2,256,1.000e-12,0.05000,25.000000,5,0.0054098211,0.1162160051,195,12,147,1024
open_n20_g0p100,20,0.100000,0.500000,true,2,256,1.000e-12,0.05000,25.000000,6,0.0053078301,0.1178108407,247,12,195,4096
open_n20_g0p100,20,0.100000,0.500000,true,2,256,1.000e-12,0.05000,25.000000,7,0.0053493661,0.1191390143,256,12,215,16384
open_n20_g0p100,20,0.100000,0.500000,true,2,256,1.000e-12,0.05000,25.000000,8,0.0054107446,0.1206895076,256,11,224,65536
open_n20_g0p100,20,0.100000,0.500000,true,2,256,1.000e-12,0.05000,25.000000,9,0.0053804772,0.1198650940,256,11,228,262144
open_n20_g0p100,20,0.100000,0.500000,true,2,256,1.000e-12,0.05000,25.000000,10,0.0053874989,0.1196011786,256,11,229,1048576
open_n20_g0p100,20,0.100000,0.500000,true,2,256,1.000e-12,0.05000,25.000000,11,0.0053683934,0.1193934344,256,11,228,262144
open_n20_g0p100,20,0.100000,0.500000,true,2,256,1.000e-12,0.05000,25.000000,12,0.0052892340,0.1178025525,256,11,222,65536
open_n20_g0p100,20,0.100000,0.500000,true,2,256,1.000e-12,0.05000,25.000000,13,0.0052691474,0.1165255648,256,11,212,16384
open_n20_g0p100,20,0.100000,0.500000,true,2,256,1.000e-12,0.05000,25.000000,14,0.0052387199,0.1153103012,239,10,186,4096
open_n20_g0p100,20,0.100000,0.500000,true,2,256,1.000e-12,0.05000,25.000000,15,0.0053097346,0.1125857080,179,9,133,1024
open_n20_g0p100,20,0.100000,0.500000,true,2,256,1.000e-12,0.05000,25.000000,16,0.0051596979,0.1077776257,104,9,77,256
open_n20_g0p100,20,0.100000,0.500000,true,2,256,1.000e-12,0.05000,25.000000,17,0.0050306111,0.1010652263,46,7,37,64
open_n20_g0p100,20,0.100000,0.500000,true,2,256,1.000e-12,0.05000,25.000000,18,0.0049346982,0.0931465275,16,6,15,16
open_n20_g0p100,20,0.100000,0.500000,true,2,256,1.000e-12,0.05000,25.000000,19,0.0041969622,0.0716062962,4,3,4,4
open_n20_g0p100,20,0.100000,0.500000,true,2,256,1.000e-12,0.05000,26.000000,1,0.0013779362,0.0406559988,4,4,4,4
open_n20_g0p100,20,0.100000,0.500000,true,2,256,1.000e-12,0.05000,26.000000,2,0.0043845841,0.0950354123,16,6,16,16
open_n20_g0p100,20,0.100000,0.500000,true,2,256,1.000e-12,0.05000,26.000000,3,0.0043391762,0.0936998073,50,8,39,64
open_n20_g0p100,20,0.100000,0.500000,true,2,256,1.000e-12,0.05000,26.000000,4,0.0044456795,0.0980113256,105,9,76,256
open_n20_g0p100,20,0.100000,0.500000,true,2,256,1.000e-12,0.05000,26.000000,5,0.0044846522,0.1024290245,161,10,119,1024
open_n20_g0p100,20,0.100000,0.500000,true,2,256,1.000e-12,0.05000,26.000000,6,0.0044012579,0.1045751625,211,11,159,4096
open_n20_g0p100,20,0.100000,0.500000,true,2,256,1.000e-12,0.05000,26.000000,7,0.0043859979,0.1059641775,241,11,188,16384
open_n20_g0p100,20,0.100000,0.500000,true,2,256,1.000e-12,0.05000,26.000000,8,0.0044369956,0.1069346417,254,11,204,65536
open_n20_g0p100,20,0.100000,0.500000,true,2,256,1.000e-12,0.05000,26.000000,9,0.0044572021,0.1064941985,256,10,213,262144
open_n20_g0p100,20,0.100000,0.500000,true,2,256,1.000e-12,0.05000,26.000000,10,0.0044455858,0.1064308079,256,9,215,1048576
open_n20_g0p100,20,0.100000,0.500000,true,2,256,1.000e-12,0.05000,26.000000,11,0.0043999087,0.1062062757,256,10,212,262144
open_n20_g0p100,20,0.100000,0.500000,true,2,256,1.000e-12,0.05000,26.000000,12,0.0043490979,0.1046480506,253,10,202,65536
open_n20_g0p100,20,0.100000,0.500000,true,2,256,1.000e-12,0.05000,26.000000,13,0.0043071549,0.1033877344,236,10,182,16384
open_n20_g0p100,20,0.100000,0.500000,true,2,256,1.000e-12,0.05000,26.000000,14,0.0043116970,0.1017954623,201,9,150,4096
open_n20_g0p100,20,0.100000,0.500000,true,2,256,1.000e-12,0.05000,26.000000,15,0.0043148444,0.0993220089,149,8,108,1024
open_n20_g0p100,20,0.100000,0.500000,true,2,256,1.000e-12,0.05000,26.000000,16,0.0042029464,0.0948703191,93,8,66,256
open_n20_g0p100,20,0.100000,0.500000,true,2,256,1.000e-12,0.05000,26.000000,17,0.0040723708,0.0887501175,44,6,35,64
open_n20_g0p100,20,0.100000,0.500000,true,2,256,1.000e-12,0.05000,26.000000,18,0.0040305632,0.0828410345,16,6,15,16
open_n20_g0p100,20,0.100000,0.500000,true,2,256,1.000e-12,0.05000,26.000000,19,0.0035054925,0.0646541774,4,3,4,4
open_n20_g0p100,20,0.100000,0.500000,true,2,256,1.000e-12,0.05000,27.000000,1,0.0011585292,0.0367128932,4,4,4,4
open_n20_g0p100,20,0.100000,0.500000,true,2,256,1.000e-12,0.05000,27.000000,2,0.0036119269,0.0844300296,16,6,15,16
open_n20_g0p100,20,0.100000,0.500000,true,2,256,1.000e-12,0.05000,27.000000,3,0.0035784659,0.0842606587,47,7,36,64
open_n20_g0p100,20,0.100000,0.500000,true,2,256,1.000e-12,0.05000,27.000000,4,0.0036254336,0.0856157552,91,8,64,256
open_n20_g0p100,20,0.100000,0.500000,true,2,256,1.000e-12,0.05000,27.000000,5,0.0037033299,0.0899489608,134,9,95,1024
open_n20_g0p100,20,0.100000,0.500000,true,2,256,1.000e-12,0.05000,27.000000,6,0.0036614762,0.0932000057,171,10,126,4096
open_n20_g0p100,20,0.100000,0.500000,true,2,256,1.000e-12,0.05000,27.000000,7,0.0036097314,0.0944227181,199,10,151,16384
open_n20_g0p100,20,0.100000,0.500000,true,2,256,1.000e-12,0.05000,27.000000,8,0.0036381063,0.0947926991,220,10,171,65536
open_n20_g0p100,20,0.100000,0.500000,true,2,256,1.000e-12,0.05000,27.000000,9,0.0036746084,0.0953952079,234,10,185,262144
open_n20_g0p100,20,0.100000,0.500000,true,2,256,1.000e-12,0.05000,27.000000,10,0.0036529698,0.0950364865,239,9,189,1048576
open_n20_g0p100,20,0.100000,0.500000,true,2,256,1.000e-12,0.05000,27.000000,11,0.0036133233,0.0941702602,233,9,183,262144
open_n20_g0p100,20,0.100000,0.500000,true,2,256,1.000e-12,0.05000,27.000000,12,0.0035831305,0.0935488469,215,9,167,65536
open_n20_g0p100,20,0.100000,0.500000,true,2,256,1.000e-12,0.05000,27.000000,13,0.0035492084,0.0919697683,191,9,145,16384
open_n20_g0p100,20,0.100000,0.500000,true,2,256,1.000e-12,0.05000,27.000000,14,0.0035478114,0.0900819961,160,8,118,4096
open_n20_g0p100,20,0.100000,0.500000,true,2,256,1.000e-12,0.05000,27.000000,15,0.0035137806,0.0880211012,122,8,87,1024
open_n20_g0p100,20,0.100000,0.500000,true,2,256,1.000e-12,0.05000,27.000000,16,0.0034494487,0.0838281801,81,7,58,256
open_n20_g0p100,20,0.100000,0.500000,true,2,256,1.000e-12,0.05000,27.000000,17,0.0032668056,0.0778852873,41,6,32,64
open_n20_g0p100,20,0.100000,0.500000,true,2,256,1.000e-12,0.05000,27.000000,18,0.0034028959,0.0743455720,15,6,14,16
open_n20_g0p100,20,0.100000,0.500000,true,2,256,1.000e-12,0.05000,27.000000,19,0.0027500495,0.0564921021,4,3,4,4
open_n20_g0p100,20,0.100000,0.500000,true,2,256,1.000e-12,0.05000,28.000000,1,0.0009492144,0.0327359387,4,3,4,4
open_n20_g0p100,20,0.100000,0.500000,true,2,256,1.000e-12,0.05000,28.000000,2,0.0030089828,0.0758712021,16,6,15,16
open_n20_g0p100,20,0.100000,0.500000,true,2,256,1.000e-12,0.05000,28.000000,3,0.0029218237,0.0743649025,44,6,34,64
open_n20_g0p100,20,0.100000,0.500000,true,2,256,1.000e-12,0.05000,28.000000,4,0.0029927832,0.0762106982,80,8,57,256
open_n20_g0p100,20,0.100000,0.500000,true,2,256,1.000e-12,0.05000,28.000000,5,0.0030445942,0.0790724322,111,8,79,1024
open_n20_g0p100,20,0.100000,0.500000,true,2,256,1.000e-12,0.05000,28.000000,6,0.0030299439,0.0824679287,139,9,103,4096
open_n20_g0p100,20,0.100000,0.500000,true,2,256,1.000e-12,0.05000,28.000000,7,0.0029941737,0.0840165552,162,10,124,16384
open_n20_g0p100,20,0.100000,0.500000,true,2,256,1.000e-12,0.05000,28.000000,8,0.0029905668,0.0848701831,184,9,143,65536
open_n20_g0p100,20,0.100000,0.500000,true,2,256,1.000e-12,0.05000,28.000000,9,0.0030017017,0.0854515259,198,9,154,262144
open_n20_g0p100,20,0.100000,0.500000,true,2,256,1.000e-12,0.05000,28.000000,10,0.0030035745,0.0849147577,203,9,157,1048576
open_n20_g0p100,20,0.100000,0.500000,true,2,256,1.000e-12,0.05000,28.000000,11,0.0029688568,0.0840437814,196,8,152,262144
open_n20_g0p100,20,0.100000,0.500000,true,2,256,1.000e-12,0.05000,28.000000,12,0.0029512531,0.0832836545,179,8,138,65536
open_n20_g0p100,20,0.100000,0.500000,true,2,256,1.000e-12,0.05000,28.000000,13,0.0029411857,0.0821144976,157,8,121,16384
open_n20_g0p100,20,0.100000,0.500000,true,2,256,1.000e-12,0.05000,28.000000,14,0.0029129512,0.0804599487,132,8,99,4096
open_n20_g0p100,20,0.100000,0.500000,true,2,256,1.000e-12,0.05000,28.000000,15,0.0028943998,0.0780807167,104,7,76,1024
open_n20_g0p100,20,0.100000,0.500000,true,2,256,1.000e-12,0.05000,28.000000,16,0.0027945566,0.0740288075,72,6,52,256
open_n20_g0p100,20,0.100000,0.500000,true,2,256,1.000e-12,0.05000,28.000000,17,0.0027067520,0.0692337608,39,6,30,64
open_n20_g0p100,20,0.100000,0.500000,true,2,256,1.000e-12,0.05000,28.000000,18,0.0027888951,0.0663918516,15,5,13,16
open_n20_g0p100,20,0.100000,0.500000,true,2,256,1.000e-12,0.05000,28.000000,19,0.0022669625,0.0506868091,4,3,4,4
open_n20_g0p100,20,0.100000,0.500000,true,2,256,1.000e-12,0.05000,29.000000,1,0.0007642479,0.0289432033,4,3,4,4
open_n20_g0p100,20,0.100000,0.500000,true,2,256,1.000e-12,0.05000,29.000000,2,0.0025049026,0.0683773502,16,5,15,16
open_n20_g0p100,20,0.100000,0.500000,true,2,256,1.000e-12,0.05000,29.000000,3,0.0024095066,0.0656697958,41,5,32,64
open_n20_g0p100,20,0.100000,0.500000,true,2,256,1.000e-12,0.05000,29.000000,4,0.0024668734,0.0677333554,69,7,52,256
open_n20_g0p100,20,0.100000,0.500000,true,2,256,1.000e-12,0.05000,29.000000,5,0.0025000615,0.0702489052,94,8,71,1024
open_n20_g0p100,20,0.100000,0.500000,true,2,256,1.000e-12,0.05000,29.000000,6,0.0025008406,0.0725043040,115,8,91,4096
open_n20_g0p100,20,0.100000,0.500000,true,2,256,1.000e-12,0.05000,29.000000,7,0.0024849408,0.0747169368,138,8,109,16384
open_n20_g0p100,20,0.100000,0.500000,true,2,256,1.000e-12,0.05000,29.000000,8,0.0024596846,0.0762165420,160,9,123,65536
open_n20_g0p100,20,0.100000,0.500000,true,2,256,1.000e-12,0.05000,29.000000,9,0.0024547072,0.0764424313,172,9,132,262144
open_n20_g0p100,20,0.100000,0.500000,true,2,256,1.000e-12,0.05000,29.000000,10,0.0024626819,0.0761403348,175,8,135,1048576
open_n20_g0p100,20,0.100000,0.500000,true,2,256,1.000e-12,0.05000,29.000000,11,0.0024407989,0.0754583267,170,8,129,262144
open_n20_g0p100,20,0.100000,0.500000,true,2,256,1.000e-12,0.05000,29.000000,12,0.0024360015,0.0741946391,158,8,120,65536
open_n20_g0p100,20,0.100000,0.500000,true,2,256,1.000e-12,0.05000,29.000000,13,0.0024225508,0.0733821284,139,8,106,16384
open_n20_g0p100,20,0.100000,0.500000,true,2,256,1.000e-12,0.05000,29.000000,14,0.0024098954,0.0721048034,114,7,88,4096
open_n20_g0p100,20,0.100000,0.500000,true,2,256,1.000e-12,0.05000,29.000000,15,0.0023812213,0.0694360944,92,7,69,1024
open_n20_g0p100,20,0.100000,0.500000,true,2,256,1.000e-12,0.05000,29.000000,16,0.0022832322,0.0655775255,66,6,48,256
open_n20_g0p100,20,0.100000,0.500000,true,2,256,1.000e-12,0.05000,29.000000,17,0.0022501588,0.0621811974,38,5,28,64
open_n20_g0p100,20,0.100000,0.500000,true,2,256,1.000e-12,0.05000,29.000000,18,0.0022826202,0.0593051939,15,5,13,16
open_n20_g0p100,20,0.100000,0.500000,true,2,256,1.000e-12,0.05000,29.000000,19,0.0018949343,0.0458319453,4,3,4,4
open_n20_g0p100,20,0.100000,0.500000,true,2,256,1.000e-12,0.05000,30.000000,1,0.0006428674,0.0261900202,4,3,4,4
open_n20_g0p100,20,0.100000,0.500000,true,2,256,1.000e-12,0.05000,30.000000,2,0.0020732725,0.0611872231,16,5,14,16
open_n20_g0p100,20,0.100000,0.500000,true,2,256,1.000e-12,0.05000,30.000000,3,0.0020126320,0.0591332423,39,5,30,64
open_n20_g0p100,20,0.100000,0.500000,true,2,256,1.000e-12,0.05000,30.000000,4,0.0020218570,0.0598855484,64,6,47,256
open_n20_g0p100,20,0.100000,0.500000,true,2,256,1.000e-12,0.05000,30.000000,5,0.0020566458,0.0623451622,86,7,66,1024
open_n20_g0p100,20,0.100000,0.500000,true,2,256,1.000e-12,0.05000,30.000000,6,0.0020644007,0.0643484516,106,7,83,4096
open_n20_g0p100,20,0.100000,0.500000,true,2,256,1.000e-12,0.05000,30.000000,7,0.0020473663,0.0663850487,129,7,99,16384
open_n20_g0p100,20,0.100000,0.500000,true,2,256,1.000e-12,0.05000,30.000000,8,0.0020271141,0.0679099990,144,8,110,65536
open_n20_g0p100,20,0.100000,0.500000,true,2,256,1.000e-12,0.05000,30.000000,9,0.0020180631,0.0683911822,152,8,116,262144
open_n20_g0p100,20,0.100000,0.500000,true,2,256,1.000e-12,0.05000,30.000000,10,0.0020135059,0.0684386102,155,8,118,1048576
open_n20_g0p100,20,0.100000,0.500000,true,2,256,1.000e-12,0.05000,30.000000,11,0.0020120341,0.0676192611,148,8,113,262144
open_n20_g0p100,20,0.100000,0.500000,true,2,256,1.000e-12,0.05000,30.000000,12,0.0020048528,0.0666567424,138,7,105,65536
open_n20_g0p100,20,0.100000,0.500000,true,2,256,1.000e-12,0.05000,30.000000,13,0.0019913207,0.0655302928,123,7,94,16384
open_n20_g0p100,20,0.100000,0.500000,true,2,256,1.000e-12,0.05000,30.000000,14,0.0019982818,0.0644009152,104,7,80,4096
open_n20_g0p100,20,0.100000,0.500000,true,2,256,1.000e-12,0.05000,30.000000,15,0.0019543376,0.0620136752,84,6,64,1024
open_n20_g0p100,20,0.100000,0.500000,true,2,256,1.000e-12,0.05000,30.000000,16,0.0018976364,0.0587380799,62,5,45,256
open_n20_g0p100,20,0.100000,0.500000,true,2,256,1.000e-12,0.05000,30.000000,17,0.0018405198,0.0557303457,37,5,28,64
open_n20_g0p100,20,0.100000,0.500000,true,2,256,1.000e-12,0.05000,30.000000,18,0.0019207324,0.0534525057,15,5,13,16
open_n20_g0p100,20,0.100000,0.500000,true,2,256,1.000e-12,0.05000,30.000000,19,0.0015119739,0.0404420643,4,3,4,4
closed_n24,24,0.000000,0.500000,false,2,256,1.000e-12,0.05000,0.000000,1,0.0000000000,0.0000000000,1,1,1,4
closed_n24,24,0.000000,0.500000,false,2,256,1.000e-12,0.05000,0.000000,2,0.0000000000,0.0000000000,1,1,1,16
closed_n24,24,0.000000,0.500000,false,2,256,1.000e-12,0.05000,0.000000,3,0.0000000000,0.0000000000,1,1,1,64
closed_n24,24,0.000000,0.500000,false,2,256,1.000e-12,0.05000,0.000000,4,0.0000000000,0.0000000000,1,1,1,256
closed_n24,24,0.000000,0.500000,false,2,256,1.000e-12,0.05000,0.000000,5,0.0000000000,0.0000000000,1,1,1,1024
closed_n24,24,0.000000,0.500000,false,2,256,1.000e-12,0.05000,0.000000,6,0.0000000000,0.0000000000,1,1,1,4096
closed_n24,24,0.000000,0.500000,false,2,256,1.000e-12,0.05000,0.000000,7,0.0000000000,0.0000000000,1,1,1,16384
closed_n24,24,0.000000,0.500000,false,2,256,1.000e-12,0.05000,0.000000,8,0.0000000000,0.0000000000,1,1,1,65536
closed_n24,24,0.000000,0.500000,false,2,256,1.000e-12,0.05000,0.000000,9,0.0000000000,0.0000000000,1,1,1,262144
closed_n24,24,0.000000,0.500000,false,2,256,1.000e-12,0.05000,0.000000,10,0.0000000000,0.0000000000,1,1,1,1048576
closed_n24,24,0.000000,0.500000,false,2,256,1.000e-12,0.05000,0.000000,11,0.0000000000,0.0000000000,1,1,1,4194304
closed_n24,24,0.000000,0.500000,false,2,256,1.000e-12,0.05000,0.000000,12,0.0000000000,0.0000000000,1,1,1,16777216
closed_n24,24,0.000000,0.500000,false,2,256,1.000e-12,0.05000,0.000000,13,0.0000000000,0.0000000000,1,1,1,4194304
closed_n24,24,0.000000,0.500000,false,2,256,1.000e-12,0.05000,0.000000,14,0.0000000000,0.0000000000,1,1,1,1048576
closed_n24,24,0.000000,0.500000,false,2,256,1.000e-12,0.05000,0.000000,15,0.0000000000,0.0000000000,1,1,1,262144
closed_n24,24,0.000000,0.500000,false,2,256,1.000e-12,0.05000,0.000000,16,0.0000000000,0.0000000000,1,1,1,65536
closed_n24,24,0.000000,0.500000,false,2,256,1.000e-12,0.05000,0.000000,17,0.0000000000,0.0000000000,1,1,1,16384
closed_n24,24,0.000000,0.500000,false,2,256,1.000e-12,0.05000,0.000000,18,0.0000000000,0.0000000000,1,1,1,4096
closed_n24,24,0.000000,0.500000,false,2,256,1.000e-12,0.05000,0.000000,19,0.0000000000,0.0000000000,1,1,1,1024
closed_n24,24,0.000000,0.500000,false,2,256,1.000e-12,0.05000,0.000000,20,0.0000000000,0.0000000000,1,1,1,256
closed_n24,24,0.000000,0.500000,false,2,256,1.000e-12,0.05000,0.000000,21,0.0000000000,0.0000000000,1,1,1,64
closed_n24,24,0.000000,0.500000,false,2,256,1.000e-12,0.05000,0.000000,22,0.0000000000,0.0000000000,1,1,1,16
closed_n24,24,0.000000,0.500000,false,2,256,1.000e-12,0.05000,0.000000,23,0.0000000000,0.0000000000,1,1,1,4
closed_n24,24,0.000000,0.500000,false,2,256,1.000e-12,0.05000,1.200000,1,1.6347890864,1.8068129582,4,4,4,4
closed_n24,24,0.000000,0.500000,false,2,256,1.000e-12,0.05000,1.200000,2,1.7357211839,2.4716168514,16,16,16,16
closed_n24,24,0.000000,0.500000,false,2,256,1.000e-12,0.05000,1.200000,3,1.7234360688,2.5527721902,64,39,60,64
closed_n24,24,0.000000,0.500000,false,2,256,1.000e-12,0.05000,1.200000,4,1.7231549473,2.5522983979,225,43,108,256
closed_n24,24,0.000000,0.500000,false,2,256,1.000e-12,0.05000,1.200000,5,1.7219872768,2.5522696318,256,43,117,1024
closed_n24,24,0.000000,0.500000,false,2,256,1.000e-12,0.05000,1.200000,6,1.7229683619,2.5522186225,324,43,118,4096
closed_n24,24,0.000000,0.500000,false,2,256,1.000e-12,0.05000,1.200000,7,1.7219827598,2.5522382293,256,43,117,16384
closed_n24,24,0.000000,0.500000,false,2,256,1.000e-12,0.05000,1.200000,8,1.7229681048,2.5522184247,324,43,118,65536
closed_n24,24,0.000000,0.500000,false,2,256,1.000e-12,0.05000,1.200000,9,1.7219827559,2.5522382082,256,43,117,262144
closed_n24,24,0.000000,0.500000,false,2,256,1.000e-12,0.05000,1.200000,10,1.7229681047,2.5522184245,324,43,118,1048576
closed_n24,24,0.000000,0.500000,false,2,256,1.000e-12,0.05000,1.200000,11,1.7219827559,2.5522382082,256,43,117,4194304
closed_n24,24,0.000000,0.500000,false,2,256,1.000e-12,0.05000,1.200000,12,1.7229681047,2.5522184245,324,43,118,16777216
closed_n24,24,0.000000,0.500000,false,2,256,1.000e-12,0.05000,1.200000,13,1.7219827559,2.5522382082,256,43,117,4194304
closed_n24,24,0.000000,0.500000,false,2,256,1.000e-12,0.05000,1.200000,14,1.7229681047,2.5522184245,324,43,118,1048576
closed_n24,24,0.000000,0.500000,false,2,256,1.000e-12,0.05000,1.200000,15,1.7219827559,2.5522382082,256,43,117,262144
closed_n24,24,0.000000,0.500000,false,2,256,1.000e-12,0.05000,1.200000,16,1.7229681048,2.5522184247,324,43,118,65536
closed_n24,24,0.000000,0.500000,false,2,256,1.000e-12,0.05000,1.200000,17,1.7219827598,2.5522382293,256,43,117,16384
closed_n24,24,0.000000,0.500000,false,2,256,1.000e-12,0.05000,1.200000,18,1.7229683619,2.5522186225,324,43,118,4096
closed_n24,24,0.000000,0.500000,false,2,256,1.000e-12,0.05000,1.200000,19,1.7219872768,2.5522696318,256,43,117,1024
closed_n24,24,0.000000,0.500000,false,2,256,1.000e-12,0.05000,1.200000,20,1.7231549473,2.5522983979,225,43,108,256
closed_n24,24,0.000000,0.500000,false,2,256,1.000e-12,0.05000,1.200000,21,1.7234360688,2.5527721902,64,39,60,64
closed_n24,24,0.000000,0.500000,false,2,256,1.000e-12,0.05000,1.200000,22,1.7357211839,2.4716168514,16,16,16,16
closed_n24,24,0.000000,0.500000,false,2,256,1.000e-12,0.05000,1.200000,23,1.6347890864,1.8068129582,4,4,4,4
closed_n24,24,0.000000,0.500000,false,2,256,1.000e-12,0.05000,2.400000,1,1.9495977930,1.9746132180,4,4,4,4
closed_n24,24,0.000000,0.500000,false,2,256,1.000e-12,0.05000,2.400000,2,2.5374866106,3.1619653173,16,16,16,16
closed_n24,24,0.000000,0.500000,false,2,256,1.000e-12,0.05000,2.400000,3,3.4348953158,4.3035771737,64,62,64,64
closed_n24,24,0.000000,0.500000,false,2,256,1.000e-12,0.05000,2.400000,4,3.3900712084,4.6080632387,256,173,241,256
closed_n24,24,0.000000,0.500000,false,2,256,1.000e-12,0.05000,2.400000,5,3.4246962332,4.6501270520,900,266,601,1024
closed_n24,24,0.000000,0.500000,false,2,256,1.000e-12,0.05000,2.400000,6,3.4117322451,4.6479238938,2025,279,848,4096
closed_n24,24,0.000000,0.500000,false,2,256,1.000e-12,0.05000,2.400000,7,3.4109025596,4.6467927436,2304,278,865,16384
closed_n24,24,0.000000,0.500000,false,2,256,1.000e-12,0.05000,2.400000,8,3.4116656972,4.6468846502,2500,278,885,65536
closed_n24,24,0.000000,0.500000,false,2,256,1.000e-12,0.05000,2.400000,9,3.4106824529,4.6466088615,2209,278,863,262144
closed_n24,24,0.000000,0.500000,false,2,256,1.000e-12,0.05000,2.400000,10,3.4116639384,4.6468700681,2500,278,885,1048576
closed_n24,24,0.000000,0.500000,false,2,256,1.000e-12,0.05000,2.400000,11,3.4106813164,4.6466075820,2209,278,863,4194304
closed_n24,24,0.000000,0.500000,false,2,256,1.000e-12,0.05000,2.400000,12,3.4116639305,4.6468700101,2500,278,885,16777216
closed_n24,24,0.000000,0.500000,false,2,256,1.000e-12,0.05000,2.400000,13,3.4106813164,4.6466075820,2209,278,863,4194304
closed_n24,24,0.000000,0.500000,false,2,256,1.000e-12,0.05000,2.400000,14,3.4116639384,4.6468700681,2500,278,885,1048576
closed_n24,24,0.000000,0.500000,false,2,256,1.000e-12,0.05000,2.400000,15,3.4106824529,4.6466088614,2209,278,863,262144
closed_n24,24,0.000000,0.500000,false,2,256,1.000e-12,0.05000,2.400000,16,3.4116656972,4.6468846501,2500,278,885,65536
closed_n24,24,0.000000,0.500000,false,2,256,1.000e-12,0.05000,2.400000,17,3.4109025596,4.6467927435,2304,278,865,16384
closed_n24,24,0.000000,0.500000,false,2,256,1.000e-12,0.05000,2.400000,18,3.4117322451,4.6479238937,2025,279,848,4096
closed_n24,24,0.000000,0.500000,false,2,256,1.000e-12,0.05000,2.400000,19,3.4246962332,4.6501270520,900,266,601,1024
closed_n24,24,0.000000,0.500000,false,2,256,1.000e-12,0.05000,2.400000,20,3.3900712083,4.6080632387,256,173,241,256
closed_n24,24,0.000000,0.500000,false,2,256,1.000e-12,0.05000,2.400000,21,3.4348953158,4.3035771737,64,62,64,64
closed_n24,24,0.000000,0.500000,false,2,256,1.000e-12,0.05000,2.400000,22,2.5374866106,3.1619653173,16,16,16,16
closed_n24,24,0.000000,0.500000,false,2,256,1.000e-12,0.05000,2.400000,23,1.9495977930,1.9746132180,4,4,4,4
closed_n24,24,0.000000,0.500000,false,2,256,1.000e-12,0.05000,3.600000,1,1.8333603974,1.9145906671,4,4,4,4
closed_n24,24,0.000000,0.500000,false,2,256,1.000e-12,0.05000,3.600000,2,2.5823692075,3.1781098926,16,16,16,16
closed_n24,24,0.000000,0.500000,false,2,256,1.000e-12,0.05000,3.600000,3,3.7743536891,4.5182329127,64,63,64,64
closed_n24,24,0.000000,0.500000,false,2,256,1.000e-12,0.05000,3.600000,4,4.2191827841,5.5404033542,256,222,255,256
closed_n24,24,0.000000,0.500000,false,2,256,1.000e-12,0.05000,3.600000,5,4.9031389636,6.3211652575,1024,648,934,1024
closed_n24,24,0.000000,0.500000,false,2,256,1.000e-12,0.05000,3.600000,6,4.8994362611,6.5128822705,3600,1225,2608,4096
closed_n24,24,0.000000,0.500000,false,2,256,1.000e-12,0.05000,3.600000,7,4.9448757988,6.5561258045,8649,1483,4438,16384
closed_n24,24,0.000000,0.500000,false,2,256,1.000e-12,0.05000,3.600000,8,4.9220676413,6.5498746169,15876,1508,5300,65536
closed_n24,24,0.000000,0.500000,false,2,256,1.000e-12,0.05000,3.600000,9,4.9218877288,6.5481004337,14884,1508,5240,262144
closed_n24,24,0.000000,0.500000,false,2,256,1.000e-12,0.05000,3.600000,10,4.9216630628,6.5478158869,17161,1507,5393,1048576
closed_n24,24,0.000000,0.500000,false,2,256,1.000e-12,0.05000,3.600000,11,4.9208700541,6.5473868943,14884,1507,5231,4194304
closed_n24,24,0.000000,0.500000,false,2,256,1.000e-12,0.05000,3.600000,12,4.9216556966,6.5477408538,17161,1507,5395,16777216
closed_n24,24,0.000000,0.500000,false,2,256,1.000e-12,0.05000,3.600000,13,4.9208700541,6.5473868942,14884,1507,5231,4194304
closed_n24,24,0.000000,0.500000,false,2,256,1.000e-12,0.05000,3.600000,14,4.9216630628,6.5478158867,17161,1507,5393,1048576
closed_n24,24,0.000000,0.500000,false,2,256,1.000e-12,0.05000,3.600000,15,4.9218877288,6.5481004335,14884,1508,5240,262144
closed_n24,24,0.000000,0.500000,false,2,256,1.000e-12,0.05000,3.600000,16,4.9220676413,6.5498746166,15876,1508,5300,65536
closed_n24,24,0.000000,0.500000,false,2,256,1.000e-12,0.05000,3.600000,17,4.9448757988,6.5561258042,8649,1483,4438,16384
closed_n24,24,0.000000,0.500000,false,2,256,1.000e-12,0.05000,3.600000,18,4.8994362611,6.5128822703,3600,1225,2608,4096
closed_n24,24,0.000000,0.500000,false,2,256,1.000e-12,0.05000,3.600000,19,4.9031389636,6.3211652575,1024,648,934,1024
closed_n24,24,0.000000,0.500000,false,2,256,1.000e-12,0.05000,3.600000,20,4.2191827841,5.5404033542,256,222,255,256
closed_n24,24,0.000000,0.500000,false,2,256,1.000e-12,0.05000,3.600000,21,3.7743536891,4.5182329127,64,63,64,64
closed_n24,24,0.000000,0.500000,false,2,256,1.000e-12,0.05000,3.600000,22,2.5823692075,3.1781098926,16,16,16,16
closed_n24,24,0.000000,0.500000,false,2,256,1.000e-12,0.05000,3.600000,23,1.8333603974,1.9145906671,4,4,4,4
closed_n24,24,0.000000,0.500000,false,2,256,1.000e-12,0.05000,4.800000,1,1.8767226607,1.9372302801,4,4,4,4
closed_n24,24,0.000000,0.500000,false,2,256,1.000e-12,0.05000,4.800000,2,2.6112199786,3.1975624852,16,16,16,16
closed_n24,24,0.000000,0.500000,false,2,256,1.000e-12,0.05000,4.800000,3,3.7810292016,4.5473779991,64,63,64,64
closed_n24,24,0.000000,0.500000,false,2,256,1.000e-12,0.05000,4.800000,4,4.3856528613,5.6431094956,256,224,255,256
closed_n24,24,0.000000,0.500000,false,2,256,1.000e-12,0.05000,4.800000,5,5.3191638189,6.7103506015,1024,738,975,1024
closed_n24,24,0.000000,0.500000,false,2,256,1.000e-12,0.05000,4.800000,6,5.6965664975,7.5578264925,3844,2159,3419,4096
closed_n24,24,0.000000,0.500000,false,2,256,1.000e-12,0.05000,4.800000,7,6.2705194238,8.1099301810,13225,4583,9803,16384
closed_n24,24,0.000000,0.500000,false,2,256,1.000e-12,0.05000,4.800000,8,6.2897566825,8.2745714170,38809,6530,19772,65536
closed_n24,24,0.000000,0.500000,false,2,256,1.000e-12,0.05000,4.800000,9,6.3486893968,8.3193170912,65536,7147,26078,262144
closed_n24,24,0.000000,0.500000,false,2,256,1.000e-12,0.05000,4.800000,10,6.3201395094,8.3130285769,65536,7251,27430,1048576
closed_n24,24,0.000000,0.500000,false,2,256,1.000e-12,0.05000,4.800000,11,6.3198610517,8.3107734620,65536,7261,27373,4194304
closed_n24,24,0.000000,0.500000,false,2,256,1.000e-12,0.05000,4.800000,12,6.3182248741,8.3098336939,65536,7256,27537,16777216
closed_n24,24,0.000000,0.500000,false,2,256,1.000e-12,0.05000,4.800000,13,6.3198610517,8.3107734615,65536,7261,27373,4194304
closed_n24,24,0.000000,0.500000,false,2,256,1.000e-12,0.05000,4.800000,14,6.3201395094,8.3130285763,65536,7251,27430,1048576
closed_n24,24,0.000000,0.500000,false,2,256,1.000e-12,0.05000,4.800000,15,6.3486893968,8.3193170905,65536,7147,26078,262144
closed_n24,24,0.000000,0.500000,false,2,256,1.000e-12,0.05000,4.800000,16,6.2897566825,8.2745714164,38809,6530,19772,65536
closed_n24,24,0.000000,0.500000,false,2,256,1.000e-12,0.05000,4.800000,17,6.2705194238,8.1099301807,13225,4583,9803,16384
closed_n24,24,0.000000,0.500000,false,2,256,1.000e-12,0.05000,4.800000,18,5.6965664975,7.5578264924,3844,2159,3419,4096
closed_n24,24,0.000000,0.500000,false,2,256,1.000e-12,0.05000,4.800000,19,5.3191638188,6.7103506015,1024,738,975,1024
closed_n24,24,0.000000,0.500000,false,2,256,1.000e-12,0.05000,4.800000,20,4.3856528613,5.6431094956,256,224,255,256
closed_n24,24,0.000000,0.500000,false,2,256,1.000e-12,0.05000,4.800000,21,3.7810292016,4.5473779991,64,63,64,64
closed_n24,24,0.000000,0.500000,false,2,256,1.000e-12,0.05000,4.800000,22,2.6112199786,3.1975624852,16,16,16,16
closed_n24,24,0.000000,0.500000,false,2,256,1.000e-12,0.05000,4.800000,23,1.8767226607,1.9372302801,4,4,4,4
closed_n24,24,0.000000,0.500000,false,2,256,1.000e-12,0.05000,6.000000,1,1.8790437284,1.9384336391,4,4,4,4
closed_n24,24,0.000000,0.500000,false,2,256,1.000e-12,0.05000,6.000000,2,2.6118332475,3.1904208948,16,16,16,16
closed_n24,24,0.000000,0.500000,false,2,256,1.000e-12,0.05000,6.000000,3,3.8084837015,4.5572990687,64,63,64,64
closed_n24,24,0.000000,0.500000,false,2,256,1.000e-12,0.05000,6.000000,4,4.4515529354,5.6950846669,256,226,255,256
closed_n24,24,0.000000,0.500000,false,2,256,1.000e-12,0.05000,6.000000,5,5.4450419036,6.8593663197,1024,758,976,1024
closed_n24,24,0.000000,0.500000,false,2,256,1.000e-12,0.05000,6.000000,6,6.0270757327,7.8298412062,3969,2377,3551,4096
closed_n24,24,0.000000,0.500000,false,2,256,1.000e-12,0.05000,6.000000,7,6.7903383373,8.7069938014,14161,6509,11951,16384
closed_n24,24,0.000000,0.500000,false,2,256,1.000e-12,0.05000,6.000000,8,7.0977771451,9.3706514296,50625,14731,34824,65536
closed_n24,24,0.000000,0.500000,false,2,256,1.000e-12,0.05000,6.000000,9,7.5797578119,9.7752665406,65536,23196,54957,262144
closed_n24,24,0.000000,0.500000,false,2,256,1.000e-12,0.05000,6.000000,10,7.6103399469,9.9221085711,65536,26019,58241,1048576
closed_n24,24,0.000000,0.500000,false,2,256,1.000e-12,0.05000,6.000000,11,7.6932925034,9.9700429833,65536,26756,58599,4194304
closed_n24,24,0.000000,0.500000,false,2,256,1.000e-12,0.05000,6.000000,12,7.6589229582,9.9707170580,65536,27127,59206,16777216
closed_n24,24,0.000000,0.500000,false,2,256,1.000e-12,0.05000,6.000000,13,7.6932924959,9.9700421328,65536,26756,58598,4194304
closed_n24,24,0.000000,0.500000,false,2,256,1.000e-12,0.05000,6.000000,14,7.6103399442,9.9221085765,65536,26019,58241,1048576
closed_n24,24,0.000000,0.500000,false,2,256,1.000e-12,0.05000,6.000000,15,7.5797578054,9.7752663577,65536,23196,54957,262144
closed_n24,24,0.000000,0.500000,false,2,256,1.000e-12,0.05000,6.000000,16,7.0977771408,9.3706513715,50625,14731,34824,65536
closed_n24,24,0.000000,0.500000,false,2,256,1.000e-12,0.05000,6.000000,17,6.7903383345,8.7069938026,14161,6509,11951,16384
closed_n24,24,0.000000,0.500000,false,2,256,1.000e-12,0.05000,6.000000,18,6.0270757306,7.8298412087,3969,2377,3551,4096
closed_n24,24,0.000000,0.500000,false,2,256,1.000e-12,0.05000,6.000000,19,5.4450419017,6.8593663225,1024,758,976,1024
closed_n24,24,0.000000,0.500000,false,2,256,1.000e-12,0.05000,6.000000,20,4.4515529341,5.6950846670,256,226,255,256
closed_n24,24,0.000000,0.500000,false,2,256,1.000e-12,0.05000,6.000000,21,3.8084837008,4.5572990686,64,63,64,64
closed_n24,24,0.000000,0.500000,false,2,256,1.000e-12,0.05000,6.000000,22,2.6118332475,3.1904208950,16,16,16,16
closed_n24,24,0.000000,0.500000,false,2,256,1.000e-12,0.05000,6.000000,23,1.8790437285,1.9384336392,4,4,4,4
closed_n24,24,0.000000,0.500000,false,2,256,1.000e-12,0.05000,7.200000,1,1.8378609013,1.9169545348,4,4,4,4
closed_n24,24,0.000000,0.500000,false,2,256,1.000e-12,0.05000,7.200000,2,2.6184023818,3.1880855822,16,16,16,16
closed_n24,24,0.000000,0.500000,false,2,256,1.000e-12,0.05000,7.200000,3,3.8425682670,4.5791904497,64,63,64,64
closed_n24,24,0.000000,0.500000,false,2,256,1.000e-12,0.05000,7.200000,4,4.4862310247,5.7168228539,256,225,255,256
closed_n24,24,0.000000,0.500000,false,2,256,1.000e-12,0.05000,7.200000,5,5.4948183318,6.8989665374,1024,763,980,1024
closed_n24,24,0.000000,0.500000,false,2,256,1.000e-12,0.05000,7.200000,6,6.1514037345,7.9670794425,3969,2468,3583,4096
closed_n24,24,0.000000,0.500000,false,2,256,1.000e-12,0.05000,7.200000,7,7.0407875008,9.0053046475,14400,7309,12471,16384
closed_n24,24,0.000000,0.500000,false,2,256,1.000e-12,0.05000,7.200000,8,7.6116422098,9.8573208540,52900,19075,40354,65536
closed_n24,24,0.000000,0.500000,false,2,256,1.000e-12,0.05000,7.200000,9,8.2260289130,10.5477484028,65536,36490,62767,262144
closed_n24,24,0.000000,0.500000,false,2,256,1.000e-12,0.05000,7.200000,10,8.4889142140,10.9985561427,65536,46239,65007,1048576
closed_n24,24,0.000000,0.500000,false,2,256,1.000e-12,0.05000,7.200000,11,8.9043147879,11.2667328555,65536,48671,65069,4194304
closed_n24,24,0.000000,0.500000,false,2,256,1.000e-12,0.05000,7.200000,12,8.8843553306,11.3580618851,65536,50386,65214,16777216
closed_n24,24,0.000000,0.500000,false,2,256,1.000e-12,0.05000,7.200000,13,8.9043293231,11.2667565417,65536,48665,65068,4194304
closed_n24,24,0.000000,0.500000,false,2,256,1.000e-12,0.05000,7.200000,14,8.4888965081,10.9983942146,65536,46227,65004,1048576
closed_n24,24,0.000000,0.500000,false,2,256,1.000e-12,0.05000,7.200000,15,8.2260291281,10.5477918770,65536,36497,62770,262144
closed_n24,24,0.000000,0.500000,false,2,256,1.000e-12,0.05000,7.200000,16,7.6116425171,9.8573227374,52900,19075,40357,65536
closed_n24,24,0.000000,0.500000,false,2,256,1.000e-12,0.05000,7.200000,17,7.0407871254,9.0053041532,14400,7309,12471,16384
closed_n24,24,0.000000,0.500000,false,2,256,1.000e-12,0.05000,7.200000,18,6.1514035086,7.9670790431,3969,2468,3583,4096
closed_n24,24,0.000000,0.500000,false,2,256,1.000e-12,0.05000,7.200000,19,5.4948182021,6.8989662542,1024,763,980,1024
closed_n24,24,0.000000,0.500000,false,2,256,1.000e-12,0.05000,7.200000,20,4.4862309486,5.7168225258,256,225,255,256
closed_n24,24,0.000000,0.500000,false,2,256,1.000e-12,0.05000,7.200000,21,3.8425682327,4.5791903412,64,63,64,64
closed_n24,24,0.000000,0.500000,false,2,256,1.000e-12,0.05000,7.200000,22,2.6184023669,3.1880855587,16,16,16,16
closed_n24,24,0.000000,0.500000,false,2,256,1.000e-12,0.05000,7.200000,23,1.8378608953,1.9169545316,4,4,4,4
closed_n24,24,0.000000,0.500000,false,2,256,1.000e-12,0.05000,8.400000,1,1.8636340906,1.9304284985,4,4,4,4
closed_n24,24,0.000000,0.500000,false,2,256,1.000e-12,0.05000,8.400000,2,2.6280242308,3.1927625672,16,16,16,16
closed_n24,24,0.000000,0.500000,false,2,256,1.000e-12,0.05000,8.400000,3,3.7952609818,4.5614402357,64,63,64,64
closed_n24,24,0.000000,0.500000,false,2,256,1.000e-12,0.05000,8.400000,4,4.5117937797,5.7322058004,256,226,255,256
closed_n24,24,0.000000,0.500000,false,2,256,1.000e-12,0.05000,8.400000,5,5.5566948606,6.9439033513,1024,768,979,1024
closed_n24,24,0.000000,0.500000,false,2,256,1.000e-12,0.05000,8.400000,6,6.2195386284,8.0264922034,3969,2512,3597,4096
closed_n24,24,0.000000,0.500000,false,2,256,1.000e-12,0.05000,8.400000,7,7.1345093830,9.1081256064,14400,7639,12670,16384
closed_n24,24,0.000000,0.500000,false,2,256,1.000e-12,0.05000,8.400000,8,7.8159709602,10.1201062185,53361,21153,41950,65536
closed_n24,24,0.000000,0.500000,false,2,256,1.000e-12,0.05000,8.400000,9,8.6517125640,11.0087919806,65536,42835,64451,262144
closed_n24,24,0.000000,0.500000,false,2,256,1.000e-12,0.05000,8.400000,10,9.1712905771,11.5991472878,65536,53767,65434,1048576
closed_n24,24,0.000000,0.500000,false,2,256,1.000e-12,0.05000,8.400000,11,9.5815237440,11.9155943353,65536,58215,65513,4194304
closed_n24,24,0.000000,0.500000,false,2,256,1.000e-12,0.05000,8.400000,12,9.5978930807,12.0271149734,65536,58897,65512,16777216
closed_n24,24,0.000000,0.500000,false,2,256,1.000e-12,0.05000,8.400000,13,9.5816694514,11.9162018360,65536,58252,65514,4194304
closed_n24,24,0.000000,0.500000,false,2,256,1.000e-12,0.05000,8.400000,14,9.1713016466,11.5992053161,65536,53776,65433,1048576
closed_n24,24,0.000000,0.500000,false,2,256,1.000e-12,0.05000,8.400000,15,8.6516977198,11.0088258728,65536,42848,64461,262144
closed_n24,24,0.000000,0.500000,false,2,256,1.000e-12,0.05000,8.400000,16,7.8159696538,10.1201243466,53361,21152,41953,65536
closed_n24,24,0.000000,0.500000,false,2,256,1.000e-12,0.05000,8.400000,17,7.1345141058,9.1081403850,14400,7639,12670,16384
closed_n24,24,0.000000,0.500000,false,2,256,1.000e-12,0.05000,8.400000,18,6.2195386132,8.0264921605,3969,2512,3597,4096
closed_n24,24,0.000000,0.500000,false,2,256,1.000e-12,0.05000,8.400000,19,5.5566937253,6.9439017940,1024,768,979,1024
closed_n24,24,0.000000,0.500000,false,2,256,1.000e-12,0.05000,8.400000,20,4.5117932824,5.7322046040,256,226,255,256
closed_n24,24,0.000000,0.500000,false,2,256,1.000e-12,0.05000,8.400000,21,3.7952603037,4.5614392507,64,63,64,64
closed_n24,24,0.000000,0.500000,false,2,256,1.000e-12,0.05000,8.400000,22,2.6280237294,3.1927621271,16,16,16,16
closed_n24,24,0.000000,0.500000,false,2,256,1.000e-12,0.05000,8.400000,23,1.8636339446,1.9304284224,4,4,4,4
closed_n24,24,0.000000,0.500000,false,2,256,1.000e-12,0.05000,9.600000,1,1.8259810248,1.9107075082,4,4,4,4
closed_n24,24,0.000000,0.500000,false,2,256,1.000e-12,0.05000,9.600000,2,2.6148185981,3.1829132635,16,16,16,16
closed_n24,24,0.000000,0.500000,false,2,256,1.000e-12,0.05000,9.600000,3,3.8217505984,4.5733889704,64,63,64,64
closed_n24,24,0.000000,0.500000,false,2,256,1.000e-12,0.05000,9.600000,4,4.5315670778,5.7435163896,256,226,255,256
closed_n24,24,0.000000,0.500000,false,2,256,1.000e-12,0.05000,9.600000,5,5.5467520800,6.9591713377,1024,773,983,1024
closed_n24,24,0.000000,0.500000,false,2,256,1.000e-12,0.05000,9.600000,6,6.3032679550,8.0903738000,3969,2558,3627,4096
closed_n24,24,0.000000,0.500000,false,2,256,1.000e-12,0.05000,9.600000,7,7.2807001850,9.2129566429,14400,7847,12776,16384
closed_n24,24,0.000000,0.500000,false,2,256,1.000e-12,0.05000,9.600000,8,7.9666978718,10.2418281089,53824,22203,43261,65536
closed_n24,24,0.000000,0.500000,false,2,256,1.000e-12,0.05000,9.600000,9,8.7860567727,11.1566485672,65536,45969,64916,262144
closed_n24,24,0.000000,0.500000,false,2,256,1.000e-12,0.05000,9.600000,10,9.3409743425,11.8675497660,65536,57930,65514,1048576
closed_n24,24,0.000000,0.500000,false,2,256,1.000e-12,0.05000,9.600000,11,9.8680008890,12.2803229856,65536,61318,65531,4194304
closed_n24,24,0.000000,0.500000,false,2,256,1.000e-12,0.05000,9.600000,12,10.0334086049,12.4624250333,65536,62256,65533,16777216
closed_n24,24,0.000000,0.500000,false,2,256,1.000e-12,0.05000,9.600000,13,9.8680816307,12.2806991903,65536,61340,65531,4194304
closed_n24,24,0.000000,0.500000,false,2,256,1.000e-12,0.05000,9.600000,14,9.3410764848,11.8675266132,65536,57911,65513,1048576
closed_n24,24,0.000000,0.500000,false,2,256,1.000e-12,0.05000,9.600000,15,8.7860920323,11.1567838023,65536,45998,64935,262144
closed_n24,24,0.000000,0.500000,false,2,256,1.000e-12,0.05000,9.600000,16,7.9667037765,10.2418785157,53824,22203,43244,65536
closed_n24,24,0.000000,0.500000,false,2,256,1.000e-12,0.05000,9.600000,17,7.2807017681,9.2129777958,14400,7848,12778,16384
closed_n24,24,0.000000,0.500000,false,2,256,1.000e-12,0.05000,9.600000,18,6.3032712414,8.0903829659,3969,2558,3627,4096
closed_n24,24,0.000000,0.500000,false,2,256,1.000e-12,0.05000,9.600000,19,5.5467571418,6.9591767361,1024,773,983,1024
closed_n24,24,0.000000,0.500000,false,2,256,1.000e-12,0.05000,9.600000,20,4.5315681575,5.7435190231,256,226,255,256
closed_n24,24,0.000000,0.500000,false,2,256,1.000e-12,0.05000,9.600000,21,3.8217508520,4.5733894328,64,63,64,64
closed_n24,24,0.000000,0.500000,false,2,256,1.000e-12,0.05000,9.600000,22,2.6148186694,3.1829136181,16,16,16,16
closed_n24,24,0.000000,0.500000,false,2,256,1.000e-12,0.05000,9.600000,23,1.8259809738,1.9107074813,4,4,4,4
closed_n24,24,0.000000,0.500000,false,2,256,1.000e-12,0.05000,10.800000,1,1.8230219391,1.9091478688,4,4,4,4
closed_n24,24,0.000000,0.500000,false,2,256,1.000e-12,0.05000,10.800000,2,2.6377122409,3.1960892675,16,16,16,16
closed_n24,24,0.000000,0.500000,false,2,256,1.000e-12,0.05000,10.800000,3,3.8091365724,4.5728741038,64,63,64,64
closed_n24,24,0.000000,0.500000,false,2,256,1.000e-12,0.05000,10.800000,4,4.5736524711,5.7702824508,256,228,255,256
closed_n24,24,0.000000,0.500000,false,2,256,1.000e-12,0.05000,10.800000,5,5.6289552885,7.0085911619,1024,776,982,1024
closed_n24,24,0.000000,0.500000,false,2,256,1.000e-12,0.05000,10.800000,6,6.4079365907,8.1487688766,3969,2557,3631,4096
closed_n24,24,0.000000,0.500000,false,2,256,1.000e-12,0.05000,10.800000,7,7.3096201948,9.2559153525,14400,7942,12891,16384
closed_n24,24,0.000000,0.500000,false,2,256,1.000e-12,0.05000,10.800000,8,8.0394408701,10.2914582276,55225,22799,44744,65536
closed_n24,24,0.000000,0.500000,false,2,256,1.000e-12,0.05000,10.800000,9,8.7427146258,11.1748434596,65536,46892,65140,262144
closed_n24,24,0.000000,0.500000,false,2,256,1.000e-12,0.05000,10.800000,10,9.2290467460,11.8341704411,65536,58631,65522,1048576
closed_n24,24,0.000000,0.500000,false,2,256,1.000e-12,0.05000,10.800000,11,9.5817400108,12.2404993214,65536,62471,65534,4194304
closed_n24,24,0.000000,0.500000,false,2,256,1.000e-12,0.05000,10.800000,12,9.6763056853,12.3804438966,65536,63086,65534,16777216
closed_n24,24,0.000000,0.500000,false,2,256,1.000e-12,0.05000,10.800000,13,9.5818637129,12.2407747234,65536,62493,65534,4194304
closed_n24,24,0.000000,0.500000,false,2,256,1.000e-12,0.05000,10.800000,14,9.2291526955,11.8342828593,65536,58632,65522,1048576
closed_n24,24,0.000000,0.500000,false,2,256,1.000e-12,0.05000,10.800000,15,8.7427402492,11.1748079808,65536,46894,65142,262144
closed_n24,24,0.000000,0.500000,false,2,256,1.000e-12,0.05000,10.800000,16,8.0394604117,10.2913430401,55225,22798,44737,65536
closed_n24,24,0.000000,0.500000,false,2,256,1.000e-12,0.05000,10.800000,17,7.3096260262,9.2559047952,14400,7942,12893,16384
closed_n24,24,0.000000,0.500000,false,2,256,1.000e-12,0.05000,10.800000,18,6.4079537082,8.1487484524,3969,2557,3631,4096
closed_n24,24,0.000000,0.500000,false,2,256,1.000e-12,0.05000,10.800000,19,5.6289408409,7.0085788309,1024,776,982,1024
closed_n24,24,0.000000,0.500000,false,2,256,1.000e-12,0.05000,10.800000,20,4.5736589037,5.7702877726,256,228,255,256
closed_n24,24,0.000000,0.500000,false,2,256,1.000e-12,0.05000,10.800000,21,3.8091376157,4.5728766508,64,63,64,64
closed_n24,24,0.000000,0.500000,false,2,256,1.000e-12,0.05000,10.800000,22,2.6377114346,3.1960894143,16,16,16,16
closed_n24,24,0.000000,0.500000,false,2,256,1.000e-12,0.05000,10.800000,23,1.8230224030,1.9091481134,4,4,4,4
closed_n24,24,0.000000,0.500000,false,2,256,1.000e-12,0.05000,12.000000,1,1.8184919507,1.9067574566,4,4,4,4
closed_n24,24,0.000000,0.500000,false,2,256,1.000e-12,0.05000,12.000000,2,2.7266795528,3.2499489305,16,16,16,16
closed_n24,24,0.000000,0.500000,false,2,256,1.000e-12,0.05000,12.000000,3,3.8078665807,4.5814530336,64,63,64,64
closed_n24,24,0.000000,0.500000,false,2,256,1.000e-12,0.05000,12.000000,4,4.7188921576,5.8417224604,256,228,255,256
closed_n24,24,0.000000,0.500000,false,2,256,1.000e-12,0.05000,12.000000,5,5.5770617261,6.9942173709,1024,778,983,1024
closed_n24,24,0.000000,0.500000,false,2,256,1.000e-12,0.05000,12.000000,6,6.4497335935,8.1630666244,3969,2574,3655,4096
closed_n24,24,0.000000,0.500000,false,2,256,1.000e-12,0.05000,12.000000,7,7.1547497539,9.1963910429,14884,7928,13105,16384
closed_n24,24,0.000000,0.500000,false,2,256,1.000e-12,0.05000,12.000000,8,7.8937217340,10.2038166466,57121,22988,45979,65536
closed_n24,24,0.000000,0.500000,false,2,256,1.000e-12,0.05000,12.000000,9,8.3363818348,10.9992417761,65536,46586,65217,262144
closed_n24,24,0.000000,0.500000,false,2,256,1.000e-12,0.05000,12.000000,10,8.8636309088,11.6454693007,65536,58728,65526,1048576
closed_n24,24,0.000000,0.500000,false,2,256,1.000e-12,0.05000,12.000000,11,9.0128473474,11.9593526785,65536,62571,65535,4194304
closed_n24,24,0.000000,0.500000,false,2,256,1.000e-12,0.05000,12.000000,12,9.1907124693,12.1283217690,65536,63402,65536,16777216
closed_n24,24,0.000000,0.500000,false,2,256,1.000e-12,0.05000,12.000000,13,9.0127878067,11.9592686706,65536,62579,65535,4194304
closed_n24,24,0.000000,0.500000,false,2,256,1.000e-12,0.05000,12.000000,14,8.8636267012,11.6453932047,65536,58714,65525,1048576
closed_n24,24,0.000000,0.500000,false,2,256,1.000e-12,0.05000,12.000000,15,8.3363261540,10.9990831558,65536,46568,65205,262144
closed_n24,24,0.000000,0.500000,false,2,256,1.000e-12,0.05000,12.000000,16,7.8937532833,10.2038732049,57121,23002,45993,65536
closed_n24,24,0.000000,0.500000,false,2,256,1.000e-12,0.05000,12.000000,17,7.1547165694,9.1961198725,14884,7925,13109,16384
closed_n24,24,0.000000,0.500000,false,2,256,1.000e-12,0.05000,12.000000,18,6.4496875625,8.1629438176,3969,2574,3657,4096
closed_n24,24,0.000000,0.500000,false,2,256,1.000e-12,0.05000,12.000000,19,5.5770526219,6.9941502897,1024,778,983,1024
closed_n24,24,0.000000,0.500000,false,2,256,1.000e-12,0.05000,12.000000,20,4.7188903951,5.8416983852,256,228,255,256
closed_n24,24,0.000000,0.500000,false,2,256,1.000e-12,0.05000,12.000000,21,3.8078681701,4.5814601839,64,63,64,64
closed_n24,24,0.000000,0.500000,false,2,256,1.000e-12,0.05000,12.000000,22,2.7266859677,3.2499543134,16,16,16,16
closed_n24,24,0.000000,0.500000,false,2,256,1.000e-12,0.05000,12.000000,23,1.8184919127,1.9067574365,4,4,4,4
closed_n24,24,0.000000,0.500000,false,2,256,1.000e-12,0.05000,13.200000,1,1.7856519036,1.8893258384,4,4,4,4
closed_n24,24,0.000000,0.500000,false,2,256,1.000e-12,0.05000,13.200000,2,2.8161427748,3.2981230509,16,16,16,16
closed_n24,24,0.000000,0.500000,false,2,256,1.000e-12,0.05000,13.200000,3,3.7519835267,4.5577817847,64,63,64,64
closed_n24,24,0.000000,0.500000,false,2,256,1.000e-12,0.05000,13.200000,4,4.7380221333,5.8389373090,256,227,255,256
closed_n24,24,0.000000,0.500000,false,2,256,1.000e-12,0.05000,13.200000,5,5.4332490079,6.9297039563,1024,776,983,1024
closed_n24,24,0.000000,0.500000,false,2,256,1.000e-12,0.05000,13.200000,6,6.3304349681,8.0812817370,4096,2557,3692,4096
closed_n24,24,0.000000,0.500000,false,2,256,1.000e-12,0.05000,13.200000,7,6.8815638088,9.0566379517,15129,7994,13420,16384
closed_n24,24,0.000000,0.500000,false,2,256,1.000e-12,0.05000,13.200000,8,7.5942466752,10.0420278482,59536,23285,47701,65536
closed_n24,24,0.000000,0.500000,false,2,256,1.000e-12,0.05000,13.200000,9,7.9207461348,10.7815264072,65536,46629,65293,262144
closed_n24,24,0.000000,0.500000,false,2,256,1.000e-12,0.05000,13.200000,10,8.3831433173,11.3253973485,65536,58145,65529,1048576
closed_n24,24,0.000000,0.500000,false,2,256,1.000e-12,0.05000,13.200000,11,8.4168949373,11.5904114162,65536,62143,65535,4194304
closed_n24,24,0.000000,0.500000,false,2,256,1.000e-12,0.05000,13.200000,12,8.6311812566,11.6876410573,65536,62944,65535,16777216
closed_n24,24,0.000000,0.500000,false,2,256,1.000e-12,0.05000,13.200000,13,8.4167972539,11.5900199096,65536,62162,65535,4194304
closed_n24,24,0.000000,0.500000,false,2,256,1.000e-12,0.05000,13.200000,14,8.3829930645,11.3244217331,65536,58116,65528,1048576
closed_n24,24,0.000000,0.500000,false,2,256,1.000e-12,0.05000,13.200000,15,7.9208313290,10.7815165261,65536,46667,65299,262144
closed_n24,24,0.000000,0.500000,false,2,256,1.000e-12,0.05000,13.200000,16,7.5942963762,10.0421392812,59536,23294,47683,65536
closed_n24,24,0.000000,0.500000,false,2,256,1.000e-12,0.05000,13.200000,17,6.8817080264,9.0569207562,15129,7993,13412,16384
closed_n24,24,0.000000,0.500000,false,2,256,1.000e-12,0.05000,13.200000,18,6.3304145323,8.0811598270,4096,2557,3707,4096
closed_n24,24,0.000000,0.500000,false,2,256,1.000e-12,0.05000,13.200000,19,5.4331713167,6.9295444109,1024,776,983,1024
closed_n24,24,0.000000,0.500000,false,2,256,1.000e-12,0.05000,13.200000,20,4.7379852760,5.8388914964,256,227,255,256
closed_n24,24,0.000000,0.500000,false,2,256,1.000e-12,0.05000,13.200000,21,3.7519649088,4.5577539085,64,63,64,64
closed_n24,24,0.000000,0.500000,false,2,256,1.000e-12,0.05000,13.200000,22,2.8161356824,3.2981129834,16,16,16,16
closed_n24,24,0.000000,0.500000,false,2,256,1.000e-12,0.05000,13.200000,23,1.7856482419,1.8893238846,4,4,4,4
closed_n24,24,0.000000,0.500000,false,2,256,1.000e-12,0.05000,14.400000,1,1.7685125348,1.8801556910,4,4,4,4
closed_n24,24,0.000000,0.500000,false,2,256,1.000e-12,0.05000,14.400000,2,2.6208597954,3.1848662768,16,16,16,16
closed_n24,24,0.000000,0.500000,false,2,256,1.000e-12,0.05000,14.400000,3,3.7537825376,4.5647286164,64,63,64,64
closed_n24,24,0.000000,0.500000,false,2,256,1.000e-12,0.05000,14.400000,4,4.4287037424,5.7004907376,256,226,255,256
closed_n24,24,0.000000,0.500000,false,2,256,1.000e-12,0.05000,14.400000,5,5.4801840684,6.9523854128,1024,782,987,1024
closed_n24,24,0.000000,0.500000,false,2,256,1.000e-12,0.05000,14.400000,6,6.0085066688,7.9686724284,4096,2593,3751,4096
closed_n24,24,0.000000,0.500000,false,2,256,1.000e-12,0.05000,14.400000,7,6.8109638733,9.0227425444,15625,8133,13726,16384
closed_n24,24,0.000000,0.500000,false,2,256,1.000e-12,0.05000,14.400000,8,7.1762114457,9.8436868595,60516,23706,49295,65536
closed_n24,24,0.000000,0.500000,false,2,256,1.000e-12,0.05000,14.400000,9,7.7055315788,10.6162739636,65536,46662,65342,262144
closed_n24,24,0.000000,0.500000,false,2,256,1.000e-12,0.05000,14.400000,10,7.8701315303,11.0664262124,65536,57965,65529,1048576
closed_n24,24,0.000000,0.500000,false,2,256,1.000e-12,0.05000,14.400000,11,8.1871928877,11.3777265498,65536,61894,65535,4194304
closed_n24,24,0.000000,0.500000,false,2,256,1.000e-12,0.05000,14.400000,12,8.1407419154,11.4395784230,65536,62771,65535,16777216
closed_n24,24,0.000000,0.500000,false,2,256,1.000e-12,0.05000,14.400000,13,8.1874182118,11.3778576040,65536,61876,65535,4194304
closed_n24,24,0.000000,0.500000,false,2,256,1.000e-12,0.05000,14.400000,14,7.8702427860,11.0669627961,65536,58001,65530,1048576
closed_n24,24,0.000000,0.500000,false,2,256,1.000e-12,0.05000,14.400000,15,7.7056027263,10.6163240673,65536,46699,65350,262144
closed_n24,24,0.000000,0.500000,false,2,256,1.000e-12,0.05000,14.400000,16,7.1763015714,9.8439200877,60516,23716,49256,65536
closed_n24,24,0.000000,0.500000,false,2,256,1.000e-12,0.05000,14.400000,17,6.8110687263,9.0228699957,15625,8134,13770,16384
closed_n24,24,0.000000,0.500000,false,2,256,1.000e-12,0.05000,14.400000,18,6.0085022369,7.9686395473,4096,2595,3755,4096
closed_n24,24,0.000000,0.500000,false,2,256,1.000e-12,0.05000,14.400000,19,5.4801787720,6.9523159282,1024,782,988,1024
closed_n24,24,0.000000,0.500000,false,2,256,1.000e-12,0.05000,14.400000,20,4.4286318668,5.7003661900,256,226,255,256
closed_n24,24,0.000000,0.500000,false,2,256,1.000e-12,0.05000,14.400000,21,3.7537045372,4.5646264458,64,63,64,64
closed_n24,24,0.000000,0.500000,false,2,256,1.000e-12,0.05000,14.400000,22,2.6208352352,3.1848453999,16,16,16,16
closed_n24,24,0.000000,0.500000,false,2,256,1.000e-12,0.05000,14.400000,23,1.7685090043,1.8801537969,4,4,4,4
closed_n24,24,0.000000,0.500000,false,2,256,1.000e-12,0.05000,15.600000,1,1.7537970129,1.8722420120,4,4,4,4
closed_n24,24,0.000000,0.500000,false,2,256,1.000e-12,0.05000,15.600000,2,2.4970619903,3.1148846148,16,16,16,16
closed_n24,24,0.000000,0.500000,false,2,256,1.000e-12,0.05000,15.600000,3,3.6917871137,4.5143668008,64,63,64,64
closed_n24,24,0.000000,0.500000,false,2,256,1.000e-12,0.05000,15.600000,4,4.4234807213,5.7399516806,256,228,255,256
closed_n24,24,0.000000,0.500000,false,2,256,1.000e-12,0.05000,15.600000,5,5.3110281235,6.8660583676,1024,787,992,1024
closed_n24,24,0.000000,0.500000,false,2,256,1.000e-12,0.05000,15.600000,6,6.1083821007,8.0514930858,4096,2653,3804,4096
closed_n24,24,0.000000,0.500000,false,2,256,1.000e-12,0.05000,15.600000,7,6.6691755537,8.9527731785,15876,8308,14032,16384
closed_n24,24,0.000000,0.500000,false,2,256,1.000e-12,0.05000,15.600000,8,7.3450520136,9.9580786087,61504,24668,50842,65536
closed_n24,24,0.000000,0.500000,false,2,256,1.000e-12,0.05000,15.600000,9,7.6221816531,10.5723065923,65536,47263,65392,262144
closed_n24,24,0.000000,0.500000,false,2,256,1.000e-12,0.05000,15.600000,10,8.0420797859,11.1478047525,65536,58299,65530,1048576
closed_n24,24,0.000000,0.500000,false,2,256,1.000e-12,0.05000,15.600000,11,8.1113009031,11.3675527979,65536,62184,65535,4194304
closed_n24,24,0.000000,0.500000,false,2,256,1.000e-12,0.05000,15.600000,12,8.3267037377,11.5483732254,65536,63011,65536,16777216
closed_n24,24,0.000000,0.500000,false,2,256,1.000e-12,0.05000,15.600000,13,8.1113403573,11.3677207336,65536,62199,65535,4194304
closed_n24,24,0.000000,0.500000,false,2,256,1.000e-12,0.05000,15.600000,14,8.0424191181,11.1479002787,65536,58323,65530,1048576
closed_n24,24,0.000000,0.500000,false,2,256,1.000e-12,0.05000,15.600000,15,7.6222128221,10.5724812280,65536,47288,65394,262144
closed_n24,24,0.000000,0.500000,false,2,256,1.000e-12,0.05000,15.600000,16,7.3449791006,9.9581266336,61504,24661,50860,65536
closed_n24,24,0.000000,0.500000,false,2,256,1.000e-12,0.05000,15.600000,17,6.6693918051,8.9527426124,15876,8311,14055,16384
closed_n24,24,0.000000,0.500000,false,2,256,1.000e-12,0.05000,15.600000,18,6.1084457479,8.0516785196,4096,2655,3806,4096
closed_n24,24,0.000000,0.500000,false,2,256,1.000e-12,0.05000,15.600000,19,5.3110380271,6.8661013141,1024,788,992,1024
closed_n24,24,0.000000,0.500000,false,2,256,1.000e-12,0.05000,15.600000,20,4.4235545156,5.7400480175,256,228,255,256
closed_n24,24,0.000000,0.500000,false,2,256,1.000e-12,0.05000,15.600000,21,3.6917899446,4.5143680508,64,63,64,64
closed_n24,24,0.000000,0.500000,false,2,256,1.000e-12,0.05000,15.600000,22,2.4970072033,3.1148204430,16,16,16,16
closed_n24,24,0.000000,0.500000,false,2,256,1.000e-12,0.05000,15.600000,23,1.7538031876,1.8722453405,4,4,4,4
closed_n24,24,0.000000,0.500000,false,2,256,1.000e-12,0.05000,16.800000,1,1.7885494978,1.8908711965,4,4,4,4
closed_n24,24,0.000000,0.500000,false,2,256,1.000e-12,0.05000,16.800000,2,2.5581528836,3.1445482741,16,16,16,16
closed_n24,24,0.000000,0.500000,false,2,256,1.000e-12,0.05000,16.800000,3,3.6891958563,4.5162363983,64,63,64,64
closed_n24,24,0.000000,0.500000,false,2,256,1.000e-12,0.05000,16.800000,4,4.4656373235,5.7279733756,256,229,255,256
closed_n24,24,0.000000,0.500000,false,2,256,1.000e-12,0.05000,16.800000,5,5.3892929599,6.9455090096,1024,802,997,1024
closed_n24,24,0.000000,0.500000,false,2,256,1.000e-12,0.05000,16.800000,6,6.0589184771,7.9876432383,4096,2675,3839,4096
closed_n24,24,0.000000,0.500000,false,2,256,1.000e-12,0.05000,16.800000,7,6.8714543982,9.0859345065,15876,8635,14359,16384
closed_n24,24,0.000000,0.500000,false,2,256,1.000e-12,0.05000,16.800000,8,7.3393447074,9.9561562206,62500,25629,52417,65536
closed_n24,24,0.000000,0.500000,false,2,256,1.000e-12,0.05000,16.800000,9,7.9715902302,10.8075942173,65536,48896,65434,262144
closed_n24,24,0.000000,0.500000,false,2,256,1.000e-12,0.05000,16.800000,10,8.2150124101,11.2508336043,65536,59012,65532,1048576
closed_n24,24,0.000000,0.500000,false,2,256,1.000e-12,0.05000,16.800000,11,8.4239531996,11.5457245568,65536,62575,65535,4194304
closed_n24,24,0.000000,0.500000,false,2,256,1.000e-12,0.05000,16.800000,12,8.4248714148,11.6190872613,65536,63297,65536,16777216
closed_n24,24,0.000000,0.500000,false,2,256,1.000e-12,0.05000,16.800000,13,8.4244194388,11.5467547143,65536,62564,65535,4194304
closed_n24,24,0.000000,0.500000,false,2,256,1.000e-12,0.05000,16.800000,14,8.2153607146,11.2513186823,65536,59017,65532,1048576
closed_n24,24,0.000000,0.500000,false,2,256,1.000e-12,0.05000,16.800000,15,7.9716140907,10.8073783258,65536,48913,65434,262144
closed_n24,24,0.000000,0.500000,false,2,256,1.000e-12,0.05000,16.800000,16,7.3399836688,9.9577251348,62500,25670,52460,65536
closed_n24,24,0.000000,0.500000,false,2,256,1.000e-12,0.05000,16.800000,17,6.8714412174,9.0862756562,15876,8642,14368,16384
closed_n24,24,0.000000,0.500000,false,2,256,1.000e-12,0.05000,16.800000,18,6.0592838120,7.9882120546,4096,2676,3838,4096
closed_n24,24,0.000000,0.500000,false,2,256,1.000e-12,0.05000,16.800000,19,5.3895555515,6.9457408946,1024,802,997,1024
closed_n24,24,0.000000,0.500000,false,2,256,1.000e-12,0.05000,16.800000,20,4.4657067499,5.7279965667,256,229,255,256
closed_n24,24,0.000000,0.500000,false,2,256,1.000e-12,0.05000,16.800000,21,3.6892225880,4.5162878813,64,63,64,64
closed_n24,24,0.000000,0.500000,false,2,256,1.000e-12,0.05000,16.800000,22,2.5582028731,3.1445597745,16,16,16,16
closed_n24,24,0.000000,0.500000,false,2,256,1.000e-12,0.05000,16.800000,23,1.7885376814,1.8908648974,4,4,4,4
closed_n24,24,0.000000,0.500000,false,2,256,1.000e-12,0.05000,18.000000,1,1.7933399316,1.8934229310,4,4,4,4
closed_n24,24,0.000000,0.500000,false,2,256,1.000e-12,0.05000,18.000000,2,2.6293667299,3.1893716107,16,16,16,16
closed_n24,24,0.000000,0.500000,false,2,256,1.000e-12,0.05000,18.000000,3,3.6619745944,4.4959473865,64,63,64,64
closed_n24,24,0.000000,0.500000,false,2,256,1.000e-12,0.05000,18.000000,4,4.5092414589,5.7440307746,256,228,255,256
closed_n24,24,0.000000,0.500000,false,2,256,1.000e-12,0.05000,18.000000,5,5.3783823429,6.9134324139,1024,807,999,1024
closed_n24,24,0.000000,0.500000,false,2,256,1.000e-12,0.05000,18.000000,6,6.1693186411,8.0617073151,4096,2736,3871,4096
closed_n24,24,0.000000,0.500000,false,2,256,1.000e-12,0.05000,18.000000,7,6.8431619925,9.0524069559,16129,8818,14636,16384
closed_n24,24,0.000000,0.500000,false,2,256,1.000e-12,0.05000,18.000000,8,7.5915339030,10.1019103413,63504,26702,53814,65536
closed_n24,24,0.000000,0.500000,false,2,256,1.000e-12,0.05000,18.000000,9,7.9615744024,10.8166385959,65536,49838,65457,262144
closed_n24,24,0.000000,0.500000,false,2,256,1.000e-12,0.05000,18.000000,10,8.5332960464,11.4377872507,65536,59751,65533,1048576
closed_n24,24,0.000000,0.500000,false,2,256,1.000e-12,0.05000,18.000000,11,8.6200345373,11.6793598400,65536,63004,65536,4194304
closed_n24,24,0.000000,0.500000,false,2,256,1.000e-12,0.05000,18.000000,12,8.8193336166,11.8143667464,65536,63563,65536,16777216
closed_n24,24,0.000000,0.500000,false,2,256,1.000e-12,0.05000,18.000000,13,8.6203035746,11.6786670223,65536,62967,65536,4194304
closed_n24,24,0.000000,0.500000,false,2,256,1.000e-12,0.05000,18.000000,14,8.5340855689,11.4397299550,65536,59782,65532,1048576
closed_n24,24,0.000000,0.500000,false,2,256,1.000e-12,0.05000,18.000000,15,7.9622829841,10.8173440210,65536,49807,65452,262144
closed_n24,24,0.000000,0.500000,false,2,256,1.000e-12,0.05000,18.000000,16,7.5918329307,10.1019800222,63504,26725,53885,65536
closed_n24,24,0.000000,0.500000,false,2,256,1.000e-12,0.05000,18.000000,17,6.8438300756,9.0536620907,16129,8827,14639,16384
closed_n24,24,0.000000,0.500000,false,2,256,1.000e-12,0.05000,18.000000,18,6.1694287201,8.0622230186,4096,2735,3870,4096
closed_n24,24,0.000000,0.500000,false,2,256,1.000e-12,0.05000,18.000000,19,5.3783434391,6.9135613650,1024,807,999,1024
closed_n24,24,0.000000,0.500000,false,2,256,1.000e-12,0.05000,18.000000,20,4.5095094867,5.7442733518,256,228,255,256
closed_n24,24,0.000000,0.500000,false,2,256,1.000e-12,0.05000,18.000000,21,3.6620411092,4.4959293753,64,63,64,64
closed_n24,24,0.000000,0.500000,false,2,256,1.000e-12,0.05000,18.000000,22,2.6293527764,3.1893514520,16,16,16,16
closed_n24,24,0.000000,0.500000,false,2,256,1.000e-12,0.05000,18.000000,23,1.7933357655,1.8934207135,4,4,4,4
closed_n24,24,0.000000,0.500000,false,2,256,1.000e-12,0.05000,19.200000,1,1.7724440943,1.8822636593,4,4,4,4
closed_n24,24,0.000000,0.500000,false,2,256,1.000e-12,0.05000,19.200000,2,2.5816689903,3.1607892431,16,16,16,16
closed_n24,24,0.000000,0.500000,false,2,256,1.000e-12,0.05000,19.200000,3,3.6977242702,4.5162324638,64,63,64,64
closed_n24,24,0.000000,0.500000,false,2,256,1.000e-12,0.05000,19.200000,4,4.4685881895,5.7022155014,256,228,255,256
closed_n24,24,0.000000,0.500000,false,2,256,1.000e-12,0.05000,19.200000,5,5.4505126525,6.9520424883,1024,812,1002,1024
closed_n24,24,0.000000,0.500000,false,2,256,1.000e-12,0.05000,19.200000,6,6.1548532260,8.0262825523,4096,2765,3898,4096
closed_n24,24,0.000000,0.500000,false,2,256,1.000e-12,0.05000,19.200000,7,7.0146554113,9.1467415228,16129,9090,14835,16384
closed_n24,24,0.000000,0.500000,false,2,256,1.000e-12,0.05000,19.200000,8,7.5684627554,10.0814460273,64516,27615,55189,65536
closed_n24,24,0.000000,0.500000,false,2,256,1.000e-12,0.05000,19.200000,9,8.2615356028,10.9728874365,65536,50677,65474,262144
closed_n24,24,0.000000,0.500000,false,2,256,1.000e-12,0.05000,19.200000,10,8.5892684800,11.5111066950,65536,60273,65533,1048576
closed_n24,24,0.000000,0.500000,false,2,256,1.000e-12,0.05000,19.200000,11,9.0022468855,11.8856272363,65536,63305,65536,4194304
closed_n24,24,0.000000,0.500000,false,2,256,1.000e-12,0.05000,19.200000,12,9.0252104220,12.0069096319,65536,63936,65536,16777216
closed_n24,24,0.000000,0.500000,false,2,256,1.000e-12,0.05000,19.200000,13,9.0025810937,11.8859454317,65536,63278,65536,4194304
closed_n24,24,0.000000,0.500000,false,2,256,1.000e-12,0.05000,19.200000,14,8.5895100426,11.5112024325,65536,60265,65533,1048576
closed_n24,24,0.000000,0.500000,false,2,256,1.000e-12,0.05000,19.200000,15,8.2616576905,10.9727544318,65536,50650,65471,262144
closed_n24,24,0.000000,0.500000,false,2,256,1.000e-12,0.05000,19.200000,16,7.5688143427,10.0827979411,64516,27640,55154,65536
closed_n24,24,0.000000,0.500000,false,2,256,1.000e-12,0.05000,19.200000,17,7.0147742894,9.1475083005,16129,9093,14829,16384
closed_n24,24,0.000000,0.500000,false,2,256,1.000e-12,0.05000,19.200000,18,6.1549000317,8.0265264619,4096,2766,3898,4096
closed_n24,24,0.000000,0.500000,false,2,256,1.000e-12,0.05000,19.200000,19,5.4505572044,6.9522908760,1024,812,1002,1024
closed_n24,24,0.000000,0.500000,false,2,256,1.000e-12,0.05000,19.200000,20,4.4685970092,5.7023053930,256,228,255,256
closed_n24,24,0.000000,0.500000,false,2,256,1.000e-12,0.05000,19.200000,21,3.6977640984,4.5163462978,64,63,64,64
closed_n24,24,0.000000,0.500000,false,2,256,1.000e-12,0.05000,19.200000,22,2.5818116998,3.1608724095,16,16,16,16
closed_n24,24,0.000000,0.500000,false,2,256,1.000e-12,0.05000,19.200000,23,1.7724764474,1.8822809950,4,4,4,4
closed_n24,24,0.000000,0.500000,false,2,256,1.000e-12,0.05000,20.400000,1,1.7872068565,1.8901553102,4,4,4,4
closed_n24,24,0.000000,0.500000,false,2,256,1.000e-12,0.05000,20.400000,2,2.5854500756,3.1643433535,16,16,16,16
closed_n24,24,0.000000,0.500000,false,2,256,1.000e-12,0.05000,20.400000,3,3.6636796281,4.4972868146,64,63,64,64
closed_n24,24,0.000000,0.500000,false,2,256,1.000e-12,0.05000,20.400000,4,4.5101120792,5.7303220208,256,229,255,256
closed_n24,24,0.000000,0.500000,false,2,256,1.000e-12,0.05000,20.400000,5,5.4104633391,6.9056126097,1024,812,1004,1024
closed_n24,24,0.000000,0.500000,false,2,256,1.000e-12,0.05000,20.400000,6,6.2819851656,8.1140255749,4096,2824,3923,4096
closed_n24,24,0.000000,0.500000,false,2,256,1.000e-12,0.05000,20.400000,7,7.0361685686,9.1696523283,16384,9313,15103,16384
closed_n24,24,0.000000,0.500000,false,2,256,1.000e-12,0.05000,20.400000,8,7.7296993706,10.1654784888,64516,28501,56263,65536
closed_n24,24,0.000000,0.500000,false,2,256,1.000e-12,0.05000,20.400000,9,8.4255343077,11.0643571611,65536,51560,65486,262144
closed_n24,24,0.000000,0.500000,false,2,256,1.000e-12,0.05000,20.400000,10,8.7122979238,11.5862181735,65536,60745,65533,1048576
closed_n24,24,0.000000,0.500000,false,2,256,1.000e-12,0.05000,20.400000,11,9.2443140188,12.0552154607,65536,63649,65536,4194304
closed_n24,24,0.000000,0.500000,false,2,256,1.000e-12,0.05000,20.400000,12,9.0894396460,12.0715892516,65536,64079,65536,16777216
closed_n24,24,0.000000,0.500000,false,2,256,1.000e-12,0.05000,20.400000,13,9.2438746999,12.0552103929,65536,63649,65536,4194304
closed_n24,24,0.000000,0.500000,false,2,256,1.000e-12,0.05000,20.400000,14,8.7132904724,11.5882765712,65536,60763,65534,1048576
closed_n24,24,0.000000,0.500000,false,2,256,1.000e-12,0.05000,20.400000,15,8.4256380421,11.0647512359,65536,51548,65481,262144
closed_n24,24,0.000000,0.500000,false,2,256,1.000e-12,0.05000,20.400000,16,7.7292805896,10.1650347026,64516,28499,56220,65536
closed_n24,24,0.000000,0.500000,false,2,256,1.000e-12,0.05000,20.400000,17,7.0364113256,9.1701677660,16384,9310,15096,16384
closed_n24,24,0.000000,0.500000,false,2,256,1.000e-12,0.05000,20.400000,18,6.2820232097,8.1145913825,4096,2826,3925,4096
closed_n24,24,0.000000,0.500000,false,2,256,1.000e-12,0.05000,20.400000,19,5.4105985804,6.9062093867,1024,813,1004,1024
closed_n24,24,0.000000,0.500000,false,2,256,1.000e-12,0.05000,20.400000,20,4.5103935288,5.7309084802,256,229,255,256
closed_n24,24,0.000000,0.500000,false,2,256,1.000e-12,0.05000,20.400000,21,3.6639488637,4.4978542210,64,63,64,64
closed_n24,24,0.000000,0.500000,false,2,256,1.000e-12,0.05000,20.400000,22,2.5855041495,3.1644781482,16,16,16,16
closed_n24,24,0.000000,0.500000,false,2,256,1.000e-12,0.05000,20.400000,23,1.7872183099,1.8901614183,4,4,4,4
closed_n24,24,0.000000,0.500000,false,2,256,1.000e-12,0.05000,21.600000,1,1.8039194402,1.8990446343,4,4,4,4
closed_n24,24,0.000000,0.500000,false,2,256,1.000e-12,0.05000,21.600000,2,2.6246437507,3.1924123879,16,16,16,16
closed_n24,24,0.000000,0.500000,false,2,256,1.000e-12,0.05000,21.600000,3,3.7438039431,4.5493872375,64,63,64,64
closed_n24,24,0.000000,0.500000,false,2,256,1.000e-12,0.05000,21.600000,4,4.4786741485,5.7246131333,256,231,255,256
closed_n24,24,0.000000,0.500000,false,2,256,1.000e-12,0.05000,21.600000,5,5.4619242110,6.9192495352,1024,819,1006,1024
closed_n24,24,0.000000,0.500000,false,2,256,1.000e-12,0.05000,21.600000,6,6.2596006199,8.1069809153,4096,2848,3938,4096
closed_n24,24,0.000000,0.500000,false,2,256,1.000e-12,0.05000,21.600000,7,7.0893177657,9.1898848299,16384,9496,15247,16384
closed_n24,24,0.000000,0.500000,false,2,256,1.000e-12,0.05000,21.600000,8,7.8286765621,10.2687241229,65025,29674,57350,65536
closed_n24,24,0.000000,0.500000,false,2,256,1.000e-12,0.05000,21.600000,9,8.4682060736,11.0803995537,65536,52277,65493,262144
closed_n24,24,0.000000,0.500000,false,2,256,1.000e-12,0.05000,21.600000,10,8.8990303145,11.7459878953,65536,61310,65534,1048576
closed_n24,24,0.000000,0.500000,false,2,256,1.000e-12,0.05000,21.600000,11,9.3411975903,12.1104704398,65536,63913,65536,4194304
closed_n24,24,0.000000,0.500000,false,2,256,1.000e-12,0.05000,21.600000,12,9.3895370040,12.2974776986,65536,64387,65536,16777216
closed_n24,24,0.000000,0.500000,false,2,256,1.000e-12,0.05000,21.600000,13,9.3421158922,12.1109215419,65536,63893,65536,4194304
closed_n24,24,0.000000,0.500000,false,2,256,1.000e-12,0.05000,21.600000,14,8.8989468607,11.7450446884,65536,61302,65534,1048576
closed_n24,24,0.000000,0.500000,false,2,256,1.000e-12,0.05000,21.600000,15,8.4676701377,11.0786321515,65536,52237,65495,262144
closed_n24,24,0.000000,0.500000,false,2,256,1.000e-12,0.05000,21.600000,16,7.8287137979,10.2688376253,65025,29684,57360,65536
closed_n24,24,0.000000,0.500000,false,2,256,1.000e-12,0.05000,21.600000,17,7.0887139545,9.1896675959,16384,9509,15250,16384
closed_n24,24,0.000000,0.500000,false,2,256,1.000e-12,0.05000,21.600000,18,6.2592523551,8.1070962105,4096,2851,3941,4096
closed_n24,24,0.000000,0.500000,false,2,256,1.000e-12,0.05000,21.600000,19,5.4619621804,6.9192950973,1024,820,1006,1024
closed_n24,24,0.000000,0.500000,false,2,256,1.000e-12,0.05000,21.600000,20,4.4787718191,5.7249466757,256,231,255,256
closed_n24,24,0.000000,0.500000,false,2,256,1.000e-12,0.05000,21.600000,21,3.7439428992,4.5497610736,64,63,64,64
closed_n24,24,0.000000,0.500000,false,2,256,1.000e-12,0.05000,21.600000,22,2.6247590380,3.1925440018,16,16,16,16
closed_n24,24,0.000000,0.500000,false,2,256,1.000e-12,0.05000,21.600000,23,1.8039356588,1.8990532381,4,4,4,4
closed_n24,24,0.000000,0.500000,false,2,256,1.000e-12,0.05000,22.800000,1,1.8508013461,1.9237330755,4,4,4,4
closed_n24,24,0.000000,0.500000,false,2,256,1.000e-12,0.05000,22.800000,2,2.6707781509,3.2187668023,16,16,16,16
closed_n24,24,0.000000,0.500000,false,2,256,1.000e-12,0.05000,22.800000,3,3.8025136775,4.5734449937,64,63,64,64
closed_n24,24,0.000000,0.500000,false,2,256,1.000e-12,0.05000,22.800000,4,4.5001880416,5.7301805705,256,231,255,256
closed_n24,24,0.000000,0.500000,false,2,256,1.000e-12,0.05000,22.800000,5,5.5636870870,6.9774365082,1024,830,1007,1024
closed_n24,24,0.000000,0.500000,false,2,256,1.000e-12,0.05000,22.800000,6,6.1913622065,8.0658213206,4096,2878,3960,4096
closed_n24,24,0.000000,0.500000,false,2,256,1.000e-12,0.05000,22.800000,7,7.2059990551,9.2604290199,16384,9709,15366,16384
closed_n24,24,0.000000,0.500000,false,2,256,1.000e-12,0.05000,22.800000,8,7.7510790486,10.2502238667,65536,30449,58162,65536
closed_n24,24,0.000000,0.500000,false,2,256,1.000e-12,0.05000,22.800000,9,8.5553447229,11.1612959301,65536,53197,65500,262144
closed_n24,24,0.000000,0.500000,false,2,256,1.000e-12,0.05000,22.800000,10,9.0266468212,11.7994070813,65536,61680,65534,1048576
closed_n24,24,0.000000,0.500000,false,2,256,1.000e-12,0.05000,22.800000,11,9.3791793231,12.1640553311,65536,64038,65536,4194304
closed_n24,24,0.000000,0.500000,false,2,256,1.000e-12,0.05000,22.800000,12,9.5095995615,12.3533812577,65536,64563,65536,16777216
closed_n24,24,0.000000,0.500000,false,2,256,1.000e-12,0.05000,22.800000,13,9.3791307735,12.1630503716,65536,64028,65536,4194304
closed_n24,24,0.000000,0.500000,false,2,256,1.000e-12,0.05000,22.800000,14,9.0262121674,11.7982412065,65536,61673,65535,1048576
closed_n24,24,0.000000,0.500000,false,2,256,1.000e-12,0.05000,22.800000,15,8.5555593920,11.1606076712,65536,53113,65501,262144
closed_n24,24,0.000000,0.500000,false,2,256,1.000e-12,0.05000,22.800000,16,7.7498963962,10.2484364476,65536,30463,58196,65536
closed_n24,24,0.000000,0.500000,false,2,256,1.000e-12,0.05000,22.800000,17,7.2060327631,9.2621447466,16384,9727,15373,16384
closed_n24,24,0.000000,0.500000,false,2,256,1.000e-12,0.05000,22.800000,18,6.1911891179,8.0663209710,4096,2881,3961,4096
closed_n24,24,0.000000,0.500000,false,2,256,1.000e-12,0.05000,22.800000,19,5.5629805610,6.9768318352,1024,829,1007,1024
closed_n24,24,0.000000,0.500000,false,2,256,1.000e-12,0.05000,22.800000,20,4.4996133127,5.7296784865,256,231,255,256
closed_n24,24,0.000000,0.500000,false,2,256,1.000e-12,0.05000,22.800000,21,3.8027247815,4.5735051761,64,63,64,64
closed_n24,24,0.000000,0.500000,false,2,256,1.000e-12,0.05000,22.800000,22,2.6708534788,3.2188417723,16,16,16,16
closed_n24,24,0.000000,0.500000,false,2,256,1.000e-12,0.05000,22.800000,23,1.8508128719,1.9237391009,4,4,4,4
closed_n24,24,0.000000,0.500000,false,2,256,1.000e-12,0.05000,24.000000,1,1.9134513620,1.9561732841,4,4,4,4
closed_n24,24,0.000000,0.500000,false,2,256,1.000e-12,0.05000,24.000000,2,2.6829328077,3.2354222571,16,16,16,16
closed_n24,24,0.000000,0.500000,false,2,256,1.000e-12,0.05000,24.000000,3,3.8687977189,4.5976468460,64,63,64,64
closed_n24,24,0.000000,0.500000,false,2,256,1.000e-12,0.05000,24.000000,4,4.6004030662,5.7932770218,256,232,255,256
closed_n24,24,0.000000,0.500000,false,2,256,1.000e-12,0.05000,24.000000,5,5.5484649679,6.9506469173,1024,833,1009,1024
closed_n24,24,0.000000,0.500000,false,2,256,1.000e-12,0.05000,24.000000,6,6.3130017758,8.1249033521,4096,2912,3973,4096
closed_n24,24,0.000000,0.500000,false,2,256,1.000e-12,0.05000,24.000000,7,7.1258568468,9.2033335192,16384,9831,15488,16384
closed_n24,24,0.000000,0.500000,false,2,256,1.000e-12,0.05000,24.000000,8,7.8401028898,10.3038279213,65536,31207,58947,65536
closed_n24,24,0.000000,0.500000,false,2,256,1.000e-12,0.05000,24.000000,9,8.4511809487,11.1461845212,65536,53886,65506,262144
closed_n24,24,0.000000,0.500000,false,2,256,1.000e-12,0.05000,24.000000,10,9.0708874061,11.8229781952,65536,61906,65535,1048576
closed_n24,24,0.000000,0.500000,false,2,256,1.000e-12,0.05000,24.000000,11,9.1883840402,12.1420036413,65536,64165,65536,4194304
closed_n24,24,0.000000,0.500000,false,2,256,1.000e-12,0.05000,24.000000,12,9.4998265594,12.3204189769,65536,64583,65536,16777216
closed_n24,24,0.000000,0.500000,false,2,256,1.000e-12,0.05000,24.000000,13,9.1879854586,12.1417691962,65536,64186,65536,4194304
closed_n24,24,0.000000,0.500000,false,2,256,1.000e-12,0.05000,24.000000,14,9.0701827692,11.8215788395,65536,61909,65535,1048576
closed_n24,24,0.000000,0.500000,false,2,256,1.000e-12,0.05000,24.000000,15,8.4496658302,11.1436623938,65536,53818,65505,262144
closed_n24,24,0.000000,0.500000,false,2,256,1.000e-12,0.05000,24.000000,16,7.8402617761,10.3035630616,65536,31212,58941,65536
closed_n24,24,0.000000,0.500000,false,2,256,1.000e-12,0.05000,24.000000,17,7.1257569718,9.2039682316,16384,9825,15477,16384
closed_n24,24,0.000000,0.500000,false,2,256,1.000e-12,0.05000,24.000000,18,6.3130650253,8.1249628202,4096,2913,3974,4096
closed_n24,24,0.000000,0.500000,false,2,256,1.000e-12,0.05000,24.000000,19,5.5485903370,6.9506092338,1024,833,1008,1024
closed_n24,24,0.000000,0.500000,false,2,256,1.000e-12,0.05000,24.000000,20,4.6002407711,5.7929457359,256,232,255,256
closed_n24,24,0.000000,0.500000,false,2,256,1.000e-12,0.05000,24.000000,21,3.8686953398,4.5975814527,64,63,64,64
closed_n24,24,0.000000,0.500000,false,2,256,1.000e-12,0.05000,24.000000,22,2.6828895875,3.2353783960,16,16,16,16
closed_n24,24,0.000000,0.500000,false,2,256,1.000e-12,0.05000,24.000000,23,1.9134058725,1.9561499523,4,4,4,4
closed_n24,24,0.000000,0.500000,false,2,256,1.000e-12,0.05000,25.200000,1,1.9612031349,1.9804918628,4,4,4,4
closed_n24,24,0.000000,0.500000,false,2,256,1.000e-12,0.05000,25.200000,2,2.7606258741,3.2834421432,16,16,16,16
closed_n24,24,0.000000,0.500000,false,2,256,1.000e-12,0.05000,25.200000,3,3.9230057254,4.6346232383,64,63,64,64
closed_n24,24,0.000000,0.500000,false,2,256,1.000e-12,0.05000,25.200000,4,4.6057628552,5.8028446858,256,233,255,256
closed_n24,24,0.000000,0.500000,false,2,256,1.000e-12,0.05000,25.200000,5,5.5254169584,6.9318566229,1024,838,1011,1024
closed_n24,24,0.000000,0.500000,false,2,256,1.000e-12,0.05000,25.200000,6,6.3239489994,8.1230848490,4096,2940,3987,4096
closed_n24,24,0.000000,0.500000,false,2,256,1.000e-12,0.05000,25.200000,7,7.0099723481,9.1415606521,16384,9942,15585,16384
closed_n24,24,0.000000,0.500000,false,2,256,1.000e-12,0.05000,25.200000,8,7.8202772250,10.2767008239,65536,31634,59513,65536
closed_n24,24,0.000000,0.500000,false,2,256,1.000e-12,0.05000,25.200000,9,8.2801881545,11.0716409437,65536,54078,65510,262144
closed_n24,24,0.000000,0.500000,false,2,256,1.000e-12,0.05000,25.200000,10,8.9460479013,11.7766200741,65536,62142,65535,1048576
closed_n24,24,0.000000,0.500000,false,2,256,1.000e-12,0.05000,25.200000,11,9.0071581516,12.0466514608,65536,64243,65536,4194304
closed_n24,24,0.000000,0.500000,false,2,256,1.000e-12,0.05000,25.200000,12,9.3303807132,12.2516460940,65536,64618,65536,16777216
closed_n24,24,0.000000,0.500000,false,2,256,1.000e-12,0.05000,25.200000,13,9.0061764176,12.0456499611,65536,64234,65536,4194304
closed_n24,24,0.000000,0.500000,false,2,256,1.000e-12,0.05000,25.200000,14,8.9453894974,11.7750894045,65536,62141,65535,1048576
closed_n24,24,0.000000,0.500000,false,2,256,1.000e-12,0.05000,25.200000,15,8.2802256733,11.0729863108,65536,54187,65508,262144
closed_n24,24,0.000000,0.500000,false,2,256,1.000e-12,0.05000,25.200000,16,7.8195643880,10.2765435450,65536,31610,59467,65536
closed_n24,24,0.000000,0.500000,false,2,256,1.000e-12,0.05000,25.200000,17,7.0096311642,9.1406307328,16384,9934,15578,16384
closed_n24,24,0.000000,0.500000,false,2,256,1.000e-12,0.05000,25.200000,18,6.3244764785,8.1232229320,4096,2940,3987,4096
closed_n24,24,0.000000,0.500000,false,2,256,1.000e-12,0.05000,25.200000,19,5.5259617490,6.9321990461,1024,838,1010,1024
closed_n24,24,0.000000,0.500000,false,2,256,1.000e-12,0.05000,25.200000,20,4.6056436462,5.8028122421,256,233,255,256
closed_n24,24,0.000000,0.500000,false,2,256,1.000e-12,0.05000,25.200000,21,3.9229070298,4.6344279679,64,63,64,64
closed_n24,24,0.000000,0.500000,false,2,256,1.000e-12,0.05000,25.200000,22,2.7606783899,3.2835118819,16,16,16,16
closed_n24,24,0.000000,0.500000,false,2,256,1.000e-12,0.05000,25.200000,23,1.9611882668,1.9804843443,4,4,4,4
closed_n24,24,0.000000,0.500000,false,2,256,1.000e-12,0.05000,26.400000,1,1.9679277641,1.9838890342,4,4,4,4
closed_n24,24,0.000000,0.500000,false,2,256,1.000e-12,0.05000,26.400000,2,2.7276698817,3.2690893454,16,16,16,16
closed_n24,24,0.000000,0.500000,false,2,256,1.000e-12,0.05000,26.400000,3,3.9092513581,4.6236876419,64,63,64,64
closed_n24,24,0.000000,0.500000,false,2,256,1.000e-12,0.05000,26.400000,4,4.5278440850,5.7648243890,256,233,255,256
closed_n24,24,0.000000,0.500000,false,2,256,1.000e-12,0.05000,26.400000,5,5.5827239719,6.9834680108,1024,846,1012,1024
closed_n24,24,0.000000,0.500000,false,2,256,1.000e-12,0.05000,26.400000,6,6.1283609198,8.0200388917,4096,2951,3998,4096
closed_n24,24,0.000000,0.500000,false,2,256,1.000e-12,0.05000,26.400000,7,7.0362622795,9.1653229306,16384,10109,15674,16384
closed_n24,24,0.000000,0.500000,false,2,256,1.000e-12,0.05000,26.400000,8,7.6152968423,10.1691695396,65536,32125,60110,65536
closed_n24,24,0.000000,0.500000,false,2,256,1.000e-12,0.05000,26.400000,9,8.2885058414,11.0758888603,65536,54471,65511,262144
closed_n24,24,0.000000,0.500000,false,2,256,1.000e-12,0.05000,26.400000,10,8.6800288254,11.6347811533,65536,62176,65535,1048576
closed_n24,24,0.000000,0.500000,false,2,256,1.000e-12,0.05000,26.400000,11,8.9914507408,12.0259579246,65536,64254,65536,4194304
closed_n24,24,0.000000,0.500000,false,2,256,1.000e-12,0.05000,26.400000,12,8.9574520972,12.0436990517,65536,64572,65536,16777216
closed_n24,24,0.000000,0.500000,false,2,256,1.000e-12,0.05000,26.400000,13,8.9906922192,12.0254365192,65536,64253,65536,4194304
closed_n24,24,0.000000,0.500000,false,2,256,1.000e-12,0.05000,26.400000,14,8.6792924511,11.6326032544,65536,62161,65535,1048576
closed_n24,24,0.000000,0.500000,false,2,256,1.000e-12,0.05000,26.400000,15,8.2875311715,11.0753169614,65536,54550,65514,262144
closed_n24,24,0.000000,0.500000,false,2,256,1.000e-12,0.05000,26.400000,16,7.6146685513,10.1676830521,65536,32096,60039,65536
closed_n24,24,0.000000,0.500000,false,2,256,1.000e-12,0.05000,26.400000,17,7.0356079754,9.1641058339,16384,10090,15658,16384
closed_n24,24,0.000000,0.500000,false,2,256,1.000e-12,0.05000,26.400000,18,6.1274655483,8.0196222601,4096,2952,3999,4096
closed_n24,24,0.000000,0.500000,false,2,256,1.000e-12,0.05000,26.400000,19,5.5831780434,6.9843339778,1024,847,1012,1024
closed_n24,24,0.000000,0.500000,false,2,256,1.000e-12,0.05000,26.400000,20,4.5281096370,5.7652322251,256,233,255,256
closed_n24,24,0.000000,0.500000,false,2,256,1.000e-12,0.05000,26.400000,21,3.9093226316,4.6244411739,64,63,64,64
closed_n24,24,0.000000,0.500000,false,2,256,1.000e-12,0.05000,26.400000,22,2.7272247973,3.2686637108,16,16,16,16
closed_n24,24,0.000000,0.500000,false,2,256,1.000e-12,0.05000,26.400000,23,1.9679859460,1.9839183975,4,4,4,4
closed_n24,24,0.000000,0.500000,false,2,256,1.000e-12,0.05000,27.600000,1,1.9223995885,1.9607566998,4,4,4,4
closed_n24,24,0.000000,0.500000,false,2,256,1.000e-12,0.05000,27.600000,2,2.6259476770,3.2009032188,16,16,16,16
closed_n24,24,0.000000,0.500000,false,2,256,1.000e-12,0.05000,27.600000,3,3.8558527762,4.5993201158,64,63,64,64
closed_n24,24,0.000000,0.500000,false,2,256,1.000e-12,0.05000,27.600000,4,4.5015292953,5.7503369341,256,234,255,256
closed_n24,24,0.000000,0.500000,false,2,256,1.000e-12,0.05000,27.600000,5,5.4536285710,6.9105894141,1024,848,1013,1024
closed_n24,24,0.000000,0.500000,false,2,256,1.000e-12,0.05000,27.600000,6,6.1224250318,8.0287791290,4096,2993,4011,4096
closed_n24,24,0.000000,0.500000,false,2,256,1.000e-12,0.05000,27.600000,7,6.9185960208,9.1036470376,16384,10224,15750,16384
closed_n24,24,0.000000,0.500000,false,2,256,1.000e-12,0.05000,27.600000,8,7.5171973552,10.1328484487,65536,32627,60575,65536
closed_n24,24,0.000000,0.500000,false,2,256,1.000e-12,0.05000,27.600000,9,8.0560552506,10.9629571663,65536,54747,65515,262144
closed_n24,24,0.000000,0.500000,false,2,256,1.000e-12,0.05000,27.600000,10,8.4396786357,11.5167875379,65536,62320,65535,1048576
closed_n24,24,0.000000,0.500000,false,2,256,1.000e-12,0.05000,27.600000,11,8.6660542508,11.8675058444,65536,64248,65536,4194304
closed_n24,24,0.000000,0.500000,false,2,256,1.000e-12,0.05000,27.600000,12,8.7738798407,11.9660702548,65536,64617,65536,16777216
closed_n24,24,0.000000,0.500000,false,2,256,1.000e-12,0.05000,27.600000,13,8.6646045569,11.8655672868,65536,64259,65536,4194304
closed_n24,24,0.000000,0.500000,false,2,256,1.000e-12,0.05000,27.600000,14,8.4385132032,11.5165832160,65536,62347,65535,1048576
closed_n24,24,0.000000,0.500000,false,2,256,1.000e-12,0.05000,27.600000,15,8.0553743388,10.9618418017,65536,54728,65515,262144
closed_n24,24,0.000000,0.500000,false,2,256,1.000e-12,0.05000,27.600000,16,7.5172318583,10.1325787607,65536,32591,60517,65536
closed_n24,24,0.000000,0.500000,false,2,256,1.000e-12,0.05000,27.600000,17,6.9185921983,9.1031560915,16384,10216,15745,16384
closed_n24,24,0.000000,0.500000,false,2,256,1.000e-12,0.05000,27.600000,18,6.1218912578,8.0280894388,4096,2995,4011,4096
closed_n24,24,0.000000,0.500000,false,2,256,1.000e-12,0.05000,27.600000,19,5.4539438232,6.9118289344,1024,850,1014,1024
closed_n24,24,0.000000,0.500000,false,2,256,1.000e-12,0.05000,27.600000,20,4.5014532770,5.7505993976,256,234,255,256
closed_n24,24,0.000000,0.500000,false,2,256,1.000e-12,0.05000,27.600000,21,3.8556537010,4.5990715788,64,63,64,64
closed_n24,24,0.000000,0.500000,false,2,256,1.000e-12,0.05000,27.600000,22,2.6255274543,3.2006414514,16,16,16,16
closed_n24,24,0.000000,0.500000,false,2,256,1.000e-12,0.05000,27.600000,23,1.9223583725,1.9607356164,4,4,4,4
closed_n24,24,0.000000,0.500000,false,2,256,1.000e-12,0.05000,28.800000,1,1.8531218785,1.9249457638,4,4,4,4
closed_n24,24,0.000000,0.500000,false,2,256,1.000e-12,0.05000,28.800000,2,2.6757623260,3.2263964799,16,16,16,16
closed_n24,24,0.000000,0.500000,false,2,256,1.000e-12,0.05000,28.800000,3,3.7276660722,4.5370512371,64,63,64,64
closed_n24,24,0.000000,0.500000,false,2,256,1.000e-12,0.05000,28.800000,4,4.4983943651,5.7572483387,256,235,256,256
closed_n24,24,0.000000,0.500000,false,2,256,1.000e-12,0.05000,28.800000,5,5.3157836362,6.8497096318,1024,852,1014,1024
closed_n24,24,0.000000,0.500000,false,2,256,1.000e-12,0.05000,28.800000,6,6.2144219590,8.0807446374,4096,3029,4021,4096
closed_n24,24,0.000000,0.500000,false,2,256,1.000e-12,0.05000,28.800000,7,6.6955628502,8.9976490832,16384,10316,15817,16384
closed_n24,24,0.000000,0.500000,false,2,256,1.000e-12,0.05000,28.800000,8,7.4836972082,10.1270284764,65536,33299,60999,65536
closed_n24,24,0.000000,0.500000,false,2,256,1.000e-12,0.05000,28.800000,9,7.7476998232,10.8303103007,65536,54836,65515,262144
closed_n24,24,0.000000,0.500000,false,2,256,1.000e-12,0.05000,28.800000,10,8.3767876122,11.4926331002,65536,62473,65535,1048576
closed_n24,24,0.000000,0.500000,false,2,256,1.000e-12,0.05000,28.800000,11,8.4175434943,11.7508958754,65536,64266,65536,4194304
closed_n24,24,0.000000,0.500000,false,2,256,1.000e-12,0.05000,28.800000,12,8.7711763916,11.9650970250,65536,64645,65536,16777216
closed_n24,24,0.000000,0.500000,false,2,256,1.000e-12,0.05000,28.800000,13,8.4172623579,11.7493432632,65536,64244,65536,4194304
closed_n24,24,0.000000,0.500000,false,2,256,1.000e-12,0.05000,28.800000,14,8.3763136720,11.4915843701,65536,62482,65535,1048576
closed_n24,24,0.000000,0.500000,false,2,256,1.000e-12,0.05000,28.800000,15,7.7482649779,10.8326009593,65536,54989,65517,262144
closed_n24,24,0.000000,0.500000,false,2,256,1.000e-12,0.05000,28.800000,16,7.4827343615,10.1257115466,65536,33326,61041,65536
closed_n24,24,0.000000,0.500000,false,2,256,1.000e-12,0.05000,28.800000,17,6.6950896720,8.9967413976,16384,10318,15817,16384
closed_n24,24,0.000000,0.500000,false,2,256,1.000e-12,0.05000,28.800000,18,6.2134647551,8.0801987068,4096,3034,4022,4096
closed_n24,24,0.000000,0.500000,false,2,256,1.000e-12,0.05000,28.800000,19,5.3147921337,6.8491027492,1024,854,1015,1024
closed_n24,24,0.000000,0.500000,false,2,256,1.000e-12,0.05000,28.800000,20,4.4977665894,5.7568390116,256,236,256,256
closed_n24,24,0.000000,0.500000,false,2,256,1.000e-12,0.05000,28.800000,21,3.7279896339,4.5368448613,64,63,64,64
closed_n24,24,0.000000,0.500000,false,2,256,1.000e-12,0.05000,28.800000,22,2.6757504003,3.2263463170,16,16,16,16
closed_n24,24,0.000000,0.500000,false,2,256,1.000e-12,0.05000,28.800000,23,1.8531478009,1.9249593057,4,4,4,4
closed_n24,24,0.000000,0.500000,false,2,256,1.000e-12,0.05000,30.000000,1,1.8377582881,1.9169006745,4,4,4,4
closed_n24,24,0.000000,0.500000,false,2,256,1.000e-12,0.05000,30.000000,2,2.5670248875,3.1695488273,16,16,16,16
closed_n24,24,0.000000,0.500000,false,2,256,1.000e-12,0.05000,30.000000,3,3.7962127834,4.5959117468,64,63,64,64
closed_n24,24,0.000000,0.500000,false,2,256,1.000e-12,0.05000,30.000000,4,4.4229016477,5.7310826218,256,236,256,256
closed_n24,24,0.000000,0.500000,false,2,256,1.000e-12,0.05000,30.000000,5,5.4313136875,6.9328682328,1024,862,1016,1024
closed_n24,24,0.000000,0.500000,false,2,256,1.000e-12,0.05000,30.000000,6,6.0284963702,8.0091547119,4096,3054,4029,4096
closed_n24,24,0.000000,0.500000,false,2,256,1.000e-12,0.05000,30.000000,7,6.8512196418,9.0978364026,16384,10540,15882,16384
closed_n24,24,0.000000,0.500000,false,2,256,1.000e-12,0.05000,30.000000,8,7.3337567643,10.0607895997,65536,33768,61415,65536
closed_n24,24,0.000000,0.500000,false,2,256,1.000e-12,0.05000,30.000000,9,7.9169132687,10.8999486924,65536,55328,65520,262144
closed_n24,24,0.000000,0.500000,false,2,256,1.000e-12,0.05000,30.000000,10,8.2535574241,11.4548420553,65536,62525,65535,1048576
closed_n24,24,0.000000,0.500000,false,2,256,1.000e-12,0.05000,30.000000,11,8.5591662078,11.8044443199,65536,64292,65536,4194304
closed_n24,24,0.000000,0.500000,false,2,256,1.000e-12,0.05000,30.000000,12,8.6548548445,11.9355572993,65536,64635,65536,16777216
closed_n24,24,0.000000,0.500000,false,2,256,1.000e-12,0.05000,30.000000,13,8.5592815561,11.8048853922,65536,64302,65536,4194304
closed_n24,24,0.000000,0.500000,false,2,256,1.000e-12,0.05000,30.000000,14,8.2534071544,11.4548846588,65536,62536,65535,1048576
closed_n24,24,0.000000,0.500000,false,2,256,1.000e-12,0.05000,30.000000,15,7.9163230210,10.9008344654,65536,55436,65520,262144
closed_n24,24,0.000000,0.500000,false,2,256,1.000e-12,0.05000,30.000000,16,7.3350902590,10.0632759808,65536,33834,61436,65536
closed_n24,24,0.000000,0.500000,false,2,256,1.000e-12,0.05000,30.000000,17,6.8508083331,9.0969181210,16384,10545,15885,16384
closed_n24,24,0.000000,0.500000,false,2,256,1.000e-12,0.05000,30.000000,18,6.0268373431,8.0060099329,4096,3057,4032,4096
closed_n24,24,0.000000,0.500000,false,2,256,1.000e-12,0.05000,30.000000,19,5.4300263026,6.9307630313,1024,863,1016,1024
closed_n24,24,0.000000,0.500000,false,2,256,1.000e-12,0.05000,30.000000,20,4.4221881317,5.7301267425,256,236,256,256
closed_n24,24,0.000000,0.500000,false,2,256,1.000e-12,0.05000,30.000000,21,3.7963511409,4.5955753539,64,63,64,64
closed_n24,24,0.000000,0.500000,false,2,256,1.000e-12,0.05000,30.000000,22,2.5672110968,3.1695976228,16,16,16,16
closed_n24,24,0.000000,0.500000,false,2,256,1.000e-12,0.05000,30.000000,23,1.8380666895,1.9170625449,4,4,4,4
closed_n24,24,0.000000,0.500000,false,2,256,1.000e-12,0.05000,31.200000,1,1.8880308836,1.9430850215,4,4,4,4
closed_n24,24,0.000000,0.500000,false,2,256,1.000e-12,0.05000,31.200000,2,2.6839889333,3.2423841537,16,16,16,16
closed_n24,24,0.000000,0.500000,false,2,256,1.000e-12,0.05000,31.200000,3,3.7604655724,4.5715227866,64,63,64,64
closed_n24,24,0.000000,0.500000,false,2,256,1.000e-12,0.05000,31.200000,4,4.5561204228,5.7977491920,256,236,256,256
closed_n24,24,0.000000,0.500000,false,2,256,1.000e-12,0.05000,31.200000,5,5.3035939642,6.8863310604,1024,868,1016,1024
closed_n24,24,0.000000,0.500000,false,2,256,1.000e-12,0.05000,31.200000,6,6.1331290506,8.0479923240,4096,3088,4038,4096
closed_n24,24,0.000000,0.500000,false,2,256,1.000e-12,0.05000,31.200000,7,6.7298330004,9.0554018599,16384,10684,15932,16384
closed_n24,24,0.000000,0.500000,false,2,256,1.000e-12,0.05000,31.200000,8,7.4313632479,10.1086081228,65536,34484,61813,65536
closed_n24,24,0.000000,0.500000,false,2,256,1.000e-12,0.05000,31.200000,9,7.8567299124,10.8786504035,65536,55776,65520,262144
closed_n24,24,0.000000,0.500000,false,2,256,1.000e-12,0.05000,31.200000,10,8.3883265116,11.4984830082,65536,62538,65535,1048576
closed_n24,24,0.000000,0.500000,false,2,256,1.000e-12,0.05000,31.200000,11,8.5514553391,11.8044309089,65536,64315,65536,4194304
closed_n24,24,0.000000,0.500000,false,2,256,1.000e-12,0.05000,31.200000,12,8.7738301537,11.9796086908,65536,64649,65536,16777216
closed_n24,24,0.000000,0.500000,false,2,256,1.000e-12,0.05000,31.200000,13,8.5510047900,11.8038667795,65536,64340,65536,4194304
closed_n24,24,0.000000,0.500000,false,2,256,1.000e-12,0.05000,31.200000,14,8.3884635830,11.4973683866,65536,62578,65535,1048576
closed_n24,24,0.000000,0.500000,false,2,256,1.000e-12,0.05000,31.200000,15,7.8574950839,10.8792429475,65536,55808,65521,262144
closed_n24,24,0.000000,0.500000,false,2,256,1.000e-12,0.05000,31.200000,16,7.4328316294,10.1111885406,65536,34551,61866,65536
closed_n24,24,0.000000,0.500000,false,2,256,1.000e-12,0.05000,31.200000,17,6.7301249062,9.0552503373,16384,10687,15937,16384
closed_n24,24,0.000000,0.500000,false,2,256,1.000e-12,0.05000,31.200000,18,6.1336442912,8.0483850485,4096,3091,4039,4096
closed_n24,24,0.000000,0.500000,false,2,256,1.000e-12,0.05000,31.200000,19,5.3034819374,6.8854246201,1024,869,1017,1024
closed_n24,24,0.000000,0.500000,false,2,256,1.000e-12,0.05000,31.200000,20,4.5558967930,5.7978892179,256,236,256,256
closed_n24,24,0.000000,0.500000,false,2,256,1.000e-12,0.05000,31.200000,21,3.7606047852,4.5718760064,64,63,64,64
closed_n24,24,0.000000,0.500000,false,2,256,1.000e-12,0.05000,31.200000,22,2.6840463352,3.2425049625,16,16,16,16
closed_n24,24,0.000000,0.500000,false,2,256,1.000e-12,0.05000,31.200000,23,1.8880385842,1.9430890016,4,4,4,4
closed_n24,24,0.000000,0.500000,false,2,256,1.000e-12,0.05000,32.400000,1,1.9106710815,1.9547466773,4,4,4,4
closed_n24,24,0.000000,0.500000,false,2,256,1.000e-12,0.05000,32.400000,2,2.7807562232,3.2874043964,16,16,16,16
closed_n24,24,0.000000,0.500000,false,2,256,1.000e-12,0.05000,32.400000,3,3.8470036762,4.6109056368,64,63,64,64
closed_n24,24,0.000000,0.500000,false,2,256,1.000e-12,0.05000,32.400000,4,4.5940314977,5.7906569308,256,237,256,256
closed_n24,24,0.000000,0.500000,false,2,256,1.000e-12,0.05000,32.400000,5,5.4894197695,6.9632576646,1024,875,1018,1024
closed_n24,24,0.000000,0.500000,false,2,256,1.000e-12,0.05000,32.400000,6,6.1326813289,8.0462837814,4096,3127,4045,4096
closed_n24,24,0.000000,0.500000,false,2,256,1.000e-12,0.05000,32.400000,7,6.9661305108,9.1624138180,16384,10875,15983,16384
closed_n24,24,0.000000,0.500000,false,2,256,1.000e-12,0.05000,32.400000,8,7.3769751412,10.1096312773,65536,35131,62136,65536
closed_n24,24,0.000000,0.500000,false,2,256,1.000e-12,0.05000,32.400000,9,8.0885896518,10.9777681458,65536,56204,65523,262144
closed_n24,24,0.000000,0.500000,false,2,256,1.000e-12,0.05000,32.400000,10,8.3542320871,11.5044798688,65536,62736,65535,1048576
closed_n24,24,0.000000,0.500000,false,2,256,1.000e-12,0.05000,32.400000,11,8.8193729934,11.9170332405,65536,64350,65536,4194304
closed_n24,24,0.000000,0.500000,false,2,256,1.000e-12,0.05000,32.400000,12,8.8160435383,11.9955105238,65536,64654,65536,16777216
closed_n24,24,0.000000,0.500000,false,2,256,1.000e-12,0.05000,32.400000,13,8.8186733040,11.9163012317,65536,64344,65536,4194304
closed_n24,24,0.000000,0.500000,false,2,256,1.000e-12,0.05000,32.400000,14,8.3527375979,11.5027552439,65536,62719,65535,1048576
closed_n24,24,0.000000,0.500000,false,2,256,1.000e-12,0.05000,32.400000,15,8.0885499629,10.9783090756,65536,56268,65523,262144
closed_n24,24,0.000000,0.500000,false,2,256,1.000e-12,0.05000,32.400000,16,7.3770587652,10.1106628569,65536,35185,62165,65536
closed_n24,24,0.000000,0.500000,false,2,256,1.000e-12,0.05000,32.400000,17,6.9679484611,9.1650439356,16384,10898,15992,16384
closed_n24,24,0.000000,0.500000,false,2,256,1.000e-12,0.05000,32.400000,18,6.1332426689,8.0465664951,4096,3129,4046,4096
closed_n24,24,0.000000,0.500000,false,2,256,1.000e-12,0.05000,32.400000,19,5.4902886164,6.9637629504,1024,875,1018,1024
closed_n24,24,0.000000,0.500000,false,2,256,1.000e-12,0.05000,32.400000,20,4.5942487036,5.7909394349,256,237,256,256
closed_n24,24,0.000000,0.500000,false,2,256,1.000e-12,0.05000,32.400000,21,3.8459575926,4.6105593258,64,63,64,64
closed_n24,24,0.000000,0.500000,false,2,256,1.000e-12,0.05000,32.400000,22,2.7802513946,3.2871536918,16,16,16,16
closed_n24,24,0.000000,0.500000,false,2,256,1.000e-12,0.05000,32.400000,23,1.9104975121,1.9546575765,4,4,4,4
closed_n24,24,0.000000,0.500000,false,2,256,1.000e-12,0.05000,33.600000,1,1.8695199780,1.9334906097,4,4,4,4
closed_n24,24,0.000000,0.500000,false,2,256,1.000e-12,0.05000,33.600000,2,2.6975382074,3.2459045932,16,16,16,16
closed_n24,24,0.000000,0.500000,false,2,256,1.000e-12,0.05000,33.600000,3,3.8284690270,4.6112310530,64,63,64,64
closed_n24,24,0.000000,0.500000,false,2,256,1.000e-12,0.05000,33.600000,4,4.6666193296,5.8414310896,256,238,256,256
closed_n24,24,0.000000,0.500000,false,2,256,1.000e-12,0.05000,33.600000,5,5.5484223944,7.0031858697,1024,882,1018,1024
closed_n24,24,0.000000,0.500000,false,2,256,1.000e-12,0.05000,33.600000,6,6.2694542161,8.1088878217,4096,3157,4051,4096
closed_n24,24,0.000000,0.500000,false,2,256,1.000e-12,0.05000,33.600000,7,7.0250769930,9.2007640376,16384,11063,16026,16384
closed_n24,24,0.000000,0.500000,false,2,256,1.000e-12,0.05000,33.600000,8,7.6871768703,10.2636485946,65536,36042,62441,65536
closed_n24,24,0.000000,0.500000,false,2,256,1.000e-12,0.05000,33.600000,9,8.2085918495,11.0561626882,65536,56568,65523,262144
closed_n24,24,0.000000,0.500000,false,2,256,1.000e-12,0.05000,33.600000,10,8.6187715407,11.6343222537,65536,62902,65536,1048576
closed_n24,24,0.000000,0.500000,false,2,256,1.000e-12,0.05000,33.600000,11,8.9936439205,12.0127519046,65536,64430,65536,4194304
closed_n24,24,0.000000,0.500000,false,2,256,1.000e-12,0.05000,33.600000,12,8.9633464669,12.1125292901,65536,64702,65536,16777216
closed_n24,24,0.000000,0.500000,false,2,256,1.000e-12,0.05000,33.600000,13,8.9924879781,12.0098842649,65536,64409,65536,4194304
closed_n24,24,0.000000,0.500000,false,2,256,1.000e-12,0.05000,33.600000,14,8.6173836837,11.6324322367,65536,62892,65536,1048576
closed_n24,24,0.000000,0.500000,false,2,256,1.000e-12,0.05000,33.600000,15,8.2077955183,11.0563187035,65536,56658,65525,262144
closed_n24,24,0.000000,0.500000,false,2,256,1.000e-12,0.05000,33.600000,16,7.6876684246,10.2645497281,65536,36122,62483,65536
closed_n24,24,0.000000,0.500000,false,2,256,1.000e-12,0.05000,33.600000,17,7.0248893999,9.2016147553,16384,11069,16028,16384
closed_n24,24,0.000000,0.500000,false,2,256,1.000e-12,0.05000,33.600000,18,6.2709529437,8.1101567613,4096,3157,4051,4096
closed_n24,24,0.000000,0.500000,false,2,256,1.000e-12,0.05000,33.600000,19,5.5482669071,7.0032867565,1024,882,1018,1024
closed_n24,24,0.000000,0.500000,false,2,256,1.000e-12,0.05000,33.600000,20,4.6668923488,5.8411158466,256,238,256,256
closed_n24,24,0.000000,0.500000,false,2,256,1.000e-12,0.05000,33.600000,21,3.8285826939,4.6112997355,64,63,64,64
closed_n24,24,0.000000,0.500000,false,2,256,1.000e-12,0.05000,33.600000,22,2.6980493348,3.2466490013,16,16,16,16
closed_n24,24,0.000000,0.500000,false,2,256,1.000e-12,0.05000,33.600000,23,1.8695230143,1.9334921879,4,4,4,4
closed_n24,24,0.000000,0.500000,false,2,256,1.000e-12,0.05000,34.800000,1,1.8805560872,1.9392172645,4,4,4,4
closed_n24,24,0.000000,0.500000,false,2,256,1.000e-12,0.05000,34.800000,2,2.6507903113,3.2372412590,16,16,16,16
closed_n24,24,0.000000,0.500000,false,2,256,1.000e-12,0.05000,34.800000,3,3.8609342904,4.6466508403,64,64,64,64
closed_n24,24,0.000000,0.500000,false,2,256,1.000e-12,0.05000,34.800000,4,4.5552115490,5.8123844127,256,239,256,256
closed_n24,24,0.000000,0.500000,false,2,256,1.000e-12,0.05000,34.800000,5,5.6280322513,7.0691383685,1024,891,1019,1024
closed_n24,24,0.000000,0.500000,false,2,256,1.000e-12,0.05000,34.800000,6,6.2371958408,8.1272712409,4096,3196,4057,4096
closed_n24,24,0.000000,0.500000,false,2,256,1.000e-12,0.05000,34.800000,7,7.1936110975,9.3008173574,16384,11253,16069,16384
closed_n24,24,0.000000,0.500000,false,2,256,1.000e-12,0.05000,34.800000,8,7.7125960554,10.3070102317,65536,36775,62712,65536
closed_n24,24,0.000000,0.500000,false,2,256,1.000e-12,0.05000,34.800000,9,8.5126109427,11.2005484028,65536,57077,65526,262144
closed_n24,24,0.000000,0.500000,false,2,256,1.000e-12,0.05000,34.800000,10,8.7500742364,11.7089071135,65536,63000,65536,1048576
closed_n24,24,0.000000,0.500000,false,2,256,1.000e-12,0.05000,34.800000,11,9.2635935970,12.1372623406,65536,64496,65536,4194304
closed_n24,24,0.000000,0.500000,false,2,256,1.000e-12,0.05000,34.800000,12,9.1795328764,12.2175377437,65536,64757,65536,16777216
closed_n24,24,0.000000,0.500000,false,2,256,1.000e-12,0.05000,34.800000,13,9.2621013038,12.1348567660,65536,64475,65536,4194304
closed_n24,24,0.000000,0.500000,false,2,256,1.000e-12,0.05000,34.800000,14,8.7481668291,11.7034922541,65536,62972,65536,1048576
closed_n24,24,0.000000,0.500000,false,2,256,1.000e-12,0.05000,34.800000,15,8.5128181102,11.2022564282,65536,57177,65527,262144
closed_n24,24,0.000000,0.500000,false,2,256,1.000e-12,0.05000,34.800000,16,7.7127354140,10.3089614541,65536,36829,62721,65536
closed_n24,24,0.000000,0.500000,false,2,256,1.000e-12,0.05000,34.800000,17,7.1932096796,9.3001419437,16384,11245,16064,16384
closed_n24,24,0.000000,0.500000,false,2,256,1.000e-12,0.05000,34.800000,18,6.2363579286,8.1267737464,4096,3194,4055,4096
closed_n24,24,0.000000,0.500000,false,2,256,1.000e-12,0.05000,34.800000,19,5.6283968559,7.0697947530,1024,890,1019,1024
closed_n24,24,0.000000,0.500000,false,2,256,1.000e-12,0.05000,34.800000,20,4.5552258238,5.8126000337,256,239,256,256
closed_n24,24,0.000000,0.500000,false,2,256,1.000e-12,0.05000,34.800000,21,3.8618173681,4.6469950063,64,64,64,64
closed_n24,24,0.000000,0.500000,false,2,256,1.000e-12,0.05000,34.800000,22,2.6517664468,3.2376585063,16,16,16,16
closed_n24,24,0.000000,0.500000,false,2,256,1.000e-12,0.05000,34.800000,23,1.8807320536,1.9393084176,4,4,4,4
closed_n24,24,0.000000,0.500000,false,2,256,1.000e-12,0.05000,36.000000,1,1.9334547247,1.9664024112,4,4,4,4
closed_n24,24,0.000000,0.500000,false,2,256,1.000e-12,0.05000,36.000000,2,2.7054953770,3.2609752680,16,16,16,16
closed_n24,24,0.000000,0.500000,false,2,256,1.000e-12,0.05000,36.000000,3,3.8468881705,4.6256441908,64,63,64,64
closed_n24,24,0.000000,0.500000,false,2,256,1.000e-12,0.05000,36.000000,4,4.5083578696,5.7992407128,256,240,256,256
closed_n24,24,0.000000,0.500000,false,2,256,1.000e-12,0.05000,36.000000,5,5.5419546230,7.0282338106,1024,895,1020,1024
closed_n24,24,0.000000,0.500000,false,2,256,1.000e-12,0.05000,36.000000,6,6.2284422936,8.1786675514,4096,3244,4061,4096
closed_n24,24,0.000000,0.500000,false,2,256,1.000e-12,0.05000,36.000000,7,7.1444335719,9.3080160311,16384,11423,16106,16384
closed_n24,24,0.000000,0.500000,false,2,256,1.000e-12,0.05000,36.000000,8,7.8044130987,10.3968260749,65536,37586,62989,65536
closed_n24,24,0.000000,0.500000,false,2,256,1.000e-12,0.05000,36.000000,9,8.4974475136,11.2284831108,65536,57455,65527,262144
closed_n24,24,0.000000,0.500000,false,2,256,1.000e-12,0.05000,36.000000,10,9.0658134936,11.8527079401,65536,63106,65536,1048576
closed_n24,24,0.000000,0.500000,false,2,256,1.000e-12,0.05000,36.000000,11,9.4000300106,12.2029162517,65536,64521,65536,4194304
closed_n24,24,0.000000,0.500000,false,2,256,1.000e-12,0.05000,36.000000,12,9.6541543869,12.4229372610,65536,64798,65536,16777216
closed_n24,24,0.000000,0.500000,false,2,256,1.000e-12,0.05000,36.000000,13,9.3999061793,12.2022510089,65536,64507,65536,4194304
closed_n24,24,0.000000,0.500000,false,2,256,1.000e-12,0.05000,36.000000,14,9.0655175276,11.8515044361,65536,63121,65536,1048576
closed_n24,24,0.000000,0.500000,false,2,256,1.000e-12,0.05000,36.000000,15,8.4957038855,11.2280804123,65536,57518,65527,262144
closed_n24,24,0.000000,0.500000,false,2,256,1.000e-12,0.05000,36.000000,16,7.8041549060,10.3971940563,65536,37618,62975,65536
closed_n24,24,0.000000,0.500000,false,2,256,1.000e-12,0.05000,36.000000,17,7.1449430556,9.3079182379,16384,11402,16097,16384
closed_n24,24,0.000000,0.500000,false,2,256,1.000e-12,0.05000,36.000000,18,6.2283654383,8.1771854909,4096,3239,4061,4096
closed_n24,24,0.000000,0.500000,false,2,256,1.000e-12,0.05000,36.000000,19,5.5412537710,7.0263757992,1024,895,1019,1024
closed_n24,24,0.000000,0.500000,false,2,256,1.000e-12,0.05000,36.000000,20,4.5089186886,5.7990968295,256,240,256,256
closed_n24,24,0.000000,0.500000,false,2,256,1.000e-12,0.05000,36.000000,21,3.8476435200,4.6262500209,64,63,64,64
closed_n24,24,0.000000,0.500000,false,2,256,1.000e-12,0.05000,36.000000,22,2.7057969225,3.2614006529,16,16,16,16
closed_n24,24,0.000000,0.500000,false,2,256,1.000e-12,0.05000,36.000000,23,1.9334400816,1.9663949454,4,4,4,4
open_n24_g0p100,24,0.100000,0.500000,true,2,256,1.000e-12,0.05000,0.000000,1,0.0000000000,0.0000000000,1,1,1,4
open_n24_g0p100,24,0.100000,0.500000,true,2,256,1.000e-12,0.05000,0.000000,2,0.0000000000,0.0000000000,1,1,1,16
open_n24_g0p100,24,0.100000,0.500000,true,2,256,1.000e-12,0.05000,0.000000,3,0.0000000000,0.0000000000,1,1,1,64
open_n24_g0p100,24,0.100000,0.500000,true,2,256,1.000e-12,0.05000,0.000000,4,0.0000000000,0.0000000000,1,1,1,256
open_n24_g0p100,24,0.100000,0.500000,true,2,256,1.000e-12,0.05000,0.000000,5,0.0000000000,0.0000000000,1,1,1,1024
open_n24_g0p100,24,0.100000,0.500000,true,2,256,1.000e-12,0.05000,0.000000,6,0.0000000000,0.0000000000,1,1,1,4096
open_n24_g0p100,24,0.100000,0.500000,true,2,256,1.000e-12,0.05000,0.000000,7,0.0000000000,0.0000000000,1,1,1,16384
open_n24_g0p100,24,0.100000,0.500000,true,2,256,1.000e-12,0.05000,0.000000,8,0.0000000000,0.0000000000,1,1,1,65536
open_n24_g0p100,24,0.100000,0.500000,true,2,256,1.000e-12,0.05000,0.000000,9,0.0000000000,0.0000000000,1,1,1,262144
open_n24_g0p100,24,0.100000,0.500000,true,2,256,1.000e-12,0.05000,0.000000,10,0.0000000000,0.0000000000,1,1,1,1048576
open_n24_g0p100,24,0.100000,0.500000,true,2,256,1.000e-12,0.05000,0.000000,11,0.0000000000,0.0000000000,1,1,1,4194304
open_n24_g0p100,24,0.100000,0.500000,true,2,256,1.000e-12,0.05000,0.000000,12,0.0000000000,0.0000000000,1,1,1,16777216
open_n24_g0p100,24,0.100000,0.500000,true,2,256,1.000e-12,0.05000,0.000000,13,0.0000000000,0.0000000000,1,1,1,4194304
open_n24_g0p100,24,0.100000,0.500000,true,2,256,1.000e-12,0.05000,0.000000,14,0.0000000000,0.0000000000,1,1,1,1048576
open_n24_g0p100,24,0.100000,0.500000,true,2,256,1.000e-12,0.05000,0.000000,15,0.0000000000,0.0000000000,1,1,1,262144
open_n24_g0p100,24,0.100000,0.500000,true,2,256,1.000e-12,0.05000,0.000000,16,0.0000000000,0.0000000000,1,1,1,65536
open_n24_g0p100,24,0.100000,0.500000,true,2,256,1.000e-12,0.05000,0.000000,17,0.0000000000,0.0000000000,1,1,1,16384
open_n24_g0p100,24,0.100000,0.500000,true,2,256,1.000e-12,0.05000,0.000000,18,0.0000000000,0.0000000000,1,1,1,4096
open_n24_g0p100,24,0.100000,0.500000,true,2,256,1.000e-12,0.05000,0.000000,19,0.0000000000,0.0000000000,1,1,1,1024
open_n24_g0p100,24,0.100000,0.500000,true,2,256,1.000e-12,0.05000,0.000000,20,0.0000000000,0.0000000000,1,1,1,256
open_n24_g0p100,24,0.100000,0.500000,true,2,256,1.000e-12,0.05000,0.000000,21,0.0000000000,0.0000000000,1,1,1,64
open_n24_g0p100,24,0.100000,0.500000,true,2,256,1.000e-12,0.05000,0.000000,22,0.0000000000,0.0000000000,1,1,1,16
open_n24_g0p100,24,0.100000,0.500000,true,2,256,1.000e-12,0.05000,0.000000,23,0.0000000000,0.0000000000,1,1,1,4
open_n24_g0p100,24,0.100000,0.500000,true,2,256,1.000e-12,0.05000,1.200000,1,1.6284307763,1.8045131952,4,4,4,4
open_n24_g0p100,24,0.100000,0.500000,true,2,256,1.000e-12,0.05000,1.200000,2,1.7268988907,2.4659757202,16,16,16,16
open_n24_g0p100,24,0.100000,0.500000,true,2,256,1.000e-12,0.05000,1.200000,3,1.7125686898,2.5426091952,63,39,63,64
open_n24_g0p100,24,0.100000,0.500000,true,2,256,1.000e-12,0.05000,1.200000,4,1.7122351477,2.5412516300,118,43,101,256
open_n24_g0p100,24,0.100000,0.500000,true,2,256,1.000e-12,0.05000,1.200000,5,1.7111002745,2.5412544944,131,43,107,1024
open_n24_g0p100,24,0.100000,0.500000,true,2,256,1.000e-12,0.05000,1.200000,6,1.7120334148,2.5411238408,124,43,106,4096
open_n24_g0p100,24,0.100000,0.500000,true,2,256,1.000e-12,0.05000,1.200000,7,1.7110901028,2.5412242498,131,43,107,16384
open_n24_g0p100,24,0.100000,0.500000,true,2,256,1.000e-12,0.05000,1.200000,8,1.7120316418,2.5411214859,124,43,106,65536
open_n24_g0p100,24,0.100000,0.500000,true,2,256,1.000e-12,0.05000,1.200000,9,1.7110898577,2.5412239247,131,43,107,262144
open_n24_g0p100,24,0.100000,0.500000,true,2,256,1.000e-12,0.05000,1.200000,10,1.7120316155,2.5411214298,124,43,106,1048576
open_n24_g0p100,24,0.100000,0.500000,true,2,256,1.000e-12,0.05000,1.200000,11,1.7110898523,2.5412239183,131,43,107,4194304
open_n24_g0p100,24,0.100000,0.500000,true,2,256,1.000e-12,0.05000,1.200000,12,1.7120316146,2.5411214287,124,43,106,16777216
open_n24_g0p100,24,0.100000,0.500000,true,2,256,1.000e-12,0.05000,1.200000,13,1.7110898520,2.5412239179,131,43,107,4194304
open_n24_g0p100,24,0.100000,0.500000,true,2,256,1.000e-12,0.05000,1.200000,14,1.7120316137,2.5411214271,124,43,106,1048576
open_n24_g0p100,24,0.100000,0.500000,true,2,256,1.000e-12,0.05000,1.200000,15,1.7110898446,2.5412239051,131,43,107,262144
open_n24_g0p100,24,0.100000,0.500000,true,2,256,1.000e-12,0.05000,1.200000,16,1.7120315360,2.5411213218,124,43,106,65536
open_n24_g0p100,24,0.100000,0.500000,true,2,256,1.000e-12,0.05000,1.200000,17,1.7110892889,2.5412230477,131,43,107,16384
open_n24_g0p100,24,0.100000,0.500000,true,2,256,1.000e-12,0.05000,1.200000,18,1.7120283717,2.5411179557,124,43,106,4096
open_n24_g0p100,24,0.100000,0.500000,true,2,256,1.000e-12,0.05000,1.200000,19,1.7110792171,2.5412287100,131,43,107,1024
open_n24_g0p100,24,0.100000,0.500000,true,2,256,1.000e-12,0.05000,1.200000,20,1.7121725731,2.5411217512,114,43,99,256
open_n24_g0p100,24,0.100000,0.500000,true,2,256,1.000e-12,0.05000,1.200000,21,1.7122702402,2.5413721250,60,38,58,64
open_n24_g0p100,24,0.100000,0.500000,true,2,256,1.000e-12,0.05000,1.200000,22,1.7230053623,2.4599897236,16,16,16,16
open_n24_g0p100,24,0.100000,0.500000,true,2,256,1.000e-12,0.05000,1.200000,23,1.6168790025,1.7967699835,4,4,4,4
open_n24_g0p100,24,0.100000,0.500000,true,2,256,1.000e-12,0.05000,2.400000,1,1.9392459686,1.9702402513,4,4,4,4
open_n24_g0p100,24,0.100000,0.500000,true,2,256,1.000e-12,0.05000,2.400000,2,2.6015965487,3.2209332063,16,16,16,16
open_n24_g0p100,24,0.100000,0.500000,true,2,256,1.000e-12,0.05000,2.400000,3,3.4073598449,4.3101780850,64,64,64,64
open_n24_g0p100,24,0.100000,0.500000,true,2,256,1.000e-12,0.05000,2.400000,4,3.3429534270,4.5750230866,251,185,248,256
open_n24_g0p100,24,0.100000,0.500000,true,2,256,1.000e-12,0.05000,2.400000,5,3.3618003858,4.5912941737,256,228,256,1024
open_n24_g0p100,24,0.100000,0.500000,true,2,256,1.000e-12,0.05000,2.400000,6,3.3504932597,4.5858673034,256,228,256,4096
open_n24_g0p100,24,0.100000,0.500000,true,2,256,1.000e-12,0.05000,2.400000,7,3.3491293463,4.5845985611,256,227,256,16384
open_n24_g0p100,24,0.100000,0.500000,true,2,256,1.000e-12,0.05000,2.400000,8,3.3503899540,4.5847758775,256,227,256,65536
open_n24_g0p100,24,0.100000,0.500000,true,2,256,1.000e-12,0.05000,2.400000,9,3.3493970549,4.5845943972,256,228,256,262144
open_n24_g0p100,24,0.100000,0.500000,true,2,256,1.000e-12,0.05000,2.400000,10,3.3504239495,4.5848054835,256,227,256,1048576
open_n24_g0p100,24,0.100000,0.500000,true,2,256,1.000e-12,0.05000,2.400000,11,3.3495503524,4.5846509550,256,228,256,4194304
open_n24_g0p100,24,0.100000,0.500000,true,2,256,1.000e-12,0.05000,2.400000,12,3.3504340965,4.5848167755,256,227,256,16777216
open_n24_g0p100,24,0.100000,0.500000,true,2,256,1.000e-12,0.05000,2.400000,13,3.3495175981,4.5846206814,256,228,256,4194304
open_n24_g0p100,24,0.100000,0.500000,true,2,256,1.000e-12,0.05000,2.400000,14,3.3503134772,4.5847072593,256,227,256,1048576
open_n24_g0p100,24,0.100000,0.500000,true,2,256,1.000e-12,0.05000,2.400000,15,3.3491074801,4.5843566443,256,227,256,262144
open_n24_g0p100,24,0.100000,0.500000,true,2,256,1.000e-12,0.05000,2.400000,16,3.3496863065,4.5842371463,256,227,256,65536
open_n24_g0p100,24,0.100000,0.500000,true,2,256,1.000e-12,0.05000,2.400000,17,3.3479207204,4.5836061564,256,227,256,16384
open_n24_g0p100,24,0.100000,0.500000,true,2,256,1.000e-12,0.05000,2.400000,18,3.3473482382,4.5833861759,256,228,256,4096
open_n24_g0p100,24,0.100000,0.500000,true,2,256,1.000e-12,0.05000,2.400000,19,3.3572065530,4.5848154250,256,226,256,1024
open_n24_g0p100,24,0.100000,0.500000,true,2,256,1.000e-12,0.05000,2.400000,20,3.3153325081,4.5455505856,239,171,232,256
open_n24_g0p100,24,0.100000,0.500000,true,2,256,1.000e-12,0.05000,2.400000,21,3.3366585785,4.2404595296,64,61,64,64
open_n24_g0p100,24,0.100000,0.500000,true,2,256,1.000e-12,0.05000,2.400000,22,2.4797903036,3.1237764491,16,16,16,16
open_n24_g0p100,24,0.100000,0.500000,true,2,256,1.000e-12,0.05000,2.400000,23,1.8809201497,1.9399942290,4,4,4,4
open_n24_g0p100,24,0.100000,0.500000,true,2,256,1.000e-12,0.05000,3.600000,1,1.8479144384,1.9266379251,4,4,4,4
open_n24_g0p100,24,0.100000,0.500000,true,2,256,1.000e-12,0.05000,3.600000,2,2.7043273173,3.3201640262,16,16,16,16
open_n24_g0p100,24,0.100000,0.500000,true,2,256,1.000e-12,0.05000,3.600000,3,3.7856433492,4.6517961164,64,64,64,64
open_n24_g0p100,24,0.100000,0.500000,true,2,256,1.000e-12,0.05000,3.600000,4,4.2229909604,5.6367968066,255,237,254,256
open_n24_g0p100,24,0.100000,0.500000,true,2,256,1.000e-12,0.05000,3.600000,5,4.6782835818,6.0618169389,256,256,256,1024
open_n24_g0p100,24,0.100000,0.500000,true,2,256,1.000e-12,0.05000,3.600000,6,4.6216220597,6.0743528913,256,256,256,4096
open_n24_g0p100,24,0.100000,0.500000,true,2,256,1.000e-12,0.05000,3.600000,7,4.6298819559,6.0800745925,256,255,256,16384
open_n24_g0p100,24,0.100000,0.500000,true,2,256,1.000e-12,0.05000,3.600000,8,4.6125005262,6.0669040172,256,256,256,65536
open_n24_g0p100,24,0.100000,0.500000,true,2,256,1.000e-12,0.05000,3.600000,9,4.6127063155,6.0660879834,256,255,256,262144
open_n24_g0p100,24,0.100000,0.500000,true,2,256,1.000e-12,0.05000,3.600000,10,4.6170722855,6.0677479699,256,256,256,1048576
open_n24_g0p100,24,0.100000,0.500000,true,2,256,1.000e-12,0.05000,3.600000,11,4.6163322564,6.0673967589,256,255,256,4194304
open_n24_g0p100,24,0.100000,0.500000,true,2,256,1.000e-12,0.05000,3.600000,12,4.6184114846,6.0684084976,256,255,256,16777216
open_n24_g0p100,24,0.100000,0.500000,true,2,256,1.000e-12,0.05000,3.600000,13,4.6157599156,6.0672748773,256,256,256,4194304
open_n24_g0p100,24,0.100000,0.500000,true,2,256,1.000e-12,0.05000,3.600000,14,4.6150062699,6.0668611605,256,255,256,1048576
open_n24_g0p100,24,0.100000,0.500000,true,2,256,1.000e-12,0.05000,3.600000,15,4.6118299599,6.0653271063,256,256,256,262144
open_n24_g0p100,24,0.100000,0.500000,true,2,256,1.000e-12,0.05000,3.600000,16,4.6066391167,6.0631139741,256,255,256,65536
open_n24_g0p100,24,0.100000,0.500000,true,2,256,1.000e-12,0.05000,3.600000,17,4.6189623484,6.0680430311,256,256,256,16384
open_n24_g0p100,24,0.100000,0.500000,true,2,256,1.000e-12,0.05000,3.600000,18,4.5607848490,6.0310915501,256,256,256,4096
open_n24_g0p100,24,0.100000,0.500000,true,2,256,1.000e-12,0.05000,3.600000,19,4.5369605635,5.9580232194,256,256,256,1024
open_n24_g0p100,24,0.100000,0.500000,true,2,256,1.000e-12,0.05000,3.600000,20,3.9630635574,5.4072107212,252,220,250,256
open_n24_g0p100,24,0.100000,0.500000,true,2,256,1.000e-12,0.05000,3.600000,21,3.5462716552,4.4443638755,64,63,64,64
open_n24_g0p100,24,0.100000,0.500000,true,2,256,1.000e-12,0.05000,3.600000,22,2.5231246443,3.1415312495,16,16,16,16
open_n24_g0p100,24,0.100000,0.500000,true,2,256,1.000e-12,0.05000,3.600000,23,1.6771879858,1.8356549865,4,4,4,4
open_n24_g0p100,24,0.100000,0.500000,true,2,256,1.000e-12,0.05000,4.800000,1,1.7481028608,1.8781142617,4,4,4,4
open_n24_g0p100,24,0.100000,0.500000,true,2,256,1.000e-12,0.05000,4.800000,2,2.5334973874,3.2495453083,16,16,16,16
open_n24_g0p100,24,0.100000,0.500000,true,2,256,1.000e-12,0.05000,4.800000,3,3.4645464345,4.5942347843,64,64,64,64
open_n24_g0p100,24,0.100000,0.500000,true,2,256,1.000e-12,0.05000,4.800000,4,4.0379612293,5.7147404892,255,239,255,256
open_n24_g0p100,24,0.100000,0.500000,true,2,256,1.000e-12,0.05000,4.800000,5,4.5782548650,6.2418561826,256,256,256,1024
open_n24_g0p100,24,0.100000,0.500000,true,2,256,1.000e-12,0.05000,4.800000,6,4.7196522682,6.4390510989,256,256,256,4096
open_n24_g0p100,24,0.100000,0.500000,true,2,256,1.000e-12,0.05000,4.800000,7,4.8976098065,6.5325609533,256,256,256,16384
open_n24_g0p100,24,0.100000,0.500000,true,2,256,1.000e-12,0.05000,4.800000,8,4.8276061347,6.5221567296,256,256,256,65536
open_n24_g0p100,24,0.100000,0.500000,true,2,256,1.000e-12,0.05000,4.800000,9,4.8151059347,6.5089661856,256,256,256,262144
open_n24_g0p100,24,0.100000,0.500000,true,2,256,1.000e-12,0.05000,4.800000,10,4.7995063341,6.4978772316,256,256,256,1048576
open_n24_g0p100,24,0.100000,0.500000,true,2,256,1.000e-12,0.05000,4.800000,11,4.7976419045,6.4953619953,256,256,256,4194304
open_n24_g0p100,24,0.100000,0.500000,true,2,256,1.000e-12,0.05000,4.800000,12,4.8023807325,6.4965463754,256,256,256,16777216
open_n24_g0p100,24,0.100000,0.500000,true,2,256,1.000e-12,0.05000,4.800000,13,4.8053978492,6.4984291043,256,256,256,4194304
open_n24_g0p100,24,0.100000,0.500000,true,2,256,1.000e-12,0.05000,4.800000,14,4.8070099951,6.4999073427,256,256,256,1048576
open_n24_g0p100,24,0.100000,0.500000,true,2,256,1.000e-12,0.05000,4.800000,15,4.8176849629,6.5023737594,256,256,256,262144
open_n24_g0p100,24,0.100000,0.500000,true,2,256,1.000e-12,0.05000,4.800000,16,4.7818555036,6.4887680317,256,256,256,65536
open_n24_g0p100,24,0.100000,0.500000,true,2,256,1.000e-12,0.05000,4.800000,17,4.7679017429,6.4464941870,256,256,256,16384
open_n24_g0p100,24,0.100000,0.500000,true,2,256,1.000e-12,0.05000,4.800000,18,4.4938278289,6.2859091297,256,256,256,4096
open_n24_g0p100,24,0.100000,0.500000,true,2,256,1.000e-12,0.05000,4.800000,19,4.3202618975,6.0392898875,256,256,256,1024
open_n24_g0p100,24,0.100000,0.500000,true,2,256,1.000e-12,0.05000,4.800000,20,3.8019085462,5.4232236702,253,213,252,256
open_n24_g0p100,24,0.100000,0.500000,true,2,256,1.000e-12,0.05000,4.800000,21,3.2694196483,4.3798254041,64,62,64,64
open_n24_g0p100,24,0.100000,0.500000,true,2,256,1.000e-12,0.05000,4.800000,22,2.3903438096,3.0752035375,16,16,16,16
open_n24_g0p100,24,0.100000,0.500000,true,2,256,1.000e-12,0.05000,4.800000,23,1.5479003858,1.7694066333,4,4,4,4
open_n24_g0p100,24,0.100000,0.500000,true,2,256,1.000e-12,0.05000,6.000000,1,1.2518684638,1.6108241523,4,4,4,4
open_n24_g0p100,24,0.100000,0.500000,true,2,256,1.000e-12,0.05000,6.000000,2,1.8202007673,2.8581567302,16,16,16,16
open_n24_g0p100,24,0.100000,0.500000,true,2,256,1.000e-12,0.05000,6.000000,3,2.3234110897,4.0433189485,64,64,64,64
open_n24_g0p100,24,0.100000,0.500000,true,2,256,1.000e-12,0.05000,6.000000,4,2.6392673090,5.0664000547,256,235,255,256
open_n24_g0p100,24,0.100000,0.500000,true,2,256,1.000e-12,0.05000,6.000000,5,2.9108454716,5.5582391137,256,256,256,1024
open_n24_g0p100,24,0.100000,0.500000,true,2,256,1.000e-12,0.05000,6.000000,6,3.0458938112,5.7445977546,256,256,256,4096
open_n24_g0p100,24,0.100000,0.500000,true,2,256,1.000e-12,0.05000,6.000000,7,3.1480432484,5.8497779699,256,256,256,16384
open_n24_g0p100,24,0.100000,0.500000,true,2,256,1.000e-12,0.05000,6.000000,8,3.1359937523,5.8662970178,256,256,256,65536
open_n24_g0p100,24,0.100000,0.500000,true,2,256,1.000e-12,0.05000,6.000000,9,3.1502954805,5.8847590112,256,256,256,262144
open_n24_g0p100,24,0.100000,0.500000,true,2,256,1.000e-12,0.05000,6.000000,10,3.0987734955,5.8452593751,256,256,256,1048576
open_n24_g0p100,24,0.100000,0.500000,true,2,256,1.000e-12,0.05000,6.000000,11,3.0923215482,5.8394221557,256,256,256,4194304
open_n24_g0p100,24,0.100000,0.500000,true,2,256,1.000e-12,0.05000,6.000000,12,3.0896778907,5.8306495881,256,256,256,16777216
open_n24_g0p100,24,0.100000,0.500000,true,2,256,1.000e-12,0.05000,6.000000,13,3.1090801671,5.8423123353,256,256,256,4194304
open_n24_g0p100,24,0.100000,0.500000,true,2,256,1.000e-12,0.05000,6.000000,14,3.1193750718,5.8409631640,256,256,256,1048576
open_n24_g0p100,24,0.100000,0.500000,true,2,256,1.000e-12,0.05000,6.000000,15,3.1527614726,5.8545900361,256,256,256,262144
open_n24_g0p100,24,0.100000,0.500000,true,2,256,1.000e-12,0.05000,6.000000,16,3.1248692640,5.8128151810,256,256,256,65536
open_n24_g0p100,24,0.100000,0.500000,true,2,256,1.000e-12,0.05000,6.000000,17,3.1387311609,5.7776690145,256,256,256,16384
open_n24_g0p100,24,0.100000,0.500000,true,2,256,1.000e-12,0.05000,6.000000,18,3.0633408624,5.6713871410,256,256,256,4096
open_n24_g0p100,24,0.100000,0.500000,true,2,256,1.000e-12,0.05000,6.000000,19,2.9496727194,5.4775665706,256,256,256,1024
open_n24_g0p100,24,0.100000,0.500000,true,2,256,1.000e-12,0.05000,6.000000,20,2.6552922737,4.8723812594,253,212,253,256
open_n24_g0p100,24,0.100000,0.500000,true,2,256,1.000e-12,0.05000,6.000000,21,2.2636217561,3.8521766004,64,61,64,64
open_n24_g0p100,24,0.100000,0.500000,true,2,256,1.000e-12,0.05000,6.000000,22,1.7065704504,2.6553918740,16,16,16,16
open_n24_g0p100,24,0.100000,0.500000,true,2,256,1.000e-12,0.05000,6.000000,23,1.1060515380,1.5114599859,4,4,4,4
open_n24_g0p100,24,0.100000,0.500000,true,2,256,1.000e-12,0.05000,7.200000,1,0.6086697467,1.1441458749,4,4,4,4
open_n24_g0p100,24,0.100000,0.500000,true,2,256,1.000e-12,0.05000,7.200000,2,0.8993922785,2.1419421462,16,16,16,16
open_n24_g0p100,24,0.100000,0.500000,true,2,256,1.000e-12,0.05000,7.200000,3,1.0771955861,3.0652704341,64,64,64,64
open_n24_g0p100,24,0.100000,0.500000,true,2,256,1.000e-12,0.05000,7.200000,4,1.1693542260,3.8839803884,256,228,256,256
open_n24_g0p100,24,0.100000,0.500000,true,2,256,1.000e-12,0.05000,7.200000,5,1.2180468045,4.2054167675,256,256,256,1024
open_n24_g0p100,24,0.100000,0.500000,true,2,256,1.000e-12,0.05000,7.200000,6,1.2491092385,4.3241314337,256,256,256,4096
open_n24_g0p100,24,0.100000,0.500000,true,2,256,1.000e-12,0.05000,7.200000,7,1.2590338227,4.3555891541,256,256,256,16384
open_n24_g0p100,24,0.100000,0.500000,true,2,256,1.000e-12,0.05000,7.200000,8,1.2576276940,4.3629575642,256,256,256,65536
open_n24_g0p100,24,0.100000,0.500000,true,2,256,1.000e-12,0.05000,7.200000,9,1.2422217638,4.3413819183,256,256,256,262144
open_n24_g0p100,24,0.100000,0.500000,true,2,256,1.000e-12,0.05000,7.200000,10,1.2308527813,4.3174106069,256,256,256,1048576
open_n24_g0p100,24,0.100000,0.500000,true,2,256,1.000e-12,0.05000,7.200000,11,1.2262725620,4.3070431713,256,256,256,4194304
open_n24_g0p100,24,0.100000,0.500000,true,2,256,1.000e-12,0.05000,7.200000,12,1.2274572614,4.2984915834,256,256,256,16777216
open_n24_g0p100,24,0.100000,0.500000,true,2,256,1.000e-12,0.05000,7.200000,13,1.2444088816,4.3168695933,256,256,256,4194304
open_n24_g0p100,24,0.100000,0.500000,true,2,256,1.000e-12,0.05000,7.200000,14,1.2731153274,4.3422291680,256,256,256,1048576
open_n24_g0p100,24,0.100000,0.500000,true,2,256,1.000e-12,0.05000,7.200000,15,1.3124282144,4.3860692737,256,256,256,262144
open_n24_g0p100,24,0.100000,0.500000,true,2,256,1.000e-12,0.05000,7.200000,16,1.3582197829,4.4225625457,256,256,256,65536
open_n24_g0p100,24,0.100000,0.500000,true,2,256,1.000e-12,0.05000,7.200000,17,1.3936224496,4.4437939195,256,256,256,16384
open_n24_g0p100,24,0.100000,0.500000,true,2,256,1.000e-12,0.05000,7.200000,18,1.4020324755,4.3893883125,256,256,256,4096
open_n24_g0p100,24,0.100000,0.500000,true,2,256,1.000e-12,0.05000,7.200000,19,1.3717715296,4.2530249035,256,256,256,1024
open_n24_g0p100,24,0.100000,0.500000,true,2,256,1.000e-12,0.05000,7.200000,20,1.2555192695,3.7379074312,253,204,253,256
open_n24_g0p100,24,0.100000,0.500000,true,2,256,1.000e-12,0.05000,7.200000,21,1.1092312641,2.9163311979,64,60,64,64
open_n24_g0p100,24,0.100000,0.500000,true,2,256,1.000e-12,0.05000,7.200000,22,0.9165844211,2.0011026466,16,16,16,16
open_n24_g0p100,24,0.100000,0.500000,true,2,256,1.000e-12,0.05000,7.200000,23,0.5390310518,1.0674841373,4,4,4,4
open_n24_g0p100,24,0.100000,0.500000,true,2,256,1.000e-12,0.05000,8.400000,1,0.2748493689,0.7697395604,4,4,4,4
open_n24_g0p100,24,0.100000,0.500000,true,2,256,1.000e-12,0.05000,8.400000,2,0.4355966121,1.5267521755,16,16,16,16
open_n24_g0p100,24,0.100000,0.500000,true,2,256,1.000e-12,0.05000,8.400000,3,0.4768972340,2.1291567445,64,62,64,64
open_n24_g0p100,24,0.100000,0.500000,true,2,256,1.000e-12,0.05000,8.400000,4,0.5099915004,2.7389356234,256,216,256,256
open_n24_g0p100,24,0.100000,0.500000,true,2,256,1.000e-12,0.05000,8.400000,5,0.5211614448,2.9681525247,256,256,256,1024
open_n24_g0p100,24,0.100000,0.500000,true,2,256,1.000e-12,0.05000,8.400000,6,0.5222822496,3.0022487789,256,256,256,4096
open_n24_g0p100,24,0.100000,0.500000,true,2,256,1.000e-12,0.05000,8.400000,7,0.5222520291,2.9771799647,256,256,256,16384
open_n24_g0p100,24,0.100000,0.500000,true,2,256,1.000e-12,0.05000,8.400000,8,0.5194532005,2.9389485492,256,256,256,65536
open_n24_g0p100,24,0.100000,0.500000,true,2,256,1.000e-12,0.05000,8.400000,9,0.5096431831,2.8940042358,256,256,256,262144
open_n24_g0p100,24,0.100000,0.500000,true,2,256,1.000e-12,0.05000,8.400000,10,0.5032160583,2.8618001058,256,256,256,1048576
open_n24_g0p100,24,0.100000,0.500000,true,2,256,1.000e-12,0.05000,8.400000,11,0.5012912196,2.8503029737,256,256,256,4194304
open_n24_g0p100,24,0.100000,0.500000,true,2,256,1.000e-12,0.05000,8.400000,12,0.5083224314,2.8576001406,256,256,256,16777216
open_n24_g0p100,24,0.100000,0.500000,true,2,256,1.000e-12,0.05000,8.400000,13,0.5227620039,2.8934022447,256,256,256,4194304
open_n24_g0p100,24,0.100000,0.500000,true,2,256,1.000e-12,0.05000,8.400000,14,0.5450350996,2.9466151789,256,256,256,1048576
open_n24_g0p100,24,0.100000,0.500000,true,2,256,1.000e-12,0.05000,8.400000,15,0.5725087414,3.0192791665,256,256,256,262144
open_n24_g0p100,24,0.100000,0.500000,true,2,256,1.000e-12,0.05000,8.400000,16,0.6038635343,3.0853251284,256,256,256,65536
open_n24_g0p100,24,0.100000,0.500000,true,2,256,1.000e-12,0.05000,8.400000,17,0.6312304096,3.1468553951,256,256,256,16384
open_n24_g0p100,24,0.100000,0.500000,true,2,256,1.000e-12,0.05000,8.400000,18,0.6310504173,3.1412322798,256,256,256,4096
open_n24_g0p100,24,0.100000,0.500000,true,2,256,1.000e-12,0.05000,8.400000,19,0.6130933922,3.0558876586,256,255,256,1024
open_n24_g0p100,24,0.100000,0.500000,true,2,256,1.000e-12,0.05000,8.400000,20,0.5822741330,2.6693240321,253,188,253,256
open_n24_g0p100,24,0.100000,0.500000,true,2,256,1.000e-12,0.05000,8.400000,21,0.5351177649,2.0678658012,64,57,64,64
open_n24_g0p100,24,0.100000,0.500000,true,2,256,1.000e-12,0.05000,8.400000,22,0.4667992443,1.4393553501,16,16,16,16
open_n24_g0p100,24,0.100000,0.500000,true,2,256,1.000e-12,0.05000,8.400000,23,0.3104524528,0.8033056680,4,4,4,4
open_n24_g0p100,24,0.100000,0.500000,true,2,256,1.000e-12,0.05000,9.600000,1,0.1429014156,0.5501079225,4,4,4,4
open_n24_g0p100,24,0.100000,0.500000,true,2,256,1.000e-12,0.05000,9.600000,2,0.2453609465,1.1219623325,16,16,16,16
open_n24_g0p100,24,0.100000,0.500000,true,2,256,1.000e-12,0.05000,9.600000,3,0.2548626859,1.5079195436,64,60,64,64
open_n24_g0p100,24,0.100000,0.500000,true,2,256,1.000e-12,0.05000,9.600000,4,0.2592515942,1.9008005618,256,200,256,256
open_n24_g0p100,24,0.100000,0.500000,true,2,256,1.000e-12,0.05000,9.600000,5,0.2629238072,2.0483059258,256,254,256,1024
open_n24_g0p100,24,0.100000,0.500000,true,2,256,1.000e-12,0.05000,9.600000,6,0.2638190751,2.0599971989,256,254,256,4096
open_n24_g0p100,24,0.100000,0.500000,true,2,256,1.000e-12,0.05000,9.600000,7,0.2631466877,2.0286694990,256,254,256,16384
open_n24_g0p100,24,0.100000,0.500000,true,2,256,1.000e-12,0.05000,9.600000,8,0.2647560892,1.9881275033,256,254,256,65536
open_n24_g0p100,24,0.100000,0.500000,true,2,256,1.000e-12,0.05000,9.600000,9,0.2645799680,1.9506324972,256,254,256,262144
open_n24_g0p100,24,0.100000,0.500000,true,2,256,1.000e-12,0.05000,9.600000,10,0.2639829840,1.9225318862,256,254,256,1048576
open_n24_g0p100,24,0.100000,0.500000,true,2,256,1.000e-12,0.05000,9.600000,11,0.2641655362,1.9102624586,256,254,256,4194304
open_n24_g0p100,24,0.100000,0.500000,true,2,256,1.000e-12,0.05000,9.600000,12,0.2685872293,1.9218228727,256,254,256,16777216
open_n24_g0p100,24,0.100000,0.500000,true,2,256,1.000e-12,0.05000,9.600000,13,0.2783518735,1.9605359947,256,254,256,4194304
open_n24_g0p100,24,0.100000,0.500000,true,2,256,1.000e-12,0.05000,9.600000,14,0.2923631681,2.0201315140,256,254,256,1048576
open_n24_g0p100,24,0.100000,0.500000,true,2,256,1.000e-12,0.05000,9.600000,15,0.3098764335,2.0954268027,256,254,256,262144
open_n24_g0p100,24,0.100000,0.500000,true,2,256,1.000e-12,0.05000,9.600000,16,0.3244296931,2.1624223767,256,255,256,65536
open_n24_g0p100,24,0.100000,0.500000,true,2,256,1.000e-12,0.05000,9.600000,17,0.3254017423,2.2062464156,256,255,256,16384
open_n24_g0p100,24,0.100000,0.500000,true,2,256,1.000e-12,0.05000,9.600000,18,0.3195335363,2.2091465019,256,254,256,4096
open_n24_g0p100,24,0.100000,0.500000,true,2,256,1.000e-12,0.05000,9.600000,19,0.3169379409,2.1534736643,256,253,256,1024
open_n24_g0p100,24,0.100000,0.500000,true,2,256,1.000e-12,0.05000,9.600000,20,0.3089241018,1.8863946551,253,170,252,256
open_n24_g0p100,24,0.100000,0.500000,true,2,256,1.000e-12,0.05000,9.600000,21,0.2936202990,1.4786494439,64,51,64,64
open_n24_g0p100,24,0.100000,0.500000,true,2,256,1.000e-12,0.05000,9.600000,22,0.2710752532,1.0605037195,16,15,16,16
open_n24_g0p100,24,0.100000,0.500000,true,2,256,1.000e-12,0.05000,9.600000,23,0.1633078349,0.5748277498,4,4,4,4
open_n24_g0p100,24,0.100000,0.500000,true,2,256,1.000e-12,0.05000,10.800000,1,0.0789531196,0.4029253922,4,4,4,4
open_n24_g0p100,24,0.100000,0.500000,true,2,256,1.000e-12,0.05000,10.800000,2,0.1539733962,0.8626216852,16,16,16,16
open_n24_g0p100,24,0.100000,0.500000,true,2,256,1.000e-12,0.05000,10.800000,3,0.1533204370,1.0923598856,64,56,64,64
open_n24_g0p100,24,0.100000,0.500000,true,2,256,1.000e-12,0.05000,10.800000,4,0.1545419310,1.3438560695,256,179,255,256
open_n24_g0p100,24,0.100000,0.500000,true,2,256,1.000e-12,0.05000,10.800000,5,0.1552054045,1.4382064950,256,247,256,1024
open_n24_g0p100,24,0.100000,0.500000,true,2,256,1.000e-12,0.05000,10.800000,6,0.1559595797,1.4368261610,256,249,256,4096
open_n24_g0p100,24,0.100000,0.500000,true,2,256,1.000e-12,0.05000,10.800000,7,0.1556396357,1.4124522046,256,248,256,16384
open_n24_g0p100,24,0.100000,0.500000,true,2,256,1.000e-12,0.05000,10.800000,8,0.1571155995,1.3891378631,256,247,256,65536
open_n24_g0p100,24,0.100000,0.500000,true,2,256,1.000e-12,0.05000,10.800000,9,0.1585226983,1.3679598976,256,245,256,262144
open_n24_g0p100,24,0.100000,0.500000,true,2,256,1.000e-12,0.05000,10.800000,10,0.1617267225,1.3575112755,256,244,256,1048576
open_n24_g0p100,24,0.100000,0.500000,true,2,256,1.000e-12,0.05000,10.800000,11,0.1643178740,1.3560488186,256,243,256,4194304
open_n24_g0p100,24,0.100000,0.500000,true,2,256,1.000e-12,0.05000,10.800000,12,0.1685341003,1.3717533787,256,244,256,16777216
open_n24_g0p100,24,0.100000,0.500000,true,2,256,1.000e-12,0.05000,10.800000,13,0.1746893755,1.4045625765,256,244,256,4194304
open_n24_g0p100,24,0.100000,0.500000,true,2,256,1.000e-12,0.05000,10.800000,14,0.1828375643,1.4519742177,256,246,256,1048576
open_n24_g0p100,24,0.100000,0.500000,true,2,256,1.000e-12,0.05000,10.800000,15,0.1891369423,1.5004021868,256,247,256,262144
open_n24_g0p100,24,0.100000,0.500000,true,2,256,1.000e-12,0.05000,10.800000,16,0.1901963368,1.5376177985,256,248,256,65536
open_n24_g0p100,24,0.100000,0.500000,true,2,256,1.000e-12,0.05000,10.800000,17,0.1883106126,1.5633215112,256,249,256,16384
open_n24_g0p100,24,0.100000,0.500000,true,2,256,1.000e-12,0.05000,10.800000,18,0.1874647443,1.5680869371,256,249,256,4096
open_n24_g0p100,24,0.100000,0.500000,true,2,256,1.000e-12,0.05000,10.800000,19,0.1870694874,1.5250190208,256,245,256,1024
open_n24_g0p100,24,0.100000,0.500000,true,2,256,1.000e-12,0.05000,10.800000,20,0.1840824107,1.3432415520,253,147,250,256
open_n24_g0p100,24,0.100000,0.500000,true,2,256,1.000e-12,0.05000,10.800000,21,0.1787124791,1.0798203007,64,46,64,64
open_n24_g0p100,24,0.100000,0.500000,true,2,256,1.000e-12,0.05000,10.800000,22,0.1691115207,0.8104727629,16,15,16,16
open_n24_g0p100,24,0.100000,0.500000,true,2,256,1.000e-12,0.05000,10.800000,23,0.1108150306,0.4628494181,4,4,4,4
open_n24_g0p100,24,0.100000,0.500000,true,2,256,1.000e-12,0.05000,12.000000,1,0.0463851837,0.3033343051,4,4,4,4
open_n24_g0p100,24,0.100000,0.500000,true,2,256,1.000e-12,0.05000,12.000000,2,0.1018553400,0.6708381748,16,16,16,16
open_n24_g0p100,24,0.100000,0.500000,true,2,256,1.000e-12,0.05000,12.000000,3,0.1006725608,0.8106382632,64,49,64,64
open_n24_g0p100,24,0.100000,0.500000,true,2,256,1.000e-12,0.05000,12.000000,4,0.1001358020,0.9596222697,256,153,254,256
open_n24_g0p100,24,0.100000,0.500000,true,2,256,1.000e-12,0.05000,12.000000,5,0.0998981335,1.0260132031,256,229,256,1024
open_n24_g0p100,24,0.100000,0.500000,true,2,256,1.000e-12,0.05000,12.000000,6,0.1012704206,1.0333369193,256,233,256,4096
open_n24_g0p100,24,0.100000,0.500000,true,2,256,1.000e-12,0.05000,12.000000,7,0.1024537997,1.0222422854,256,230,256,16384
open_n24_g0p100,24,0.100000,0.500000,true,2,256,1.000e-12,0.05000,12.000000,8,0.1038261362,1.0100869058,256,226,256,65536
open_n24_g0p100,24,0.100000,0.500000,true,2,256,1.000e-12,0.05000,12.000000,9,0.1053878877,1.0032434005,256,221,256,262144
open_n24_g0p100,24,0.100000,0.500000,true,2,256,1.000e-12,0.05000,12.000000,10,0.1080050446,1.0032001213,256,219,256,1048576
open_n24_g0p100,24,0.100000,0.500000,true,2,256,1.000e-12,0.05000,12.000000,11,0.1111198533,1.0128527015,256,218,256,4194304
open_n24_g0p100,24,0.100000,0.500000,true,2,256,1.000e-12,0.05000,12.000000,12,0.1145853662,1.0314670306,256,219,256,16777216
open_n24_g0p100,24,0.100000,0.500000,true,2,256,1.000e-12,0.05000,12.000000,13,0.1183420972,1.0569116877,256,221,256,4194304
open_n24_g0p100,24,0.100000,0.500000,true,2,256,1.000e-12,0.05000,12.000000,14,0.1213346920,1.0819099460,256,224,256,1048576
open_n24_g0p100,24,0.100000,0.500000,true,2,256,1.000e-12,0.05000,12.000000,15,0.1217993151,1.1051034835,256,228,256,262144
open_n24_g0p100,24,0.100000,0.500000,true,2,256,1.000e-12,0.05000,12.000000,16,0.1212492772,1.1231558309,256,232,256,65536
open_n24_g0p100,24,0.100000,0.500000,true,2,256,1.000e-12,0.05000,12.000000,17,0.1206812036,1.1326323242,256,234,256,16384
open_n24_g0p100,24,0.100000,0.500000,true,2,256,1.000e-12,0.05000,12.000000,18,0.1211766972,1.1301818443,256,235,256,4096
open_n24_g0p100,24,0.100000,0.500000,true,2,256,1.000e-12,0.05000,12.000000,19,0.1203988817,1.0961943127,256,222,256,1024
open_n24_g0p100,24,0.100000,0.500000,true,2,256,1.000e-12,0.05000,12.000000,20,0.1192246187,0.9837160497,253,119,246,256
open_n24_g0p100,24,0.100000,0.500000,true,2,256,1.000e-12,0.05000,12.000000,21,0.1168200607,0.8113992251,64,43,64,64
open_n24_g0p100,24,0.100000,0.500000,true,2,256,1.000e-12,0.05000,12.000000,22,0.1148884043,0.6413537902,16,15,16,16
open_n24_g0p100,24,0.100000,0.500000,true,2,256,1.000e-12,0.05000,12.000000,23,0.0765986394,0.3757361431,4,4,4,4
open_n24_g0p100,24,0.100000,0.500000,true,2,256,1.000e-12,0.05000,13.200000,1,0.0305873438,0.2417059005,4,4,4,4
open_n24_g0p100,24,0.100000,0.500000,true,2,256,1.000e-12,0.05000,13.200000,2,0.0711751770,0.5367870925,16,16,16,16
open_n24_g0p100,24,0.100000,0.500000,true,2,256,1.000e-12,0.05000,13.200000,3,0.0696059581,0.6217848363,64,46,64,64
open_n24_g0p100,24,0.100000,0.500000,true,2,256,1.000e-12,0.05000,13.200000,4,0.0693681872,0.7121290805,256,121,250,256
open_n24_g0p100,24,0.100000,0.500000,true,2,256,1.000e-12,0.05000,13.200000,5,0.0691302439,0.7521310156,256,190,256,1024
open_n24_g0p100,24,0.100000,0.500000,true,2,256,1.000e-12,0.05000,13.200000,6,0.0694981756,0.7598454644,256,199,256,4096
open_n24_g0p100,24,0.100000,0.500000,true,2,256,1.000e-12,0.05000,13.200000,7,0.0711836936,0.7619914732,256,195,256,16384
open_n24_g0p100,24,0.100000,0.500000,true,2,256,1.000e-12,0.05000,13.200000,8,0.0727031348,0.7618209771,256,189,256,65536
open_n24_g0p100,24,0.100000,0.500000,true,2,256,1.000e-12,0.05000,13.200000,9,0.0745781343,0.7653745638,256,183,256,262144
open_n24_g0p100,24,0.100000,0.500000,true,2,256,1.000e-12,0.05000,13.200000,10,0.0762742202,0.7734820699,256,179,256,1048576
open_n24_g0p100,24,0.100000,0.500000,true,2,256,1.000e-12,0.05000,13.200000,11,0.0785917289,0.7867697714,256,179,256,4194304
open_n24_g0p100,24,0.100000,0.500000,true,2,256,1.000e-12,0.05000,13.200000,12,0.0808277325,0.8016609512,256,181,256,16777216
open_n24_g0p100,24,0.100000,0.500000,true,2,256,1.000e-12,0.05000,13.200000,13,0.0823439785,0.8144672862,256,183,256,4194304
open_n24_g0p100,24,0.100000,0.500000,true,2,256,1.000e-12,0.05000,13.200000,14,0.0825915991,0.8258831480,256,187,256,1048576
open_n24_g0p100,24,0.100000,0.500000,true,2,256,1.000e-12,0.05000,13.200000,15,0.0820863197,0.8340819765,256,193,256,262144
open_n24_g0p100,24,0.100000,0.500000,true,2,256,1.000e-12,0.05000,13.200000,16,0.0820414664,0.8383984165,256,198,256,65536
open_n24_g0p100,24,0.100000,0.500000,true,2,256,1.000e-12,0.05000,13.200000,17,0.0825898850,0.8405432864,256,203,256,16384
open_n24_g0p100,24,0.100000,0.500000,true,2,256,1.000e-12,0.05000,13.200000,18,0.0830117073,0.8376327189,256,202,256,4096
open_n24_g0p100,24,0.100000,0.500000,true,2,256,1.000e-12,0.05000,13.200000,19,0.0821138160,0.8117963422,256,180,256,1024
open_n24_g0p100,24,0.100000,0.500000,true,2,256,1.000e-12,0.05000,13.200000,20,0.0817009629,0.7340667213,253,95,237,256
open_n24_g0p100,24,0.100000,0.500000,true,2,256,1.000e-12,0.05000,13.200000,21,0.0810159937,0.6231629007,64,38,63,64
open_n24_g0p100,24,0.100000,0.500000,true,2,256,1.000e-12,0.05000,13.200000,22,0.0815684555,0.5134091383,16,14,16,16
open_n24_g0p100,24,0.100000,0.500000,true,2,256,1.000e-12,0.05000,13.200000,23,0.0495319051,0.2954374376,4,4,4,4
open_n24_g0p100,24,0.100000,0.500000,true,2,256,1.000e-12,0.05000,14.400000,1,0.0188214165,0.1856455474,4,4,4,4
open_n24_g0p100,24,0.100000,0.500000,true,2,256,1.000e-12,0.05000,14.400000,2,0.0510180209,0.4349533156,16,15,16,16
open_n24_g0p100,24,0.100000,0.500000,true,2,256,1.000e-12,0.05000,14.400000,3,0.0499201426,0.4828154416,64,39,64,64
open_n24_g0p100,24,0.100000,0.500000,true,2,256,1.000e-12,0.05000,14.400000,4,0.0496755277,0.5412935192,255,87,243,256
open_n24_g0p100,24,0.100000,0.500000,true,2,256,1.000e-12,0.05000,14.400000,5,0.0501739837,0.5719676310,256,133,256,1024
open_n24_g0p100,24,0.100000,0.500000,true,2,256,1.000e-12,0.05000,14.400000,6,0.0505412243,0.5799113354,256,146,256,4096
open_n24_g0p100,24,0.100000,0.500000,true,2,256,1.000e-12,0.05000,14.400000,7,0.0514151304,0.5846729254,256,146,256,16384
open_n24_g0p100,24,0.100000,0.500000,true,2,256,1.000e-12,0.05000,14.400000,8,0.0527919791,0.5912542361,256,143,256,65536
open_n24_g0p100,24,0.100000,0.500000,true,2,256,1.000e-12,0.05000,14.400000,9,0.0541115978,0.6001772391,256,138,256,262144
open_n24_g0p100,24,0.100000,0.500000,true,2,256,1.000e-12,0.05000,14.400000,10,0.0554700702,0.6117432881,256,136,256,1048576
open_n24_g0p100,24,0.100000,0.500000,true,2,256,1.000e-12,0.05000,14.400000,11,0.0568053539,0.6228435818,256,136,256,4194304
open_n24_g0p100,24,0.100000,0.500000,true,2,256,1.000e-12,0.05000,14.400000,12,0.0577951701,0.6319474191,256,138,256,16777216
open_n24_g0p100,24,0.100000,0.500000,true,2,256,1.000e-12,0.05000,14.400000,13,0.0580302977,0.6379250975,256,140,256,4194304
open_n24_g0p100,24,0.100000,0.500000,true,2,256,1.000e-12,0.05000,14.400000,14,0.0577590815,0.6407878920,256,143,256,1048576
open_n24_g0p100,24,0.100000,0.500000,true,2,256,1.000e-12,0.05000,14.400000,15,0.0576732954,0.6414654834,256,149,256,262144
open_n24_g0p100,24,0.100000,0.500000,true,2,256,1.000e-12,0.05000,14.400000,16,0.0582165667,0.6424868461,256,154,256,65536
open_n24_g0p100,24,0.100000,0.500000,true,2,256,1.000e-12,0.05000,14.400000,17,0.0587139415,0.6431622743,256,156,256,16384
open_n24_g0p100,24,0.100000,0.500000,true,2,256,1.000e-12,0.05000,14.400000,18,0.0585177980,0.6357228786,256,150,256,4096
open_n24_g0p100,24,0.100000,0.500000,true,2,256,1.000e-12,0.05000,14.400000,19,0.0584058245,0.6145645302,256,125,256,1024
open_n24_g0p100,24,0.100000,0.500000,true,2,256,1.000e-12,0.05000,14.400000,20,0.0585614369,0.5642689843,249,70,225,256
open_n24_g0p100,24,0.100000,0.500000,true,2,256,1.000e-12,0.05000,14.400000,21,0.0583475149,0.4922502195,64,32,63,64
open_n24_g0p100,24,0.100000,0.500000,true,2,256,1.000e-12,0.05000,14.400000,22,0.0573630961,0.4149550892,16,13,16,16
open_n24_g0p100,24,0.100000,0.500000,true,2,256,1.000e-12,0.05000,14.400000,23,0.0400087292,0.2593556968,4,4,4,4
open_n24_g0p100,24,0.100000,0.500000,true,2,256,1.000e-12,0.05000,15.600000,1,0.0137123522,0.1549556246,4,4,4,4
open_n24_g0p100,24,0.100000,0.500000,true,2,256,1.000e-12,0.05000,15.600000,2,0.0372658346,0.3535626944,16,13,16,16
open_n24_g0p100,24,0.100000,0.500000,true,2,256,1.000e-12,0.05000,15.600000,3,0.0368980481,0.3878252856,64,32,63,64
open_n24_g0p100,24,0.100000,0.500000,true,2,256,1.000e-12,0.05000,15.600000,4,0.0368721238,0.4207916949,253,59,231,256
open_n24_g0p100,24,0.100000,0.500000,true,2,256,1.000e-12,0.05000,15.600000,5,0.0372307064,0.4441851835,256,84,256,1024
open_n24_g0p100,24,0.100000,0.500000,true,2,256,1.000e-12,0.05000,15.600000,6,0.0378884247,0.4550746977,256,96,256,4096
open_n24_g0p100,24,0.100000,0.500000,true,2,256,1.000e-12,0.05000,15.600000,7,0.0383512170,0.4632476096,256,99,256,16384
open_n24_g0p100,24,0.100000,0.500000,true,2,256,1.000e-12,0.05000,15.600000,8,0.0390979465,0.4727443718,256,100,256,65536
open_n24_g0p100,24,0.100000,0.500000,true,2,256,1.000e-12,0.05000,15.600000,9,0.0400542768,0.4822115318,256,100,256,262144
open_n24_g0p100,24,0.100000,0.500000,true,2,256,1.000e-12,0.05000,15.600000,10,0.0409521807,0.4899316086,256,99,256,1048576
open_n24_g0p100,24,0.100000,0.500000,true,2,256,1.000e-12,0.05000,15.600000,11,0.0414941271,0.4958432254,256,99,256,4194304
open_n24_g0p100,24,0.100000,0.500000,true,2,256,1.000e-12,0.05000,15.600000,12,0.0416153610,0.5010274503,256,101,256,16777216
open_n24_g0p100,24,0.100000,0.500000,true,2,256,1.000e-12,0.05000,15.600000,13,0.0415871911,0.5044116266,256,102,256,4194304
open_n24_g0p100,24,0.100000,0.500000,true,2,256,1.000e-12,0.05000,15.600000,14,0.0416937616,0.5048955663,256,104,256,1048576
open_n24_g0p100,24,0.100000,0.500000,true,2,256,1.000e-12,0.05000,15.600000,15,0.0420645768,0.5046242173,256,107,256,262144
open_n24_g0p100,24,0.100000,0.500000,true,2,256,1.000e-12,0.05000,15.600000,16,0.0424586058,0.5056936964,256,108,256,65536
open_n24_g0p100,24,0.100000,0.500000,true,2,256,1.000e-12,0.05000,15.600000,17,0.0423947122,0.5018104196,256,105,256,16384
open_n24_g0p100,24,0.100000,0.500000,true,2,256,1.000e-12,0.05000,15.600000,18,0.0425015564,0.4942630384,256,97,256,4096
open_n24_g0p100,24,0.100000,0.500000,true,2,256,1.000e-12,0.05000,15.600000,19,0.0428618550,0.4784597762,256,78,256,1024
open_n24_g0p100,24,0.100000,0.500000,true,2,256,1.000e-12,0.05000,15.600000,20,0.0429013679,0.4445827658,238,48,212,256
open_n24_g0p100,24,0.100000,0.500000,true,2,256,1.000e-12,0.05000,15.600000,21,0.0424073910,0.3933562709,64,25,61,64
open_n24_g0p100,24,0.100000,0.500000,true,2,256,1.000e-12,0.05000,15.600000,22,0.0437575291,0.3445993030,16,10,16,16
open_n24_g0p100,24,0.100000,0.500000,true,2,256,1.000e-12,0.05000,15.600000,23,0.0262575291,0.2056372200,4,4,4,4
open_n24_g0p100,24,0.100000,0.500000,true,2,256,1.000e-12,0.05000,16.800000,1,0.0095458100,0.1264037137,4,4,4,4
open_n24_g0p100,24,0.100000,0.500000,true,2,256,1.000e-12,0.05000,16.800000,2,0.0283899352,0.2965640035,16,12,16,16
open_n24_g0p100,24,0.100000,0.500000,true,2,256,1.000e-12,0.05000,16.800000,3,0.0277960841,0.3126237751,64,23,63,64
open_n24_g0p100,24,0.100000,0.500000,true,2,256,1.000e-12,0.05000,16.800000,4,0.0280350402,0.3392365514,244,38,218,256
open_n24_g0p100,24,0.100000,0.500000,true,2,256,1.000e-12,0.05000,16.800000,5,0.0283128392,0.3555756184,256,51,256,1024
open_n24_g0p100,24,0.100000,0.500000,true,2,256,1.000e-12,0.05000,16.800000,6,0.0286801151,0.3672097930,256,59,256,4096
open_n24_g0p100,24,0.100000,0.500000,true,2,256,1.000e-12,0.05000,16.800000,7,0.0291183090,0.3761129629,256,64,256,16384
open_n24_g0p100,24,0.100000,0.500000,true,2,256,1.000e-12,0.05000,16.800000,8,0.0294704461,0.3838700906,256,68,256,65536
open_n24_g0p100,24,0.100000,0.500000,true,2,256,1.000e-12,0.05000,16.800000,9,0.0299921885,0.3905877426,256,70,256,262144
open_n24_g0p100,24,0.100000,0.500000,true,2,256,1.000e-12,0.05000,16.800000,10,0.0303938601,0.3949483493,256,72,256,1048576
open_n24_g0p100,24,0.100000,0.500000,true,2,256,1.000e-12,0.05000,16.800000,11,0.0305388253,0.3978376964,256,72,256,4194304
open_n24_g0p100,24,0.100000,0.500000,true,2,256,1.000e-12,0.05000,16.800000,12,0.0305227278,0.4007182101,256,74,256,16777216
open_n24_g0p100,24,0.100000,0.500000,true,2,256,1.000e-12,0.05000,16.800000,13,0.0305802873,0.4017805636,256,74,256,4194304
open_n24_g0p100,24,0.100000,0.500000,true,2,256,1.000e-12,0.05000,16.800000,14,0.0309095308,0.4033163873,256,74,256,1048576
open_n24_g0p100,24,0.100000,0.500000,true,2,256,1.000e-12,0.05000,16.800000,15,0.0312534623,0.4048171480,256,72,256,262144
open_n24_g0p100,24,0.100000,0.500000,true,2,256,1.000e-12,0.05000,16.800000,16,0.0313099435,0.4036368155,256,71,256,65536
open_n24_g0p100,24,0.100000,0.500000,true,2,256,1.000e-12,0.05000,16.800000,17,0.0313705269,0.3994393959,256,66,256,16384
open_n24_g0p100,24,0.100000,0.500000,true,2,256,1.000e-12,0.05000,16.800000,18,0.0317007528,0.3937818344,256,60,256,4096
open_n24_g0p100,24,0.100000,0.500000,true,2,256,1.000e-12,0.05000,16.800000,19,0.0317292400,0.3807628094,256,49,256,1024
open_n24_g0p100,24,0.100000,0.500000,true,2,256,1.000e-12,0.05000,16.800000,20,0.0318765896,0.3559174988,222,35,197,256
open_n24_g0p100,24,0.100000,0.500000,true,2,256,1.000e-12,0.05000,16.800000,21,0.0321520580,0.3222942279,63,19,58,64
open_n24_g0p100,24,0.100000,0.500000,true,2,256,1.000e-12,0.05000,16.800000,22,0.0319162039,0.2841211645,16,9,16,16
open_n24_g0p100,24,0.100000,0.500000,true,2,256,1.000e-12,0.05000,16.800000,23,0.0209908424,0.1799483304,4,4,4,4
open_n24_g0p100,24,0.100000,0.500000,true,2,256,1.000e-12,0.05000,18.000000,1,0.0070409446,0.1059106877,4,4,4,4
open_n24_g0p100,24,0.100000,0.500000,true,2,256,1.000e-12,0.05000,18.000000,2,0.0220113061,0.2504875950,16,10,16,16
open_n24_g0p100,24,0.100000,0.500000,true,2,256,1.000e-12,0.05000,18.000000,3,0.0214521874,0.2605448494,64,19,61,64
open_n24_g0p100,24,0.100000,0.500000,true,2,256,1.000e-12,0.05000,18.000000,4,0.0214906725,0.2758857942,227,27,205,256
open_n24_g0p100,24,0.100000,0.500000,true,2,256,1.000e-12,0.05000,18.000000,5,0.0217508503,0.2924684982,256,32,255,1024
open_n24_g0p100,24,0.100000,0.500000,true,2,256,1.000e-12,0.05000,18.000000,6,0.0219790497,0.3027251776,256,38,256,4096
open_n24_g0p100,24,0.100000,0.500000,true,2,256,1.000e-12,0.05000,18.000000,7,0.0222768446,0.3110668557,256,42,256,16384
open_n24_g0p100,24,0.100000,0.500000,true,2,256,1.000e-12,0.05000,18.000000,8,0.0225313612,0.3149632734,256,45,256,65536
open_n24_g0p100,24,0.100000,0.500000,true,2,256,1.000e-12,0.05000,18.000000,9,0.0226066599,0.3172155305,256,48,256,262144
open_n24_g0p100,24,0.100000,0.500000,true,2,256,1.000e-12,0.05000,18.000000,10,0.0226949067,0.3204332711,256,50,256,1048576
open_n24_g0p100,24,0.100000,0.500000,true,2,256,1.000e-12,0.05000,18.000000,11,0.0227614304,0.3228996538,256,52,256,4194304
open_n24_g0p100,24,0.100000,0.500000,true,2,256,1.000e-12,0.05000,18.000000,12,0.0228325201,0.3229210939,256,53,256,16777216
open_n24_g0p100,24,0.100000,0.500000,true,2,256,1.000e-12,0.05000,18.000000,13,0.0230330591,0.3239746173,256,52,256,4194304
open_n24_g0p100,24,0.100000,0.500000,true,2,256,1.000e-12,0.05000,18.000000,14,0.0232855579,0.3270233664,256,52,256,1048576
open_n24_g0p100,24,0.100000,0.500000,true,2,256,1.000e-12,0.05000,18.000000,15,0.0233751402,0.3280946804,256,50,256,262144
open_n24_g0p100,24,0.100000,0.500000,true,2,256,1.000e-12,0.05000,18.000000,16,0.0234915386,0.3263275859,256,48,256,65536
open_n24_g0p100,24,0.100000,0.500000,true,2,256,1.000e-12,0.05000,18.000000,17,0.0237589826,0.3238741105,256,45,256,16384
open_n24_g0p100,24,0.100000,0.500000,true,2,256,1.000e-12,0.05000,18.000000,18,0.0237679503,0.3189983504,256,40,256,4096
open_n24_g0p100,24,0.100000,0.500000,true,2,256,1.000e-12,0.05000,18.000000,19,0.0239245709,0.3087901973,256,34,254,1024
open_n24_g0p100,24,0.100000,0.500000,true,2,256,1.000e-12,0.05000,18.000000,20,0.0241396016,0.2914532794,212,25,180,256
open_n24_g0p100,24,0.100000,0.500000,true,2,256,1.000e-12,0.05000,18.000000,21,0.0240362983,0.2663002048,63,16,54,64
open_n24_g0p100,24,0.100000,0.500000,true,2,256,1.000e-12,0.05000,18.000000,22,0.0245744989,0.2400541764,16,8,16,16
open_n24_g0p100,24,0.100000,0.500000,true,2,256,1.000e-12,0.05000,18.000000,23,0.0152564835,0.1501946997,4,4,4,4
open_n24_g0p100,24,0.100000,0.500000,true,2,256,1.000e-12,0.05000,19.200000,1,0.0055857672,0.0919524968,4,4,4,4
open_n24_g0p100,24,0.100000,0.500000,true,2,256,1.000e-12,0.05000,19.200000,2,0.0173938722,0.2143876365,16,9,16,16
open_n24_g0p100,24,0.100000,0.500000,true,2,256,1.000e-12,0.05000,19.200000,3,0.0166585575,0.2191330487,64,15,57,64
open_n24_g0p100,24,0.100000,0.500000,true,2,256,1.000e-12,0.05000,19.200000,4,0.0166820994,0.2318597014,220,20,189,256
open_n24_g0p100,24,0.100000,0.500000,true,2,256,1.000e-12,0.05000,19.200000,5,0.0167788494,0.2434582084,256,25,252,1024
open_n24_g0p100,24,0.100000,0.500000,true,2,256,1.000e-12,0.05000,19.200000,6,0.0170224715,0.2525845590,256,27,254,4096
open_n24_g0p100,24,0.100000,0.500000,true,2,256,1.000e-12,0.05000,19.200000,7,0.0171325969,0.2568917493,256,30,255,16384
open_n24_g0p100,24,0.100000,0.500000,true,2,256,1.000e-12,0.05000,19.200000,8,0.0172265577,0.2597684721,256,32,255,65536
open_n24_g0p100,24,0.100000,0.500000,true,2,256,1.000e-12,0.05000,19.200000,9,0.0172235664,0.2615423840,256,34,255,262144
open_n24_g0p100,24,0.100000,0.500000,true,2,256,1.000e-12,0.05000,19.200000,10,0.0171751279,0.2624499097,256,36,255,1048576
open_n24_g0p100,24,0.100000,0.500000,true,2,256,1.000e-12,0.05000,19.200000,11,0.0172090541,0.2627851859,256,37,255,4194304
open_n24_g0p100,24,0.100000,0.500000,true,2,256,1.000e-12,0.05000,19.200000,12,0.0174051494,0.2641936398,256,37,255,16777216
open_n24_g0p100,24,0.100000,0.500000,true,2,256,1.000e-12,0.05000,19.200000,13,0.0175991718,0.2664966616,256,37,255,4194304
open_n24_g0p100,24,0.100000,0.500000,true,2,256,1.000e-12,0.05000,19.200000,14,0.0176582797,0.2676418899,256,37,255,1048576
open_n24_g0p100,24,0.100000,0.500000,true,2,256,1.000e-12,0.05000,19.200000,15,0.0177324035,0.2672702933,256,36,255,262144
open_n24_g0p100,24,0.100000,0.500000,true,2,256,1.000e-12,0.05000,19.200000,16,0.0179569185,0.2675049394,256,34,255,65536
open_n24_g0p100,24,0.100000,0.500000,true,2,256,1.000e-12,0.05000,19.200000,17,0.0180118547,0.2660094085,256,32,255,16384
open_n24_g0p100,24,0.100000,0.500000,true,2,256,1.000e-12,0.05000,19.200000,18,0.0181165077,0.2614858462,256,28,254,4096
open_n24_g0p100,24,0.100000,0.500000,true,2,256,1.000e-12,0.05000,19.200000,19,0.0183429810,0.2549283466,256,24,250,1024
open_n24_g0p100,24,0.100000,0.500000,true,2,256,1.000e-12,0.05000,19.200000,20,0.0182031574,0.2411540746,194,18,162,256
open_n24_g0p100,24,0.100000,0.500000,true,2,256,1.000e-12,0.05000,19.200000,21,0.0184974707,0.2242562144,61,14,49,64
open_n24_g0p100,24,0.100000,0.500000,true,2,256,1.000e-12,0.05000,19.200000,22,0.0186913728,0.2032333992,16,8,16,16
open_n24_g0p100,24,0.100000,0.500000,true,2,256,1.000e-12,0.05000,19.200000,23,0.0113283179,0.1268086515,4,4,4,4
open_n24_g0p100,24,0.100000,0.500000,true,2,256,1.000e-12,0.05000,20.400000,1,0.0041654808,0.0774742379,4,4,4,4
open_n24_g0p100,24,0.100000,0.500000,true,2,256,1.000e-12,0.05000,20.400000,2,0.0138141760,0.1863352575,16,9,16,16
open_n24_g0p100,24,0.100000,0.500000,true,2,256,1.000e-12,0.05000,20.400000,3,0.0131162580,0.1880946941,63,13,53,64
open_n24_g0p100,24,0.100000,0.500000,true,2,256,1.000e-12,0.05000,20.400000,4,0.0129800871,0.1968896304,203,16,166,256
open_n24_g0p100,24,0.100000,0.500000,true,2,256,1.000e-12,0.05000,20.400000,5,0.0131272269,0.2058878468,256,19,245,1024
open_n24_g0p100,24,0.100000,0.500000,true,2,256,1.000e-12,0.05000,20.400000,6,0.0131923924,0.2106703291,256,21,251,4096
open_n24_g0p100,24,0.100000,0.500000,true,2,256,1.000e-12,0.05000,20.400000,7,0.0132385870,0.2137887652,256,23,252,16384
open_n24_g0p100,24,0.100000,0.500000,true,2,256,1.000e-12,0.05000,20.400000,8,0.0132237567,0.2158770682,256,24,253,65536
open_n24_g0p100,24,0.100000,0.500000,true,2,256,1.000e-12,0.05000,20.400000,9,0.0132029950,0.2170977927,256,25,254,262144
open_n24_g0p100,24,0.100000,0.500000,true,2,256,1.000e-12,0.05000,20.400000,10,0.0132010300,0.2166267208,256,27,254,1048576
open_n24_g0p100,24,0.100000,0.500000,true,2,256,1.000e-12,0.05000,20.400000,11,0.0132631226,0.2169690468,256,27,254,4194304
open_n24_g0p100,24,0.100000,0.500000,true,2,256,1.000e-12,0.05000,20.400000,12,0.0134057369,0.2194610504,256,27,254,16777216
open_n24_g0p100,24,0.100000,0.500000,true,2,256,1.000e-12,0.05000,20.400000,13,0.0134728274,0.2208311001,256,27,254,4194304
open_n24_g0p100,24,0.100000,0.500000,true,2,256,1.000e-12,0.05000,20.400000,14,0.0135497407,0.2204441149,256,26,254,1048576
open_n24_g0p100,24,0.100000,0.500000,true,2,256,1.000e-12,0.05000,20.400000,15,0.0136950113,0.2209091063,256,26,254,262144
open_n24_g0p100,24,0.100000,0.500000,true,2,256,1.000e-12,0.05000,20.400000,16,0.0137450543,0.2212613736,256,25,253,65536
open_n24_g0p100,24,0.100000,0.500000,true,2,256,1.000e-12,0.05000,20.400000,17,0.0138098604,0.2197206147,256,23,253,16384
open_n24_g0p100,24,0.100000,0.500000,true,2,256,1.000e-12,0.05000,20.400000,18,0.0140147834,0.2174331701,256,21,251,4096
open_n24_g0p100,24,0.100000,0.500000,true,2,256,1.000e-12,0.05000,20.400000,19,0.0139856738,0.2117208749,256,19,241,1024
open_n24_g0p100,24,0.100000,0.500000,true,2,256,1.000e-12,0.05000,20.400000,20,0.0140235429,0.2019060026,177,16,141,256
open_n24_g0p100,24,0.100000,0.500000,true,2,256,1.000e-12,0.05000,20.400000,21,0.0143556666,0.1906219186,58,11,46,64
open_n24_g0p100,24,0.100000,0.500000,true,2,256,1.000e-12,0.05000,20.400000,22,0.0139378326,0.1718365096,16,7,15,16
open_n24_g0p100,24,0.100000,0.500000,true,2,256,1.000e-12,0.05000,20.400000,23,0.0094085107,0.1135479475,4,4,4,4
open_n24_g0p100,24,0.100000,0.500000,true,2,256,1.000e-12,0.05000,21.600000,1,0.0034746187,0.0691193689,4,4,4,4
open_n24_g0p100,24,0.100000,0.500000,true,2,256,1.000e-12,0.05000,21.600000,2,0.0107481165,0.1593745993,16,8,16,16
open_n24_g0p100,24,0.100000,0.500000,true,2,256,1.000e-12,0.05000,21.600000,3,0.0105256449,0.1649729460,61,11,49,64
open_n24_g0p100,24,0.100000,0.500000,true,2,256,1.000e-12,0.05000,21.600000,4,0.0101587141,0.1675111874,180,13,142,256
open_n24_g0p100,24,0.100000,0.500000,true,2,256,1.000e-12,0.05000,21.600000,5,0.0103096518,0.1738826049,256,15,231,1024
open_n24_g0p100,24,0.100000,0.500000,true,2,256,1.000e-12,0.05000,21.600000,6,0.0102643600,0.1769934620,256,16,244,4096
open_n24_g0p100,24,0.100000,0.500000,true,2,256,1.000e-12,0.05000,21.600000,7,0.0102475856,0.1795603350,256,17,248,16384
open_n24_g0p100,24,0.100000,0.500000,true,2,256,1.000e-12,0.05000,21.600000,8,0.0102386469,0.1809129318,256,17,250,65536
open_n24_g0p100,24,0.100000,0.500000,true,2,256,1.000e-12,0.05000,21.600000,9,0.0102169628,0.1805768245,256,19,251,262144
open_n24_g0p100,24,0.100000,0.500000,true,2,256,1.000e-12,0.05000,21.600000,10,0.0102810993,0.1813855375,256,19,251,1048576
open_n24_g0p100,24,0.100000,0.500000,true,2,256,1.000e-12,0.05000,21.600000,11,0.0103438679,0.1826782247,256,19,251,4194304
open_n24_g0p100,24,0.100000,0.500000,true,2,256,1.000e-12,0.05000,21.600000,12,0.0103528023,0.1831694292,256,20,251,16777216
open_n24_g0p100,24,0.100000,0.500000,true,2,256,1.000e-12,0.05000,21.600000,13,0.0104021227,0.1833470591,256,20,251,4194304
open_n24_g0p100,24,0.100000,0.500000,true,2,256,1.000e-12,0.05000,21.600000,14,0.0105353683,0.1844624757,256,20,251,1048576
open_n24_g0p100,24,0.100000,0.500000,true,2,256,1.000e-12,0.05000,21.600000,15,0.0105893049,0.1850113889,256,20,250,262144
open_n24_g0p100,24,0.100000,0.500000,true,2,256,1.000e-12,0.05000,21.600000,16,0.0106323745,0.1838663863,256,19,250,65536
open_n24_g0p100,24,0.100000,0.500000,true,2,256,1.000e-12,0.05000,21.600000,17,0.0107543029,0.1833993732,256,18,248,16384
open_n24_g0p100,24,0.100000,0.500000,true,2,256,1.000e-12,0.05000,21.600000,18,0.0107809826,0.1818235396,256,17,244,4096
open_n24_g0p100,24,0.100000,0.500000,true,2,256,1.000e-12,0.05000,21.600000,19,0.0108037731,0.1773137063,256,15,224,1024
open_n24_g0p100,24,0.100000,0.500000,true,2,256,1.000e-12,0.05000,21.600000,20,0.0108893889,0.1706908083,156,13,120,256
open_n24_g0p100,24,0.100000,0.500000,true,2,256,1.000e-12,0.05000,21.600000,21,0.0110839975,0.1621031418,54,9,44,64
open_n24_g0p100,24,0.100000,0.500000,true,2,256,1.000e-12,0.05000,21.600000,22,0.0107258240,0.1464088534,16,6,15,16
open_n24_g0p100,24,0.100000,0.500000,true,2,256,1.000e-12,0.05000,21.600000,23,0.0070493564,0.0965337766,4,4,4,4
open_n24_g0p100,24,0.100000,0.500000,true,2,256,1.000e-12,0.05000,22.800000,1,0.0026702076,0.0593867411,4,4,4,4
open_n24_g0p100,24,0.100000,0.500000,true,2,256,1.000e-12,0.05000,22.800000,2,0.0083053989,0.1381584356,16,8,16,16
open_n24_g0p100,24,0.100000,0.500000,true,2,256,1.000e-12,0.05000,22.800000,3,0.0085222969,0.1422101230,57,10,47,64
open_n24_g0p100,24,0.100000,0.500000,true,2,256,1.000e-12,0.05000,22.800000,4,0.0080027576,0.1437306202,154,11,119,256
open_n24_g0p100,24,0.100000,0.500000,true,2,256,1.000e-12,0.05000,22.800000,5,0.0080904009,0.1474051556,256,13,207,1024
open_n24_g0p100,24,0.100000,0.500000,true,2,256,1.000e-12,0.05000,22.800000,6,0.0080382739,0.1504820439,256,13,232,4096
open_n24_g0p100,24,0.100000,0.500000,true,2,256,1.000e-12,0.05000,22.800000,7,0.0079870717,0.1514926319,256,13,240,16384
open_n24_g0p100,24,0.100000,0.500000,true,2,256,1.000e-12,0.05000,22.800000,8,0.0079777448,0.1519672077,256,14,243,65536
open_n24_g0p100,24,0.100000,0.500000,true,2,256,1.000e-12,0.05000,22.800000,9,0.0080228472,0.1525601180,256,14,245,262144
open_n24_g0p100,24,0.100000,0.500000,true,2,256,1.000e-12,0.05000,22.800000,10,0.0080517496,0.1537695011,256,14,246,1048576
open_n24_g0p100,24,0.100000,0.500000,true,2,256,1.000e-12,0.05000,22.800000,11,0.0080581805,0.1544157111,256,14,246,4194304
open_n24_g0p100,24,0.100000,0.500000,true,2,256,1.000e-12,0.05000,22.800000,12,0.0080821610,0.1540556174,256,15,246,16777216
open_n24_g0p100,24,0.100000,0.500000,true,2,256,1.000e-12,0.05000,22.800000,13,0.0081443823,0.1543841984,256,15,246,4194304
open_n24_g0p100,24,0.100000,0.500000,true,2,256,1.000e-12,0.05000,22.800000,14,0.0081856818,0.1552901956,256,15,246,1048576
open_n24_g0p100,24,0.100000,0.500000,true,2,256,1.000e-12,0.05000,22.800000,15,0.0082322391,0.1552980896,256,15,245,262144
open_n24_g0p100,24,0.100000,0.500000,true,2,256,1.000e-12,0.05000,22.800000,16,0.0083426573,0.1552109802,256,15,243,65536
open_n24_g0p100,24,0.100000,0.500000,true,2,256,1.000e-12,0.05000,22.800000,17,0.0083456708,0.1544896049,256,14,239,16384
open_n24_g0p100,24,0.100000,0.500000,true,2,256,1.000e-12,0.05000,22.800000,18,0.0083998617,0.1525300736,256,13,230,4096
open_n24_g0p100,24,0.100000,0.500000,true,2,256,1.000e-12,0.05000,22.800000,19,0.0083626192,0.1496330555,246,12,195,1024
open_n24_g0p100,24,0.100000,0.500000,true,2,256,1.000e-12,0.05000,22.800000,20,0.0084898455,0.1450799007,134,11,103,256
open_n24_g0p100,24,0.100000,0.500000,true,2,256,1.000e-12,0.05000,22.800000,21,0.0086591461,0.1381969551,52,9,41,64
open_n24_g0p100,24,0.100000,0.500000,true,2,256,1.000e-12,0.05000,22.800000,22,0.0079205778,0.1234435811,16,6,15,16
open_n24_g0p100,24,0.100000,0.500000,true,2,256,1.000e-12,0.05000,22.800000,23,0.0060594338,0.0882211937,4,4,4,4
open_n24_g0p100,24,0.100000,0.500000,true,2,256,1.000e-12,0.05000,24.000000,1,0.0021610000,0.0524515004,4,4,4,4
open_n24_g0p100,24,0.100000,0.500000,true,2,256,1.000e-12,0.05000,24.000000,2,0.0063054105,0.1176172287,16,7,16,16
open_n24_g0p100,24,0.100000,0.500000,true,2,256,1.000e-12,0.05000,24.000000,3,0.0068649685,0.1235019954,53,10,43,64
open_n24_g0p100,24,0.100000,0.500000,true,2,256,1.000e-12,0.05000,24.000000,4,0.0063581498,0.1232541986,133,10,101,256
open_n24_g0p100,24,0.100000,0.500000,true,2,256,1.000e-12,0.05000,24.000000,5,0.0063536889,0.1268219678,220,12,170,1024
open_n24_g0p100,24,0.100000,0.500000,true,2,256,1.000e-12,0.05000,24.000000,6,0.0063288406,0.1281358275,256,12,211,4096
open_n24_g0p100,24,0.100000,0.500000,true,2,256,1.000e-12,0.05000,24.000000,7,0.0063010901,0.1289035265,256,12,225,16384
open_n24_g0p100,24,0.100000,0.500000,true,2,256,1.000e-12,0.05000,24.000000,8,0.0062839541,0.1292359089,256,12,232,65536
open_n24_g0p100,24,0.100000,0.500000,true,2,256,1.000e-12,0.05000,24.000000,9,0.0063181953,0.1306199753,256,12,235,262144
open_n24_g0p100,24,0.100000,0.500000,true,2,256,1.000e-12,0.05000,24.000000,10,0.0063138618,0.1309458971,256,12,237,1048576
open_n24_g0p100,24,0.100000,0.500000,true,2,256,1.000e-12,0.05000,24.000000,11,0.0063193101,0.1306292455,256,12,238,4194304
open_n24_g0p100,24,0.100000,0.500000,true,2,256,1.000e-12,0.05000,24.000000,12,0.0063699240,0.1311711362,256,12,238,16777216
open_n24_g0p100,24,0.100000,0.500000,true,2,256,1.000e-12,0.05000,24.000000,13,0.0063861174,0.1315635076,256,12,238,4194304
open_n24_g0p100,24,0.100000,0.500000,true,2,256,1.000e-12,0.05000,24.000000,14,0.0064058779,0.1311751474,256,12,237,1048576
open_n24_g0p100,24,0.100000,0.500000,true,2,256,1.000e-12,0.05000,24.000000,15,0.0064727046,0.1315042958,256,12,235,262144
open_n24_g0p100,24,0.100000,0.500000,true,2,256,1.000e-12,0.05000,24.000000,16,0.0065118736,0.1318789002,256,11,231,65536
open_n24_g0p100,24,0.100000,0.500000,true,2,256,1.000e-12,0.05000,24.000000,17,0.0065275976,0.1306473938,256,11,224,16384
open_n24_g0p100,24,0.100000,0.500000,true,2,256,1.000e-12,0.05000,24.000000,18,0.0065853418,0.1296112119,256,10,208,4096
open_n24_g0p100,24,0.100000,0.500000,true,2,256,1.000e-12,0.05000,24.000000,19,0.0064608947,0.1263246864,204,9,157,1024
open_n24_g0p100,24,0.100000,0.500000,true,2,256,1.000e-12,0.05000,24.000000,20,0.0067444993,0.1245855904,116,9,88,256
open_n24_g0p100,24,0.100000,0.500000,true,2,256,1.000e-12,0.05000,24.000000,21,0.0065152869,0.1167409224,49,7,39,64
open_n24_g0p100,24,0.100000,0.500000,true,2,256,1.000e-12,0.05000,24.000000,22,0.0062266117,0.1064733056,16,6,15,16
open_n24_g0p100,24,0.100000,0.500000,true,2,256,1.000e-12,0.05000,24.000000,23,0.0047088830,0.0765399058,4,4,4,4
open_n24_g0p100,24,0.100000,0.500000,true,2,256,1.000e-12,0.05000,25.200000,1,0.0017242206,0.0460301642,4,4,4,4
open_n24_g0p100,24,0.100000,0.500000,true,2,256,1.000e-12,0.05000,25.200000,2,0.0048891472,0.1015316755,16,7,16,16
open_n24_g0p100,24,0.100000,0.500000,true,2,256,1.000e-12,0.05000,25.200000,3,0.0053742072,0.1057536384,51,8,40,64
open_n24_g0p100,24,0.100000,0.500000,true,2,256,1.000e-12,0.05000,25.200000,4,0.0051165337,0.1077066751,116,10,85,256
open_n24_g0p100,24,0.100000,0.500000,true,2,256,1.000e-12,0.05000,25.200000,5,0.0049903252,0.1084398359,178,11,133,1024
open_n24_g0p100,24,0.100000,0.500000,true,2,256,1.000e-12,0.05000,25.200000,6,0.0050199290,0.1100011936,227,11,175,4096
open_n24_g0p100,24,0.100000,0.500000,true,2,256,1.000e-12,0.05000,25.200000,7,0.0050177280,0.1108241797,253,11,202,16384
open_n24_g0p100,24,0.100000,0.500000,true,2,256,1.000e-12,0.05000,25.200000,8,0.0049865866,0.1116553392,256,11,215,65536
open_n24_g0p100,24,0.100000,0.500000,true,2,256,1.000e-12,0.05000,25.200000,9,0.0049716478,0.1118922952,256,11,221,262144
open_n24_g0p100,24,0.100000,0.500000,true,2,256,1.000e-12,0.05000,25.200000,10,0.0049790567,0.1118968565,256,10,225,1048576
open_n24_g0p100,24,0.100000,0.500000,true,2,256,1.000e-12,0.05000,25.200000,11,0.0050080635,0.1120690720,256,10,226,4194304
open_n24_g0p100,24,0.100000,0.500000,true,2,256,1.000e-12,0.05000,25.200000,12,0.0050142998,0.1123586819,256,10,227,16777216
open_n24_g0p100,24,0.100000,0.500000,true,2,256,1.000e-12,0.05000,25.200000,13,0.0050246420,0.1122769455,256,10,225,4194304
open_n24_g0p100,24,0.100000,0.500000,true,2,256,1.000e-12,0.05000,25.200000,14,0.0050766372,0.1124179429,256,10,223,1048576
open_n24_g0p100,24,0.100000,0.500000,true,2,256,1.000e-12,0.05000,25.200000,15,0.0050812645,0.1123575705,256,9,219,262144
open_n24_g0p100,24,0.100000,0.500000,true,2,256,1.000e-12,0.05000,25.200000,16,0.0051041115,0.1118170980,256,9,213,65536
open_n24_g0p100,24,0.100000,0.500000,true,2,256,1.000e-12,0.05000,25.200000,17,0.0051340226,0.1116831434,250,9,198,16384
open_n24_g0p100,24,0.100000,0.500000,true,2,256,1.000e-12,0.05000,25.200000,18,0.0051237967,0.1104904714,221,8,169,4096
open_n24_g0p100,24,0.100000,0.500000,true,2,256,1.000e-12,0.05000,25.200000,19,0.0050813920,0.1079252378,165,8,122,1024
open_n24_g0p100,24,0.100000,0.500000,true,2,256,1.000e-12,0.05000,25.200000,20,0.0052685290,0.1069384745,101,8,73,256
open_n24_g0p100,24,0.100000,0.500000,true,2,256,1.000e-12,0.05000,25.200000,21,0.0050007370,0.0995580151,46,6,36,64
open_n24_g0p100,24,0.100000,0.500000,true,2,256,1.000e-12,0.05000,25.200000,22,0.0048266592,0.0917616611,16,6,15,16
open_n24_g0p100,24,0.100000,0.500000,true,2,256,1.000e-12,0.05000,25.200000,23,0.0037867049,0.0676384665,4,3,4,4
open_n24_g0p100,24,0.100000,0.500000,true,2,256,1.000e-12,0.05000,26.400000,1,0.0013467766,0.0399480004,4,4,4,4
open_n24_g0p100,24,0.100000,0.500000,true,2,256,1.000e-12,0.05000,26.400000,2,0.0039135235,0.0891268563,16,6,15,16
open_n24_g0p100,24,0.100000,0.500000,true,2,256,1.000e-12,0.05000,26.400000,3,0.0041276291,0.0911200654,49,8,37,64
open_n24_g0p100,24,0.100000,0.500000,true,2,256,1.000e-12,0.05000,26.400000,4,0.0041272821,0.0935622399,100,9,70,256
open_n24_g0p100,24,0.100000,0.500000,true,2,256,1.000e-12,0.05000,26.400000,5,0.0039396890,0.0933557886,141,8,103,1024
open_n24_g0p100,24,0.100000,0.500000,true,2,256,1.000e-12,0.05000,26.400000,6,0.0039938994,0.0951755724,180,10,135,4096
open_n24_g0p100,24,0.100000,0.500000,true,2,256,1.000e-12,0.05000,26.400000,7,0.0040048377,0.0962442394,211,10,163,16384
open_n24_g0p100,24,0.100000,0.500000,true,2,256,1.000e-12,0.05000,26.400000,8,0.0039616699,0.0964580587,232,9,183,65536
open_n24_g0p100,24,0.100000,0.500000,true,2,256,1.000e-12,0.05000,26.400000,9,0.0039477743,0.0964176273,245,10,196,262144
open_n24_g0p100,24,0.100000,0.500000,true,2,256,1.000e-12,0.05000,26.400000,10,0.0039558277,0.0964340141,253,9,204,1048576
open_n24_g0p100,24,0.100000,0.500000,true,2,256,1.000e-12,0.05000,26.400000,11,0.0039623788,0.0969146296,255,9,208,4194304
open_n24_g0p100,24,0.100000,0.500000,true,2,256,1.000e-12,0.05000,26.400000,12,0.0039677361,0.0967013276,256,9,210,16777216
open_n24_g0p100,24,0.100000,0.500000,true,2,256,1.000e-12,0.05000,26.400000,13,0.0039928397,0.0965571875,254,8,207,4194304
open_n24_g0p100,24,0.100000,0.500000,true,2,256,1.000e-12,0.05000,26.400000,14,0.0040071274,0.0969069995,251,8,202,1048576
open_n24_g0p100,24,0.100000,0.500000,true,2,256,1.000e-12,0.05000,26.400000,15,0.0040061925,0.0961790457,242,7,192,262144
open_n24_g0p100,24,0.100000,0.500000,true,2,256,1.000e-12,0.05000,26.400000,16,0.0040335317,0.0960183257,229,7,178,65536
open_n24_g0p100,24,0.100000,0.500000,true,2,256,1.000e-12,0.05000,26.400000,17,0.0040140094,0.0955802210,204,7,156,16384
open_n24_g0p100,24,0.100000,0.500000,true,2,256,1.000e-12,0.05000,26.400000,18,0.0040006397,0.0943521562,173,7,128,4096
open_n24_g0p100,24,0.100000,0.500000,true,2,256,1.000e-12,0.05000,26.400000,19,0.0040032312,0.0935350962,132,7,95,1024
open_n24_g0p100,24,0.100000,0.500000,true,2,256,1.000e-12,0.05000,26.400000,20,0.0041151204,0.0920340999,87,7,61,256
open_n24_g0p100,24,0.100000,0.500000,true,2,256,1.000e-12,0.05000,26.400000,21,0.0038605849,0.0851711469,42,6,33,64
open_n24_g0p100,24,0.100000,0.500000,true,2,256,1.000e-12,0.05000,26.400000,22,0.0037688118,0.0794422056,16,6,14,16
open_n24_g0p100,24,0.100000,0.500000,true,2,256,1.000e-12,0.05000,26.400000,23,0.0030600626,0.0599618820,4,3,4,4
open_n24_g0p100,24,0.100000,0.500000,true,2,256,1.000e-12,0.05000,27.600000,1,0.0010813363,0.0351605501,4,3,4,4
open_n24_g0p100,24,0.100000,0.500000,true,2,256,1.000e-12,0.05000,27.600000,2,0.0031716417,0.0783245103,16,6,15,16
open_n24_g0p100,24,0.100000,0.500000,true,2,256,1.000e-12,0.05000,27.600000,3,0.0031715315,0.0789954230,46,7,34,64
open_n24_g0p100,24,0.100000,0.500000,true,2,256,1.000e-12,0.05000,27.600000,4,0.0033165014,0.0815218120,85,8,59,256
open_n24_g0p100,24,0.100000,0.500000,true,2,256,1.000e-12,0.05000,27.600000,5,0.0031421012,0.0816545034,117,8,83,1024
open_n24_g0p100,24,0.100000,0.500000,true,2,256,1.000e-12,0.05000,27.600000,6,0.0031574721,0.0828790020,144,8,106,4096
open_n24_g0p100,24,0.100000,0.500000,true,2,256,1.000e-12,0.05000,27.600000,7,0.0031835394,0.0837703281,169,9,128,16384
open_n24_g0p100,24,0.100000,0.500000,true,2,256,1.000e-12,0.05000,27.600000,8,0.0031692696,0.0835641746,189,8,146,65536
open_n24_g0p100,24,0.100000,0.500000,true,2,256,1.000e-12,0.05000,27.600000,9,0.0031566212,0.0836764260,204,8,159,262144
open_n24_g0p100,24,0.100000,0.500000,true,2,256,1.000e-12,0.05000,27.600000,10,0.0031509368,0.0840290804,212,8,167,1048576
open_n24_g0p100,24,0.100000,0.500000,true,2,256,1.000e-12,0.05000,27.600000,11,0.0031440496,0.0835997567,217,8,171,4194304
open_n24_g0p100,24,0.100000,0.500000,true,2,256,1.000e-12,0.05000,27.600000,12,0.0031649114,0.0837497200,218,8,172,16777216
open_n24_g0p100,24,0.100000,0.500000,true,2,256,1.000e-12,0.05000,27.600000,13,0.0031704431,0.0838485103,215,7,170,4194304
open_n24_g0p100,24,0.100000,0.500000,true,2,256,1.000e-12,0.05000,27.600000,14,0.0031654516,0.0832332955,207,7,163,1048576
open_n24_g0p100,24,0.100000,0.500000,true,2,256,1.000e-12,0.05000,27.600000,15,0.0031794589,0.0830740681,195,6,153,262144
open_n24_g0p100,24,0.100000,0.500000,true,2,256,1.000e-12,0.05000,27.600000,16,0.0031710703,0.0830981844,181,6,141,65536
open_n24_g0p100,24,0.100000,0.500000,true,2,256,1.000e-12,0.05000,27.600000,17,0.0031541433,0.0820615304,160,6,122,16384
open_n24_g0p100,24,0.100000,0.500000,true,2,256,1.000e-12,0.05000,27.600000,18,0.0031212747,0.0814859606,137,6,101,4096
open_n24_g0p100,24,0.100000,0.500000,true,2,256,1.000e-12,0.05000,27.600000,19,0.0031769281,0.0810694395,106,6,78,1024
open_n24_g0p100,24,0.100000,0.500000,true,2,256,1.000e-12,0.05000,27.600000,20,0.0031849376,0.0792701288,74,6,53,256
open_n24_g0p100,24,0.100000,0.500000,true,2,256,1.000e-12,0.05000,27.600000,21,0.0030304453,0.0737692104,39,6,31,64
open_n24_g0p100,24,0.100000,0.500000,true,2,256,1.000e-12,0.05000,27.600000,22,0.0029621952,0.0687667427,15,6,13,16
open_n24_g0p100,24,0.100000,0.500000,true,2,256,1.000e-12,0.05000,27.600000,23,0.0024121225,0.0524883262,4,3,4,4
open_n24_g0p100,24,0.100000,0.500000,true,2,256,1.000e-12,0.05000,28.800000,1,0.0008230217,0.0301346928,4,3,4,4
open_n24_g0p100,24,0.100000,0.500000,true,2,256,1.000e-12,0.05000,28.800000,2,0.0025472543,0.0693402650,16,5,15,16
open_n24_g0p100,24,0.100000,0.500000,true,2,256,1.000e-12,0.05000,28.800000,3,0.0024967035,0.0678195367,41,6,33,64
open_n24_g0p100,24,0.100000,0.500000,true,2,256,1.000e-12,0.05000,28.800000,4,0.0026271543,0.0711280141,72,7,51,256
open_n24_g0p100,24,0.100000,0.500000,true,2,256,1.000e-12,0.05000,28.800000,5,0.0025337073,0.0722628188,95,8,71,1024
open_n24_g0p100,24,0.100000,0.500000,true,2,256,1.000e-12,0.05000,28.800000,6,0.0024875111,0.0723918168,119,8,91,4096
open_n24_g0p100,24,0.100000,0.500000,true,2,256,1.000e-12,0.05000,28.800000,7,0.0025203470,0.0728794555,139,8,108,16384
open_n24_g0p100,24,0.100000,0.500000,true,2,256,1.000e-12,0.05000,28.800000,8,0.0025453879,0.0732909354,156,8,122,65536
open_n24_g0p100,24,0.100000,0.500000,true,2,256,1.000e-12,0.05000,28.800000,9,0.0025217941,0.0730260895,169,8,132,262144
open_n24_g0p100,24,0.100000,0.500000,true,2,256,1.000e-12,0.05000,28.800000,10,0.0025168761,0.0732270869,176,8,137,1048576
open_n24_g0p100,24,0.100000,0.500000,true,2,256,1.000e-12,0.05000,28.800000,11,0.0025215086,0.0730582909,181,7,141,4194304
open_n24_g0p100,24,0.100000,0.500000,true,2,256,1.000e-12,0.05000,28.800000,12,0.0025191868,0.0730399652,181,7,140,16777216
open_n24_g0p100,24,0.100000,0.500000,true,2,256,1.000e-12,0.05000,28.800000,13,0.0025162417,0.0727350680,178,7,139,4194304
open_n24_g0p100,24,0.100000,0.500000,true,2,256,1.000e-12,0.05000,28.800000,14,0.0025193351,0.0724158522,173,6,135,1048576
open_n24_g0p100,24,0.100000,0.500000,true,2,256,1.000e-12,0.05000,28.800000,15,0.0025117094,0.0723758266,166,6,128,262144
open_n24_g0p100,24,0.100000,0.500000,true,2,256,1.000e-12,0.05000,28.800000,16,0.0024959913,0.0719426472,154,6,118,65536
open_n24_g0p100,24,0.100000,0.500000,true,2,256,1.000e-12,0.05000,28.800000,17,0.0024792050,0.0715023515,137,6,105,16384
open_n24_g0p100,24,0.100000,0.500000,true,2,256,1.000e-12,0.05000,28.800000,18,0.0024592053,0.0708223712,114,6,87,4096
open_n24_g0p100,24,0.100000,0.500000,true,2,256,1.000e-12,0.05000,28.800000,19,0.0025139783,0.0700910468,90,6,68,1024
open_n24_g0p100,24,0.100000,0.500000,true,2,256,1.000e-12,0.05000,28.800000,20,0.0024682378,0.0683532152,66,6,47,256
open_n24_g0p100,24,0.100000,0.500000,true,2,256,1.000e-12,0.05000,28.800000,21,0.0024023620,0.0643955534,38,5,28,64
open_n24_g0p100,24,0.100000,0.500000,true,2,256,1.000e-12,0.05000,28.800000,22,0.0022882417,0.0595932769,15,5,13,16
open_n24_g0p100,24,0.100000,0.500000,true,2,256,1.000e-12,0.05000,28.800000,23,0.0020035733,0.0472563359,4,3,4,4
open_n24_g0p100,24,0.100000,0.500000,true,2,256,1.000e-12,0.05000,30.000000,1,0.0006587036,0.0265258251,4,3,4,4
open_n24_g0p100,24,0.100000,0.500000,true,2,256,1.000e-12,0.05000,30.000000,2,0.0020135309,0.0604922365,16,5,15,16
open_n24_g0p100,24,0.100000,0.500000,true,2,256,1.000e-12,0.05000,30.000000,3,0.0020050311,0.0595936473,40,5,31,64
open_n24_g0p100,24,0.100000,0.500000,true,2,256,1.000e-12,0.05000,30.000000,4,0.0020593405,0.0612313199,65,6,46,256
open_n24_g0p100,24,0.100000,0.500000,true,2,256,1.000e-12,0.05000,30.000000,5,0.0020400066,0.0634427022,86,7,64,1024
open_n24_g0p100,24,0.100000,0.500000,true,2,256,1.000e-12,0.05000,30.000000,6,0.0019833605,0.0636333268,109,7,81,4096
open_n24_g0p100,24,0.100000,0.500000,true,2,256,1.000e-12,0.05000,30.000000,7,0.0019938707,0.0639674813,125,7,96,16384
open_n24_g0p100,24,0.100000,0.500000,true,2,256,1.000e-12,0.05000,30.000000,8,0.0020254132,0.0645605908,140,7,107,65536
open_n24_g0p100,24,0.100000,0.500000,true,2,256,1.000e-12,0.05000,30.000000,9,0.0020195591,0.0642081158,148,7,115,262144
open_n24_g0p100,24,0.100000,0.500000,true,2,256,1.000e-12,0.05000,30.000000,10,0.0020195127,0.0640262689,155,7,119,1048576
open_n24_g0p100,24,0.100000,0.500000,true,2,256,1.000e-12,0.05000,30.000000,11,0.0020185313,0.0642930639,156,7,121,4194304
open_n24_g0p100,24,0.100000,0.500000,true,2,256,1.000e-12,0.05000,30.000000,12,0.0020097939,0.0639650574,156,6,122,16777216
open_n24_g0p100,24,0.100000,0.500000,true,2,256,1.000e-12,0.05000,30.000000,13,0.0020064115,0.0635317661,155,6,120,4194304
open_n24_g0p100,24,0.100000,0.500000,true,2,256,1.000e-12,0.05000,30.000000,14,0.0019970201,0.0636250874,151,6,117,1048576
open_n24_g0p100,24,0.100000,0.500000,true,2,256,1.000e-12,0.05000,30.000000,15,0.0019875798,0.0632970148,144,6,111,262144
open_n24_g0p100,24,0.100000,0.500000,true,2,256,1.000e-12,0.05000,30.000000,16,0.0019691858,0.0628180699,132,5,103,65536
open_n24_g0p100,24,0.100000,0.500000,true,2,256,1.000e-12,0.05000,30.000000,17,0.0019495677,0.0623559870,120,5,91,16384
open_n24_g0p100,24,0.100000,0.500000,true,2,256,1.000e-12,0.05000,30.000000,18,0.0019576020,0.0617237302,104,5,76,4096
open_n24_g0p100,24,0.100000,0.500000,true,2,256,1.000e-12,0.05000,30.000000,19,0.0019735092,0.0610570005,81,5,60,1024
open_n24_g0p100,24,0.100000,0.500000,true,2,256,1.000e-12,0.05000,30.000000,20,0.0019478424,0.0591807496,60,5,43,256
open_n24_g0p100,24,0.100000,0.500000,true,2,256,1.000e-12,0.05000,30.000000,21,0.0018527397,0.0556509108,37,5,27,64
open_n24_g0p100,24,0.100000,0.500000,true,2,256,1.000e-12,0.05000,30.000000,22,0.0018553637,0.0525026012,15,5,13,16
open_n24_g0p100,24,0.100000,0.500000,true,2,256,1.000e-12,0.05000,30.000000,23,0.0015451787,0.0409128559,4,3,4,4
open_n24_g0p100,24,0.100000,0.500000,true,2,256,1.000e-12,0.05000,31.200000,1,0.0005134689,0.0230475946,4,3,4,4
open_n24_g0p100,24,0.100000,0.500000,true,2,256,1.000e-12,0.05000,31.200000,2,0.0016052979,0.0532827166,16,5,14,16
open_n24_g0p100,24,0.100000,0.500000,true,2,256,1.000e-12,0.05000,31.200000,3,0.0015951505,0.0521180668,38,5,30,64
open_n24_g0p100,24,0.100000,0.500000,true,2,256,1.000e-12,0.05000,31.200000,4,0.0016212964,0.0531952862,58,5,43,256
open_n24_g0p100,24,0.100000,0.500000,true,2,256,1.000e-12,0.05000,31.200000,5,0.0016317944,0.0547267293,78,5,57,1024
open_n24_g0p100,24,0.100000,0.500000,true,2,256,1.000e-12,0.05000,31.200000,6,0.0015970119,0.0560509708,99,6,72,4096
open_n24_g0p100,24,0.100000,0.500000,true,2,256,1.000e-12,0.05000,31.200000,7,0.0015831513,0.0565520763,113,6,84,16384
open_n24_g0p100,24,0.100000,0.500000,true,2,256,1.000e-12,0.05000,31.200000,8,0.0016026937,0.0567865507,126,6,94,65536
open_n24_g0p100,24,0.100000,0.500000,true,2,256,1.000e-12,0.05000,31.200000,9,0.0016192912,0.0567685047,133,6,101,262144
open_n24_g0p100,24,0.100000,0.500000,true,2,256,1.000e-12,0.05000,31.200000,10,0.0016160932,0.0565897701,137,6,104,1048576
open_n24_g0p100,24,0.100000,0.500000,true,2,256,1.000e-12,0.05000,31.200000,11,0.0016092593,0.0563394081,139,6,106,4194304
open_n24_g0p100,24,0.100000,0.500000,true,2,256,1.000e-12,0.05000,31.200000,12,0.0016102320,0.0563133775,141,6,107,16777216
open_n24_g0p100,24,0.100000,0.500000,true,2,256,1.000e-12,0.05000,31.200000,13,0.0015968731,0.0562417705,138,5,106,4194304
open_n24_g0p100,24,0.100000,0.500000,true,2,256,1.000e-12,0.05000,31.200000,14,0.0015855415,0.0558416506,136,5,102,1048576
open_n24_g0p100,24,0.100000,0.500000,true,2,256,1.000e-12,0.05000,31.200000,15,0.0015751823,0.0556609725,129,5,97,262144
open_n24_g0p100,24,0.100000,0.500000,true,2,256,1.000e-12,0.05000,31.200000,16,0.0015556754,0.0552246804,121,5,90,65536
open_n24_g0p100,24,0.100000,0.500000,true,2,256,1.000e-12,0.05000,31.200000,17,0.0015474762,0.0543980879,107,5,80,16384
open_n24_g0p100,24,0.100000,0.500000,true,2,256,1.000e-12,0.05000,31.200000,18,0.0015517753,0.0539718130,92,5,68,4096
open_n24_g0p100,24,0.100000,0.500000,true,2,256,1.000e-12,0.05000,31.200000,19,0.0015596701,0.0533564367,73,5,53,1024
open_n24_g0p100,24,0.100000,0.500000,true,2,256,1.000e-12,0.05000,31.200000,20,0.0015269955,0.0513810548,55,5,39,256
open_n24_g0p100,24,0.100000,0.500000,true,2,256,1.000e-12,0.05000,31.200000,21,0.0014569533,0.0481258959,32,5,25,64
open_n24_g0p100,24,0.100000,0.500000,true,2,256,1.000e-12,0.05000,31.200000,22,0.0014745552,0.0461594356,15,5,13,16
open_n24_g0p100,24,0.100000,0.500000,true,2,256,1.000e-12,0.05000,31.200000,23,0.0012352976,0.0361186731,4,3,4,4
open_n24_g0p100,24,0.100000,0.500000,true,2,256,1.000e-12,0.05000,32.400000,1,0.0004048015,0.0201566917,4,3,4,4
open_n24_g0p100,24,0.100000,0.500000,true,2,256,1.000e-12,0.05000,32.400000,2,0.0012858382,0.0468500534,15,5,13,16
open_n24_g0p100,24,0.100000,0.500000,true,2,256,1.000e-12,0.05000,32.400000,3,0.0012572404,0.0454674396,35,5,27,64
open_n24_g0p100,24,0.100000,0.500000,true,2,256,1.000e-12,0.05000,32.400000,4,0.0012876947,0.0461300955,56,5,39,256
open_n24_g0p100,24,0.100000,0.500000,true,2,256,1.000e-12,0.05000,32.400000,5,0.0012986020,0.0475292939,73,5,51,1024
open_n24_g0p100,24,0.100000,0.500000,true,2,256,1.000e-12,0.05000,32.400000,6,0.0012824546,0.0489014932,87,5,63,4096
open_n24_g0p100,24,0.100000,0.500000,true,2,256,1.000e-12,0.05000,32.400000,7,0.0012659424,0.0497101977,102,5,73,16384
open_n24_g0p100,24,0.100000,0.500000,true,2,256,1.000e-12,0.05000,32.400000,8,0.0012753529,0.0501586319,111,5,80,65536
open_n24_g0p100,24,0.100000,0.500000,true,2,256,1.000e-12,0.05000,32.400000,9,0.0012897008,0.0503708623,117,6,86,262144
open_n24_g0p100,24,0.100000,0.500000,true,2,256,1.000e-12,0.05000,32.400000,10,0.0012874272,0.0500199289,121,5,90,1048576
open_n24_g0p100,24,0.100000,0.500000,true,2,256,1.000e-12,0.05000,32.400000,11,0.0012853438,0.0497805329,123,5,91,4194304
open_n24_g0p100,24,0.100000,0.500000,true,2,256,1.000e-12,0.05000,32.400000,12,0.0012806432,0.0497766531,123,5,91,16777216
open_n24_g0p100,24,0.100000,0.500000,true,2,256,1.000e-12,0.05000,32.400000,13,0.0012717793,0.0497000058,122,5,90,4194304
open_n24_g0p100,24,0.100000,0.500000,true,2,256,1.000e-12,0.05000,32.400000,14,0.0012659721,0.0493923373,117,5,89,1048576
open_n24_g0p100,24,0.100000,0.500000,true,2,256,1.000e-12,0.05000,32.400000,15,0.0012461638,0.0489942399,113,5,84,262144
open_n24_g0p100,24,0.100000,0.500000,true,2,256,1.000e-12,0.05000,32.400000,16,0.0012375485,0.0484106012,107,5,78,65536
open_n24_g0p100,24,0.100000,0.500000,true,2,256,1.000e-12,0.05000,32.400000,17,0.0012312069,0.0479535799,96,5,70,16384
open_n24_g0p100,24,0.100000,0.500000,true,2,256,1.000e-12,0.05000,32.400000,18,0.0012312084,0.0473061863,84,5,60,4096
open_n24_g0p100,24,0.100000,0.500000,true,2,256,1.000e-12,0.05000,32.400000,19,0.0012339277,0.0465571806,69,5,48,1024
open_n24_g0p100,24,0.100000,0.500000,true,2,256,1.000e-12,0.05000,32.400000,20,0.0012000318,0.0446469711,51,5,36,256
open_n24_g0p100,24,0.100000,0.500000,true,2,256,1.000e-12,0.05000,32.400000,21,0.0011519144,0.0419283400,32,5,23,64
open_n24_g0p100,24,0.100000,0.500000,true,2,256,1.000e-12,0.05000,32.400000,22,0.0011828578,0.0406034277,15,4,12,16
open_n24_g0p100,24,0.100000,0.500000,true,2,256,1.000e-12,0.05000,32.400000,23,0.0009699458,0.0315974618,4,3,4,4
open_n24_g0p100,24,0.100000,0.500000,true,2,256,1.000e-12,0.05000,33.600000,1,0.0003199533,0.0176657714,4,3,4,4
open_n24_g0p100,24,0.100000,0.500000,true,2,256,1.000e-12,0.05000,33.600000,2,0.0010280125,0.0412096057,15,5,13,16
open_n24_g0p100,24,0.100000,0.500000,true,2,256,1.000e-12,0.05000,33.600000,3,0.0009989272,0.0394609725,34,5,23,64
open_n24_g0p100,24,0.100000,0.500000,true,2,256,1.000e-12,0.05000,33.600000,4,0.0010223704,0.0402704594,49,4,35,256
open_n24_g0p100,24,0.100000,0.500000,true,2,256,1.000e-12,0.05000,33.600000,5,0.0010316903,0.0414182935,65,4,45,1024
open_n24_g0p100,24,0.100000,0.500000,true,2,256,1.000e-12,0.05000,33.600000,6,0.0010251550,0.0425221350,77,5,54,4096
open_n24_g0p100,24,0.100000,0.500000,true,2,256,1.000e-12,0.05000,33.600000,7,0.0010174401,0.0434270923,89,5,61,16384
open_n24_g0p100,24,0.100000,0.500000,true,2,256,1.000e-12,0.05000,33.600000,8,0.0010169418,0.0442099407,97,5,68,65536
open_n24_g0p100,24,0.100000,0.500000,true,2,256,1.000e-12,0.05000,33.600000,9,0.0010232811,0.0445347903,103,5,72,262144
open_n24_g0p100,24,0.100000,0.500000,true,2,256,1.000e-12,0.05000,33.600000,10,0.0010270577,0.0444385042,107,5,75,1048576
open_n24_g0p100,24,0.100000,0.500000,true,2,256,1.000e-12,0.05000,33.600000,11,0.0010207395,0.0443288820,108,5,77,4194304
open_n24_g0p100,24,0.100000,0.500000,true,2,256,1.000e-12,0.05000,33.600000,12,0.0010151834,0.0440951807,109,5,78,16777216
open_n24_g0p100,24,0.100000,0.500000,true,2,256,1.000e-12,0.05000,33.600000,13,0.0010147154,0.0439258275,109,5,77,4194304
open_n24_g0p100,24,0.100000,0.500000,true,2,256,1.000e-12,0.05000,33.600000,14,0.0010065257,0.0437689350,106,5,75,1048576
open_n24_g0p100,24,0.100000,0.500000,true,2,256,1.000e-12,0.05000,33.600000,15,0.0009941097,0.0431788447,101,5,71,262144
open_n24_g0p100,24,0.100000,0.500000,true,2,256,1.000e-12,0.05000,33.600000,16,0.0009860964,0.0426477236,95,5,67,65536
open_n24_g0p100,24,0.100000,0.500000,true,2,256,1.000e-12,0.05000,33.600000,17,0.0009790576,0.0422106139,85,5,61,16384
open_n24_g0p100,24,0.100000,0.500000,true,2,256,1.000e-12,0.05000,33.600000,18,0.0009815652,0.0416544577,77,5,52,4096
open_n24_g0p100,24,0.100000,0.500000,true,2,256,1.000e-12,0.05000,33.600000,19,0.0009781380,0.0406856295,64,5,43,1024
open_n24_g0p100,24,0.100000,0.500000,true,2,256,1.000e-12,0.05000,33.600000,20,0.0009437421,0.0387803001,49,4,32,256
open_n24_g0p100,24,0.100000,0.500000,true,2,256,1.000e-12,0.05000,33.600000,21,0.0009219080,0.0369781972,30,4,20,64
open_n24_g0p100,24,0.100000,0.500000,true,2,256,1.000e-12,0.05000,33.600000,22,0.0009400228,0.0356583509,15,4,11,16
open_n24_g0p100,24,0.100000,0.500000,true,2,256,1.000e-12,0.05000,33.600000,23,0.0007724029,0.0278637136,4,3,4,4
open_n24_g0p100,24,0.100000,0.500000,true,2,256,1.000e-12,0.05000,34.800000,1,0.0002494851,0.0153894250,4,3,4,4
open_n24_g0p100,24,0.100000,0.500000,true,2,256,1.000e-12,0.05000,34.800000,2,0.0008181327,0.0362778254,15,5,12,16
open_n24_g0p100,24,0.100000,0.500000,true,2,256,1.000e-12,0.05000,34.800000,3,0.0008052218,0.0347564460,32,4,21,64
open_n24_g0p100,24,0.100000,0.500000,true,2,256,1.000e-12,0.05000,34.800000,4,0.0008065901,0.0350308463,45,3,31,256
open_n24_g0p100,24,0.100000,0.500000,true,2,256,1.000e-12,0.05000,34.800000,5,0.0008222382,0.0361388979,59,3,38,1024
open_n24_g0p100,24,0.100000,0.500000,true,2,256,1.000e-12,0.05000,34.800000,6,0.0008194984,0.0371139925,69,3,46,4096
open_n24_g0p100,24,0.100000,0.500000,true,2,256,1.000e-12,0.05000,34.800000,7,0.0008135761,0.0379803769,76,4,52,16384
open_n24_g0p100,24,0.100000,0.500000,true,2,256,1.000e-12,0.05000,34.800000,8,0.0008106518,0.0386495881,83,4,56,65536
open_n24_g0p100,24,0.100000,0.500000,true,2,256,1.000e-12,0.05000,34.800000,9,0.0008134076,0.0391450545,87,5,60,262144
open_n24_g0p100,24,0.100000,0.500000,true,2,256,1.000e-12,0.05000,34.800000,10,0.0008166032,0.0396129216,89,5,61,1048576
open_n24_g0p100,24,0.100000,0.500000,true,2,256,1.000e-12,0.05000,34.800000,11,0.0008097826,0.0393987135,91,5,64,4194304
open_n24_g0p100,24,0.100000,0.500000,true,2,256,1.000e-12,0.05000,34.800000,12,0.0008071823,0.0391913462,94,4,64,16777216
open_n24_g0p100,24,0.100000,0.500000,true,2,256,1.000e-12,0.05000,34.800000,13,0.0008048110,0.0390148724,94,4,63,4194304
open_n24_g0p100,24,0.100000,0.500000,true,2,256,1.000e-12,0.05000,34.800000,14,0.0007994673,0.0385434126,89,4,62,1048576
open_n24_g0p100,24,0.100000,0.500000,true,2,256,1.000e-12,0.05000,34.800000,15,0.0007948990,0.0381915874,88,4,60,262144
open_n24_g0p100,24,0.100000,0.500000,true,2,256,1.000e-12,0.05000,34.800000,16,0.0007857396,0.0377246784,82,4,57,65536
open_n24_g0p100,24,0.100000,0.500000,true,2,256,1.000e-12,0.05000,34.800000,17,0.0007814928,0.0370556830,77,4,52,16384
open_n24_g0p100,24,0.100000,0.500000,true,2,256,1.000e-12,0.05000,34.800000,18,0.0007854569,0.0367203510,70,4,45,4096
open_n24_g0p100,24,0.100000,0.500000,true,2,256,1.000e-12,0.05000,34.800000,19,0.0007735845,0.0356667907,59,4,37,1024
open_n24_g0p100,24,0.100000,0.500000,true,2,256,1.000e-12,0.05000,34.800000,20,0.0007529720,0.0341281354,43,4,27,256
open_n24_g0p100,24,0.100000,0.500000,true,2,256,1.000e-12,0.05000,34.800000,21,0.0007316742,0.0324705795,28,4,17,64
open_n24_g0p100,24,0.100000,0.500000,true,2,256,1.000e-12,0.05000,34.800000,22,0.0007498119,0.0314131588,15,4,9,16
open_n24_g0p100,24,0.100000,0.500000,true,2,256,1.000e-12,0.05000,34.800000,23,0.0006189366,0.0246628275,4,3,4,4
open_n24_g0p100,24,0.100000,0.500000,true,2,256,1.000e-12,0.05000,36.000000,1,0.0002005551,0.0136279279,4,3,4,4
open_n24_g0p100,24,0.100000,0.500000,true,2,256,1.000e-12,0.05000,36.000000,2,0.0006514777,0.0318057068,15,5,11,16
open_n24_g0p100,24,0.100000,0.500000,true,2,256,1.000e-12,0.05000,36.000000,3,0.0006449944,0.0308642856,32,4,19,64
open_n24_g0p100,24,0.100000,0.500000,true,2,256,1.000e-12,0.05000,36.000000,4,0.0006424606,0.0306083688,43,3,27,256
open_n24_g0p100,24,0.100000,0.500000,true,2,256,1.000e-12,0.05000,36.000000,5,0.0006544888,0.0315444707,55,3,34,1024
open_n24_g0p100,24,0.100000,0.500000,true,2,256,1.000e-12,0.05000,36.000000,6,0.0006550380,0.0325047599,62,3,40,4096
open_n24_g0p100,24,0.100000,0.500000,true,2,256,1.000e-12,0.05000,36.000000,7,0.0006471471,0.0331755238,68,3,45,16384
open_n24_g0p100,24,0.100000,0.500000,true,2,256,1.000e-12,0.05000,36.000000,8,0.0006462196,0.0338373320,72,3,49,65536
open_n24_g0p100,24,0.100000,0.500000,true,2,256,1.000e-12,0.05000,36.000000,9,0.0006457812,0.0344621650,76,4,52,262144
open_n24_g0p100,24,0.100000,0.500000,true,2,256,1.000e-12,0.05000,36.000000,10,0.0006462509,0.0348766992,78,4,53,1048576
open_n24_g0p100,24,0.100000,0.500000,true,2,256,1.000e-12,0.05000,36.000000,11,0.0006468113,0.0350247656,79,4,54,4194304
open_n24_g0p100,24,0.100000,0.500000,true,2,256,1.000e-12,0.05000,36.000000,12,0.0006414059,0.0349035019,80,4,54,16777216
open_n24_g0p100,24,0.100000,0.500000,true,2,256,1.000e-12,0.05000,36.000000,13,0.0006367731,0.0345377773,80,4,54,4194304
open_n24_g0p100,24,0.100000,0.500000,true,2,256,1.000e-12,0.05000,36.000000,14,0.0006355900,0.0342107384,78,4,53,1048576
open_n24_g0p100,24,0.100000,0.500000,true,2,256,1.000e-12,0.05000,36.000000,15,0.0006315253,0.0337681900,75,4,50,262144
open_n24_g0p100,24,0.100000,0.500000,true,2,256,1.000e-12,0.05000,36.000000,16,0.0006274221,0.0332390517,73,4,48,65536
open_n24_g0p100,24,0.100000,0.500000,true,2,256,1.000e-12,0.05000,36.000000,17,0.0006273643,0.0328136736,69,4,43,16384
open_n24_g0p100,24,0.100000,0.500000,true,2,256,1.000e-12,0.05000,36.000000,18,0.0006275032,0.0322982613,61,4,37,4096
open_n24_g0p100,24,0.100000,0.500000,true,2,256,1.000e-12,0.05000,36.000000,19,0.0006149016,0.0314362424,53,4,30,1024
open_n24_g0p100,24,0.100000,0.500000,true,2,256,1.000e-12,0.05000,36.000000,20,0.0006033039,0.0302109701,41,4,22,256
open_n24_g0p100,24,0.100000,0.500000,true,2,256,1.000e-12,0.05000,36.000000,21,0.0005767747,0.0284860513,28,3,15,64
open_n24_g0p100,24,0.100000,0.500000,true,2,256,1.000e-12,0.05000,36.000000,22,0.0006094392,0.0278653911,15,3,9,16
open_n24_g0p100,24,0.100000,0.500000,true,2,256,1.000e-12,0.05000,36.000000,23,0.0004801372,0.0214617730,4,3,4,4
