layer,index,s,s_over_s1,log10_s_over_s1
1.0,1.0,29.185927146941378,1.0,0.0
1.0,2.0,0.18053065711633406,0.006185537852110115,-2.2086225311120344
1.0,3.0,0.18051751681663425,0.00618508762486074,-2.2086541432904903
1.0,4.0,0.06873515690149451,0.0023550787526959824,-2.6279945656945554
1.0,5.0,0.06707813282604548,0.0022983039904242043,-2.638592528897366
1.0,6.0,0.05291339585262533,0.0018129763562495065,-2.7416078596757694
1.0,7.0,0.05291337173909119,0.001812975530045356,-2.7416080575911943
1.0,8.0,0.05291288167062336,0.001812958738786152,-2.7416120799207104
1.0,9.0,0.05291284159518048,0.0018129573656777127,-2.741612408849125
1.0,10.0,0.05289398144917327,0.00181231115882904,-2.7417672354886538
1.0,11.0,0.052893710584240236,0.0018123018781599125,-2.741769459474138
1.0,12.0,0.05289357951150598,0.0018122973872032402,-2.7417705356745996
1.0,13.0,0.05289329738264959,0.0018122877205973117,-2.741772852162412
2.0,1.0,26.69548289177606,1.0,0.0
2.0,2.0,0.3420029586297343,0.012811266985363032,-1.892407918066214
2.0,3.0,0.33900918736211505,0.012699121747917581,-1.8962263131560138
2.0,4.0,0.2391775570143284,0.008959476701880924,-2.0477173555301014
2.0,5.0,0.22743845296223358,0.008519735487995214,-2.0695738885534096
2.0,6.0,0.1283420350436858,0.004807631147336296,-2.31806885981177
2.0,7.0,0.12834195817268723,0.004807628267785516,-2.3180691199343437
2.0,8.0,0.1272775026134543,0.004767754272490199,-2.3216861359967647
2.0,9.0,0.1272774326503333,0.0047677516517052035,-2.3216863747239955
2.0,10.0,0.12610273966795632,0.004723748215350851,-2.325713259152923
2.0,11.0,0.1261026500329954,0.004723744857668156,-2.3257135678534544
2.0,12.0,0.12487470697841206,0.0046777466991197066,-2.329963299019592
2.0,13.0,0.12487463956688047,0.0046777441739160285,-2.329963533466301
2.0,14.0,0.026793038012208222,0.0010036543680752154,-2.99841582093702
2.0,15.0,0.026463298362748276,0.0009913024787763134,-3.0037938078562476
2.0,16.0,0.005461778252763733,0.00020459559674967766,-3.689103717290014
2.0,17.0,0.005461708164700721,0.00020459297128441463,-3.689109290393298
2.0,18.0,0.0053778434409829335,0.00020145143891139945,-3.69582962622026
2.0,19.0,0.005377791925175815,0.0002014495091539447,-3.6958337864637048
2.0,20.0,0.005315293124783528,0.00019910833403283306,-3.7009105614255207
2.0,21.0,0.005181841074307742,0.00019410928415548854,-3.711953692014674
2.0,22.0,0.0041056722635248125,0.0001537965160686277,-3.8130535024364582
2.0,23.0,0.00410566946891334,0.00015379641138382074,-3.8130537980481574
2.0,24.0,0.0040403755022799925,0.00015135053067441196,-3.820016051955081
2.0,25.0,0.004040240528281113,0.00015134547461307654,-3.8200305603694633
2.0,26.0,0.003937144164456443,0.0001474835342150465,-3.8312564637449165
2.0,27.0,0.003936988151070511,0.0001474776900283515,-3.831273673451309
2.0,28.0,0.003677341785258356,0.00013775146155498897,-3.860903784549503
2.0,29.0,0.0036495544113172495,0.00013671055983937826,-3.8641979382277336
2.0,30.0,0.0034197434626906478,0.00012810195180039806,-3.8924442531617536
2.0,31.0,0.0034196550805466854,0.00012809864104762687,-3.8924554775047073
2.0,32.0,0.002608579734451205,9.771614714843074e-5,-4.010033665165276
2.0,33.0,0.002608396784698096,9.770929393832585e-5,-4.010064124979683
2.0,34.0,0.0025378263230989378,9.506575825533214e-5,-4.021975883468812
2.0,35.0,0.0025375685849397863,9.505610350736611e-5,-4.022019992060328
2.0,36.0,0.0019368767895674248,7.255447662885726e-5,-4.139335786324371
2.0,37.0,0.0019368461929501412,7.255333049423187e-5,-4.139342646877958
2.0,38.0,0.0018555395559364796,6.950762282363905e-5,-4.15796756420551
2.0,39.0,0.0018555132057410917,6.950663575794353e-5,-4.15797373158991
2.0,40.0,0.0015926932503306202,5.9661526138614e-5,-4.224305641602493
2.0,41.0,0.0015660004062905354,5.8661624988734146e-5,-4.231645910774736
2.0,42.0,0.0015575430160523528,5.8344815202132085e-5,-4.233997731377832
2.0,43.0,0.0015338797707825842,5.745840137078467e-5,-4.240646461280113
2.0,44.0,0.0014219614746789977,5.326599561594947e-5,-4.273549950995619
2.0,45.0,0.0013824902014708297,5.1787420631253174e-5,-4.285775719287378
2.0,46.0,0.0010989571129107092,4.1166406967272326e-5,-4.385457036873849
2.0,47.0,0.001076955011795239,4.034221880013307e-5,-4.394240219505637
2.0,48.0,0.000937333190876295,3.5112052277767725e-5,-4.45454378554856
2.0,49.0,0.0009140278087581619,3.423904382863746e-5,-4.465478372083226
2.0,50.0,0.0009137980587308606,3.4230437502682136e-5,-4.465587550064973
2.0,51.0,0.0009137720141438688,3.422946188493072e-5,-4.465599928272061
2.0,52.0,0.0008931593389153859,3.345732094587946e-5,-4.47550883758172
2.0,53.0,0.0008890875535157628,3.330479381549826e-5,-4.47749325064452
2.0,54.0,0.0008890409657202929,3.330304865899898e-5,-4.477516008079973
2.0,55.0,0.0008434634231117615,3.159573574792322e-5,-4.500371527068698
2.0,56.0,0.0008434388661090659,3.1594815854366876e-5,-4.500384171512697
2.0,57.0,0.0008357189714073013,3.1305632297243704e-5,-4.504377520103407
2.0,58.0,0.0008311149637449662,3.113316837587544e-5,-4.506776679569981
2.0,59.0,0.0008310951275662703,3.11324253221245e-5,-4.506787044978055
2.0,60.0,0.0008296918144161622,3.107985788381304e-5,-4.507520975727523
2.0,61.0,0.0007854975542792392,2.9424362071428322e-5,-4.531292944010841
2.0,62.0,0.0007544881294037248,2.8262763871417215e-5,-4.548785369896811
2.0,63.0,0.0007138501818451431,2.6740485824478393e-5,-4.572830706686096
2.0,64.0,0.0006491563641445755,2.4317086406575465e-5,-4.614088462020571
2.0,65.0,0.000649100568158478,2.4314996315666688e-5,-4.614125791902333
2.0,66.0,0.000647078308081651,2.4239243422002047e-5,-4.615480939900864
2.0,67.0,0.0006470660218529882,2.4238783185762358e-5,-4.615489186031049
2.0,68.0,0.0006279361131959109,2.3522185972120248e-5,-4.6285223207117525
2.0,69.0,0.0006279099603362015,2.35212062985247e-5,-4.628540408983714
2.0,70.0,0.0006271771961127091,2.3493757301761353e-5,-4.629047521965186
2.0,71.0,0.000627159849540237,2.3493107507466847e-5,-4.629059533921192
2.0,72.0,0.0005033434295199223,1.8855003730799142e-5,-4.724573377325435
2.0,73.0,0.0005033106205226662,1.8853774721479884e-5,-4.724601686487793
2.0,74.0,0.0005013991653113104,1.8782172524992e-5,-4.726254174527537
2.0,75.0,0.0005013757669120123,1.8781296032163872e-5,-4.7262744418784175
2.0,76.0,0.0004976657227968574,1.8642319556997815e-5,-4.7295000518462365
2.0,77.0,0.0004976586712529493,1.8642055409541232e-5,-4.7295062055115675
2.0,78.0,0.0004963023740015573,1.8591249164271557e-5,-4.730691428575385
2.0,79.0,0.00046508037190692365,1.7421687923472572e-5,-4.758909770089703
2.0,80.0,0.0004650754553243927,1.7421503750646372e-5,-4.758914361244433
2.0,81.0,0.0004177097238195564,1.5647206140190785e-5,-4.80556319589494
2.0,82.0,0.0004013347748523964,1.5033808396701957e-5,-4.822930989063006
2.0,83.0,0.0004013126498093432,1.5032979603188729e-5,-4.822954931790079
2.0,84.0,0.00038767847890778195,1.4522250093000268e-5,-4.83796608836971
2.0,85.0,0.00038766361651593705,1.4521693354921951e-5,-4.837982738193846
2.0,86.0,0.0002380080670683836,8.915668168778678e-6,-5.049846103847044
2.0,87.0,0.0002327081882668615,8.717137247910609e-6,-5.0596261161640435
2.0,88.0,0.000232704478663146,8.716998287932604e-6,-5.0596330393122
2.0,89.0,0.00023027893399157515,8.626138546552233e-6,-5.064183570822583
2.0,90.0,0.00020554858148829,7.699751389461185e-6,-5.113523297155857
2.0,91.0,0.00020553130773555485,7.699104322959141e-6,-5.113559795635572
2.0,92.0,0.00017853867338449796,6.687973171652177e-6,-5.174705477708213
2.0,93.0,0.00017853247549165288,6.687741001555453e-6,-5.1747205543150505
2.0,94.0,0.0001754336140758152,6.57165913750375e-6,-5.182324970882186
2.0,95.0,0.00017541351884792667,6.570906379894159e-6,-5.182374720449875
2.0,96.0,0.0001608320321868684,6.024690875189791e-6,-5.220065231681463
2.0,97.0,0.00015229489727415106,5.704893891283299e-6,-5.243752428872182
2.0,98.0,0.0001362696163675665,5.104594545826567e-6,-5.292038747896995
2.0,99.0,0.00013625432698143264,5.104021812746748e-6,-5.292087478265087
2.0,100.0,0.00013271298898649329,4.971364988021157e-6,-5.303524350627934
2.0,101.0,0.00013269630338543647,4.970739953399215e-6,-5.303578956586987
2.0,102.0,0.00010771969047815382,4.0351279995515075e-6,-5.3941426843329365
2.0,103.0,9.022622440738708e-5,3.379831141214629e-6,-5.471104996843824
2.0,104.0,8.48586615712786e-5,3.1787648088366506e-6,-5.4977416035740605
2.0,105.0,8.482349119701618e-5,3.1774473434660106e-6,-5.497921637825609
2.0,106.0,7.821288206321061e-5,2.929817092288121e-6,-5.533159491690086
3.0,1.0,24.472421299841816,1.0,0.0
3.0,2.0,0.41923551829467104,0.01713093744007181,-1.7662188708984277
3.0,3.0,0.39645473502121004,0.016200061700628397,-1.7904833313714794
3.0,4.0,0.38846514028455215,0.015873588294553556,-1.799324887966523
3.0,5.0,0.38698006707806226,0.015812904752524982,-1.8009883449875579
3.0,6.0,0.20533494030013705,0.008390462790106686,-2.0762140842670544
3.0,7.0,0.2053348063439338,0.008390457316344952,-2.076214367591747
3.0,8.0,0.2012769572444158,0.008224644173060097,-2.0848828820733436
3.0,9.0,0.2012768795376595,0.00822464099778147,-2.084883049740932
3.0,10.0,0.19417649037836118,0.007934502597812677,-2.1004802933320765
3.0,11.0,0.19417638635247667,0.007934498347073314,-2.10048052599608
3.0,12.0,0.1894422763672782,0.007741051612596368,-2.1112000369237514
3.0,13.0,0.1894421773088202,0.007741047564837596,-2.1112002640143133
3.0,14.0,0.0839844341184533,0.0034317991297001804,-2.464478140233535
3.0,15.0,0.07979724419732204,0.0032607008198995754,-2.486689047323263
3.0,16.0,0.03119204861357235,0.0012745795861962366,-2.8946330415075927
3.0,17.0,0.031191840051426296,0.0012745710638623205,-2.8946359453788038
3.0,18.0,0.030573023182334697,0.0012492847686686528,-2.903338554928548
3.0,19.0,0.030572844158924327,0.0012492774533561148,-2.903341097990987
3.0,20.0,0.022690021156133482,0.0009271669884287317,-3.0328420397261535
3.0,21.0,0.022689894695422163,0.0009271618209502148,-3.0328444602325857
3.0,22.0,0.02169704688930962,0.0008865917525475857,-3.0522763130093136
3.0,23.0,0.021696792080901074,0.0008865813404839233,-3.052281413359428
3.0,24.0,0.019731969676345617,0.0008062941314463706,-3.0935065011701783
3.0,25.0,0.01973188699992041,0.0008062907530955244,-3.0935083208562544
3.0,26.0,0.018750614626158225,0.0007661936837561481,-3.1156614325162897
3.0,27.0,0.017828374103332618,0.0007285087930162373,-3.137565201978569
3.0,28.0,0.01682748107587936,0.0006876099781752339,-3.162657829723494
3.0,29.0,0.015615052255593188,0.0006380673193009357,-3.1951334986164954
3.0,30.0,0.015266307995525471,0.0006238168184700281,-3.204942920585185
3.0,31.0,0.015265496050216631,0.0006237836404980207,-3.2049660193425846
3.0,32.0,0.010698972517224771,0.0004371848778728702,-3.3593348686115143
3.0,33.0,0.010698565496244506,0.00043716824604983647,-3.359351390789501
3.0,34.0,0.010467192768482427,0.00042771381876096113,-3.3688467181446784
3.0,35.0,0.010466586492385244,0.0004276890449108482,-3.36887187388558
3.0,36.0,0.008919581325980305,0.0003644748190910704,-3.4383324709332785
3.0,37.0,0.008919457506035981,0.0003644697595204294,-3.438338499769145
3.0,38.0,0.008545054275366242,0.0003491707735278926,-3.456962114985828
3.0,39.0,0.008544843362665536,0.0003491621551448515,-3.456972834561103
3.0,40.0,0.008487882083117033,0.0003468345849036154,-3.4598776029954097
3.0,41.0,0.008340067689472376,0.0003407945453082848,-3.4675073650833617
3.0,42.0,0.007979621895816328,0.0003260658926245237,-3.486694627197281
3.0,43.0,0.007927664758419698,0.000323942803259559,-3.4895316639340557
3.0,44.0,0.007254940556219936,0.0002964537291725535,-3.528043082175568
3.0,45.0,0.006826185415167425,0.0002789337978261901,-3.5544988599895446
3.0,46.0,0.006555085695156797,0.00026785603332185067,-3.572098566917117
3.0,47.0,0.006509103999123859,0.0002659771143759254,-3.5751557300149335
3.0,48.0,0.0060924383126492836,0.0002489511862354488,-3.6038857999999605
3.0,49.0,0.005882213676570399,0.00024036091911381163,-3.6191361439611227
3.0,50.0,0.005528749350410243,0.00022591754541451847,-3.6460500391955755
3.0,51.0,0.005452548654689474,0.0002228038079225417,-3.6520773909416877
3.0,52.0,0.005247856569015009,0.00021443961366621823,-3.6686949838696963
3.0,53.0,0.005247761620926919,0.00021443573386671142,-3.6687028415165694
3.0,54.0,0.005176134551795326,0.00021150888538474055,-3.674671383407111
3.0,55.0,0.0051760449437768885,0.00021150522379288826,-3.674678901875654
3.0,56.0,0.005028053800616183,0.00020545796180162536,-3.6872770245188575
3.0,57.0,0.005027821418697275,0.00020544846613644124,-3.687297096801556
3.0,58.0,0.0049379255404167705,0.00020177511166206868,-3.6951324036809723
3.0,59.0,0.004937819772818886,0.00020177078975225073,-3.695141706125025
3.0,60.0,0.0038398725540883688,0.00015690611513431197,-3.8043601302350187
3.0,61.0,0.0035687330538952764,0.00014582672511928127,-3.8361628771962297
3.0,62.0,0.0035686170867239605,0.00014582198643119253,-3.836176989969625
3.0,63.0,0.003521833060360061,0.00014391028240359793,-3.8419081745720396
3.0,64.0,0.0035217752639345413,0.00014390792070735173,-3.8419153017907948
3.0,65.0,0.0034912912120791673,0.00014266227151384217,-3.8456908652860813
3.0,66.0,0.003491009323090171,0.00014265075287473643,-3.8457259319039903
3.0,67.0,0.0033830435387348146,0.00013823902004975216,-3.859369353485651
3.0,68.0,0.003382891698472183,0.00013823281550379526,-3.8593888462492942
3.0,69.0,0.003340970066937505,0.00013651980022749528,-3.8648043559058505
3.0,70.0,0.003279095414082209,0.00013399145813591419,-3.8729228867298198
3.0,71.0,0.0030924011043410925,0.00012636269482501435,-3.8983811208552566
3.0,72.0,0.0030923766639553616,0.00012636169613406214,-3.898384553258184
3.0,73.0,0.00308772533134298,0.0001261716318753853,-3.8990382798374577
3.0,74.0,0.0028031062403183985,0.00011454143445693774,-3.941037382311989
3.0,75.0,0.0028030857741159665,0.0001145405981603498,-3.9410405532197132
3.0,76.0,0.0025949905235863593,0.00010603734268023299,-3.974541164320421
3.0,77.0,0.0024158860183284042,9.871871641667185e-5,-4.005600500158287
3.0,78.0,0.0022283052347487273,9.105372972486097e-5,-4.040702260020069
3.0,79.0,0.0022281919357761844,9.10491000655741e-5,-4.040724342438932
3.0,80.0,0.002170172673726482,8.8678298200943e-5,-4.052182649894846
3.0,81.0,0.0021700314059617683,8.867252567181797e-5,-4.052210921289269
3.0,82.0,0.0021133617246630945,8.635687081264634e-5,-4.063703102945288
3.0,83.0,0.002059650066073178,8.416208763480592e-5,-4.074883500411918
3.0,84.0,0.0020595404377553353,8.415760796699949e-5,-4.074906617076936
3.0,85.0,0.002041015781011421,8.340064744736205e-5,-4.078830577878746
3.0,86.0,0.002040963719308517,8.339852008520748e-5,-4.078841655891405
3.0,87.0,0.0019810646114492617,8.095090335266772e-5,-4.091778300475897
3.0,88.0,0.0019136323808560819,7.819546572077243e-5,-4.106818429415097
3.0,89.0,0.0019135787484705206,7.819327417687474e-5,-4.106830601332619
3.0,90.0,0.0018112111199608772,7.401029500798045e-5,-4.130707864672067
3.0,91.0,0.0017849732465407891,7.293815453202936e-5,-4.13704522932352
3.0,92.0,0.001784570392680645,7.292169298720679e-5,-4.137143257097879
3.0,93.0,0.0016180923791347512,6.611901451472683e-5,-4.179673628089182
3.0,94.0,0.0013846884345990263,5.6581586988614676e-5,-4.247324875706661
3.0,95.0,0.0013846594246526408,5.658040157479599e-5,-4.2473339744983445
3.0,96.0,0.0013300382938468789,5.434845524890812e-5,-4.264812795393864
3.0,97.0,0.0013299368651054882,5.4344310634848566e-5,-4.264845915960848
3.0,98.0,0.0010695882261789306,4.3705860285506124e-5,-4.359460326896367
3.0,99.0,0.0010695486876303856,4.3704244648538265e-5,-4.3594763813839
3.0,100.0,0.0010579634005713056,4.323084289898785e-5,-4.364206296670593
3.0,101.0,0.0009725469961381058,3.974053013480902e-5,-4.400766343741388
3.0,102.0,0.0009266267173949081,3.786412084205569e-5,-4.421772122501761
3.0,103.0,0.0009265812505540909,3.786226296129023e-5,-4.421793432574265
3.0,104.0,0.0008911424666537312,3.641415190328925e-5,-4.438729800442946
3.0,105.0,0.0008421896220989092,3.441382492480844e-5,-4.463267055033221
3.0,106.0,0.0008421601841414082,3.441262202146102e-5,-4.463282235659544
3.0,107.0,0.0008110346491921593,3.314076033814446e-5,-4.479637531919321
3.0,108.0,0.0007952717374798828,3.249665113786772e-5,-4.488161391860557
3.0,109.0,0.0007952395323146757,3.249533515998337e-5,-4.488178979319138
3.0,110.0,0.0007853922259125478,3.209295133855939e-5,-4.493590342389928
3.0,111.0,0.0007853479261205745,3.2091141146121526e-5,-4.493614839319205
3.0,112.0,0.0007669914819119108,3.134105418154388e-5,-4.503886399777841
3.0,113.0,0.0007669628515021003,3.1339884276471565e-5,-4.50390261151078
3.0,114.0,0.0007481969330599805,3.05730652432343e-5,-4.514661016900787
3.0,115.0,0.0007480694940106337,3.0567857787552435e-5,-4.514734995805937
3.0,116.0,0.0007320161481877283,2.9911880774644064e-5,-4.524156278898815
3.0,117.0,0.0007319791089934964,2.99103672671011e-5,-4.524178254267373
3.0,118.0,0.000660086310651949,2.6972660472146072e-5,-4.569076214415219
3.0,119.0,0.000641112118874902,2.6197330906486396e-5,-4.581742954162442
3.0,120.0,0.000596957333469518,2.4393063773929742e-5,-4.612733648782316
3.0,121.0,0.0005656802431039041,2.3115009184136617e-5,-4.636105929670457
3.0,122.0,0.0005573767247396051,2.277570812918327e-5,-4.642528111311458
3.0,123.0,0.0005274708269976812,2.1553683656185284e-5,-4.6664784955802965
3.0,124.0,0.0005040520393667717,2.0596737576188663e-5,-4.686201564332996
3.0,125.0,0.00045735479104111785,1.8688579500879796e-5,-4.728423707629963
3.0,126.0,0.0004569352850567927,1.8671437511569245e-5,-4.728822244487501
3.0,127.0,0.00045689509072897584,1.866979507793653e-5,-4.728860448896653
3.0,128.0,0.0004453442034289394,1.819779898247412e-5,-4.739981136606739
3.0,129.0,0.00044517233672418334,1.8190776109557284e-5,-4.740148771364903
3.0,130.0,0.0004403232931607274,1.7992632922005702e-5,-4.744905280243617
3.0,131.0,0.0004160214407822236,1.6999602764476462e-5,-4.769561226810638
3.0,132.0,0.00041592634294228037,1.699571684576094e-5,-4.769660513011326
3.0,133.0,0.00040049443102478335,1.6365133066231255e-5,-4.786080459057779
3.0,134.0,0.0004004458890083218,1.636314952664329e-5,-4.786133101007218
3.0,135.0,0.0003982263840582623,1.627245539699974e-5,-4.788546910190961
3.0,136.0,0.0003802996491804383,1.5539927354180376e-5,-4.8085510157636975
3.0,137.0,0.00038029146666296765,1.5539592997503103e-5,-4.808560360133128
3.0,138.0,0.00037607511220861227,1.536730295710638e-5,-4.813402346789505
3.0,139.0,0.0003760561808746929,1.536652937881237e-5,-4.8134242093923065
3.0,140.0,0.00037588714923907876,1.5359622353408422e-5,-4.813619462159133
3.0,141.0,0.0003313230093726037,1.3538628046369295e-5,-4.868425343190011
3.0,142.0,0.00032986868319050334,1.3479200899203036e-5,-4.8703358537468056
3.0,143.0,0.0003297396173656347,1.3473926969693272e-5,-4.870505810905351
3.0,144.0,0.0003278327905855477,1.3396009596633855e-5,-4.873024550012162
3.0,145.0,0.00029821784204591534,1.2185873984109735e-5,-4.914143317290554
3.0,146.0,0.0002981808938199354,1.2184364193740926e-5,-4.914197128305617
3.0,147.0,0.0002832784266369992,1.1575414756317154e-5,-4.936463438914519
3.0,148.0,0.0002785926961007859,1.1383944918543333e-5,-4.943707214261663
3.0,149.0,0.00027855139961253115,1.1382257448074075e-5,-4.943771595584707
3.0,150.0,0.00027827510460541713,1.1370967392066589e-5,-4.944202585869494
3.0,151.0,0.0002692928924395319,1.1003933331323964e-5,-4.958452049500623
3.0,152.0,0.0002692697592646782,1.1002988056045712e-5,-4.9584893584754
3.0,153.0,0.0002682493773310828,1.096129287921407e-5,-4.960138218005539
3.0,154.0,0.00026821371152440976,1.095983549147805e-5,-4.960195964618028
3.0,155.0,0.0002593008431607491,1.059563497962603e-5,-4.974873011592699
3.0,156.0,0.00025248753501857526,1.0317227377096817e-5,-4.986436998116819
3.0,157.0,0.00022093162657371354,9.027779632706045e-6,-5.044419050554379
3.0,158.0,0.00022091622109223928,9.027150128935842e-6,-5.044449334805545
3.0,159.0,0.00021082500129316608,8.614799439339859e-6,-5.064754828883613
3.0,160.0,0.0002108097368025799,8.614175696784957e-6,-5.0647862745091015
3.0,161.0,0.00020916601158860044,8.547009265076375e-6,-5.068185825259374
3.0,162.0,0.00020913560275143912,8.545766689330038e-6,-5.068248968167509
3.0,163.0,0.00019953373705204136,8.15341214534138e-6,-5.088660604048655
3.0,164.0,0.0001994096137731673,8.14834017974577e-6,-5.0889308482159965
3.0,165.0,0.00019463200445283662,7.953115961357477e-6,-5.099462685218499
3.0,166.0,0.00019462470834068332,7.952817825261178e-6,-5.099478965791929
3.0,167.0,0.00019407759177899085,7.930461371235274e-6,-5.100701545954404
3.0,168.0,0.00019243250334194392,7.863239235064483e-6,-5.104398510943449
3.0,169.0,0.00019242808005151757,7.86305848913942e-6,-5.104408493834433
3.0,170.0,0.00018955274039606686,7.745565429493978e-6,-5.110946873069937
3.0,171.0,0.0001895147482693211,7.744012982914203e-6,-5.111033927600067
3.0,172.0,0.00017591731744298896,7.188390363487492e-6,-5.143368346684759
3.0,173.0,0.0001758848079938467,7.187061951854498e-6,-5.14344861154612
3.0,174.0,0.00017547505247245785,7.170318389116327e-6,-5.144461559594918
3.0,175.0,0.00016615231566576737,6.7893697002854945e-6,-5.1681705421250745
3.0,176.0,0.00016610761007901912,6.7875429261301905e-6,-5.1682874108067764
3.0,177.0,0.00015576748463588865,6.365021373544901e-6,-5.19620013366044
3.0,178.0,0.00015100265153825975,6.170319221303851e-6,-5.209692367171857
3.0,179.0,0.00015094069230485105,6.167787423054321e-6,-5.209870602950845
3.0,180.0,0.0001387485855072316,5.669589608941901e-6,-5.246448376208042
3.0,181.0,0.000138729029980739,5.668790524688937e-6,-5.246509590927979
3.0,182.0,0.0001378108033754532,5.631269651946698e-6,-5.249393676077817
3.0,183.0,0.00013773512168050277,5.628177122032182e-6,-5.24963224352038
3.0,184.0,0.00013681223780903634,5.590465942571881e-6,-5.252551993928455
3.0,185.0,0.0001357747412455626,5.548071422194754e-6,-5.255857956743415
3.0,186.0,0.00013575103626920504,5.547102781778381e-6,-5.255933787042447
3.0,187.0,0.00012734504915619345,5.203614615649682e-6,-5.283694875157031
3.0,188.0,0.00012733337775160122,5.203137694937618e-6,-5.283734680857698
3.0,189.0,0.00012416773625770775,5.0737822276094246e-6,-5.294668177117676
3.0,190.0,0.00012413815613659642,5.0725735151265485e-6,-5.294771650163036
3.0,191.0,0.00012116624579267464,4.95113435275233e-6,-5.3052952886014
3.0,192.0,0.00010974530402695522,4.484448133771896e-6,-5.348290994582949
3.0,193.0,0.00010431654942927266,4.262616606308054e-6,-5.370323727463734
3.0,194.0,9.484942061345083e-5,3.875767724465577e-6,-5.411642258196499
3.0,195.0,9.483097764189147e-5,3.8750141017923895e-6,-5.411726712688129
3.0,196.0,9.227495299527393e-5,3.7705689953887142e-6,-5.423593107907868
3.0,197.0,9.224938116923957e-5,3.7695240711566145e-6,-5.423713479056316
3.0,198.0,8.829138321087503e-5,3.607791077519809e-6,-5.4427586198294815
3.0,199.0,8.827611687942002e-5,3.60716725974273e-6,-5.44283371953382
3.0,200.0,7.729160728464818e-5,3.158314673389011e-6,-5.500544601969196
3.0,201.0,7.727839034265359e-5,3.1577745984273773e-6,-5.500618873109495
3.0,202.0,7.508332638448221e-5,3.0680791845050305e-6,-5.513133435808519
3.0,203.0,7.241206638774892e-5,2.958925293927372e-6,-5.528865999639867
3.0,204.0,7.09176772715126e-5,2.897861082179514e-6,-5.537922437598086
3.0,205.0,7.090548895833217e-5,2.8973630393814154e-6,-5.537997084319234
3.0,206.0,6.946888453868189e-5,2.8386600446082924e-6,-5.546886615079293
3.0,207.0,6.946525506646902e-5,2.83851173594e-6,-5.546909305826997
3.0,208.0,6.858003152065846e-5,2.8023394448959468e-6,-5.552479260157849
3.0,209.0,6.857127952691278e-5,2.801981818094804e-6,-5.552534687153997
4.0,1.0,22.481782598102225,1.0,0.0
4.0,2.0,0.5380283073559039,0.02393174584836173,-1.6210256179493359
4.0,3.0,0.48257888859479625,0.02146533027303327,-1.6682624249272682
4.0,4.0,0.417849360377224,0.018586131173268097,-1.7308110021034335
4.0,5.0,0.409226752968019,0.018202593641420742,-1.7398667260861331
4.0,6.0,0.2708150526532215,0.012045977736484385,-1.9191579438327897
4.0,7.0,0.2708148678573613,0.012045969516679779,-1.919158240182084
4.0,8.0,0.2629493544480353,0.011696107873146674,-1.931958634871825
4.0,9.0,0.262949244125845,0.011696102965965056,-1.9319588170830673
4.0,10.0,0.2505034115378819,0.011142506624854023,-1.9530170990289353
4.0,11.0,0.25050320920398006,0.01114249762494928,-1.953017449812711
4.0,12.0,0.2408049994431028,0.01071111680723352,-1.9701652445806346
4.0,13.0,0.24080469321506479,0.010711103186069954,-1.970165796866642
4.0,14.0,0.1555029491750221,0.006916842492202941,-2.1600921138031692
4.0,15.0,0.14270410837304492,0.006347544183844707,-2.197394267416326
4.0,16.0,0.07612290683772625,0.003385981805737775,-2.4703153798623214
4.0,17.0,0.0761226475092838,0.0033859702706897274,-2.4703168593789098
4.0,18.0,0.07343994938754705,0.003266642627962536,-2.485898374919505
4.0,19.0,0.07343967053043904,0.0032666302242704884,-2.485900023972019
4.0,20.0,0.06449995381545094,0.00286898752507711,-2.5422713401478503
4.0,21.0,0.06449947163966198,0.0028689660776768933,-2.5422745867713714
4.0,22.0,0.06045174864237337,0.00268892150249137,-2.570421875921899
4.0,23.0,0.06045162606366992,0.0026889160501344265,-2.5704227565466895
4.0,24.0,0.05224398564744973,0.002323836440436883,-2.633794442338264
4.0,25.0,0.0522438554175745,0.00232383064775231,-2.63379552491621
4.0,26.0,0.05057111850544732,0.0022494265427918615,-2.6479281845748943
4.0,27.0,0.04547182285477229,0.0020226075337375937,-2.6940883794475194
4.0,28.0,0.04467462881117088,0.0019871479770888828,-2.7017697910480845
4.0,29.0,0.04272305191279998,0.0019003409416656488,-2.7211684749415648
4.0,30.0,0.03649769511262139,0.0016234342162752833,-2.7895653048744276
4.0,31.0,0.03649661141348133,0.0016233860128405545,-2.789578200251588
4.0,32.0,0.025156930302049355,0.001118991796681325,-2.9511730972688732
4.0,33.0,0.0251564207857215,0.0011189691331614003,-2.951181893348834
4.0,34.0,0.024816202245094263,0.001103836056451729,-2.9570954239487133
4.0,35.0,0.024547655838359987,0.0010918909891261092,-2.961820718027066
4.0,36.0,0.024547288155481958,0.0010918746344230768,-2.961827223081641
4.0,37.0,0.023494062860323565,0.0010450266902904217,-2.9808726174018987
4.0,38.0,0.023065013469131836,0.0010259423766102447,-2.988877031254399
4.0,39.0,0.02204064053510844,0.000980377798732427,-3.008606532178396
4.0,40.0,0.02178672278007284,0.000969083420542993,-3.0136388364454985
4.0,41.0,0.021786346382422342,0.0009690666782028847,-3.013646339585661
4.0,42.0,0.020711464180559715,0.0009212554249282729,-3.035619941727761
4.0,43.0,0.020711096764016446,0.0009212390820719328,-3.035627646078901
4.0,44.0,0.019863408631590754,0.0008835335251959737,-3.0537769667781784
4.0,45.0,0.019354581606868995,0.0008609006657907452,-3.065046956313708
4.0,46.0,0.01773196644118887,0.0007887259990978515,-3.103073843111302
4.0,47.0,0.016019068972515173,0.0007125355341647778,-3.147193472502791
4.0,48.0,0.015613155856537034,0.0006944803326162847,-3.1583400487847744
4.0,49.0,0.015471175533433973,0.0006881649827331733,-3.1623074302223135
4.0,50.0,0.015471042445742182,0.0006881590629316091,-3.162311166169762
4.0,51.0,0.015226689251771798,0.0006772901208046173,-3.169225259121723
4.0,52.0,0.015226367770153062,0.000677275821154786,-3.169234428492992
4.0,53.0,0.015061156452965132,0.0006699271460011584,-3.173972423881316
4.0,54.0,0.014641823126841246,0.0006512750073509393,-3.1862355875373205
4.0,55.0,0.014042293247146537,0.0006246076433606249,-3.204392705586076
4.0,56.0,0.014042019533123708,0.0006245954684353655,-3.2044011709874316
4.0,57.0,0.013864694197226399,0.0006167079561741146,-3.2099204486869977
4.0,58.0,0.013864511844823024,0.0006166998450555866,-3.2099261606891685
4.0,59.0,0.013656306878935801,0.0006074387926911358,-3.2164974763069125
4.0,60.0,0.011261309093916016,0.0005009081928790926,-3.3002418649104412
4.0,61.0,0.011261029937305492,0.0005008957758650366,-3.3002526307705393
4.0,62.0,0.010675263330259812,0.000474840608553921,-3.3234521470958316
4.0,63.0,0.010675014719216542,0.0004748295502207046,-3.3234622612876925
4.0,64.0,0.00999064499253273,0.00044438847092917265,-3.3522372167806553
4.0,65.0,0.009990234145660979,0.0004443701962719048,-3.3522550767084494
4.0,66.0,0.009852686935660422,0.0004382520332925969,-3.358276060298157
4.0,67.0,0.009765307064395812,0.0004343653365467621,-3.362144839835251
4.0,68.0,0.009765156687350928,0.0004343586477068435,-3.3621515276355645
4.0,69.0,0.009074759992655043,0.00040364948611419627,-3.393995596080133
4.0,70.0,0.009074757427751509,0.00040364937202611083,-3.3939957188297827
4.0,71.0,0.009036764525246908,0.00040195943029934544,-3.3958177779758487
4.0,72.0,0.008442756768939838,0.00037553769288973214,-3.4253464661365975
4.0,73.0,0.008301227712072803,0.00036924241553574767,-3.432688416597738
4.0,74.0,0.00791182989843859,0.00035192182220934997,-3.4535538023001844
4.0,75.0,0.00791164437877303,0.00035191357020954747,-3.4535639859255536
4.0,76.0,0.007893538169958338,0.0003511081977380505,-3.454559030429731
4.0,77.0,0.007294244804581161,0.0003244513540130442,-3.4888504090867762
4.0,78.0,0.00729407249069436,0.00032444368941233695,-3.4888606686621175
4.0,79.0,0.0072429557270517544,0.0003221699923236141,-3.491914913250053
4.0,80.0,0.0072428397697456535,0.00032216483448946126,-3.4919218662155544
4.0,81.0,0.006648832678923663,0.00029574312668092953,-3.5290853399518727
4.0,82.0,0.006648667488711117,0.00029573577894452004,-3.5290961301300072
4.0,83.0,0.00656494499344373,0.00029201176396029656,-3.534599652249767
4.0,84.0,0.006516259894003127,0.0002898462284104282,-3.537832346461731
4.0,85.0,0.006515989039692393,0.0002898341806864743,-3.5378503986848227
4.0,86.0,0.006441734014093619,0.00028653128309484636,-3.5428279554285735
4.0,87.0,0.006440981995431148,0.00028649783295986756,-3.542878658642947
4.0,88.0,0.006333316120675116,0.0002817088054756715,-3.5501995778998237
4.0,89.0,0.006333069974735699,0.0002816978567914049,-3.550216457193166
4.0,90.0,0.006193941764011352,0.0002755093701748636,-3.559863626046186
4.0,91.0,0.006129686990838795,0.00027265128839722104,-3.564392445739927
4.0,92.0,0.006110761080100781,0.00027180945520826336,-3.5657354399017174
4.0,93.0,0.0058766893220276025,0.0002613978360649959,-3.5826980119694047
4.0,94.0,0.0058764007181974845,0.0002613849988342799,-3.5827193406668747
4.0,95.0,0.0055734851172669535,0.0002479111739892651,-3.605703898030432
4.0,96.0,0.005551676528015079,0.0002469411179380285,-3.6074065900728884
4.0,97.0,0.005551464235397205,0.00024693167506502914,-3.6074231975381936
4.0,98.0,0.005187425976305159,0.0002307390863544357,-3.6368788313557268
4.0,99.0,0.00500558763914503,0.00022265083372737405,-3.6523756742919318
4.0,100.0,0.004880455466126899,0.00021708489728652022,-3.6633703895961474
4.0,101.0,0.004671963493930701,0.00020781107874982653,-3.682331303209732
4.0,102.0,0.004671789571834784,0.00020780334261524033,-3.6823474708901096
4.0,103.0,0.004452526834396354,0.00019805043550115146,-3.7032241982708523
4.0,104.0,0.004227716705930532,0.00018805077789015763,-3.7257248657369066
4.0,105.0,0.004227645636662618,0.00018804761669652877,-3.7257321664271994
4.0,106.0,0.003937636388685219,0.00017514787234966013,-3.756595134009517
4.0,107.0,0.0039374714383220875,0.0001751405352818626,-3.7566133272924738
4.0,108.0,0.003920652727620334,0.0001743924313168695,-3.758472367503492
4.0,109.0,0.003863407049984121,0.00017184611732302076,-3.7648602758295557
4.0,110.0,0.0038632345279868826,0.00017183844346546582,-3.764879669857521
4.0,111.0,0.0036880253394895863,0.0001640450584110224,-3.7850368474915785
4.0,112.0,0.0036862846724228476,0.0001639676327416324,-3.785241873348841
4.0,113.0,0.0036861777405367093,0.0001639628763622985,-3.7852544715624337
4.0,114.0,0.0036126539837866064,0.00016069250594441585,-3.7940043765215186
4.0,115.0,0.0036125963898811374,0.0001606899441410883,-3.7940113002166274
4.0,116.0,0.0034924312333346214,0.00015534494287074155,-3.808702880285286
4.0,117.0,0.003315046660342194,0.0001474547957163339,-3.831341098193423
4.0,118.0,0.0030997976256886776,0.00013788041994278264,-3.860497402530151
4.0,119.0,0.003042898465139545,0.00013534951918787829,-3.8685432826671886
4.0,120.0,0.0030425971677156926,0.0001353361173402918,-3.868586287154117
4.0,121.0,0.0030296027638305424,0.00013475812029630974,-3.870445055502091
4.0,122.0,0.003029425164376919,0.00013475022059116631,-3.870470515184282
4.0,123.0,0.002863491382502284,0.00012736940987695533,-3.8949348633416836
4.0,124.0,0.002718888963958397,0.00012093742798615574,-3.917439271907502
4.0,125.0,0.002543751380376069,0.00011314722795116777,-3.9463560815701326
4.0,126.0,0.0024033550971895947,0.00010690233688997914,-3.9710128009901946
4.0,127.0,0.0023630876584934965,0.0001051112227503247,-3.9783509117707054
4.0,128.0,0.0023629921871955186,0.00010510697614320796,-3.978368458092076
4.0,129.0,0.002324869637295683,0.00010341126764084688,-3.9854321381507907
4.0,130.0,0.00232437770788007,0.00010338938639484396,-3.9855240421583096
4.0,131.0,0.002244445477854855,9.983396414678956e-5,-4.000721683841368
4.0,132.0,0.0022432203414645855,9.977946951830878e-5,-4.000958809335339
4.0,133.0,0.002243097675867488,9.977401329629604e-5,-4.000982558428357
4.0,134.0,0.002170032101710729,9.652402305028561e-5,-4.015364585311447
4.0,135.0,0.002123016550011233,9.443274974958814e-5,-4.024877364081859
4.0,136.0,0.002117982445996881,9.420883049441409e-5,-4.025908387491031
4.0,137.0,0.002117981370371642,9.420878265011018e-5,-4.02590860804915
4.0,138.0,0.002048327907866904,9.111056469515952e-5,-4.04043126163524
4.0,139.0,0.0020478467104319826,9.10891608125794e-5,-4.040533298980386
4.0,140.0,0.00201770446354314,8.974841984787551e-5,-4.046973189071531
4.0,141.0,0.001969665557752628,8.761162728790444e-5,-4.057438253057024
4.0,142.0,0.0019694101313255325,8.760026580328992e-5,-4.057494576061064
4.0,143.0,0.0018636064226454144,8.289406832013084e-5,-4.081476545300181
4.0,144.0,0.0018635445672596767,8.289131696420665e-5,-4.08149096030659
4.0,145.0,0.0018504083590221159,8.230701239759858e-5,-4.0845631621650655
4.0,146.0,0.0018503342831685378,8.23037174696606e-5,-4.0845805482616235
4.0,147.0,0.0017804790909363211,7.91965264839194e-5,-4.101293865909847
4.0,148.0,0.0017804414458622412,7.919485201376048e-5,-4.101303048393857
4.0,149.0,0.0017598815170445424,7.828033695126564e-5,-4.106347313625171
4.0,150.0,0.001726209617454028,7.678259541570979e-5,-4.114737211889487
4.0,151.0,0.0017261917582764327,7.678180103130022e-5,-4.114741705076367
4.0,152.0,0.001596038188807263,7.099251057351612e-5,-4.1487874651986365
4.0,153.0,0.0015693368443485773,6.980482252688678e-5,-4.156114572728308
4.0,154.0,0.0015693194712161707,6.98040497619901e-5,-4.156119380553554
4.0,155.0,0.0014626649361639647,6.506000713161571e-5,-4.186685893448552
4.0,156.0,0.001462645877302019,6.505915938469606e-5,-4.186691552442828
4.0,157.0,0.0014164361646672717,6.300373017515251e-5,-4.200633737109467
4.0,158.0,0.0014163640074056644,6.300052058706525e-5,-4.200655861861407
4.0,159.0,0.0013976213252492172,6.216683748944338e-5,-4.206441225213765
4.0,160.0,0.0013886992756833132,6.176998063314333e-5,-4.20922253482744
4.0,161.0,0.0013885662762284322,6.176406475639732e-5,-4.2092641303668765
4.0,162.0,0.0013540873170847076,6.0230424841801086e-5,-4.220184073475623
4.0,163.0,0.001350495716743329,6.007066881152607e-5,-4.221337532701583
4.0,164.0,0.001350380739846753,6.0065554586438535e-5,-4.221374508722191
4.0,165.0,0.0013291187145745848,5.9119809951670865e-5,-4.228266970707163
4.0,166.0,0.0013290764668714723,5.911793075446183e-5,-4.228280775520643
4.0,167.0,0.0012266535953141299,5.456211445695932e-5,-4.263108807721153
4.0,168.0,0.0012266171795404042,5.45604946666439e-5,-4.263121700851212
4.0,169.0,0.0012087749658023493,5.3766864817222575e-5,-4.269485286793793
4.0,170.0,0.0011163907474946923,4.965757241994375e-5,-4.30401451535722
4.0,171.0,0.00109091469166384,4.852438577339185e-5,-4.31403995324851
4.0,172.0,0.0010869059545141144,4.834607530658465e-5,-4.315638775807979
4.0,173.0,0.0010868701109384958,4.834448096790344e-5,-4.315653098044157
4.0,174.0,0.0010180673332582035,4.528410186406404e-5,-4.344054241355008
4.0,175.0,0.0010180388173324116,4.5282833462607556e-5,-4.344066406053999
4.0,176.0,0.0009817057105093562,4.366672020893156e-5,-4.359849426550251
4.0,177.0,0.0009816035815303644,4.366217746511015e-5,-4.3598946094995075
4.0,178.0,0.0009715583294490211,4.321536004582813e-5,-4.364361864353944
4.0,179.0,0.0009712241223335958,4.3200494360068255e-5,-4.364511283355892
4.0,180.0,0.0009659115822481226,4.29641901407613e-5,-4.366893370086175
4.0,181.0,0.0009658156768938329,4.2959924226620766e-5,-4.366936493323154
4.0,182.0,0.0009302168988849533,4.137647425535894e-5,-4.3832465189065974
4.0,183.0,0.0009301334092306254,4.1372760597246484e-5,-4.383285499840497
4.0,184.0,0.0008966297420369427,3.988250211585227e-5,-4.399217603093076
4.0,185.0,0.0008855458402439331,3.938948508107562e-5,-4.404619696467049
4.0,186.0,0.0007883833266411602,3.5067651917767e-5,-4.4550933129122505
4.0,187.0,0.000784012378840984,3.487323015511971e-5,-4.457507823958329
4.0,188.0,0.0007839802392804662,3.487180057272883e-5,-4.457525627656668
4.0,189.0,0.0007572550083442084,3.3683050044622854e-5,-4.47258858945343
4.0,190.0,0.0007572020899601997,3.368069621063403e-5,-4.472618939817532
4.0,191.0,0.0007351854752053353,3.2701387089624966e-5,-4.485433825547855
4.0,192.0,0.0007350930217725455,3.269727471853578e-5,-4.485488443793078
4.0,193.0,0.000720674371233505,3.205592653023608e-5,-4.494091665944387
4.0,194.0,0.0007206330041460325,3.205408650321456e-5,-4.494116595391267
4.0,195.0,0.0006964317254736222,3.097760252927678e-5,-4.508952196925297
4.0,196.0,0.000696410077713363,3.09766396269729e-5,-4.508965696667774
4.0,197.0,0.0006602788641419092,2.93695066777154e-5,-4.53210334829999
4.0,198.0,0.0005754211988298398,2.559499880932099e-5,-4.591844886317109
4.0,199.0,0.0005252372028647368,2.3362791654656164e-5,-4.631475263966577
4.0,200.0,0.000524196851868209,2.3316516365230686e-5,-4.632336335404096
4.0,201.0,0.0005240932765955709,2.3311909289604628e-5,-4.632422155480605
4.0,202.0,0.000514835051606838,2.290009919632873e-5,-4.640162636423217
4.0,203.0,0.0005116762969939742,2.275959634255901e-5,-4.642835444726606
4.0,204.0,0.0005116027631492691,2.2756325523424267e-5,-4.642897862388194
4.0,205.0,0.00047700025916501204,2.121719027766408e-5,-4.673312128808817
4.0,206.0,0.00047257077059165853,2.102016459457935e-5,-4.677363887630436
4.0,207.0,0.00043200727232636354,1.9215881589515546e-5,-4.7163396861057425
4.0,208.0,0.0004319495159003941,1.921331255720161e-5,-4.71639775219764
4.0,209.0,0.0004162545178658274,1.851519184697414e-5,-4.732471783606406
4.0,210.0,0.00040562373375130296,1.804232969433408e-5,-4.74370738541553
4.0,211.0,0.0004055474208478781,1.8038935261393016e-5,-4.743789100039541
4.0,212.0,0.0003989974366682765,1.7747588961293375e-5,-4.750860638210458
4.0,213.0,0.00039897737627918865,1.774669666598715e-5,-4.750882473777562
4.0,214.0,0.0003795793723340128,1.688386455467524e-5,-4.772528140490212
4.0,215.0,0.0003795442986691853,1.68823044619791e-5,-4.772568271761802
4.0,216.0,0.0003514635418190046,1.5633259519584226e-5,-4.805950462557646
4.0,217.0,0.00035139225620275,1.5630088702681984e-5,-4.806038557299047
4.0,218.0,0.00034536957295262376,1.5362196989743053e-5,-4.813546670223007
4.0,219.0,0.00034536724126086314,1.536209327502424e-5,-4.81354960228293
4.0,220.0,0.00032247613695569666,1.4343886457781072e-5,-4.843333161186693
4.0,221.0,0.00032245497265048404,1.4342945059779366e-5,-4.843361665133342
4.0,222.0,0.0003101852546493511,1.3797182376255835e-5,-4.860209595003389
4.0,223.0,0.00031017228468120943,1.3796605466124928e-5,-4.860227754807174
4.0,224.0,0.0003015123628508083,1.3411408171710553e-5,-4.872525619680394
4.0,225.0,0.00030149275102579477,1.3410535828740063e-5,-4.87255386921656
4.0,226.0,0.0002821502557228251,1.255017276728948e-5,-4.9013502955882
4.0,227.0,0.00028208159686489973,1.2547118789802343e-5,-4.901455990306218
4.0,228.0,0.0002564930538603632,1.1408928662178896e-5,-4.942755135419541
4.0,229.0,0.0002543187667038358,1.1312215372339017e-5,-4.9464523349715055
4.0,230.0,0.0002543063601546923,1.131166352334353e-5,-4.946473521875372
4.0,231.0,0.00023123229852932504,1.0285318680594494e-5,-4.987782247568719
4.0,232.0,0.0002311915714209963,1.0283507120138777e-5,-4.987858746900202
4.0,233.0,0.00022795913335165282,1.0139726792433966e-5,-4.9939737465940865
4.0,234.0,0.0002139482792444457,9.516517576435683e-6,-5.021521945945692
4.0,235.0,0.0002139286088062953,9.515642626325986e-6,-5.021561876883726
4.0,236.0,0.00019028927918439054,8.464154403861801e-6,-5.072416422797839
4.0,237.0,0.000190257047792887,8.462720736786563e-6,-5.072489990269209
4.0,238.0,0.00016641520610625858,7.402224684812419e-6,-5.130637736601994
4.0,239.0,0.00012874807599988673,5.726773463717902e-6,-5.242089996108452
4.0,240.0,0.00012867780445971054,5.723647753384678e-6,-5.242327101583914
5.0,1.0,20.693009106755316,1.0,0.0
5.0,2.0,0.6106960180053608,0.02951219007611593,-1.5299985606566102
5.0,3.0,0.5255097606613559,0.025395521644544252,-1.5952428619840215
5.0,4.0,0.4631316325167138,0.022381067447823363,-1.6501192039719215
5.0,5.0,0.45287736937999296,0.021885525060352354,-1.6598430296732887
5.0,6.0,0.32246157915336815,0.015583116862791081,-1.807345672406204
5.0,7.0,0.322461244183006,0.015583100675181032,-1.8073461235478745
5.0,8.0,0.3111067867318192,0.015034390847982429,-1.8229141636206132
5.0,9.0,0.31110653970193475,0.015034378910139888,-1.822914508466058
5.0,10.0,0.29748115501858324,0.014375925390255076,-1.8423641898420848
5.0,11.0,0.29748075383521094,0.014375906002868243,-1.8423647755324366
5.0,12.0,0.282681515300281,0.013660725409336359,-1.8645262382161905
5.0,13.0,0.2826810228905121,0.013660701613388348,-1.864526994724912
5.0,14.0,0.21913708702035642,0.01058990917608103,-1.975107764585242
5.0,15.0,0.1970416003374767,0.009522133746761445,-2.0212657227698747
5.0,16.0,0.12117086726945363,0.0058556426783718425,-2.232425432555204
5.0,17.0,0.12117051467174969,0.0058556256389116984,-2.232426696319865
5.0,18.0,0.11494951048598795,0.005554992504616558,-2.255316522718769
5.0,19.0,0.1149492021181285,0.005554977602585738,-2.2553176877749648
5.0,20.0,0.11405759096955002,0.0055118900485244295,-2.2586994543434256
5.0,21.0,0.1140570779601713,0.005511865257089985,-2.2587014077219028
5.0,22.0,0.10498746498640808,0.005073571680405558,-2.2946861994493424
5.0,23.0,0.10498722509832943,0.005073560087694348,-2.2946871917791207
5.0,24.0,0.09889319120921654,0.004779062856398805,-2.320657257403953
5.0,25.0,0.09889312305749105,0.004779059562932633,-2.320657556695827
5.0,26.0,0.09835544894423034,0.004753076192873361,-2.323025223811861
5.0,27.0,0.09252703747822685,0.0044714152978370374,-2.349554991688026
5.0,28.0,0.09201611953906956,0.0044467249332544164,-2.3519597344288434
5.0,29.0,0.07620946789821902,0.003682860598236538,-2.433814719527497
5.0,30.0,0.06360525281361881,0.003073755609224307,-2.512330665718719
5.0,31.0,0.06360414614132363,0.003073702128732926,-2.512338222104883
5.0,32.0,0.04530278941520551,0.002189279924514035,-2.6596987053578673
5.0,33.0,0.04530231676302055,0.0021892570833611353,-2.65970323645428
5.0,34.0,0.044584699920576766,0.002154577891043498,-2.666637800930956
5.0,35.0,0.04369459404852061,0.0021115630802219254,-2.675395940058115
5.0,36.0,0.04369409215264883,0.0021115388258532547,-2.6754009285896303
5.0,37.0,0.04277587467235534,0.0020671655075235524,-2.684624750210341
5.0,38.0,0.042310261351591875,0.0020446645112517504,-2.6893779408912417
5.0,39.0,0.04107419691765237,0.001984931080141628,-2.7022545680110994
5.0,40.0,0.03967544001235066,0.0019173354540978024,-2.717301896971507
5.0,41.0,0.038712267642243725,0.0018707896682655955,-2.7279750372174734
5.0,42.0,0.0387115071282938,0.0018707529160491344,-2.727983569144852
5.0,43.0,0.03672489077130705,0.0017747486884021166,-2.750863136111646
5.0,44.0,0.036461641181495905,0.001762027020497123,-2.7539874360131753
5.0,45.0,0.03646146036895961,0.0017620182826410015,-2.753989589676009
5.0,46.0,0.035643260106029126,0.0017224783462929632,-2.763846229010809
5.0,47.0,0.035270896773871734,0.0017044837022933221,-2.768407146994736
5.0,48.0,0.035082567259000226,0.0016953825844278675,-2.770732282382982
5.0,49.0,0.031130347669190234,0.0015043895988538277,-2.822639677892555
5.0,50.0,0.03112980962801279,0.0015043635977452085,-2.822647184083498
5.0,51.0,0.030754575880041643,0.0014862302394677673,-2.827913906601786
5.0,52.0,0.03075432174482311,0.0014862179582564065,-2.8279174953353623
5.0,53.0,0.02910080158037692,0.0014063107704754669,-2.8519186971049826
5.0,54.0,0.02853742465420372,0.0013790852991451864,-2.860408871023287
5.0,55.0,0.028432094200776636,0.001373995152377083,-2.8620147995178056
5.0,56.0,0.02843190896622726,0.0013739862008249708,-2.862017628947257
5.0,57.0,0.02793183849080462,0.0013498200453449837,-2.869724126707244
5.0,58.0,0.027931619669565717,0.0013498094706993256,-2.8697275290335487
5.0,59.0,0.027320685971211168,0.001320285794601628,-2.879332049412473
5.0,60.0,0.025076062573138838,0.0012118132478351183,-2.9165643040013642
5.0,61.0,0.025075836743129274,0.0012118023344871176,-2.916568215188312
5.0,62.0,0.023776195262424315,0.0011489965108391355,-2.93968129013296
5.0,63.0,0.02377603536595931,0.0011489887837626055,-2.9396842108015178
5.0,64.0,0.023343142032487305,0.0011280689972183332,-2.947664336350215
5.0,65.0,0.022864132317378057,0.0011049206134990763,-2.956668924112642
5.0,66.0,0.022466604483325516,0.001085709882377194,-2.9642862091074327
5.0,67.0,0.022215283751446133,0.0010735646824895015,-2.969171784108964
5.0,68.0,0.020687582700125256,0.000999737766189438,-3.0001139016319778
5.0,69.0,0.0206871768652098,0.0009997181540144584,-3.000122421409069
5.0,70.0,0.019992373694498067,0.0009661414437773324,-3.014959287916591
5.0,71.0,0.01997027272556125,0.0009650734034153532,-3.0154396529920993
5.0,72.0,0.019969828233493157,0.0009650519231141655,-3.01544931949007
5.0,73.0,0.018887753881871434,0.0009127601396408534,-3.0396433338746887
5.0,74.0,0.018262559864753003,0.000882547326516718,-3.0542619963152617
5.0,75.0,0.017817370429601697,0.0008610333247176286,-3.0649800396486646
5.0,76.0,0.017817329370535425,0.0008610313405177446,-3.0649810404555193
5.0,77.0,0.017537538212554753,0.0008475102930694383,-3.071855018557195
5.0,78.0,0.017537465362825685,0.000847506772569897,-3.0718568225903877
5.0,79.0,0.017423460539629145,0.0008419974325503577,-3.074689232765092
5.0,80.0,0.017146357012192803,0.0008286062661904162,-3.081651786749009
5.0,81.0,0.016912549368387434,0.000817307395030637,-3.087614571549241
5.0,82.0,0.016912344660732426,0.0008172975024309695,-3.087619828234149
5.0,83.0,0.016213703241351348,0.0007835353069099225,-3.1059414289967013
5.0,84.0,0.01585944225795058,0.000766415467954982,-3.115535738820292
5.0,85.0,0.015859125944347477,0.0007664001819421325,-3.1155444008287096
5.0,86.0,0.015279306859206341,0.0007383801350678549,-3.131719995820801
5.0,87.0,0.015279304728889116,0.000738380032119211,-3.131720056372309
5.0,88.0,0.01512390453305838,0.00073087024004262,-3.1361597215862735
5.0,89.0,0.01512380473411545,0.0007308654172088594,-3.1361625873986783
5.0,90.0,0.014860829500692129,0.0007181570077133321,-3.1437805973605024
5.0,91.0,0.014793521872413968,0.0007149043329606695,-3.145752070712303
5.0,92.0,0.014793264438524628,0.0007148918923393944,-3.1457596282832014
5.0,93.0,0.014754711984092957,0.0007130288257243467,-3.146892912504423
5.0,94.0,0.014754365254695373,0.000713012069853038,-3.1469031183582263
5.0,95.0,0.014379739549750832,0.0006949080955585386,-3.158072628835844
5.0,96.0,0.014379130471118634,0.0006948786615294394,-3.158091024516123
5.0,97.0,0.013862998949835158,0.0006699363479866989,-3.1739664585399794
5.0,98.0,0.013862825583059483,0.0006699279699506781,-3.1739718897388918
5.0,99.0,0.013783474140333424,0.0006660932718496583,-3.176464953091864
5.0,100.0,0.013239453744882385,0.0006398032145339516,-3.1939535822405802
5.0,101.0,0.012767845998182278,0.0006170125346349055,-3.2097060131669575
5.0,102.0,0.011644649608213502,0.000562733508120482,-3.249697223892475
5.0,103.0,0.011644566259316206,0.0005627294802433925,-3.2497003324527953
5.0,104.0,0.011298057075583783,0.0005459842508789834,-3.2628198845022207
5.0,105.0,0.010975006565422102,0.0005303726736310799,-3.275418860163156
5.0,106.0,0.010974626361100862,0.0005303543000673668,-3.2754339055754667
5.0,107.0,0.01083727800149495,0.0005237168719921492,-3.280903434700656
5.0,108.0,0.010837182775494138,0.0005237122701481002,-3.280907250816509
5.0,109.0,0.010756590875616964,0.000519817626335719,-3.284148998227558
5.0,110.0,0.010557171641465041,0.000510180592247389,-3.292276066385148
5.0,111.0,0.010313274764889222,0.0004983941538750115,-3.3024270605597894
5.0,112.0,0.01031310863797131,0.000498386125708733,-3.302434056260619
5.0,113.0,0.009908246027846481,0.0004788209378698768,-3.319826867032265
5.0,114.0,0.009609196800448515,0.00046436923459873,-3.3331365608684336
5.0,115.0,0.009271967920886972,0.0004480724805683336,-3.3486517284911663
5.0,116.0,0.00927185730654659,0.0004480671350750894,-3.348656909644144
5.0,117.0,0.009219378146407057,0.0004455310534511558,-3.351122020308426
5.0,118.0,0.009219216241200845,0.0004455232293012037,-3.3511296471953975
5.0,119.0,0.008678190517205284,0.0004193778909792416,-3.377394468669933
5.0,120.0,0.008678076242120242,0.0004193723685786834,-3.377400187530969
5.0,121.0,0.008492119508848501,0.0004103859165690994,-3.386807551554316
5.0,122.0,0.008491834929787992,0.0004103721641438701,-3.386822105422333
5.0,123.0,0.008061510407725347,0.0003895765166939223,-3.409407229867404
5.0,124.0,0.007939923735437218,0.00038370078003035325,-3.416007317917832
5.0,125.0,0.00793975198850759,0.0003836924802742017,-3.416016712158007
5.0,126.0,0.007259227058639733,0.0003508057731569803,-3.45493326812929
5.0,127.0,0.007153457221772691,0.0003456943929646953,-3.461307664496473
5.0,128.0,0.007105891650854545,0.00034339576299392816,-3.4642050677065783
5.0,129.0,0.0071056334932026914,0.00034338328739646806,-3.4642208459488906
5.0,130.0,0.006709534854493049,0.0003242416228533285,-3.4891312355848876
5.0,131.0,0.006686144958144297,0.0003231112944304257,-3.4906478608524285
5.0,132.0,0.0066860030440365655,0.000323104436360292,-3.490657078894868
5.0,133.0,0.006508235340196207,0.0003145137232879083,-3.502360400081402
5.0,134.0,0.006508008230267001,0.0003145027480871516,-3.502375555389232
5.0,135.0,0.006197414502137509,0.0002994931510523686,-3.5236131048078034
5.0,136.0,0.0061691208407193,0.000298125845733348,-3.5256003715929842
5.0,137.0,0.006168739682665698,0.00029810742608004205,-3.525627205230656
5.0,138.0,0.00610912684635475,0.00029522660599228174,-3.5298445062156842
5.0,139.0,0.006083820813409225,0.0002940036793113447,-3.531647234572143
5.0,140.0,0.006083542682740959,0.00029399023850789117,-3.5316670894264073
5.0,141.0,0.00603787380667682,0.0002917832672632291,-3.5349396169785825
5.0,142.0,0.005757424433405,0.0002782304112322391,-3.5555954023507246
5.0,143.0,0.0057569316793816385,0.0002782065986479591,-3.555632573400728
5.0,144.0,0.005337069838636376,0.00025791656549815505,-3.588520763044709
5.0,145.0,0.005305319611209206,0.0002563822199004041,-3.591112096418779
5.0,146.0,0.005305197238879704,0.0002563763061964633,-3.591122113956698
5.0,147.0,0.005189318523791893,0.00025077640941538167,-3.600713320084528
5.0,148.0,0.005189123075383866,0.00025076696427344904,-3.6007296774854542
5.0,149.0,0.0050951585050018795,0.00024622607948007643,-3.608665949883781
5.0,150.0,0.004921905420593579,0.00023785353764652832,-3.623690384841344
5.0,151.0,0.004921830622543782,0.00023784992299341474,-3.6236969848517755
5.0,152.0,0.004812580478162874,0.0002325703552023175,-3.6334456438317773
5.0,153.0,0.004812202571717479,0.00023255209268460217,-3.633479748015351
5.0,154.0,0.004650012284244899,0.00022471416603817585,-3.648369548683288
5.0,155.0,0.004649820035212533,0.0002247048755076699,-3.64838750442508
5.0,156.0,0.004627259342324278,0.000223614618756133,-3.6504998079520314
5.0,157.0,0.00462719852149486,0.00022361167955917502,-3.6505055163686646
5.0,158.0,0.004563678753502961,0.00022054205504665487,-3.656508582916391
5.0,159.0,0.004456969433570836,0.00021538527386603433,-3.6667839932262876
5.0,160.0,0.004415351521383558,0.00021337406747393492,-3.6708583639056074
5.0,161.0,0.004414778151244021,0.0002133463590755778,-3.670914764320385
5.0,162.0,0.004324858465785299,0.0002090009453662992,-3.6798517494562257
5.0,163.0,0.004238887629876602,0.00020484636178373883,-3.688571745019492
5.0,164.0,0.004238858957244984,0.00020484497616449562,-3.688574682678825
5.0,165.0,0.004079570516153783,0.00019714728269374756,-3.705209204485984
5.0,166.0,0.004078800492932368,0.0001971100709369923,-3.7052911857630355
5.0,167.0,0.004076552916932195,0.0001970014557042546,-3.7055305646912533
5.0,168.0,0.004076475524569714,0.00019699771567968487,-3.705538809744293
5.0,169.0,0.004003612549687381,0.00019347657602781344,-3.7133716069636766
5.0,170.0,0.00392467964809331,0.0001896621041360332,-3.7220194356306235
5.0,171.0,0.003924306815121443,0.00018964408679646004,-3.722060694283122
5.0,172.0,0.003820466558782835,0.00018462595454692127,-3.7337072462994176
5.0,173.0,0.0038203895012679403,0.0001846222307040284,-3.7337160059601793
5.0,174.0,0.0037778878911691053,0.0001825683191689989,-3.7385745827918107
5.0,175.0,0.003777720690845904,0.00018256023912987366,-3.738593804056905
5.0,176.0,0.0037414637398141,0.00018080810386309087,-3.7427821082403585
5.0,177.0,0.0036480417637205203,0.00017629344020969877,-3.7537638472794206
5.0,178.0,0.0035638819025578497,0.00017222637288621335,-3.763900344624702
5.0,179.0,0.0035314602969214377,0.00017065958260118768,-3.7678693208985203
5.0,180.0,0.0033677759448122306,0.00016274945453500074,-3.7884804583225122
5.0,181.0,0.003367677435223015,0.00016274469400990227,-3.7884931618982334
5.0,182.0,0.0033090231958860187,0.0001599101985996698,-3.7961238373524755
5.0,183.0,0.0033086230360801438,0.0001598908606771951,-3.7961763597115414
5.0,184.0,0.003077792281226328,0.00014873584916277692,-3.8275843427278895
5.0,185.0,0.0030063125767382888,0.00014528155674357028,-3.837789515178166
5.0,186.0,0.002939447116205045,0.00014205024996801703,-3.847557997705671
5.0,187.0,0.002939336776123306,0.00014204491772845874,-3.8475743004272935
5.0,188.0,0.002913426935842043,0.00014079281175645659,-3.851419517737919
5.0,189.0,0.002912741464210511,0.00014075968599751087,-3.8515217106468804
5.0,190.0,0.00289172407287522,0.00013974401006430743,-3.854666798481039
5.0,191.0,0.0027342761921448034,0.00013213526259224368,-3.8789812678843596
5.0,192.0,0.002703330495611307,0.00013063979635174442,-3.8839245052721734
5.0,193.0,0.002645641372847509,0.00012785194068192957,-3.893292675372832
5.0,194.0,0.002645146070601554,0.00012782800495352004,-3.893373989179225
5.0,195.0,0.002569036446393321,0.000124149969351468,-3.906053383322385
5.0,196.0,0.0024587751635997217,0.00011882153779157449,-3.9251048312719607
5.0,197.0,0.0024587254536367954,0.00011881913553278893,-3.925113611652189
5.0,198.0,0.002349951874081156,0.00011356259797488827,-3.944764680664919
5.0,199.0,0.0023499142241323193,0.00011356077852230686,-3.9447716388057175
5.0,200.0,0.0022897057475934827,0.00011065117382304727,-3.956043974577499
5.0,201.0,0.002289673871363673,0.00011064963338832145,-3.956050020667521
5.0,202.0,0.0022530013940445653,0.00010887741760617426,-3.9630621884355888
5.0,203.0,0.002252737871715022,0.00010886468275798549,-3.9631129886647893
5.0,204.0,0.002139737325285557,0.00010340387491479095,-3.9854631863621934
5.0,205.0,0.002139635505484275,0.00010339895442204114,-3.985483852838148
5.0,206.0,0.002083295392866884,0.00010067629034130102,-3.9970727954477163
5.0,207.0,0.002083245593759244,0.00010067388377455265,-3.997083176950129
5.0,208.0,0.0020574267012387687,9.94261728985135e-5,-4.002499277079747
5.0,209.0,0.001867610158413477,9.025319366451099e-5,-4.044537421374281
5.0,210.0,0.0018670902664586898,9.022806962614107e-5,-4.044658333995334
5.0,211.0,0.0016617383990023271,8.030433807037982e-5,-4.09526099333726
5.0,212.0,0.0016616392629935706,8.029954727324418e-5,-4.095286903255393
5.0,213.0,0.0016554718592355325,8.000150440638897e-5,-4.09690184614243
5.0,214.0,0.0015294234083798948,7.391015006515453e-5,-4.131295915940887
5.0,215.0,0.0015292680911324042,7.39026442815979e-5,-4.131340022006241
5.0,216.0,0.0014987085569588676,7.242583953000862e-5,-4.140106461935219
5.0,217.0,0.0014986443640347576,7.24227373748905e-5,-4.140125064104171
5.0,218.0,0.0014096389877394512,6.812150811257648e-5,-4.16671574594549
5.0,219.0,0.001409349824141022,6.810753413726253e-5,-4.166804843252352
5.0,220.0,0.0013969032443585162,6.750604695295338e-5,-4.170657322862672
5.0,221.0,0.001359847285113494,6.571529921521015e-5,-4.1823335103299595
5.0,222.0,0.0013596956700270078,6.570797234043306e-5,-4.1823819343457505
5.0,223.0,0.0013096810097818384,6.329098890476435e-5,-4.198658118537382
5.0,224.0,0.0012987834048928345,6.276435670580367e-5,-4.202286918054831
5.0,225.0,0.0012986693503329813,6.275884496223536e-5,-4.202325057933151
5.0,226.0,0.0012021604273990045,5.8095003061036415e-5,-4.235861221075179
5.0,227.0,0.0012015869858959768,5.806729121400299e-5,-4.2360684329343
5.0,228.0,0.0011256848958102466,5.439928480207174e-5,-4.264406810017914
5.0,229.0,0.0010932158512697355,5.28302020083126e-5,-4.277117728685997
5.0,230.0,0.0010930882199490964,5.282403416099852e-5,-4.277168434879216
5.0,231.0,0.001032052183205198,4.987443720151268e-5,-4.302121991990038
5.0,232.0,0.0010318956308520647,4.986687173085901e-5,-4.302187875267475
5.0,233.0,0.001024197737081543,4.9494867169762644e-5,-4.305439836933732
5.0,234.0,0.0010241356261252775,4.949186562678042e-5,-4.3054661748785845
5.0,235.0,0.0010185286558571996,4.9220905988230435e-5,-4.307850396686285
5.0,236.0,0.0010184858081756529,4.921883535261984e-5,-4.30786866706383
5.0,237.0,0.0007002735750894777,3.384107026081918e-5,-4.47055591037835
5.0,238.0,0.0006997914627252664,3.3817771940032476e-5,-4.470855008980279
5.0,239.0,0.0005416593891272668,2.6175960505929505e-5,-4.582097373268162
5.0,240.0,0.0005414568518593276,2.6166172791301138e-5,-4.582259795020404
5.0,241.0,0.00041976119224260546,2.0285169260645264e-5,-4.692821364165839
5.0,242.0,0.00041874660975408707,2.0236139055164556e-5,-4.693872344944279
5.0,243.0,0.0003442667878036323,1.6636864461208062e-5,-4.778928521525515
5.0,244.0,0.0003436553647853607,1.660731713848099e-5,-4.779700520833478
5.0,245.0,0.00021829685581081727,1.0549304583234992e-5,-4.97677616838695
5.0,246.0,0.00021033102964157147,1.0164352055154128e-5,-4.992920301023983
5.0,247.0,0.0001864322654016196,9.009432337260125e-6,-5.045302572013397
5.0,248.0,0.00018629241215273318,9.002673859159385e-6,-5.045628482803724
5.0,249.0,0.00018594271146789374,8.985774398910016e-6,-5.046444489208207
6.0,1.0,19.079450863879565,1.0,0.0
6.0,2.0,0.6737485380481417,0.03531278456885019,-1.4520680350507618
6.0,3.0,0.5560727702428443,0.02914511398729921,-1.5354342418041949
6.0,4.0,0.5035219337176644,0.026390798000948314,-1.578547477450711
6.0,5.0,0.47724523561149595,0.025013572928086578,-1.6018242694000586
6.0,6.0,0.3609733348238714,0.018919482400159185,-1.7230907492148597
6.0,7.0,0.36097182187926635,0.01891940310308634,-1.7230925694736072
6.0,8.0,0.3478989671441168,0.01823422328169543,-1.7391127314814325
6.0,9.0,0.3478966529016914,0.018234101986672746,-1.7391156204410239
6.0,10.0,0.3372399718406783,0.01767555965036327,-1.7526268265145593
6.0,11.0,0.3372129330685128,0.01767414248315241,-1.7526616481884516
6.0,12.0,0.3172088057615751,0.01662567796236221,-1.7792206359912026
6.0,13.0,0.31720369393958947,0.01662541003945279,-1.7792276347060196
6.0,14.0,0.2629962672550622,0.013784268170576961,-1.860616286353058
6.0,15.0,0.2329441905843237,0.012209166408731612,-1.9133139868697362
6.0,16.0,0.15445562522203554,0.008095391545804109,-2.0917621410959315
6.0,17.0,0.15445489250846617,0.008095353142520146,-2.0917642013265922
6.0,18.0,0.1495755185278896,0.007839613393227153,-2.1057053538114836
6.0,19.0,0.14956777073528138,0.007839207312744885,-2.105727850211692
6.0,20.0,0.1492687635780862,0.007823535627048664,-2.106596935392679
6.0,21.0,0.14926847048914454,0.007823520265550908,-2.106597788129929
6.0,22.0,0.14584803790660808,0.0076442471508821885,-2.1166652799465466
6.0,23.0,0.14584369973744377,0.007644019776981584,-2.1166781979876608
6.0,24.0,0.14284755387199205,0.007486984551658412,-2.125693062976733
6.0,25.0,0.132762911313617,0.006958424131847438,-2.157489103540833
6.0,26.0,0.1327617933143968,0.006958365534814002,-2.15749276075904
6.0,27.0,0.12568997083802239,0.006587714276199295,-2.181265245410138
6.0,28.0,0.11902560887087131,0.0062384190048260625,-2.204925459111957
6.0,29.0,0.09483649190570909,0.0049706090904979685,-2.303590390253716
6.0,30.0,0.0922620138333282,0.004835674490401339,-2.3155429410164774
6.0,31.0,0.09225603890221712,0.004835361329862615,-2.3155710670407195
6.0,32.0,0.07636978899697691,0.00400272468750959,-2.397644280193987
6.0,33.0,0.06566439789057835,0.0034416293403334523,-2.46323590452443
6.0,34.0,0.06556188309958717,0.0034362562930836888,-2.463914451790449
6.0,35.0,0.06552805461802837,0.0034344832608407716,-2.4641385959689277
6.0,36.0,0.06439311437824924,0.0033749983077424753,-2.4717264405924495
6.0,37.0,0.062291219975116115,0.0032648329566467398,-2.4861390342548844
6.0,38.0,0.062277104617356915,0.0032640931367294945,-2.486237457702919
6.0,39.0,0.05899970715107843,0.003092316837209097,-2.5097160148824043
6.0,40.0,0.056943645932596904,0.002984553713775918,-2.5251206005931928
6.0,41.0,0.05626006293933208,0.00294872548170877,-2.530365657196761
6.0,42.0,0.0562458204748038,0.0029479789998194386,-2.5304756145358565
6.0,43.0,0.056242166155664325,0.0029477874681466693,-2.530503831782613
6.0,44.0,0.05489004759441295,0.0028769196758345146,-2.5410722635281022
6.0,45.0,0.05290646852107949,0.0027729555163057574,-2.5570570973092286
6.0,46.0,0.05288269350211694,0.0027717094102656954,-2.5572523036899
6.0,47.0,0.052441331769932174,0.0027485765782290913,-2.5608921586294753
6.0,48.0,0.05056834891884304,0.0026504090332377947,-2.5766870969424853
6.0,49.0,0.049217310704268935,0.0025795978644985603,-2.5884479912620937
6.0,50.0,0.0492133631602467,0.002579390964203033,-2.588482825862316
6.0,51.0,0.04868758770492793,0.0025518338055054448,-2.5931476135332505
6.0,52.0,0.048671209781479235,0.002550975399067778,-2.5932937295911627
6.0,53.0,0.04771741433251911,0.0025009846810033595,-2.6018889683958806
6.0,54.0,0.047068814750644936,0.0024669900138349207,-2.6078326084937125
6.0,55.0,0.04581104749946757,0.0024010674010642085,-2.6195956485646277
6.0,56.0,0.04579113558692775,0.0024000237697415945,-2.619784457031523
6.0,57.0,0.04458149176667853,0.002336623421960135,-2.631411274318429
6.0,58.0,0.0445658826720524,0.0023358053116938867,-2.6315633582979197
6.0,59.0,0.04423957515900897,0.002318702748555595,-2.634754923175934
6.0,60.0,0.04217987525004169,0.0022107489125850525,-2.6554605799319306
6.0,61.0,0.04132317838136237,0.0021658473651143552,-2.6643721528927475
6.0,62.0,0.040982459375628215,0.002147989460913392,-2.667967853828342
6.0,63.0,0.04079740466264999,0.002138290297436493,-2.6699333346668306
6.0,64.0,0.040787402812003985,0.0021377660763403326,-2.670039818918019
6.0,65.0,0.03991281298961795,0.0020919267160450228,-2.6794535336550154
6.0,66.0,0.039650233346582776,0.002078164284153847,-2.682320123342221
6.0,67.0,0.03964107084177446,0.002077684055195808,-2.6824204931201456
6.0,68.0,0.03606141573997225,0.001890065704576553,-2.723523098134141
6.0,69.0,0.033006902671093734,0.0017299713134606536,-2.7619610983215144
6.0,70.0,0.03251566825729557,0.0017042245339908028,-2.768473186887906
6.0,71.0,0.03245540913856043,0.0017010662083573739,-2.7692787825869134
6.0,72.0,0.03245430641488356,0.0017010084119519773,-2.7692935386770885
6.0,73.0,0.03235349945041427,0.001695724876005975,-2.770644608756703
6.0,74.0,0.03204825585717597,0.0016797263236673343,-2.7747614717283873
6.0,75.0,0.032043750457556405,0.0016794901848155557,-2.774822529894897
6.0,76.0,0.03198604689483452,0.0016764658020315037,-2.775605301251261
6.0,77.0,0.03134198286239326,0.0016427088539392198,-2.7844394020744074
6.0,78.0,0.03131975063031946,0.001641543609078012,-2.7847475753590265
6.0,79.0,0.03131428405441255,0.0016412570926606419,-2.7848233841032424
6.0,80.0,0.030182992673851015,0.0015819633850674508,-2.800803572574868
6.0,81.0,0.030182781978347575,0.0015819523420083532,-2.8008066042230175
6.0,82.0,0.02848218926002713,0.0014928201793243665,-2.825992502945118
6.0,83.0,0.027530490677311253,0.0014429393630731192,-2.8407519189661463
6.0,84.0,0.02752750549846609,0.001442782902655759,-2.840799012823216
6.0,85.0,0.02692385409108781,0.0014111440776347997,-2.8504286425692897
6.0,86.0,0.026922893067991904,0.0014110937080983406,-2.8504441446023594
6.0,87.0,0.02613653174920054,0.0013698786163013294,-2.8633179135779194
6.0,88.0,0.025551346976519184,0.0013392076721082129,-2.873152071339527
6.0,89.0,0.02525867308334765,0.0013238679280422234,-2.878155338901959
6.0,90.0,0.02525333224002769,0.0013235880015727425,-2.8782471784072947
6.0,91.0,0.025131427039815014,0.0013171986562460665,-2.8803487210099448
6.0,92.0,0.02512379214592218,0.00131679849305755,-2.8804806791375506
6.0,93.0,0.02467477433801621,0.0012932643876417576,-2.8883126813405573
6.0,94.0,0.024543325897106925,0.0012863748580715887,-2.89063245670778
6.0,95.0,0.024532630538725474,0.0012858142885637052,-2.8908217524663518
6.0,96.0,0.024216527997383375,0.0012692465925855925,-2.8964539938270493
6.0,97.0,0.024205353178626522,0.001268660893403966,-2.8966544470969624
6.0,98.0,0.023521243943464713,0.0012328050797307888,-2.9091055847905243
6.0,99.0,0.02349204641139079,0.0012312747667106588,-2.909645020707452
6.0,100.0,0.023366077071436276,0.001224672410025803,-2.9119800660296784
6.0,101.0,0.023294210479473637,0.0012209057087472722,-2.913317875573556
6.0,102.0,0.023286917241044633,0.0012205234525449824,-2.913453871131663
6.0,103.0,0.022467447550994817,0.0011775730712213143,-2.929012134353135
6.0,104.0,0.02246468122122936,0.0011774280812116337,-2.929065610642223
6.0,105.0,0.0219979075856023,0.0011529633500745999,-2.938184497660496
6.0,106.0,0.021473335142665508,0.0011254692441551317,-2.9486663685232712
6.0,107.0,0.021469571883241768,0.0011252720026595252,-2.94874248646307
6.0,108.0,0.02135140188695801,0.00111907842837236,-2.9511394757453195
6.0,109.0,0.02070246991669195,0.001085066339927268,-2.9645437086508584
6.0,110.0,0.020091884122510423,0.0010530640669825333,-2.9775452061263996
6.0,111.0,0.018075698645083023,0.0009473909272359193,-3.023470778643573
6.0,112.0,0.01807113111153627,0.000947151531795278,-3.023580534029546
6.0,113.0,0.018012031635946134,0.0009440539858537425,-3.0250031698036324
6.0,114.0,0.017631988789896674,0.00092413502441398,-3.0342645698256034
6.0,115.0,0.0176155017879007,0.0009232709009067787,-3.0346708520541985
6.0,116.0,0.01728789284937227,0.0009061001269224683,-3.042823808761114
6.0,117.0,0.016975402443311687,0.0008897217516594685,-3.0507457917963476
6.0,118.0,0.016972408381977798,0.0008895648256894682,-3.0508223978741795
6.0,119.0,0.016755910849639732,0.0008782176682747896,-3.0563978298630827
6.0,120.0,0.01675298700957774,0.0008780644227708779,-3.0564736191423036
6.0,121.0,0.016421360827197973,0.0008606830953550252,-3.065156726912495
6.0,122.0,0.016418397323731813,0.0008605277709965149,-3.0652351095363883
6.0,123.0,0.01625413601977473,0.0008519184401971649,-3.069601981134479
6.0,124.0,0.016251182157864762,0.0008517636211758503,-3.069680912583439
6.0,125.0,0.01598090671457951,0.0008375978338471947,-3.0769644544780044
6.0,126.0,0.015559750171681996,0.0008155240044743152,-3.088563251230318
6.0,127.0,0.01555381177984704,0.0008152127590471107,-3.0887290317244083
6.0,128.0,0.014866276041122712,0.0007791773540645731,-3.10836367823893
6.0,129.0,0.014798887851223642,0.000775645376630849,-3.1103367918523164
6.0,130.0,0.014790282736744254,0.0007751943618432232,-3.1105893946637937
6.0,131.0,0.014785745509328947,0.0007749565548199668,-3.11072264398508
6.0,132.0,0.014772215847780604,0.000774247432652622,-3.111120226057256
6.0,133.0,0.014763354860015182,0.0007737830069294374,-3.1113808120634836
6.0,134.0,0.014315485568929446,0.0007503090980480438,-3.1247597873788293
6.0,135.0,0.014129382784919316,0.0007405550026425805,-3.130442679942154
6.0,136.0,0.014118101982499557,0.0007399637486017677,-3.1307895561715338
6.0,137.0,0.014003157535656587,0.0007339392331341565,-3.1343398962242626
6.0,138.0,0.012725810223817394,0.000666990382197497,-3.1758804284352804
6.0,139.0,0.012725562912791774,0.0006669774200306408,-3.1758888685153632
6.0,140.0,0.0126720741743233,0.0006641739463431599,-3.1777181645420947
6.0,141.0,0.012478386239727515,0.0006540222949157874,-3.184407446792147
6.0,142.0,0.012474733206374185,0.0006538308306341688,-3.1845346046204352
6.0,143.0,0.012453691705884106,0.0006527279948848488,-3.185267760426002
6.0,144.0,0.01244987094490751,0.0006525277395942824,-3.185401021312815
6.0,145.0,0.012371353204860854,0.000648412435615838,-3.1881486646015174
6.0,146.0,0.012366108774077775,0.0006481375623597629,-3.1883328085841036
6.0,147.0,0.012343269726402787,0.0006469405128305113,-3.18913565153717
6.0,148.0,0.011962208882246863,0.0006269681956566804,-3.2027544891551396
6.0,149.0,0.011958595986459512,0.0006267788350816237,-3.202885677108445
6.0,150.0,0.011621389901081178,0.000609105051502416,-3.2153077987410223
6.0,151.0,0.01161708866210828,0.0006088796132021429,-3.215468566957197
6.0,152.0,0.011375374647110668,0.0005962107991612097,-3.2246001618598337
6.0,153.0,0.011067054354713994,0.0005800509896050356,-3.2365338279357485
6.0,154.0,0.011030404211951892,0.0005781300672984359,-3.237974443317793
6.0,155.0,0.011029941583826756,0.000578105819843494,-3.2379926585211094
6.0,156.0,0.01080799769017064,0.0005664732055067633,-3.246820627681899
6.0,157.0,0.010803198000379937,0.0005662216421978952,-3.2470135349930045
6.0,158.0,0.01074004760336502,0.0005629117777020323,-3.249559664579287
6.0,159.0,0.010735171157705278,0.0005626561914330912,-3.249756897818332
6.0,160.0,0.010731127181823296,0.0005624442369114002,-3.249920528864868
6.0,161.0,0.010402193299159273,0.000545204019411915,-3.2634409510729094
6.0,162.0,0.010397570111286556,0.0005449617069939267,-3.263634013366491
6.0,163.0,0.010004622622736919,0.0005243663821413886,-3.2803651593131757
6.0,164.0,0.009801846934538918,0.0005137384196468344,-3.2892579545857745
6.0,165.0,0.009775666193442665,0.0005123662239121125,-3.2904195074442812
6.0,166.0,0.009767415498149733,0.0005119337850881759,-3.290786208224334
6.0,167.0,0.00941641944644183,0.0004935372361407219,-3.306680075334
6.0,168.0,0.00938729507847957,0.0004920107578280051,-3.3080254012686923
6.0,169.0,0.00920807546652632,0.00048261742605803566,-3.316397000901718
6.0,170.0,0.00920368978952703,0.0004823875621573092,-3.316603898538065
6.0,171.0,0.0089434922110215,0.00046874998000875136,-3.329058737786015
6.0,172.0,0.008566748614370815,0.0004490039401809532,-3.347749847880112
6.0,173.0,0.008565091777290769,0.0004489171013567193,-3.347833849970614
6.0,174.0,0.00854510619365866,0.000447869608754616,-3.3488484066287088
6.0,175.0,0.008544421443531836,0.0004478337193502663,-3.348883209603728
6.0,176.0,0.00844978186932693,0.0004428734311910261,-3.3537203730754466
6.0,177.0,0.008376476606256069,0.0004390313256926105,-3.3575044909422176
6.0,178.0,0.008284465090921919,0.0004342087804322361,-3.3623013986275385
6.0,179.0,0.008282864225201409,0.00043412487520184283,-3.3623853285280774
6.0,180.0,0.008140601753368108,0.0004266685562098416,-3.369909361752207
6.0,181.0,0.008139916554605137,0.0004266326432913902,-3.3699459180873697
6.0,182.0,0.007426474871432388,0.0003892394453286853,-3.4097831549901767
6.0,183.0,0.0072973320794220385,0.000382470760373772,-3.4174017607553604
6.0,184.0,0.007296898731936953,0.0003824480475877397,-3.4174275518263673
6.0,185.0,0.007225736286957753,0.000378718252349559,-3.4216837635254014
6.0,186.0,0.007224350022649518,0.00037864559489635846,-3.4217670913240696
6.0,187.0,0.007039135584246809,0.0003689380598250347,-3.43304654043764
6.0,188.0,0.006994867605702702,0.00036661786838661583,-3.4357863720181117
6.0,189.0,0.006993788292388016,0.0003665612989747189,-3.4358533891527325
6.0,190.0,0.006538319399202271,0.0003426890766327216,-3.4650997386799665
6.0,191.0,0.006537897254313151,0.0003426669510017414,-3.4651277796953197
6.0,192.0,0.006427888063100895,0.000336901104175378,-3.472497565639575
6.0,193.0,0.006424870351611089,0.00033674293864371067,-3.4727015024801804
6.0,194.0,0.006310162039503251,0.00033073079956663697,-3.4805253591867293
6.0,195.0,0.006111580437335857,0.0003203226592284189,-3.4944123387954473
6.0,196.0,0.006101063057829904,0.00031977141802231777,-3.4951603571936776
6.0,197.0,0.005892040155690716,0.0003088160239897305,-3.510300172877216
6.0,198.0,0.005870001266133353,0.00030766091267575205,-3.5119276759576863
6.0,199.0,0.005868082705976089,0.0003075603563143058,-3.512069644629728
6.0,200.0,0.005817639551953787,0.0003049165090473072,-3.515819061059194
6.0,201.0,0.005808826923825583,0.0003044546179692528,-3.516477434178505
6.0,202.0,0.005807597299538221,0.0003043901703970383,-3.51656937624855
6.0,203.0,0.005805234883656815,0.00030426635048742666,-3.5167460746076107
6.0,204.0,0.005655770936480461,0.00029643258481761313,-3.5280740590305273
6.0,205.0,0.005644683778378686,0.00029585148014217593,-3.528926253610321
6.0,206.0,0.00541142188505634,0.0002836256621673018,-3.547254477179217
6.0,207.0,0.005372263878572075,0.00028157329667923643,-3.5504085343834446
6.0,208.0,0.005371669907083625,0.0002815421652020945,-3.5504565537672663
6.0,209.0,0.005074564512519796,0.0002659701554685074,-3.5751670928520536
6.0,210.0,0.005040159685884041,0.00026416691559115387,-3.578121574593986
6.0,211.0,0.0045401155931305845,0.00023795839961650813,-3.6234989605743406
6.0,212.0,0.004539881891887456,0.0002379461507711511,-3.623521316342719
6.0,213.0,0.0044724802845322945,0.00023441347009621808,-3.6300174360823765
6.0,214.0,0.004471737385383778,0.00023437453296150615,-3.6300895803466284
6.0,215.0,0.004430874287859882,0.00023223279954289627,-3.6340764424160725
6.0,216.0,0.004428780334796658,0.00023212305041656324,-3.6342817308424022
6.0,217.0,0.0039790814852103,0.00020855324996503613,-3.6807830379884496
6.0,218.0,0.003976121062884131,0.0002083980870964982,-3.6811062717796537
6.0,219.0,0.003828567745213157,0.0002006644621235533,-3.697529534688591
6.0,220.0,0.0038270624749611633,0.0002005855672820438,-3.6977003189490207
6.0,221.0,0.0037422450786847097,0.00019614008313883786,-3.707433644949463
6.0,222.0,0.0037419102444534924,0.00019612253366985125,-3.7074725048214963
6.0,223.0,0.0036894345147513307,0.00019337215421309724,-3.713606064597774
6.0,224.0,0.003622648444839133,0.00018987173533895478,-3.721539680338986
6.0,225.0,0.003620687503940918,0.0001897689577007405,-3.7217748277457225
6.0,226.0,0.003470155109581648,0.00018187919213918276,-3.7402169834875707
6.0,227.0,0.0034698383818235912,0.0001818625916740899,-3.7402566241926682
6.0,228.0,0.003305473632337867,0.0001732478390452869,-3.7613321737237198
6.0,229.0,0.003295423902807012,0.00017272110850138634,-3.762654583419944
6.0,230.0,0.003289771741784203,0.00017242486512084393,-3.7634001050652564
6.0,231.0,0.0032242621704878234,0.00016899135061543435,-3.77213552305566
6.0,232.0,0.003220769530216172,0.00016880829292176332,-3.7726062219183416
6.0,233.0,0.002847151538395736,0.0001492260735756209,-3.8261552879846823
6.0,234.0,0.002838554017848716,0.0001487754568042915,-3.8274687075912905
6.0,235.0,0.0021625371268012374,0.00011334378238816423,-3.945602298639122
6.0,236.0,0.0021581032712751007,0.00011311139333473865,-3.946493647831413
6.0,237.0,0.0019460975486143895,0.00010199966249021672,-3.9914012652859157
6.0,238.0,0.0019454265400007957,0.00010196449331169156,-3.991551034545694
6.0,239.0,0.0019316126363852094,0.00010124047333259781,-3.9946458330391215
6.0,240.0,0.001929099625981847,0.00010110876040116748,-3.9952112140523206
6.0,241.0,0.0012133150862720953,6.359276768122786e-5,-4.1965922732625245
6.0,242.0,0.0012109074583961281,6.346657810202329e-5,-4.197454916708435
6.0,243.0,0.0010568305541214917,5.539103623376499e-5,-4.2565605101666115
6.0,244.0,0.001055407599636601,5.531645575998497e-5,-4.257145653819258
6.0,245.0,0.0007319847636735966,3.8365085499361e-5,-4.416063829605584
6.0,246.0,0.0007306967327342524,3.829757669375996e-5,-4.4168287054523665
6.0,247.0,0.0005430942798463959,2.846488002831149e-5,-4.545690642281104
6.0,248.0,0.0005418803340267356,2.8401254202373365e-5,-4.54666248103948
6.0,249.0,0.000500682394750859,2.6241970920595538e-5,-4.581003550096896
6.0,250.0,0.00046392815316996527,2.4315592544031498e-5,-4.614115142691831
7.0,1.0,17.62303585061917,1.0,0.0
7.0,2.0,0.7297838478523628,0.04141079062871693,-1.382886477722419
7.0,3.0,0.5803716690728892,0.03293255906600782,-1.4823745205767656
7.0,4.0,0.5154709544335443,0.02924983860913122,-1.533876525867514
7.0,5.0,0.48998483551753624,0.02780365651360353,-1.5558980854036613
7.0,6.0,0.3863378436312751,0.021922320700363408,-1.6591134732709898
7.0,7.0,0.3863350155094488,0.021922160221666646,-1.659116652463034
7.0,8.0,0.3787495338155894,0.021491730314007296,-1.6677286177531354
7.0,9.0,0.3787261060033761,0.021490400928286704,-1.6677554821670801
7.0,10.0,0.3610050873193258,0.020484840998983848,-1.688567402642346
7.0,11.0,0.3609948207738847,0.02048425843503016,-1.6885797536246208
7.0,12.0,0.34029290428754577,0.019309550702388763,-1.7142278313341943
7.0,13.0,0.34029111094234005,0.019309448940965764,-1.714230120074187
7.0,14.0,0.2926955883583491,0.016608692783659375,-1.779664548113589
7.0,15.0,0.2514221991976955,0.01426667921060048,-1.8456771038542352
7.0,16.0,0.19045700973292287,0.010807275848912905,-1.9662837632974115
7.0,17.0,0.19044454248096035,0.010806568408261465,-1.966312192999009
7.0,18.0,0.17636780522686535,0.010007799264657844,-1.9996614142584535
7.0,19.0,0.17636551886666413,0.010007669527635198,-1.9996670443112512
7.0,20.0,0.16970717814455655,0.009629849225926305,-2.016380512549487
7.0,21.0,0.16950418564541928,0.00961833063736654,-2.0169002978053916
7.0,22.0,0.16950044381039986,0.00961811831100852,-2.016909885039075
7.0,23.0,0.16637351339087483,0.009440684045650934,-2.0249965367942386
7.0,24.0,0.1663698024042952,0.009440473469754074,-2.0250062239069018
7.0,25.0,0.14564170373078086,0.008264280057380911,-2.082794974001228
7.0,26.0,0.14563485863801404,0.008263891640037564,-2.0828153861208514
7.0,27.0,0.1414885911744068,0.008028616202890814,-2.095359302446987
7.0,28.0,0.1272594228510588,0.007221197524068342,-2.1413907754263466
7.0,29.0,0.11725783195948607,0.0066536681280919205,-2.1769388646834242
7.0,30.0,0.11724637149537073,0.0066530178165217415,-2.1769813135287412
7.0,31.0,0.1076435770403598,0.006108117690549772,-2.214092603595983
7.0,32.0,0.10714518285125803,0.00607983685441425,-2.2161080743750055
7.0,33.0,0.08693961067927726,0.004933293639995785,-2.30686303364906
7.0,34.0,0.08303518367108942,0.004711741176431417,-2.3268185740645198
7.0,35.0,0.08091126109727742,0.004591221500263512,-2.338071754495647
7.0,36.0,0.07927987549596217,0.004498650298846027,-2.346917765266139
7.0,37.0,0.0792672281543886,0.004497932639205498,-2.3469870528222194
7.0,38.0,0.07600682483528678,0.00431292459934571,-2.365228134335924
7.0,39.0,0.07600583551607439,0.004312868461503128,-2.365233787231858
7.0,40.0,0.07392678341649818,0.004194894911588165,-2.3772789144274222
7.0,41.0,0.07209312961191697,0.004090846220992283,-2.388186845759444
7.0,42.0,0.07208705586979917,0.004090501573102483,-2.3882234359840857
7.0,43.0,0.07036927723067526,0.003993028092728013,-2.398697634340138
7.0,44.0,0.06901470866628065,0.003916164572964644,-2.4071390656869283
7.0,45.0,0.06899924314959258,0.003915286999042695,-2.407236397710208
7.0,46.0,0.06775020707258436,0.0038444118054837876,-2.4151700977802513
7.0,47.0,0.06774279576965597,0.003843991259160713,-2.4152176085431867
7.0,48.0,0.06726324114087107,0.0038167794533827625,-2.4183029343516944
7.0,49.0,0.06725293987746202,0.0038161949193957485,-2.4183694509867943
7.0,50.0,0.06686610011154219,0.003794244117661084,-2.42087473049994
7.0,51.0,0.06643056554072396,0.003769530182189919,-2.423712774992396
7.0,52.0,0.06259734027123084,0.003552017983838553,-2.4495248440583928
7.0,53.0,0.062233415636699846,0.003531367476308761,-2.4520570871298606
7.0,54.0,0.059594643921576346,0.003381633245640962,-2.470873495505675
7.0,55.0,0.05959402311558444,0.0033815980186802292,-2.4708780196374285
7.0,56.0,0.059370087724421816,0.003368891048492981,-2.4725130340777732
7.0,57.0,0.05934473776398721,0.003367452592562375,-2.472698509616406
7.0,58.0,0.058891513203880856,0.003341734857891227,-2.476028011152018
7.0,59.0,0.05791286500716663,0.003286202530486931,-2.483305674266024
7.0,60.0,0.05687656721130658,0.0032273989392870846,-2.491147348069171
7.0,61.0,0.05629365056394299,0.003194321968196255,-2.4956213117530184
7.0,62.0,0.053756688390064346,0.0030503648092037247,-2.515648217981171
7.0,63.0,0.05279896024625987,0.0029960195674461404,-2.5234553545219263
7.0,64.0,0.05279346359846176,0.0029957076661457794,-2.523500569201596
7.0,65.0,0.05277150596639378,0.0029944617041983545,-2.5236812366828563
7.0,66.0,0.05249455871240728,0.002978746633518477,-2.525966435470557
7.0,67.0,0.052491390613134084,0.0029785668631712985,-2.5259926463690956
7.0,68.0,0.051918711271666196,0.002946070796867957,-2.530756820860784
7.0,69.0,0.0487434378561605,0.0027658933607882285,-2.5581645681580216
7.0,70.0,0.047917647263289356,0.0027190347718441376,-2.5655852384869853
7.0,71.0,0.046854682336797994,0.0026587179833236162,-2.5753277268963055
7.0,72.0,0.045668000161821994,0.002591380994110472,-2.586468730790443
7.0,73.0,0.04566219580680051,0.0025910516322984276,-2.586523932672657
7.0,74.0,0.045587370348400144,0.0025868057430524075,-2.5872361835324047
7.0,75.0,0.04441036918920344,0.002520018092549197,-2.5985963411763633
7.0,76.0,0.0444042424036436,0.0025196704347669754,-2.5986562599018286
7.0,77.0,0.044103105106925625,0.0025025827264248627,-2.6016115573907017
7.0,78.0,0.04178628251009845,0.0023711171482767154,-2.6250469885805208
7.0,79.0,0.04178498771417412,0.002371043676490395,-2.625060445902006
7.0,80.0,0.04136367305734222,0.002347136634570765,-2.629461627950232
7.0,81.0,0.04136023704883233,0.002346941662005367,-2.629497705537342
7.0,82.0,0.04106268960752565,0.0023300576561037264,-2.632633332442695
7.0,83.0,0.04003199268874199,0.002271571880581262,-2.643673516016038
7.0,84.0,0.038685070727191996,0.0021951422589787687,-2.6585373295050045
7.0,85.0,0.03867288220222431,0.0021944506343874667,-2.658674184449567
7.0,86.0,0.037854945636602355,0.0021480377136764636,-2.6679580978803985
7.0,87.0,0.037851085503455326,0.00214781867461987,-2.66800238588497
7.0,88.0,0.03750084537309891,0.0021279446793942345,-2.672039666671216
7.0,89.0,0.0374974998624538,0.002127754842031735,-2.6720784125077732
7.0,90.0,0.03694219043935126,0.0020962444128520188,-2.6785580819151464
7.0,91.0,0.03583739370088746,0.0020335539236634045,-2.6917443069382916
7.0,92.0,0.03508738568789118,0.001990995534782301,-2.700929713966353
7.0,93.0,0.03468916874251468,0.001968399147374821,-2.7058868317554587
7.0,94.0,0.034685944188548735,0.001968216173567511,-2.705927203754461
7.0,95.0,0.034550286763660766,0.0019605184405527307,-2.707629068389212
7.0,96.0,0.03453923951156157,0.0019598915762489393,-2.7077679537145696
7.0,97.0,0.034214270011120276,0.0019414515354298724,-2.7118734463015968
7.0,98.0,0.03417739913341015,0.00193935933758027,-2.7123417144542556
7.0,99.0,0.03417358344830469,0.0019391428206794478,-2.71239020332523
7.0,100.0,0.034169305882416776,0.0019389000948560327,-2.712444568110849
7.0,101.0,0.03415112956859532,0.001937868699699402,-2.7126756519125883
7.0,102.0,0.03364436320809926,0.0019091127938048874,-2.719168411952093
7.0,103.0,0.03289822268986579,0.0018667738617072572,-2.728908288671699
7.0,104.0,0.03259178101199654,0.001849385162026522,-2.732972631121561
7.0,105.0,0.03258756137682637,0.0018491457234186715,-2.733028862565618
7.0,106.0,0.031803108913917764,0.0018046328216940208,-2.743611148181384
7.0,107.0,0.031778575653119236,0.0018032407084959043,-2.7439462969082293
7.0,108.0,0.0305533767231367,0.0017337181279162654,-2.761021509767151
7.0,109.0,0.0305458551456235,0.0017332913241818262,-2.7611284367947353
7.0,110.0,0.030425053216134677,0.0017264365500945012,-2.7628493781892427
7.0,111.0,0.02913224482674227,0.001653077544282402,-2.78170677361303
7.0,112.0,0.029130359934395913,0.0016529705881164873,-2.781734873913339
7.0,113.0,0.028880123881585378,0.0016387712154924032,-2.7854816728996377
7.0,114.0,0.02865715831143245,0.0016261192767434338,-2.788847601834434
7.0,115.0,0.028656349793175134,0.0016260733982543828,-2.7888598549673973
7.0,116.0,0.02844928936915839,0.0016143239797221912,-2.7920093020267096
7.0,117.0,0.026936146331393247,0.001528462323955771,-2.8157452620080736
7.0,118.0,0.026257099552644655,0.0014899305531244284,-2.8268339739351993
7.0,119.0,0.026242549063751293,0.001489104901459375,-2.8270747068682276
7.0,120.0,0.025963535889934462,0.001473272602405916,-2.8317168873956375
7.0,121.0,0.025955206573132956,0.001472799964384175,-2.8318562350063208
7.0,122.0,0.025830410151256887,0.0014657185271713192,-2.833949422486896
7.0,123.0,0.025676193386291478,0.0014569676645916467,-2.836550086696208
7.0,124.0,0.025660835969761483,0.0014560962246955827,-2.8368099241483504
7.0,125.0,0.025439787373126157,0.0014435530625236939,-2.8405672475728774
7.0,126.0,0.025437436781840836,0.001443419680778049,-2.8406073774676233
7.0,127.0,0.024456136727291557,0.0013877368765854443,-2.8576928709703218
7.0,128.0,0.02426126413796974,0.001376679043475778,-2.861167298591781
7.0,129.0,0.02425881318398,0.0013765399667576392,-2.8612111746881435
7.0,130.0,0.02424197409506442,0.001375584450973735,-2.8615127419038706
7.0,131.0,0.02404642981920257,0.001364488503741977,-2.8650301190504823
7.0,132.0,0.024039147193093743,0.001364075259045061,-2.8651616680326732
7.0,133.0,0.02393798216319044,0.0013583347594648058,-2.8669931856725968
7.0,134.0,0.023588896930669075,0.0013385262976605872,-2.87337309192816
7.0,135.0,0.023075613756066947,0.0013094006022382463,-2.8829274636670488
7.0,136.0,0.023057595678336887,0.0013083781860165017,-2.8832667052774417
7.0,137.0,0.022791995615357014,0.0012933069993474613,-2.8882983720284336
7.0,138.0,0.022790740475937876,0.001293235777826392,-2.8883222889834315
7.0,139.0,0.022254170001116104,0.0012627886698836977,-2.8986693233818666
7.0,140.0,0.022243977971824598,0.0012622103342678653,-2.898868268387883
7.0,141.0,0.022202545682805767,0.0012598593040951964,-2.8996779523958076
7.0,142.0,0.022124949011328415,0.0012554561653774921,-2.9011984462063443
7.0,143.0,0.022123642067555134,0.001255382004274697,-2.9012241011912927
7.0,144.0,0.021530705248536557,0.0012217364494426818,-2.913022469132126
7.0,145.0,0.021038410891140665,0.0011938017416222584,-2.923067791857157
7.0,146.0,0.020253507431448704,0.0011492632485757051,-2.9395804810515207
7.0,147.0,0.02025072058127491,0.0011491051117939715,-2.939640243388129
7.0,148.0,0.019942163407027112,0.0011315963705723529,-2.946308454147998
7.0,149.0,0.01994113781661411,0.0011315381745599464,-2.946330789724216
7.0,150.0,0.019900441337356738,0.0011292288971118192,-2.947218016731611
7.0,151.0,0.019188144970365507,0.001088810414562673,-2.963047733721815
7.0,152.0,0.019038300267874526,0.0010803076399124292,-2.9664525525769427
7.0,153.0,0.01874710656963003,0.0010637841702496092,-2.97314647653132
7.0,154.0,0.018734771069797904,0.0010630842057294955,-2.9734323341264792
7.0,155.0,0.018605042098191027,0.001055722876347514,-2.9764500676619217
7.0,156.0,0.0184636934786726,0.0010477022026839885,-2.979762143029637
7.0,157.0,0.01845272382681536,0.0010470797417215171,-2.9800202427997635
7.0,158.0,0.017882367398800298,0.001014715486615322,-2.9936557113606876
7.0,159.0,0.017877747680401283,0.0010144533457198388,-2.9937679211908494
7.0,160.0,0.017389414043142336,0.0009867433846553386,-3.0057957765284065
7.0,161.0,0.017085307248540817,0.0009694871753858765,-3.013457931501196
7.0,162.0,0.0170731406425416,0.000968796794562598,-3.013767306803566
7.0,163.0,0.016849534757025823,0.0009561085218148625,-3.0194928109137305
7.0,164.0,0.01667915101403588,0.0009464402816527137,-3.0239067838839246
7.0,165.0,0.01661814097211663,0.0009429783331872849,-3.0254982859321373
7.0,166.0,0.016609619700415218,0.0009424948028935465,-3.0257210359029414
7.0,167.0,0.01646198598801905,0.0009341174884712427,-3.029598497018506
7.0,168.0,0.016453198186865945,0.0009336188342536837,-3.0298303956838306
7.0,169.0,0.01608973949952841,0.0009129947663905541,-3.0395317119883924
7.0,170.0,0.01606890368050113,0.0009118124605038786,-3.0400944771800096
7.0,171.0,0.015941151215430244,0.0009045632858353497,-3.0435610432567946
7.0,172.0,0.015876254732559367,0.0009008808055055717,-3.0453326662191276
7.0,173.0,0.01586983545531507,0.0009005165506008714,-3.045508300869348
7.0,174.0,0.015705688372621887,0.0008912022029433754,-3.0500237486459194
7.0,175.0,0.015516698823178642,0.0008804781965323799,-3.055281394089567
7.0,176.0,0.015513979083709984,0.0008803238678746099,-3.0553575231287087
7.0,177.0,0.014704991330590961,0.0008344187377950725,-3.078615951909388
7.0,178.0,0.014679250254124632,0.0008329580884106803,-3.0793768502497456
7.0,179.0,0.014327330057962157,0.0008129887596783603,-3.08991545888737
7.0,180.0,0.013745112050739403,0.0007799514321623807,-3.107932440130787
7.0,181.0,0.013738146902968425,0.0007795562024284111,-3.1081525687052354
7.0,182.0,0.0136172472944656,0.0007726958856516863,-3.111991400222328
7.0,183.0,0.013599675381022296,0.0007716987865370814,-3.1125521826587725
7.0,184.0,0.013594191436468875,0.0007713876060685227,-3.1127273432497162
7.0,185.0,0.013418183266140063,0.0007614002138949644,-3.1183870055182505
7.0,186.0,0.013417846872028662,0.0007613811255770235,-3.118397893425708
7.0,187.0,0.013207190230519136,0.0007494276435949662,-3.1252702914406028
7.0,188.0,0.013078377664846536,0.0007421183146709106,-3.1295268503645013
7.0,189.0,0.013053435242683244,0.0007407029840562131,-3.130355905710851
7.0,190.0,0.011821807680719708,0.0006708156177475153,-3.173396834821753
7.0,191.0,0.011805882867812303,0.0006699119815611969,-3.1739822546624317
7.0,192.0,0.011517362202136897,0.000653540190223936,-3.1847276998113916
7.0,193.0,0.011514271353404706,0.0006533648033746786,-3.18484426458337
7.0,194.0,0.011493385353584932,0.0006521796500335168,-3.185632756612603
7.0,195.0,0.01098071676938415,0.0006230888288749836,-3.205450034977692
7.0,196.0,0.01097533399897623,0.0006227833894232599,-3.2056629792413953
7.0,197.0,0.010804006465473887,0.0006130615948950871,-3.2124958893002
7.0,198.0,0.010552292835540714,0.0005987783787644039,-3.222733889946955
7.0,199.0,0.01053136185714592,0.0005975906731629278,-3.2235961893477505
7.0,200.0,0.010489758433021258,0.0005952299321148296,-3.225315237701677
7.0,201.0,0.010284909523892025,0.0005836060035893687,-3.233880249142665
7.0,202.0,0.010280148005679755,0.000583335816417724,-3.23408135736899
7.0,203.0,0.009780175435694365,0.0005549654167758358,-3.2557340795284637
7.0,204.0,0.009779074304832156,0.0005549029343028078,-3.255782978649254
7.0,205.0,0.009625265370931588,0.0005461752136532941,-3.2626680127606473
7.0,206.0,0.009620245906345378,0.0005458903895952398,-3.262894551384633
7.0,207.0,0.00954541349705812,0.000541644105928704,-3.266285978404259
7.0,208.0,0.009504929688359805,0.0005393468962401196,-3.2681318161427035
7.0,209.0,0.009502854536682528,0.0005392291440154252,-3.2682266432846223
7.0,210.0,0.009178467120835117,0.0005208221329534797,-3.2833105681892496
7.0,211.0,0.009171777578718562,0.000520442542162582,-3.2836272104361455
7.0,212.0,0.008546220264778793,0.0004849459728289963,-3.314306642860047
7.0,213.0,0.008539094900122387,0.0004845416517621379,-3.3146688845513905
7.0,214.0,0.008527774439740746,0.0004838992845515393,-3.315245019998316
7.0,215.0,0.008520654961563649,0.0004834952975065464,-3.3156077455249084
7.0,216.0,0.008267850040942912,0.0004691501572728417,-3.328688133750008
7.0,217.0,0.008259881754046728,0.0004686980055003703,-3.329106894574576
7.0,218.0,0.007776050470220691,0.00044124352558401486,-3.3553216540092534
7.0,219.0,0.007768031927601338,0.00044078852210519757,-3.355769722802543
7.0,220.0,0.007743271943152636,0.0004393835437201691,-3.357156212789559
7.0,221.0,0.007741865359131411,0.00043930372863988735,-3.357235110595695
7.0,222.0,0.007723219718027148,0.0004382457020171016,-3.3582823344455974
7.0,223.0,0.007702655872482452,0.00043707882896985796,-3.3594402291640697
7.0,224.0,0.0076129753714391565,0.0004319900064875417,-3.3645262998923022
7.0,225.0,0.007610424029096885,0.0004318452333415357,-3.3646718697327715
7.0,226.0,0.007333854614534855,0.0004161516027488071,-3.380748428404282
7.0,227.0,0.0073264715070775225,0.0004157326563470682,-3.381185859750965
7.0,228.0,0.006638664212825432,0.0003767037795926737,-3.4240000223557785
7.0,229.0,0.006630419897454557,0.0003762359648846542,-3.4245396920275675
7.0,230.0,0.006423030765713106,0.0003644678941901737,-3.438340722463042
7.0,231.0,0.006361504064954851,0.00036097662848091775,-3.4425209156853396
7.0,232.0,0.006351129122199856,0.0003603879136395625,-3.443229782420117
7.0,233.0,0.005563468259385191,0.0003156929547521588,-3.5007351100507735
7.0,234.0,0.00555144505487626,0.00031501071109046256,-3.501674678945648
7.0,235.0,0.004777282588013314,0.0002710817039985462,-3.566899793082035
7.0,236.0,0.0047586375000605126,0.00027002370876373844,-3.5685981020142794
7.0,237.0,0.004618041274170234,0.0002620457288582309,-3.581622914566305
7.0,238.0,0.004617711982388431,0.0002620270435542575,-3.581653883259353
7.0,239.0,0.004027227390577257,0.00022852063768773206,-3.6410745727093494
7.0,240.0,0.004021198742888762,0.000228178548632271,-3.6417251865985003
7.0,241.0,0.003142412809912294,0.00017831279675924213,-3.74881748821837
7.0,242.0,0.0031418213927556027,0.00017827923743599588,-3.7488992322145767
7.0,243.0,0.0028321851387653604,0.0001607092650081543,-3.793959085116381
7.0,244.0,0.002827198299488466,0.00016042629223778914,-3.7947244537697884
7.0,245.0,0.0021231832301261537,0.0001204777229146678,-3.9190932494347104
7.0,246.0,0.0021214212276899325,0.00012037774000303121,-3.919453814470492
7.0,247.0,0.0011092591433736314,6.294370350127038e-5,-4.201047707516754
7.0,248.0,0.0011079976553605138,6.287212173614146e-5,-4.2015418833312195
7.0,249.0,0.000971963349812003,5.515300303822816e-5,-4.258430835582369
7.0,250.0,0.0009671825322656258,5.4881720746862385e-5,-4.260572280334259
8.0,1.0,16.308111208668663,1.0,0.0
8.0,2.0,0.7760554028878194,0.04758708062251274,-1.3225109375299506
8.0,3.0,0.5964663557560402,0.036574827588800436,-1.436817712431881
8.0,4.0,0.5217547551413085,0.03199357353314877,-1.4949372485357582
8.0,5.0,0.5049529641263594,0.030963301492446835,-1.5091527384443209
8.0,6.0,0.4041487002148715,0.02478206673008485,-1.6058624779420598
8.0,7.0,0.4041264155005666,0.024780700249686247,-1.6058864255516487
8.0,8.0,0.4015672364522478,0.024623773490015974,-1.608645392496702
8.0,9.0,0.40154695594152506,0.024622529905736764,-1.6086673263984617
8.0,10.0,0.36735313581690304,0.022525792908600878,-1.647319912900763
8.0,11.0,0.36732876591390895,0.022524298566142558,-1.6473487245929355
8.0,12.0,0.34844177789136643,0.02136616395564867,-1.6702734433220385
8.0,13.0,0.348434138377159,0.02136569550690499,-1.6702829652434807
8.0,14.0,0.31829445846720716,0.019517555061680965,-1.7095745867576655
8.0,15.0,0.2577634451016272,0.01580584298227079,-1.8011823367250284
8.0,16.0,0.21341767707580597,0.013086596868579279,-1.8831732757831103
8.0,17.0,0.21340591272063272,0.013085875487971634,-1.8831972163274397
8.0,18.0,0.19720552106571476,0.012092480762633574,-1.917484594837893
8.0,19.0,0.19719787650142123,0.01209201200422276,-1.917501430352547
8.0,20.0,0.18614998642190272,0.011414564448331313,-1.94254065546548
8.0,21.0,0.18613024012949111,0.011413353621880663,-1.9425867267055235
8.0,22.0,0.18183908260979503,0.011150223363275662,-1.952716432663672
8.0,23.0,0.18181177828363793,0.011148549084396414,-1.952781649713758
8.0,24.0,0.18164080167185065,0.01113806493883231,-1.9531902543494455
8.0,25.0,0.15341988575247797,0.009407581527340015,-2.026522009338635
8.0,26.0,0.1534076525713262,0.009406831398707996,-2.0265566398877843
8.0,27.0,0.15150350095163537,0.009290070383571021,-2.031980995685506
8.0,28.0,0.1352198616302597,0.008291570979622881,-2.0813631771525394
8.0,29.0,0.13518820194481246,0.008289629633685135,-2.081464872542607
8.0,30.0,0.12974027181831524,0.007955567027857347,-2.0993288608579506
8.0,31.0,0.12804243242816804,0.00785145690937565,-2.105049748478359
8.0,32.0,0.1188558178573239,0.007288141240669579,-2.137383219535464
8.0,33.0,0.10414392950824411,0.006386020316864522,-2.1947697041041034
8.0,34.0,0.09868022742694815,0.006050990587707922,-2.2181735226104067
8.0,35.0,0.09367735131576299,0.005744218328972904,-2.2407690615815317
8.0,36.0,0.09131029041244107,0.005599072096338453,-2.2518839402849116
8.0,37.0,0.09013687613077856,0.005527119295266138,-2.257501161668147
8.0,38.0,0.0900877401737771,0.005524106318694374,-2.257737971444248
8.0,39.0,0.08946999778357019,0.005486226862128089,-2.2607262377571384
8.0,40.0,0.08946581572848174,0.005485970421941059,-2.2607465382594536
8.0,41.0,0.08617121393672027,0.005283948142990066,-2.2770414532308214
8.0,42.0,0.08616440679756159,0.005283530734801492,-2.2770757619008815
8.0,43.0,0.08379667683098209,0.005138343475756991,-2.289176868415303
8.0,44.0,0.08311593799899089,0.00509660112906332,-2.2927193538990673
8.0,45.0,0.08310723190136111,0.00509606727829922,-2.292764847077488
8.0,46.0,0.08303842680883788,0.0050918482064739885,-2.2931245516156613
8.0,47.0,0.08167923749864885,0.005008503833063869,-2.300291989519408
8.0,48.0,0.0816743668946724,0.005008205171623919,-2.3003178876492836
8.0,49.0,0.08154783658715117,0.0050004464369732765,-2.3009912203722256
8.0,50.0,0.08010314488098415,0.004911859126788693,-2.30875409735053
8.0,51.0,0.08009925441721548,0.004911620566742168,-2.3087751907543055
8.0,52.0,0.07426649159915644,0.004553960335987879,-2.341610756315652
8.0,53.0,0.0722101342032863,0.004427866187526525,-2.3538055122054535
8.0,54.0,0.07132494336054883,0.004373587011268091,-2.3591622288876195
8.0,55.0,0.07132445454502441,0.004373557037501162,-2.3591652052743135
8.0,56.0,0.07104138880119375,0.004356199678319052,-2.3608922213853663
8.0,57.0,0.07011360629934305,0.00429930881646636,-2.366601358681465
8.0,58.0,0.07009373156554635,0.00429809011409535,-2.366724483296859
8.0,59.0,0.06977585495040978,0.004278598180843901,-2.3686984978199472
8.0,60.0,0.06839707350563526,0.0041940524338145565,-2.377366144310832
8.0,61.0,0.06658186605375845,0.004082745402077373,-2.389047701615183
8.0,62.0,0.06549897939000512,0.004016343680265609,-2.3961691315063
8.0,63.0,0.06326747921429367,0.0038795099202330375,-2.4112231332669722
8.0,64.0,0.06300227885200875,0.0038632480515903983,-2.4130474057618896
8.0,65.0,0.06299144115291463,0.0038625834927732893,-2.413122119849616
8.0,66.0,0.06270645053544725,0.0038451081019189584,-2.415091445873752
8.0,67.0,0.06260926661870363,0.0038391488638747657,-2.4157650476882933
8.0,68.0,0.06258996705090152,0.0038379654302106727,-2.4158989414130434
8.0,69.0,0.06040594784422512,0.003704043164245533,-2.4313239610061874
8.0,70.0,0.0590298935861839,0.003619664646069267,-2.441331664027087
8.0,71.0,0.058624135604613804,0.003594783899526748,-2.4443272121139072
8.0,72.0,0.05647565434384478,0.00346304079124901,-2.46054239285423
8.0,73.0,0.056474085696866703,0.003462944603103246,-2.4605544558253607
8.0,74.0,0.05514593114682104,0.003381503255723932,-2.470890190098092
8.0,75.0,0.05512535959884733,0.0033802418252792607,-2.471052228826621
8.0,76.0,0.053664168487399806,0.003290642785099131,-2.4827192598753003
8.0,77.0,0.0531050147687005,0.003256355937803039,-2.4872681303875273
8.0,78.0,0.05310198486349838,0.003256170146501806,-2.487292909754516
8.0,79.0,0.05176381783535514,0.0031741148421798723,-2.498377364152459
8.0,80.0,0.051439453083319715,0.0031542250616967095,-2.5011073219247497
8.0,81.0,0.05143721845215574,0.0031540880359470455,-2.5011261889423015
8.0,82.0,0.051136032427190344,0.0031356195559917887,-2.503676635642055
8.0,83.0,0.05081700565080208,0.003116057095795988,-2.5063945933094978
8.0,84.0,0.049545301728606786,0.003038077254603876,-2.517401186753161
8.0,85.0,0.04954436416183986,0.003038019763778916,-2.517409405169676
8.0,86.0,0.048751631499119125,0.002989410047265617,-2.5244145101695463
8.0,87.0,0.04875099835795865,0.0029893712235690914,-2.5244201504217663
8.0,88.0,0.047849988011204665,0.0029341220083028224,-2.5325218310411453
8.0,89.0,0.04784684060453467,0.0029339290119079777,-2.532550398369224
8.0,90.0,0.04717349995116386,0.0028926403154577785,-2.5387055652194186
8.0,91.0,0.04666161146295321,0.002861251733318447,-2.5434439312259514
8.0,92.0,0.04606057427992102,0.0028243966263510195,-2.5490743159274394
8.0,93.0,0.04605240075924425,0.0028238954327687474,-2.5491513889985336
8.0,94.0,0.045901176923721504,0.0028146225112398358,-2.55057984318517
8.0,95.0,0.04589959997924353,0.0028145258142981853,-2.550594763718704
8.0,96.0,0.045297736850594704,0.0027776200610231585,-2.556327159853186
8.0,97.0,0.04486449582640517,0.0027510540768545416,-2.560500872696939
8.0,98.0,0.04369523260665833,0.002679355815493329,-2.5719696087343618
8.0,99.0,0.043466555003820975,0.002665333492496427,-2.5742484433392465
8.0,100.0,0.043405503106530435,0.002661589840242076,-2.574858869914717
8.0,101.0,0.04326365231765585,0.0026528916662439013,-2.5762804845495624
8.0,102.0,0.04244976677364126,0.00260298487240367,-2.5845283558441645
8.0,103.0,0.04242159090291324,0.002601257151126356,-2.584816712857992
8.0,104.0,0.0422409377778468,0.002590179649706669,-2.586670113072983
8.0,105.0,0.04186457837907349,0.002567101600142397,-2.5905569425837105
8.0,106.0,0.04185873595798079,0.002566743347674166,-2.590617554881867
8.0,107.0,0.0412335342866429,0.0025284064941085878,-2.597153102875242
8.0,108.0,0.0409855201526962,0.002513198470887918,-2.5997732131949736
8.0,109.0,0.04096155248711201,0.0025117287932975756,-2.6000272558317343
8.0,110.0,0.0409492648512363,0.00251097532554656,-2.600157554922133
8.0,111.0,0.040928627431113744,0.0025097098558757628,-2.6003764838080605
8.0,112.0,0.039729302208693036,0.0024361682171737164,-2.6132927270128894
8.0,113.0,0.03971084565961434,0.0024350364767261232,-2.6134945286907354
8.0,114.0,0.03951355980815353,0.002422939070169566,-2.615657506961071
8.0,115.0,0.03933338176539794,0.002411890700407419,-2.6176423769985004
8.0,116.0,0.039321397449680384,0.002411155831999655,-2.6177747204435584
8.0,117.0,0.037963725870923434,0.0023279045246357905,-2.633034835566016
8.0,118.0,0.03758726341829965,0.002304820155893954,-2.637362956760251
8.0,119.0,0.036592919233898825,0.0022438477862750696,-2.6490066072300147
8.0,120.0,0.036582729796629646,0.0022432229783412258,-2.6491275550170705
8.0,121.0,0.03612985573161065,0.002215453112216063,-2.6545374369306374
8.0,122.0,0.03573201106141257,0.002191057603434727,-2.659346204582157
8.0,123.0,0.0357044718236661,0.0021893689199695425,-2.659681051402677
8.0,124.0,0.03542090911382144,0.002171981087239169,-2.663143960733019
8.0,125.0,0.03495722791640317,0.0021435485366215474,-2.668866678260996
8.0,126.0,0.0345620121888542,0.0021193142324466476,-2.6738046453185125
8.0,127.0,0.03455774009997401,0.002119052271461373,-2.673858330251337
8.0,128.0,0.03315473819990396,0.0020330213459839775,-2.6918580614040746
8.0,129.0,0.033146546912843425,0.0020325190629816286,-2.69196537246998
8.0,130.0,0.03253925270938018,0.001995280280654682,-2.6999960895552317
8.0,131.0,0.032533506914427246,0.001994927953222068,-2.7000727842294125
8.0,132.0,0.03246791555081344,0.001990905944616992,-2.7009492566469717
8.0,133.0,0.03186327299710623,0.0019538297592776492,-2.7091132798328275
8.0,134.0,0.031550029470965656,0.001934621923242409,-2.71340389508575
8.0,135.0,0.03154514684955309,0.0019343225249031353,-2.7134711108592717
8.0,136.0,0.0309291224396611,0.0018965484134803152,-2.7220360665182772
8.0,137.0,0.030909604840109513,0.0018953516102882197,-2.7223102114251856
8.0,138.0,0.030905280126144512,0.0018950864223759183,-2.722370979941212
8.0,139.0,0.030756482927007275,0.001885962300199333,-2.724466992923739
8.0,140.0,0.030748500497271843,0.0018854728241568107,-2.724579722820171
8.0,141.0,0.030687436455052626,0.001881728427185397,-2.7254430541740113
8.0,142.0,0.030669743101529333,0.001880643485263129,-2.725693526117802
8.0,143.0,0.030608872191839196,0.0018769109310199509,-2.7265563363740517
8.0,144.0,0.029783421888792103,0.001826294995643675,-2.738429070924024
8.0,145.0,0.029115076299781086,0.0017853125924420243,-2.7482857317719436
8.0,146.0,0.028481865258832107,0.0017464846109028506,-2.7578352367823715
8.0,147.0,0.028465129785579375,0.0017454584054129201,-2.7580904960419432
8.0,148.0,0.028442154937950492,0.001744049606605081,-2.7584411664398854
8.0,149.0,0.02812079889534914,0.0017243443177160443,-2.763376009767991
8.0,150.0,0.027971181639784803,0.0017151699103521304,-2.7656928508554777
8.0,151.0,0.02796827480910767,0.0017149916658797976,-2.76573798610005
8.0,152.0,0.027848605639977084,0.001707653650606332,-2.7676002091057006
8.0,153.0,0.027824261036487104,0.00170616085949285,-2.767980025280612
8.0,154.0,0.02761162573302433,0.0016931222371323554,-2.7713116863118086
8.0,155.0,0.027578932176986558,0.0016911174950981957,-2.7718262175352457
8.0,156.0,0.026812847611084947,0.0016441418180195163,-2.784060724431656
8.0,157.0,0.026555353217123816,0.001628352473032449,-2.788251581925755
8.0,158.0,0.026234717109079222,0.001608691329939792,-2.793527278812053
8.0,159.0,0.02623303582911065,0.0016085882352314558,-2.7935551119313407
8.0,160.0,0.025474766900693283,0.0015620918066312937,-2.8062934455280493
8.0,161.0,0.025346443425597557,0.0015542231164161133,-2.8084866359386456
8.0,162.0,0.02533782114288336,0.001553694405113874,-2.808634398163162
8.0,163.0,0.0249210836185224,0.0015281404020151314,-2.8158367419519683
8.0,164.0,0.024587285600822514,0.0015076721814205566,-2.8216930784111947
8.0,165.0,0.02456144074044831,0.0015060873957857576,-2.8221498260063496
8.0,166.0,0.02442504933453091,0.0014977239866715924,-2.8245682147475075
8.0,167.0,0.02440061460293773,0.0014962256689767636,-2.8250028988512286
8.0,168.0,0.023939973055908205,0.0014679795072272247,-2.8332800070631743
8.0,169.0,0.022815165037251756,0.0013990072023254436,-2.854180049681049
8.0,170.0,0.02281130740323582,0.0013987706553724227,-2.854253487274652
8.0,171.0,0.022153480128910916,0.0013584332265980082,-2.8669617043441677
8.0,172.0,0.02189658107185846,0.001342680387181761,-2.872027354868706
8.0,173.0,0.02186680571138018,0.0013408545865051965,-2.8726183181235276
8.0,174.0,0.02183661314710104,0.0013390032032338406,-2.8732183840446623
8.0,175.0,0.021559868301036175,0.0013220334363170097,-2.878757560716991
8.0,176.0,0.02155658554672622,0.0013218321405159233,-2.8788236924118675
8.0,177.0,0.02090369623980908,0.0012817975038518017,-2.8921805784879826
8.0,178.0,0.020895161765723046,0.0012812741769026024,-2.892357926637185
8.0,179.0,0.02077999626853221,0.0012742123230976307,-2.894758199106888
8.0,180.0,0.02075309415257535,0.001272562707417885,-2.895320807958146
8.0,181.0,0.020368734858857717,0.0012489941108588104,-2.9034396093660977
8.0,182.0,0.019701881252876308,0.0012081031948324996,-2.9178959671783353
8.0,183.0,0.019558610017975448,0.0011993179202493397,-2.921065677027812
8.0,184.0,0.019542677416749737,0.0011983409462134231,-2.921419600984367
8.0,185.0,0.019318386402614365,0.001184587605236931,-2.9264328158495303
8.0,186.0,0.019308254176554095,0.0011839663054474812,-2.926660657044225
8.0,187.0,0.018954609411986522,0.0011622810986174229,-2.934688824772964
8.0,188.0,0.018918653104435124,0.001160076287337237,-2.935513450359104
8.0,189.0,0.018525235012207486,0.0011359522126854456,-2.9446399381703743
8.0,190.0,0.018513481590516516,0.0011352315025099642,-2.9449155657743193
8.0,191.0,0.018493469829506917,0.0011340043977426776,-2.9453852612176497
8.0,192.0,0.017793029460583316,0.0010910539689676225,-2.9621537665105286
8.0,193.0,0.017749277436933143,0.0010883711307719326,-2.963222986473985
8.0,194.0,0.017653283320705038,0.001082484850319229,-2.9655781730058224
8.0,195.0,0.017628533468458177,0.0010809672096844445,-2.966187479838635
8.0,196.0,0.017591438206322075,0.0010786925586435327,-2.967102317235803
8.0,197.0,0.017563846450254585,0.0010770006547979898,-2.967784032658316
8.0,198.0,0.0168383681912589,0.0010325149231450162,-2.9861036626810558
8.0,199.0,0.016702970236847775,0.0010242124316621793,-2.989609957100022
8.0,200.0,0.016691924090923103,0.0010235350910564323,-2.989897263318108
8.0,201.0,0.01639234202564651,0.0010051649645933904,-2.997762657314771
8.0,202.0,0.016377018337329702,0.0010042253285974902,-2.9981688290367554
8.0,203.0,0.015299449376754325,0.0009381496839819084,-3.0277278633894937
8.0,204.0,0.015178146466650872,0.0009307114890523219,-3.0311849249597875
8.0,205.0,0.015155865742161233,0.0009293452533059164,-3.0318229149079827
8.0,206.0,0.015012601698803307,0.0009205604197022693,-3.0359477019104673
8.0,207.0,0.014932704604904378,0.0009156611954526543,-3.038265190266505
8.0,208.0,0.014569919347826733,0.0008934155011208174,-3.0489465166136407
8.0,209.0,0.014561614643854614,0.0008929062634864981,-3.049194130570919
8.0,210.0,0.013901176980109007,0.000852408767774392,-3.069352091833887
8.0,211.0,0.013850934742752983,0.000849327954998887,-3.0709245811996393
8.0,212.0,0.01350521069707363,0.000828128440152828,-3.0819023002638084
8.0,213.0,0.013483018334427058,0.0008267676226821466,-3.082616539260289
8.0,214.0,0.012913746069773925,0.0007918603144495087,-3.101351421963716
8.0,215.0,0.012911363462977218,0.0007917142149554458,-3.1014315573827727
8.0,216.0,0.012577817920248879,0.0007712614759189937,-3.112798360863124
8.0,217.0,0.012552596433599121,0.0007697149150495565,-3.1136700978747665
8.0,218.0,0.011863681184123072,0.0007274711971437176,-3.1381841970763187
8.0,219.0,0.01185444105512141,0.0007269046000140174,-3.13852258282204
8.0,220.0,0.01154834522397456,0.0007081350547717614,-3.1498839062246318
8.0,221.0,0.011517710720116007,0.000706256572127967,-3.1510374977910818
8.0,222.0,0.010593829316398714,0.0006496049224123212,-3.1873506928672364
8.0,223.0,0.010560044527348036,0.000647533266865067,-3.1887379148995274
8.0,224.0,0.01041484009321171,0.0006386294500908019,-3.1947510580530416
8.0,225.0,0.01037162740439472,0.0006359796834646079,-3.196556757779484
8.0,226.0,0.010357472181421069,0.000635111696804931,-3.197149888818067
8.0,227.0,0.00962304358006744,0.0005900771375015066,-3.2290912117451493
8.0,228.0,0.009588480884718472,0.0005879577813782422,-3.230653857550963
8.0,229.0,0.009342047011281392,0.0005728466584355628,-3.241961615916953
8.0,230.0,0.009321951943970194,0.0005716144453942073,-3.2428968045911404
8.0,231.0,0.008955334005859131,0.000549133734205766,-3.260321876033108
8.0,232.0,0.008916958376008078,0.0005467805720669982,-3.2621869249637494
8.0,233.0,0.008315263794199699,0.0005098851539459503,-3.292527632969212
8.0,234.0,0.008295173115273244,0.000508653209996747,-3.2935782104221545
8.0,235.0,0.008273809278106956,0.000507343197028787,-3.2946981587104744
8.0,236.0,0.00827150546310098,0.0005072019289826903,-3.2948191034209904
8.0,237.0,0.008081147563321742,0.0004955293387394957,-3.3049306272019856
8.0,238.0,0.008076038064155553,0.0004952160284425024,-3.3052053071392344
8.0,239.0,0.007932520292415673,0.0004864156364226349,-3.3129924725862336
8.0,240.0,0.007909637213685764,0.0004850124648083927,-3.3142470998968285
8.0,241.0,0.0063360376436687555,0.0003885206301696545,-3.410585915522104
8.0,242.0,0.006326374114202852,0.00038792807047084856,-3.4112487937190505
8.0,243.0,0.005651973734044993,0.00034657439244347663,-3.4602035294217073
8.0,244.0,0.005651031605316433,0.0003465166218827719,-3.460275928097408
8.0,245.0,0.004748758021826943,0.0002911899459762523,-3.53582362414751
8.0,246.0,0.0047404553432127215,0.00029068083253521766,-3.5365836046197807
8.0,247.0,0.0026314180796426856,0.00016135639780552523,-3.7922138100769303
8.0,248.0,0.002628464505599098,0.00016117528706831012,-3.7927015475969434
8.0,249.0,0.002254249909300418,0.00013822875503216825,-3.8594016034684495
8.0,250.0,0.002246913014138133,0.00013777886264006923,-3.860817404655584
