label,n,gamma,Jmean,dissipation,order,maxdim,cutoff,dt,t,bond,S_op_bond,S_half_bond,linkdim_bond,chi_req_1e-06,chi_req_1e-10,ceiling_bond
open_n8,8,0.200000,0.500000,true,2,256,1.000e-12,0.02000,0.000000,1,0.0000000000,0.0000000000,1,1,1,4
open_n8,8,0.200000,0.500000,true,2,256,1.000e-12,0.02000,0.000000,2,0.0000000000,0.0000000000,1,1,1,16
open_n8,8,0.200000,0.500000,true,2,256,1.000e-12,0.02000,0.000000,3,0.0000000000,0.0000000000,1,1,1,64
open_n8,8,0.200000,0.500000,true,2,256,1.000e-12,0.02000,0.000000,4,0.0000000000,0.0000000000,1,1,1,256
open_n8,8,0.200000,0.500000,true,2,256,1.000e-12,0.02000,0.000000,5,0.0000000000,0.0000000000,1,1,1,64
open_n8,8,0.200000,0.500000,true,2,256,1.000e-12,0.02000,0.000000,6,0.0000000000,0.0000000000,1,1,1,16
open_n8,8,0.200000,0.500000,true,2,256,1.000e-12,0.02000,0.000000,7,0.0000000000,0.0000000000,1,1,1,4
open_n8,8,0.200000,0.500000,true,2,256,1.000e-12,0.02000,0.250000,1,0.2288450291,0.6343221821,4,4,4,4
open_n8,8,0.200000,0.500000,true,2,256,1.000e-12,0.02000,0.250000,2,0.2253435758,0.6450026172,15,7,12,16
open_n8,8,0.200000,0.500000,true,2,256,1.000e-12,0.02000,0.250000,3,0.2252792338,0.6449056515,14,7,13,64
open_n8,8,0.200000,0.500000,true,2,256,1.000e-12,0.02000,0.250000,4,0.2253620724,0.6449748404,15,6,14,256
open_n8,8,0.200000,0.500000,true,2,256,1.000e-12,0.02000,0.250000,5,0.2252792387,0.6449056133,14,7,13,64
open_n8,8,0.200000,0.500000,true,2,256,1.000e-12,0.02000,0.250000,6,0.2253432653,0.6449903022,13,7,12,16
open_n8,8,0.200000,0.500000,true,2,256,1.000e-12,0.02000,0.250000,7,0.2288243835,0.6341637458,4,4,4,4
open_n8,8,0.200000,0.500000,true,2,256,1.000e-12,0.02000,0.500000,1,0.6401624360,1.1090429875,4,4,4,4
open_n8,8,0.200000,0.500000,true,2,256,1.000e-12,0.02000,0.500000,2,0.6127057300,1.1872659810,16,12,16,16
open_n8,8,0.200000,0.500000,true,2,256,1.000e-12,0.02000,0.500000,3,0.6129868581,1.1871610293,28,12,25,64
open_n8,8,0.200000,0.500000,true,2,256,1.000e-12,0.02000,0.500000,4,0.6131174545,1.1872295682,32,12,26,256
open_n8,8,0.200000,0.500000,true,2,256,1.000e-12,0.02000,0.500000,5,0.6129872799,1.1871566722,28,12,25,64
open_n8,8,0.200000,0.500000,true,2,256,1.000e-12,0.02000,0.500000,6,0.6126583342,1.1868571476,16,12,16,16
open_n8,8,0.200000,0.500000,true,2,256,1.000e-12,0.02000,0.500000,7,0.6392792941,1.1070398152,4,4,4,4
open_n8,8,0.200000,0.500000,true,2,256,1.000e-12,0.02000,0.750000,1,1.0585796458,1.4479064762,4,4,4,4
open_n8,8,0.200000,0.500000,true,2,256,1.000e-12,0.02000,0.750000,2,1.0077854309,1.6779335126,16,15,16,16
open_n8,8,0.200000,0.500000,true,2,256,1.000e-12,0.02000,0.750000,3,1.0079689437,1.6809277010,44,20,40,64
open_n8,8,0.200000,0.500000,true,2,256,1.000e-12,0.02000,0.750000,4,1.0078775322,1.6808255596,53,20,46,256
open_n8,8,0.200000,0.500000,true,2,256,1.000e-12,0.02000,0.750000,5,1.0079562542,1.6807900997,42,20,38,64
open_n8,8,0.200000,0.500000,true,2,256,1.000e-12,0.02000,0.750000,6,1.0070424035,1.6754746502,16,14,16,16
open_n8,8,0.200000,0.500000,true,2,256,1.000e-12,0.02000,0.750000,7,1.0519296447,1.4399724329,4,4,4,4
open_n8,8,0.200000,0.500000,true,2,256,1.000e-12,0.02000,1.000000,1,1.4020419045,1.6754952093,4,4,4,4
open_n8,8,0.200000,0.500000,true,2,256,1.000e-12,0.02000,1.000000,2,1.3909836221,2.1259944469,16,16,16,16
open_n8,8,0.200000,0.500000,true,2,256,1.000e-12,0.02000,1.000000,3,1.3841601918,2.1478528397,59,29,56,64
open_n8,8,0.200000,0.500000,true,2,256,1.000e-12,0.02000,1.000000,4,1.3834929960,2.1469555157,83,29,71,256
open_n8,8,0.200000,0.500000,true,2,256,1.000e-12,0.02000,1.000000,5,1.3839312964,2.1467707177,50,28,49,64
open_n8,8,0.200000,0.500000,true,2,256,1.000e-12,0.02000,1.000000,6,1.3862653669,2.1168900333,16,16,16,16
open_n8,8,0.200000,0.500000,true,2,256,1.000e-12,0.02000,1.000000,7,1.3788297458,1.6564770096,4,4,4,4
open_n8,8,0.200000,0.500000,true,2,256,1.000e-12,0.02000,1.250000,1,1.6409291922,1.8153823820,4,4,4,4
open_n8,8,0.200000,0.500000,true,2,256,1.000e-12,0.02000,1.250000,2,1.7624572787,2.5098945991,16,16,16,16
open_n8,8,0.200000,0.500000,true,2,256,1.000e-12,0.02000,1.250000,3,1.7417678377,2.5907965197,64,42,63,64
open_n8,8,0.200000,0.500000,true,2,256,1.000e-12,0.02000,1.250000,4,1.7395109223,2.5876450647,119,46,104,256
open_n8,8,0.200000,0.500000,true,2,256,1.000e-12,0.02000,1.250000,5,1.7403227747,2.5862592342,58,40,56,64
open_n8,8,0.200000,0.500000,true,2,256,1.000e-12,0.02000,1.250000,6,1.7437736057,2.4846219146,16,16,16,16
open_n8,8,0.200000,0.500000,true,2,256,1.000e-12,0.02000,1.250000,7,1.5896680655,1.7815069208,4,4,4,4
open_n8,8,0.200000,0.500000,true,2,256,1.000e-12,0.02000,1.500000,1,1.7770050901,1.8892940192,4,4,4,4
open_n8,8,0.200000,0.500000,true,2,256,1.000e-12,0.02000,1.500000,2,2.0892700375,2.8049548658,16,16,16,16
open_n8,8,0.200000,0.500000,true,2,256,1.000e-12,0.02000,1.500000,3,2.0750710394,3.0087141450,64,53,64,64
open_n8,8,0.200000,0.500000,true,2,256,1.000e-12,0.02000,1.500000,4,2.0654355792,3.0027922989,156,69,141,256
open_n8,8,0.200000,0.500000,true,2,256,1.000e-12,0.02000,1.500000,5,2.0692035253,2.9948784849,61,48,61,64
open_n8,8,0.200000,0.500000,true,2,256,1.000e-12,0.02000,1.500000,6,2.0362836791,2.7491268315,16,16,16,16
open_n8,8,0.200000,0.500000,true,2,256,1.000e-12,0.02000,1.500000,7,1.6934103584,1.8398488490,4,4,4,4
open_n8,8,0.200000,0.500000,true,2,256,1.000e-12,0.02000,1.750000,1,1.8289417148,1.9166624196,4,4,4,4
open_n8,8,0.200000,0.500000,true,2,256,1.000e-12,0.02000,1.750000,2,2.3249392557,3.0008334750,16,16,16,16
open_n8,8,0.200000,0.500000,true,2,256,1.000e-12,0.02000,1.750000,3,2.3815833459,3.3935018234,64,59,64,64
open_n8,8,0.200000,0.500000,true,2,256,1.000e-12,0.02000,1.750000,4,2.3490919587,3.3920223786,191,96,175,256
open_n8,8,0.200000,0.500000,true,2,256,1.000e-12,0.02000,1.750000,5,2.3623850727,3.3592413661,63,54,63,64
open_n8,8,0.200000,0.500000,true,2,256,1.000e-12,0.02000,1.750000,6,2.2114654177,2.8997138553,16,16,16,16
open_n8,8,0.200000,0.500000,true,2,256,1.000e-12,0.02000,1.750000,7,1.7177215694,1.8538050838,4,4,4,4
open_n8,8,0.200000,0.500000,true,2,256,1.000e-12,0.02000,2.000000,1,1.8204111128,1.9131326461,4,4,4,4
open_n8,8,0.200000,0.500000,true,2,256,1.000e-12,0.02000,2.000000,2,2.4442023468,3.1038454613,16,16,16,16
open_n8,8,0.200000,0.500000,true,2,256,1.000e-12,0.02000,2.000000,3,2.6517859316,3.7228417074,64,62,64,64
open_n8,8,0.200000,0.500000,true,2,256,1.000e-12,0.02000,2.000000,4,2.5777108007,3.7492029932,214,124,203,256
open_n8,8,0.200000,0.500000,true,2,256,1.000e-12,0.02000,2.000000,5,2.5996340713,3.6517278828,64,58,64,64
open_n8,8,0.200000,0.500000,true,2,256,1.000e-12,0.02000,2.000000,6,2.2524413881,2.9500306464,16,16,16,16
open_n8,8,0.200000,0.500000,true,2,256,1.000e-12,0.02000,2.000000,7,1.6899129445,1.8399649518,4,4,4,4
open_n8,8,0.200000,0.500000,true,2,256,1.000e-12,0.02000,2.250000,1,1.7697122604,1.8886237968,4,4,4,4
open_n8,8,0.200000,0.500000,true,2,256,1.000e-12,0.02000,2.250000,2,2.4550173405,3.1328271884,16,16,16,16
open_n8,8,0.200000,0.500000,true,2,256,1.000e-12,0.02000,2.250000,3,2.8515995158,3.9683661575,64,63,64,64
open_n8,8,0.200000,0.500000,true,2,256,1.000e-12,0.02000,2.250000,4,2.7334910417,4.0596208518,228,150,222,256
open_n8,8,0.200000,0.500000,true,2,256,1.000e-12,0.02000,2.250000,5,2.7378491203,3.8423986606,64,60,64,64
open_n8,8,0.200000,0.500000,true,2,256,1.000e-12,0.02000,2.250000,6,2.1875514299,2.9302304784,16,16,16,16
open_n8,8,0.200000,0.500000,true,2,256,1.000e-12,0.02000,2.250000,7,1.6248126270,1.8063466891,4,4,4,4
open_n8,8,0.200000,0.500000,true,2,256,1.000e-12,0.02000,2.500000,1,1.6856697475,1.8470730459,4,4,4,4
open_n8,8,0.200000,0.500000,true,2,256,1.000e-12,0.02000,2.500000,2,2.3859511358,3.1130646155,16,16,16,16
open_n8,8,0.200000,0.500000,true,2,256,1.000e-12,0.02000,2.500000,3,2.9338612698,4.1102888714,64,63,64,64
open_n8,8,0.200000,0.500000,true,2,256,1.000e-12,0.02000,2.500000,4,2.7963533188,4.2990477728,239,170,233,256
open_n8,8,0.200000,0.500000,true,2,256,1.000e-12,0.02000,2.500000,5,2.7387835973,3.9185568964,64,61,64,64
open_n8,8,0.200000,0.500000,true,2,256,1.000e-12,0.02000,2.500000,6,2.0655552211,2.8716641325,16,16,16,16
open_n8,8,0.200000,0.500000,true,2,256,1.000e-12,0.02000,2.500000,7,1.5244663711,1.7531041981,4,4,4,4
open_n8,8,0.200000,0.500000,true,2,256,1.000e-12,0.02000,2.750000,1,1.5701796754,1.7881343147,4,4,4,4
open_n8,8,0.200000,0.500000,true,2,256,1.000e-12,0.02000,2.750000,2,2.2624790406,3.0651712831,16,16,16,16
open_n8,8,0.200000,0.500000,true,2,256,1.000e-12,0.02000,2.750000,3,2.8685965570,4.1433159120,64,63,64,64
open_n8,8,0.200000,0.500000,true,2,256,1.000e-12,0.02000,2.750000,4,2.7483854165,4.4374280881,244,184,241,256
open_n8,8,0.200000,0.500000,true,2,256,1.000e-12,0.02000,2.750000,5,2.6055272309,3.8931587385,64,62,64,64
open_n8,8,0.200000,0.500000,true,2,256,1.000e-12,0.02000,2.750000,6,1.9258350411,2.7944542481,16,16,16,16
open_n8,8,0.200000,0.500000,true,2,256,1.000e-12,0.02000,2.750000,7,1.3873026027,1.6771804134,4,4,4,4
open_n8,8,0.200000,0.500000,true,2,256,1.000e-12,0.02000,3.000000,1,1.4233902422,1.7095885697,4,4,4,4
open_n8,8,0.200000,0.500000,true,2,256,1.000e-12,0.02000,3.000000,2,2.0933891147,2.9939730295,16,16,16,16
open_n8,8,0.200000,0.500000,true,2,256,1.000e-12,0.02000,3.000000,3,2.6624850348,4.0757829045,64,63,64,64
open_n8,8,0.200000,0.500000,true,2,256,1.000e-12,0.02000,3.000000,4,2.5829880523,4.4512860029,246,191,244,256
open_n8,8,0.200000,0.500000,true,2,256,1.000e-12,0.02000,3.000000,5,2.3797588342,3.7958093442,64,62,64,64
open_n8,8,0.200000,0.500000,true,2,256,1.000e-12,0.02000,3.000000,6,1.7831315192,2.7041099688,16,16,16,16
open_n8,8,0.200000,0.500000,true,2,256,1.000e-12,0.02000,3.000000,7,1.2178826937,1.5774549539,4,4,4,4
open_n8,8,0.200000,0.500000,true,2,256,1.000e-12,0.02000,3.250000,1,1.2494494110,1.6101404266,4,4,4,4
open_n8,8,0.200000,0.500000,true,2,256,1.000e-12,0.02000,3.250000,2,1.8796500660,2.8917741989,16,16,16,16
open_n8,8,0.200000,0.500000,true,2,256,1.000e-12,0.02000,3.250000,3,2.3559798217,3.9278471601,64,62,64,64
open_n8,8,0.200000,0.500000,true,2,256,1.000e-12,0.02000,3.250000,4,2.3193084482,4.3390450758,246,192,245,256
open_n8,8,0.200000,0.500000,true,2,256,1.000e-12,0.02000,3.250000,5,2.1089935678,3.6546858897,64,62,64,64
open_n8,8,0.200000,0.500000,true,2,256,1.000e-12,0.02000,3.250000,6,1.6311327821,2.5981076888,16,16,16,16
open_n8,8,0.200000,0.500000,true,2,256,1.000e-12,0.02000,3.250000,7,1.0306613227,1.4577466935,4,4,4,4
open_n8,8,0.200000,0.500000,true,2,256,1.000e-12,0.02000,3.500000,1,1.0604331602,1.4922095241,4,4,4,4
open_n8,8,0.200000,0.500000,true,2,256,1.000e-12,0.02000,3.500000,2,1.6305492750,2.7517306903,16,16,16,16
open_n8,8,0.200000,0.500000,true,2,256,1.000e-12,0.02000,3.500000,3,2.0032670555,3.7266311703,64,62,64,64
open_n8,8,0.200000,0.500000,true,2,256,1.000e-12,0.02000,3.500000,4,2.0023184798,4.1308615391,246,187,243,256
open_n8,8,0.200000,0.500000,true,2,256,1.000e-12,0.02000,3.500000,5,1.8249456137,3.4856285643,64,61,64,64
open_n8,8,0.200000,0.500000,true,2,256,1.000e-12,0.02000,3.500000,6,1.4595959335,2.4745739989,16,16,16,16
open_n8,8,0.200000,0.500000,true,2,256,1.000e-12,0.02000,3.500000,7,0.8468034917,1.3273318618,4,4,4,4
open_n8,8,0.200000,0.500000,true,2,256,1.000e-12,0.02000,3.750000,1,0.8740458300,1.3627616134,4,4,4,4
open_n8,8,0.200000,0.500000,true,2,256,1.000e-12,0.02000,3.750000,2,1.3672261290,2.5756727579,16,16,16,16
open_n8,8,0.200000,0.500000,true,2,256,1.000e-12,0.02000,3.750000,3,1.6504503094,3.4940147148,64,62,64,64
open_n8,8,0.200000,0.500000,true,2,256,1.000e-12,0.02000,3.750000,4,1.6800747611,3.8937379123,246,181,237,256
open_n8,8,0.200000,0.500000,true,2,256,1.000e-12,0.02000,3.750000,5,1.5448134908,3.2923302260,64,60,64,64
open_n8,8,0.200000,0.500000,true,2,256,1.000e-12,0.02000,3.750000,6,1.2683790763,2.3334948469,16,16,16,16
open_n8,8,0.200000,0.500000,true,2,256,1.000e-12,0.02000,3.750000,7,0.6863198670,1.1989650153,4,4,4,4
open_n8,8,0.200000,0.500000,true,2,256,1.000e-12,0.02000,4.000000,1,0.7058212097,1.2308124025,4,4,4,4
open_n8,8,0.200000,0.500000,true,2,256,1.000e-12,0.02000,4.000000,2,1.1137189104,2.3735119839,16,16,16,16
open_n8,8,0.200000,0.500000,true,2,256,1.000e-12,0.02000,4.000000,3,1.3271606614,3.2396945143,64,62,64,64
open_n8,8,0.200000,0.500000,true,2,256,1.000e-12,0.02000,4.000000,4,1.3809375547,3.6534124405,240,172,226,256
open_n8,8,0.200000,0.500000,true,2,256,1.000e-12,0.02000,4.000000,5,1.2800518944,3.0730743585,64,59,64,64
open_n8,8,0.200000,0.500000,true,2,256,1.000e-12,0.02000,4.000000,6,1.0690375932,2.1758807922,16,16,16,16
open_n8,8,0.200000,0.500000,true,2,256,1.000e-12,0.02000,4.000000,7,0.5598066965,1.0840429889,4,4,4,4
open_n8,8,0.200000,0.500000,true,2,256,1.000e-12,0.02000,4.250000,1,0.5633079292,1.1035835187,4,4,4,4
open_n8,8,0.200000,0.500000,true,2,256,1.000e-12,0.02000,4.250000,2,0.8877995096,2.1586201463,16,16,16,16
open_n8,8,0.200000,0.500000,true,2,256,1.000e-12,0.02000,4.250000,3,1.0496672013,2.9711117266,64,61,64,64
open_n8,8,0.200000,0.500000,true,2,256,1.000e-12,0.02000,4.250000,4,1.1176345050,3.4010350970,237,171,228,256
open_n8,8,0.200000,0.500000,true,2,256,1.000e-12,0.02000,4.250000,5,1.0404886202,2.8294543569,64,59,64,64
open_n8,8,0.200000,0.500000,true,2,256,1.000e-12,0.02000,4.250000,6,0.8777405942,2.0055464199,16,16,16,16
open_n8,8,0.200000,0.500000,true,2,256,1.000e-12,0.02000,4.250000,7,0.4657743013,0.9873004666,4,4,4,4
open_n8,8,0.200000,0.500000,true,2,256,1.000e-12,0.02000,4.500000,1,0.4464714580,0.9845140024,4,4,4,4
open_n8,8,0.200000,0.500000,true,2,256,1.000e-12,0.02000,4.500000,2,0.6984927221,1.9438884268,16,16,16,16
open_n8,8,0.200000,0.500000,true,2,256,1.000e-12,0.02000,4.500000,3,0.8241142649,2.7008696100,64,61,64,64
open_n8,8,0.200000,0.500000,true,2,256,1.000e-12,0.02000,4.500000,4,0.8950045720,3.1337119656,233,163,219,256
open_n8,8,0.200000,0.500000,true,2,256,1.000e-12,0.02000,4.500000,5,0.8335639287,2.5712702968,64,57,64,64
open_n8,8,0.200000,0.500000,true,2,256,1.000e-12,0.02000,4.500000,6,0.7072648390,1.8288779252,16,16,16,16
open_n8,8,0.200000,0.500000,true,2,256,1.000e-12,0.02000,4.500000,7,0.3953846414,0.9061136660,4,4,4,4
open_n8,8,0.200000,0.500000,true,2,256,1.000e-12,0.02000,4.750000,1,0.3516605691,0.8741027820,4,4,4,4
open_n8,8,0.200000,0.500000,true,2,256,1.000e-12,0.02000,4.750000,2,0.5478741639,1.7402667921,16,16,16,16
open_n8,8,0.200000,0.500000,true,2,256,1.000e-12,0.02000,4.750000,3,0.6480642437,2.4424968460,64,61,64,64
open_n8,8,0.200000,0.500000,true,2,256,1.000e-12,0.02000,4.750000,4,0.7124782241,2.8577765932,222,156,209,256
open_n8,8,0.200000,0.500000,true,2,256,1.000e-12,0.02000,4.750000,5,0.6628150364,2.3158122414,64,55,64,64
open_n8,8,0.200000,0.500000,true,2,256,1.000e-12,0.02000,4.750000,6,0.5636828130,1.6521203777,16,16,16,16
open_n8,8,0.200000,0.500000,true,2,256,1.000e-12,0.02000,4.750000,7,0.3392436268,0.8347296869,4,4,4,4
open_n8,8,0.200000,0.500000,true,2,256,1.000e-12,0.02000,5.000000,1,0.2751364407,0.7721874936,4,4,4,4
open_n8,8,0.200000,0.500000,true,2,256,1.000e-12,0.02000,5.000000,2,0.4332115242,1.5566263091,16,16,16,16
open_n8,8,0.200000,0.500000,true,2,256,1.000e-12,0.02000,5.000000,3,0.5134953436,2.2040317957,64,60,64,64
open_n8,8,0.200000,0.500000,true,2,256,1.000e-12,0.02000,5.000000,4,0.5663995925,2.5825874310,217,149,210,256
open_n8,8,0.200000,0.500000,true,2,256,1.000e-12,0.02000,5.000000,5,0.5270702088,2.0798346893,64,53,64,64
open_n8,8,0.200000,0.500000,true,2,256,1.000e-12,0.02000,5.000000,6,0.4477735778,1.4807901970,16,16,16,16
open_n8,8,0.200000,0.500000,true,2,256,1.000e-12,0.02000,5.000000,7,0.2909145158,0.7682445446,4,4,4,4
open_n8,8,0.200000,0.500000,true,2,256,1.000e-12,0.02000,5.250000,1,0.2143721405,0.6795952066,4,4,4,4
open_n8,8,0.200000,0.500000,true,2,256,1.000e-12,0.02000,5.250000,2,0.3484669048,1.3985709599,16,16,16,16
open_n8,8,0.200000,0.500000,true,2,256,1.000e-12,0.02000,5.250000,3,0.4109476530,1.9882752940,64,59,64,64
open_n8,8,0.200000,0.500000,true,2,256,1.000e-12,0.02000,5.250000,4,0.4514387098,2.3184528983,217,142,205,256
open_n8,8,0.200000,0.500000,true,2,256,1.000e-12,0.02000,5.250000,5,0.4213099607,1.8707846566,64,51,64,64
open_n8,8,0.200000,0.500000,true,2,256,1.000e-12,0.02000,5.250000,6,0.3573153552,1.3201836377,16,16,16,16
open_n8,8,0.200000,0.500000,true,2,256,1.000e-12,0.02000,5.250000,7,0.2469953992,0.7035622067,4,4,4,4
open_n8,8,0.200000,0.500000,true,2,256,1.000e-12,0.02000,5.500000,1,0.1675888040,0.5981447713,4,4,4,4
open_n8,8,0.200000,0.500000,true,2,256,1.000e-12,0.02000,5.500000,2,0.2859211575,1.2654178880,16,16,16,16
open_n8,8,0.200000,0.500000,true,2,256,1.000e-12,0.02000,5.500000,3,0.3321647219,1.7946070134,64,58,64,64
open_n8,8,0.200000,0.500000,true,2,256,1.000e-12,0.02000,5.500000,4,0.3616912824,2.0740555258,212,134,200,256
open_n8,8,0.200000,0.500000,true,2,256,1.000e-12,0.02000,5.500000,5,0.3389874428,1.6861957898,64,50,63,64
open_n8,8,0.200000,0.500000,true,2,256,1.000e-12,0.02000,5.500000,6,0.2884002507,1.1745541776,16,16,16,16
open_n8,8,0.200000,0.500000,true,2,256,1.000e-12,0.02000,5.500000,7,0.2060902800,0.6388646091,4,4,4,4
open_n8,8,0.200000,0.500000,true,2,256,1.000e-12,0.02000,5.750000,1,0.1329009326,0.5294758131,4,4,4,4
open_n8,8,0.200000,0.500000,true,2,256,1.000e-12,0.02000,5.750000,2,0.2382633190,1.1500844115,16,16,16,16
open_n8,8,0.200000,0.500000,true,2,256,1.000e-12,0.02000,5.750000,3,0.2708771636,1.6203360337,64,57,64,64
open_n8,8,0.200000,0.500000,true,2,256,1.000e-12,0.02000,5.750000,4,0.2917045130,1.8551282811,206,126,189,256
open_n8,8,0.200000,0.500000,true,2,256,1.000e-12,0.02000,5.750000,5,0.2741690267,1.5198595806,64,49,63,64
open_n8,8,0.200000,0.500000,true,2,256,1.000e-12,0.02000,5.750000,6,0.2363200958,1.0460232232,16,16,16,16
open_n8,8,0.200000,0.500000,true,2,256,1.000e-12,0.02000,5.750000,7,0.1681092341,0.5735007105,4,4,4,4
open_n8,8,0.200000,0.500000,true,2,256,1.000e-12,0.02000,6.000000,1,0.1079854166,0.4738810531,4,4,4,4
open_n8,8,0.200000,0.500000,true,2,256,1.000e-12,0.02000,6.000000,2,0.2002680951,1.0450483529,16,16,16,16
open_n8,8,0.200000,0.500000,true,2,256,1.000e-12,0.02000,6.000000,3,0.2226566610,1.4640406031,64,56,64,64
open_n8,8,0.200000,0.500000,true,2,256,1.000e-12,0.02000,6.000000,4,0.2369114938,1.6651404482,199,119,183,256
open_n8,8,0.200000,0.500000,true,2,256,1.000e-12,0.02000,6.000000,5,0.2225320997,1.3675416453,64,48,63,64
open_n8,8,0.200000,0.500000,true,2,256,1.000e-12,0.02000,6.000000,6,0.1964239891,0.9343525181,16,15,16,16
open_n8,8,0.200000,0.500000,true,2,256,1.000e-12,0.02000,6.000000,7,0.1339340747,0.5084876719,4,4,4,4
open_n8,8,0.200000,0.500000,true,2,256,1.000e-12,0.02000,6.250000,1,0.0902888863,0.4299130214,4,4,4,4
open_n8,8,0.200000,0.500000,true,2,256,1.000e-12,0.02000,6.250000,2,0.1690318617,0.9468164473,16,16,16,16
open_n8,8,0.200000,0.500000,true,2,256,1.000e-12,0.02000,6.250000,3,0.1843443826,1.3241997496,64,55,64,64
open_n8,8,0.200000,0.500000,true,2,256,1.000e-12,0.02000,6.250000,4,0.1936569894,1.5009116672,198,115,185,256
open_n8,8,0.200000,0.500000,true,2,256,1.000e-12,0.02000,6.250000,5,0.1813017000,1.2285051915,64,46,63,64
open_n8,8,0.200000,0.500000,true,2,256,1.000e-12,0.02000,6.250000,6,0.1648385080,0.8378319066,16,15,16,16
open_n8,8,0.200000,0.500000,true,2,256,1.000e-12,0.02000,6.250000,7,0.1049823394,0.4467918061,4,4,4,4
open_n8,8,0.200000,0.500000,true,2,256,1.000e-12,0.02000,6.500000,1,0.0773992510,0.3947869417,4,4,4,4
open_n8,8,0.200000,0.500000,true,2,256,1.000e-12,0.02000,6.500000,2,0.1431420506,0.8554280404,16,16,16,16
open_n8,8,0.200000,0.500000,true,2,256,1.000e-12,0.02000,6.500000,3,0.1535762595,1.1971240522,64,55,64,64
open_n8,8,0.200000,0.500000,true,2,256,1.000e-12,0.02000,6.500000,4,0.1591801422,1.3545338362,198,111,185,256
open_n8,8,0.200000,0.500000,true,2,256,1.000e-12,0.02000,6.500000,5,0.1486303346,1.1034285756,64,45,63,64
open_n8,8,0.200000,0.500000,true,2,256,1.000e-12,0.02000,6.500000,6,0.1388365007,0.7545537390,16,15,16,16
open_n8,8,0.200000,0.500000,true,2,256,1.000e-12,0.02000,6.500000,7,0.0825110065,0.3927387387,4,4,4,4
open_n8,8,0.200000,0.500000,true,2,256,1.000e-12,0.02000,6.750000,1,0.0673515057,0.3652435681,4,4,4,4
open_n8,8,0.200000,0.500000,true,2,256,1.000e-12,0.02000,6.750000,2,0.1217940552,0.7724417176,16,16,16,16
open_n8,8,0.200000,0.500000,true,2,256,1.000e-12,0.02000,6.750000,3,0.1285827898,1.0798274595,64,54,64,64
open_n8,8,0.200000,0.500000,true,2,256,1.000e-12,0.02000,6.750000,4,0.1314876363,1.2204005998,196,106,181,256
open_n8,8,0.200000,0.500000,true,2,256,1.000e-12,0.02000,6.750000,5,0.1229964417,0.9926822570,64,44,63,64
open_n8,8,0.200000,0.500000,true,2,256,1.000e-12,0.02000,6.750000,6,0.1167674972,0.6823837314,16,15,16,16
open_n8,8,0.200000,0.500000,true,2,256,1.000e-12,0.02000,6.750000,7,0.0669181594,0.3503849626,4,4,4,4
open_n8,8,0.200000,0.500000,true,2,256,1.000e-12,0.02000,7.000000,1,0.0588031510,0.3384670485,4,4,4,4
open_n8,8,0.200000,0.500000,true,2,256,1.000e-12,0.02000,7.000000,2,0.1043162196,0.6995699351,16,16,16,16
open_n8,8,0.200000,0.500000,true,2,256,1.000e-12,0.02000,7.000000,3,0.1080940115,0.9707290398,64,52,64,64
open_n8,8,0.200000,0.500000,true,2,256,1.000e-12,0.02000,7.000000,4,0.1091744860,1.0971148792,192,102,177,256
open_n8,8,0.200000,0.500000,true,2,256,1.000e-12,0.02000,7.000000,5,0.1029202844,0.8954096272,64,43,62,64
open_n8,8,0.200000,0.500000,true,2,256,1.000e-12,0.02000,7.000000,6,0.0977517647,0.6188495928,16,15,16,16
open_n8,8,0.200000,0.500000,true,2,256,1.000e-12,0.02000,7.000000,7,0.0574082940,0.3212960845,4,4,4,4
open_n8,8,0.200000,0.500000,true,2,256,1.000e-12,0.02000,7.250000,1,0.0510485102,0.3126961298,4,4,4,4
open_n8,8,0.200000,0.500000,true,2,256,1.000e-12,0.02000,7.250000,2,0.0900103419,0.6378298569,16,16,16,16
open_n8,8,0.200000,0.500000,true,2,256,1.000e-12,0.02000,7.250000,3,0.0912523344,0.8701019626,64,50,64,64
open_n8,8,0.200000,0.500000,true,2,256,1.000e-12,0.02000,7.250000,4,0.0912409366,0.9850607008,192,97,175,256
open_n8,8,0.200000,0.500000,true,2,256,1.000e-12,0.02000,7.250000,5,0.0869806285,0.8094322711,63,42,61,64
open_n8,8,0.200000,0.500000,true,2,256,1.000e-12,0.02000,7.250000,6,0.0813901493,0.5618294604,16,15,16,16
open_n8,8,0.200000,0.500000,true,2,256,1.000e-12,0.02000,7.250000,7,0.0522168228,0.3032941708,4,4,4,4
open_n8,8,0.200000,0.500000,true,2,256,1.000e-12,0.02000,7.500000,1,0.0438825684,0.2873648477,4,4,4,4
open_n8,8,0.200000,0.500000,true,2,256,1.000e-12,0.02000,7.500000,2,0.0781399745,0.5863220152,16,16,16,16
open_n8,8,0.200000,0.500000,true,2,256,1.000e-12,0.02000,7.500000,3,0.0774671481,0.7797930904,64,48,64,64
open_n8,8,0.200000,0.500000,true,2,256,1.000e-12,0.02000,7.500000,4,0.0769095590,0.8835503333,189,92,173,256
open_n8,8,0.200000,0.500000,true,2,256,1.000e-12,0.02000,7.500000,5,0.0739685827,0.7323227402,63,41,61,64
open_n8,8,0.200000,0.500000,true,2,256,1.000e-12,0.02000,7.500000,6,0.0675479764,0.5102325245,16,15,16,16
open_n8,8,0.200000,0.500000,true,2,256,1.000e-12,0.02000,7.500000,7,0.0492687199,0.2916779646,4,4,4,4
open_n8,8,0.200000,0.500000,true,2,256,1.000e-12,0.02000,7.750000,1,0.0373839303,0.2628293313,4,4,4,4
open_n8,8,0.200000,0.500000,true,2,256,1.000e-12,0.02000,7.750000,2,0.0680189327,0.5416966057,16,16,16,16
open_n8,8,0.200000,0.500000,true,2,256,1.000e-12,0.02000,7.750000,3,0.0662622016,0.7017596913,64,47,64,64
open_n8,8,0.200000,0.500000,true,2,256,1.000e-12,0.02000,7.750000,4,0.0654991205,0.7925038032,185,86,168,256
open_n8,8,0.200000,0.500000,true,2,256,1.000e-12,0.02000,7.750000,5,0.0630118567,0.6623202327,63,40,61,64
open_n8,8,0.200000,0.500000,true,2,256,1.000e-12,0.02000,7.750000,6,0.0561701801,0.4639219671,16,15,16,16
open_n8,8,0.200000,0.500000,true,2,256,1.000e-12,0.02000,7.750000,7,0.0468520277,0.2817776183,4,4,4,4
open_n8,8,0.200000,0.500000,true,2,256,1.000e-12,0.02000,8.000000,1,0.0317067300,0.2398718276,4,4,4,4
open_n8,8,0.200000,0.500000,true,2,256,1.000e-12,0.02000,8.000000,2,0.0591404921,0.5002840626,16,15,16,16
open_n8,8,0.200000,0.500000,true,2,256,1.000e-12,0.02000,8.000000,3,0.0571928977,0.6365342965,64,46,64,64
open_n8,8,0.200000,0.500000,true,2,256,1.000e-12,0.02000,8.000000,4,0.0563851862,0.7120269653,177,79,161,256
open_n8,8,0.200000,0.500000,true,2,256,1.000e-12,0.02000,8.000000,5,0.0535882878,0.5984955351,63,38,61,64
open_n8,8,0.200000,0.500000,true,2,256,1.000e-12,0.02000,8.000000,6,0.0471396794,0.4229462068,16,14,16,16
open_n8,8,0.200000,0.500000,true,2,256,1.000e-12,0.02000,8.000000,7,0.0439482693,0.2705184532,4,4,4,4
open_n8,8,0.200000,0.500000,true,2,256,1.000e-12,0.02000,8.250000,1,0.0269444930,0.2192149300,4,4,4,4
open_n8,8,0.200000,0.500000,true,2,256,1.000e-12,0.02000,8.250000,2,0.0512372323,0.4602086787,16,15,16,16
open_n8,8,0.200000,0.500000,true,2,256,1.000e-12,0.02000,8.250000,3,0.0498325468,0.5823378384,64,45,64,64
open_n8,8,0.200000,0.500000,true,2,256,1.000e-12,0.02000,8.250000,4,0.0490179625,0.6418401559,171,73,157,256
open_n8,8,0.200000,0.500000,true,2,256,1.000e-12,0.02000,8.250000,5,0.0454462439,0.5404314974,63,37,61,64
open_n8,8,0.200000,0.500000,true,2,256,1.000e-12,0.02000,8.250000,6,0.0402077724,0.3871805375,16,14,16,16
open_n8,8,0.200000,0.500000,true,2,256,1.000e-12,0.02000,8.250000,7,0.0401982583,0.2565332265,4,4,4,4
open_n8,8,0.200000,0.500000,true,2,256,1.000e-12,0.02000,8.500000,1,0.0230768859,0.2012040644,4,4,4,4
open_n8,8,0.200000,0.500000,true,2,256,1.000e-12,0.02000,8.500000,2,0.0442397748,0.4213702112,16,15,16,16
open_n8,8,0.200000,0.500000,true,2,256,1.000e-12,0.02000,8.500000,3,0.0437881797,0.5358898887,64,43,63,64
open_n8,8,0.200000,0.500000,true,2,256,1.000e-12,0.02000,8.500000,4,0.0429497188,0.5805402511,169,68,156,256
open_n8,8,0.200000,0.500000,true,2,256,1.000e-12,0.02000,8.500000,5,0.0384910836,0.4880761664,63,35,61,64
open_n8,8,0.200000,0.500000,true,2,256,1.000e-12,0.02000,8.500000,6,0.0349937486,0.3562458977,16,13,16,16
open_n8,8,0.200000,0.500000,true,2,256,1.000e-12,0.02000,8.500000,7,0.0356906910,0.2396588043,4,4,4,4
open_n8,8,0.200000,0.500000,true,2,256,1.000e-12,0.02000,8.750000,1,0.0199749136,0.1856869248,4,4,4,4
open_n8,8,0.200000,0.500000,true,2,256,1.000e-12,0.02000,8.750000,2,0.0381792720,0.3846843219,16,15,16,16
open_n8,8,0.200000,0.500000,true,2,256,1.000e-12,0.02000,8.750000,3,0.0387183905,0.4945251551,64,42,63,64
open_n8,8,0.200000,0.500000,true,2,256,1.000e-12,0.02000,8.750000,4,0.0378464316,0.5265131541,169,63,153,256
open_n8,8,0.200000,0.500000,true,2,256,1.000e-12,0.02000,8.750000,5,0.0326816286,0.4414949119,63,33,60,64
open_n8,8,0.200000,0.500000,true,2,256,1.000e-12,0.02000,8.750000,6,0.0310389003,0.3293668528,16,13,16,16
open_n8,8,0.200000,0.500000,true,2,256,1.000e-12,0.02000,8.750000,7,0.0307488248,0.2204654698,4,4,4,4
open_n8,8,0.200000,0.500000,true,2,256,1.000e-12,0.02000,9.000000,1,0.0174417826,0.1720779108,4,4,4,4
open_n8,8,0.200000,0.500000,true,2,256,1.000e-12,0.02000,9.000000,2,0.0330857394,0.3513296005,16,14,16,16
open_n8,8,0.200000,0.500000,true,2,256,1.000e-12,0.02000,9.000000,3,0.0343465489,0.4567354635,64,40,63,64
open_n8,8,0.200000,0.500000,true,2,256,1.000e-12,0.02000,9.000000,4,0.0334736290,0.4792509503,169,59,152,256
open_n8,8,0.200000,0.500000,true,2,256,1.000e-12,0.02000,9.000000,5,0.0279593958,0.4005903991,63,31,59,64
open_n8,8,0.200000,0.500000,true,2,256,1.000e-12,0.02000,9.000000,6,0.0278916308,0.3054808815,16,13,16,16
open_n8,8,0.200000,0.500000,true,2,256,1.000e-12,0.02000,9.000000,7,0.0257862936,0.1999983090,4,4,4,4
open_n8,8,0.200000,0.500000,true,2,256,1.000e-12,0.02000,9.250000,1,0.0152746474,0.1595986627,4,4,4,4
open_n8,8,0.200000,0.500000,true,2,256,1.000e-12,0.02000,9.250000,2,0.0289202367,0.3221647858,16,13,16,16
open_n8,8,0.200000,0.500000,true,2,256,1.000e-12,0.02000,9.250000,3,0.0304732916,0.4215647725,64,37,63,64
open_n8,8,0.200000,0.500000,true,2,256,1.000e-12,0.02000,9.250000,4,0.0296661644,0.4381349944,169,55,151,256
open_n8,8,0.200000,0.500000,true,2,256,1.000e-12,0.02000,9.250000,5,0.0242185701,0.3651108588,63,30,59,64
open_n8,8,0.200000,0.500000,true,2,256,1.000e-12,0.02000,9.250000,6,0.0251880034,0.2836557943,16,12,16,16
open_n8,8,0.200000,0.500000,true,2,256,1.000e-12,0.02000,9.250000,7,0.0212161318,0.1796490386,4,4,4,4
open_n8,8,0.200000,0.500000,true,2,256,1.000e-12,0.02000,9.500000,1,0.0133219999,0.1475899990,4,4,4,4
open_n8,8,0.200000,0.500000,true,2,256,1.000e-12,0.02000,9.500000,2,0.0255580176,0.2974600752,16,13,16,16
open_n8,8,0.200000,0.500000,true,2,256,1.000e-12,0.02000,9.500000,3,0.0269801640,0.3882749468,64,35,62,64
open_n8,8,0.200000,0.500000,true,2,256,1.000e-12,0.02000,9.500000,4,0.0263049823,0.4019839468,166,51,149,256
open_n8,8,0.200000,0.500000,true,2,256,1.000e-12,0.02000,9.500000,5,0.0213089208,0.3347679737,63,28,59,64
open_n8,8,0.200000,0.500000,true,2,256,1.000e-12,0.02000,9.500000,6,0.0226949175,0.2633725792,16,11,16,16
open_n8,8,0.200000,0.500000,true,2,256,1.000e-12,0.02000,9.500000,7,0.0173747597,0.1609922188,4,4,4,4
open_n8,8,0.200000,0.500000,true,2,256,1.000e-12,0.02000,9.750000,1,0.0115078617,0.1357114189,4,4,4,4
open_n8,8,0.200000,0.500000,true,2,256,1.000e-12,0.02000,9.750000,2,0.0228164083,0.2767706949,16,13,16,16
open_n8,8,0.200000,0.500000,true,2,256,1.000e-12,0.02000,9.750000,3,0.0238148714,0.3565244928,64,32,62,64
open_n8,8,0.200000,0.500000,true,2,256,1.000e-12,0.02000,9.750000,4,0.0233072329,0.3695187495,164,47,146,256
open_n8,8,0.200000,0.500000,true,2,256,1.000e-12,0.02000,9.750000,5,0.0190549366,0.3091724303,63,27,58,64
open_n8,8,0.200000,0.500000,true,2,256,1.000e-12,0.02000,9.750000,6,0.0203069114,0.2444656691,16,10,16,16
open_n8,8,0.200000,0.500000,true,2,256,1.000e-12,0.02000,9.750000,7,0.0144516571,0.1454539555,4,4,4,4
open_n8,8,0.200000,0.500000,true,2,256,1.000e-12,0.02000,10.000000,1,0.0098180852,0.1239439445,4,4,4,4
open_n8,8,0.200000,0.500000,true,2,256,1.000e-12,0.02000,10.000000,2,0.0205038566,0.2589806719,16,13,16,16
open_n8,8,0.200000,0.500000,true,2,256,1.000e-12,0.02000,10.000000,3,0.0209635120,0.3265242827,64,30,61,64
open_n8,8,0.200000,0.500000,true,2,256,1.000e-12,0.02000,10.000000,4,0.0206198311,0.3398884704,161,43,141,256
open_n8,8,0.200000,0.500000,true,2,256,1.000e-12,0.02000,10.000000,5,0.0172782334,0.2876251954,63,25,57,64
open_n8,8,0.200000,0.500000,true,2,256,1.000e-12,0.02000,10.000000,6,0.0180137796,0.2269191731,16,9,16,16
open_n8,8,0.200000,0.500000,true,2,256,1.000e-12,0.02000,10.000000,7,0.0124483834,0.1338296701,4,4,4,4
closed_n8,8,0.200000,0.500000,false,2,256,1.000e-12,0.02000,0.000000,1,0.0000000000,0.0000000000,1,1,1,4
closed_n8,8,0.200000,0.500000,false,2,256,1.000e-12,0.02000,0.000000,2,0.0000000000,0.0000000000,1,1,1,16
closed_n8,8,0.200000,0.500000,false,2,256,1.000e-12,0.02000,0.000000,3,0.0000000000,0.0000000000,1,1,1,64
closed_n8,8,0.200000,0.500000,false,2,256,1.000e-12,0.02000,0.000000,4,0.0000000000,0.0000000000,1,1,1,256
closed_n8,8,0.200000,0.500000,false,2,256,1.000e-12,0.02000,0.000000,5,0.0000000000,0.0000000000,1,1,1,64
closed_n8,8,0.200000,0.500000,false,2,256,1.000e-12,0.02000,0.000000,6,0.0000000000,0.0000000000,1,1,1,16
closed_n8,8,0.200000,0.500000,false,2,256,1.000e-12,0.02000,0.000000,7,0.0000000000,0.0000000000,1,1,1,4
closed_n8,8,0.200000,0.500000,false,2,256,1.000e-12,0.02000,0.250000,1,0.2293160393,0.6349112384,4,4,4,4
closed_n8,8,0.200000,0.500000,false,2,256,1.000e-12,0.02000,0.250000,2,0.2258059691,0.6456450211,13,7,12,16
closed_n8,8,0.200000,0.500000,false,2,256,1.000e-12,0.02000,0.250000,3,0.2257394188,0.6455405084,14,7,13,64
closed_n8,8,0.200000,0.500000,false,2,256,1.000e-12,0.02000,0.250000,4,0.2258247335,0.6456258656,15,7,14,256
closed_n8,8,0.200000,0.500000,false,2,256,1.000e-12,0.02000,0.250000,5,0.2257394188,0.6455405084,14,7,13,64
closed_n8,8,0.200000,0.500000,false,2,256,1.000e-12,0.02000,0.250000,6,0.2258059691,0.6456450211,13,7,12,16
closed_n8,8,0.200000,0.500000,false,2,256,1.000e-12,0.02000,0.250000,7,0.2293160393,0.6349112384,4,4,4,4
closed_n8,8,0.200000,0.500000,false,2,256,1.000e-12,0.02000,0.500000,1,0.6447523215,1.1120860291,4,4,4,4
closed_n8,8,0.200000,0.500000,false,2,256,1.000e-12,0.02000,0.500000,2,0.6170654973,1.1912281253,16,12,16,16
closed_n8,8,0.200000,0.500000,false,2,256,1.000e-12,0.02000,0.500000,3,0.6173389847,1.1913419781,28,12,26,64
closed_n8,8,0.200000,0.500000,false,2,256,1.000e-12,0.02000,0.500000,4,0.6175141227,1.1914987884,32,12,26,256
closed_n8,8,0.200000,0.500000,false,2,256,1.000e-12,0.02000,0.500000,5,0.6173389847,1.1913419781,28,12,26,64
closed_n8,8,0.200000,0.500000,false,2,256,1.000e-12,0.02000,0.500000,6,0.6170654973,1.1912281253,16,12,16,16
closed_n8,8,0.200000,0.500000,false,2,256,1.000e-12,0.02000,0.500000,7,0.6447523215,1.1120860291,4,4,4,4
closed_n8,8,0.200000,0.500000,false,2,256,1.000e-12,0.02000,0.750000,1,1.0723252444,1.4544425567,4,4,4,4
closed_n8,8,0.200000,0.500000,false,2,256,1.000e-12,0.02000,0.750000,2,1.0214209899,1.6894267582,16,14,16,16
closed_n8,8,0.200000,0.500000,false,2,256,1.000e-12,0.02000,0.750000,3,1.0218580545,1.6940241532,42,20,38,64
closed_n8,8,0.200000,0.500000,false,2,256,1.000e-12,0.02000,0.750000,4,1.0219639704,1.6941722136,53,20,46,256
closed_n8,8,0.200000,0.500000,false,2,256,1.000e-12,0.02000,0.750000,5,1.0218580545,1.6940241532,42,20,38,64
closed_n8,8,0.200000,0.500000,false,2,256,1.000e-12,0.02000,0.750000,6,1.0214209899,1.6894267582,16,14,16,16
closed_n8,8,0.200000,0.500000,false,2,256,1.000e-12,0.02000,0.750000,7,1.0723252444,1.4544425567,4,4,4,4
closed_n8,8,0.200000,0.500000,false,2,256,1.000e-12,0.02000,1.000000,1,1.4267097778,1.6856525932,4,4,4,4
closed_n8,8,0.200000,0.500000,false,2,256,1.000e-12,0.02000,1.000000,2,1.4200602336,2.1490005681,16,16,16,16
closed_n8,8,0.200000,0.500000,false,2,256,1.000e-12,0.02000,1.000000,3,1.4151010850,2.1774181609,51,29,49,64
closed_n8,8,0.200000,0.500000,false,2,256,1.000e-12,0.02000,1.000000,4,1.4149338794,2.1774159578,84,30,72,256
closed_n8,8,0.200000,0.500000,false,2,256,1.000e-12,0.02000,1.000000,5,1.4151010850,2.1774181609,51,29,49,64
closed_n8,8,0.200000,0.500000,false,2,256,1.000e-12,0.02000,1.000000,6,1.4200602336,2.1490005681,16,16,16,16
closed_n8,8,0.200000,0.500000,false,2,256,1.000e-12,0.02000,1.000000,7,1.4267097778,1.6856525932,4,4,4,4
closed_n8,8,0.200000,0.500000,false,2,256,1.000e-12,0.02000,1.250000,1,1.6766602019,1.8301306837,4,4,4,4
closed_n8,8,0.200000,0.500000,false,2,256,1.000e-12,0.02000,1.250000,2,1.8118834190,2.5437299028,16,16,16,16
closed_n8,8,0.200000,0.500000,false,2,256,1.000e-12,0.02000,1.250000,3,1.8004488231,2.6447576215,58,40,57,64
closed_n8,8,0.200000,0.500000,false,2,256,1.000e-12,0.02000,1.250000,4,1.7991147821,2.6446629906,120,47,106,256
closed_n8,8,0.200000,0.500000,false,2,256,1.000e-12,0.02000,1.250000,5,1.8004488231,2.6447576215,58,40,57,64
closed_n8,8,0.200000,0.500000,false,2,256,1.000e-12,0.02000,1.250000,6,1.8118834190,2.5437299028,16,16,16,16
closed_n8,8,0.200000,0.500000,false,2,256,1.000e-12,0.02000,1.250000,7,1.6766602019,1.8301306837,4,4,4,4
closed_n8,8,0.200000,0.500000,false,2,256,1.000e-12,0.02000,1.500000,1,1.8285691758,1.9120703735,4,4,4,4
closed_n8,8,0.200000,0.500000,false,2,256,1.000e-12,0.02000,1.500000,2,2.1554482129,2.8425010059,16,16,16,16
closed_n8,8,0.200000,0.500000,false,2,256,1.000e-12,0.02000,1.500000,3,2.1770431643,3.0943670247,61,49,61,64
closed_n8,8,0.200000,0.500000,false,2,256,1.000e-12,0.02000,1.500000,4,2.1684708702,3.0978859638,158,72,146,256
closed_n8,8,0.200000,0.500000,false,2,256,1.000e-12,0.02000,1.500000,5,2.1770431643,3.0943670247,61,49,61,64
closed_n8,8,0.200000,0.500000,false,2,256,1.000e-12,0.02000,1.500000,6,2.1554482129,2.8425010059,16,16,16,16
closed_n8,8,0.200000,0.500000,false,2,256,1.000e-12,0.02000,1.500000,7,1.8285691758,1.9120703735,4,4,4,4
closed_n8,8,0.200000,0.500000,false,2,256,1.000e-12,0.02000,1.750000,1,1.9079847377,1.9533670554,4,4,4,4
closed_n8,8,0.200000,0.500000,false,2,256,1.000e-12,0.02000,1.750000,2,2.3964686644,3.0332033233,16,16,16,16
closed_n8,8,0.200000,0.500000,false,2,256,1.000e-12,0.02000,1.750000,3,2.5527265315,3.5173187167,63,54,63,64
closed_n8,8,0.200000,0.500000,false,2,256,1.000e-12,0.02000,1.750000,4,2.5213186899,3.5417777709,195,102,181,256
closed_n8,8,0.200000,0.500000,false,2,256,1.000e-12,0.02000,1.750000,5,2.5527265315,3.5173187167,63,54,63,64
closed_n8,8,0.200000,0.500000,false,2,256,1.000e-12,0.02000,1.750000,6,2.3964686644,3.0332033233,16,16,16,16
closed_n8,8,0.200000,0.500000,false,2,256,1.000e-12,0.02000,1.750000,7,1.9079847377,1.9533670554,4,4,4,4
closed_n8,8,0.200000,0.500000,false,2,256,1.000e-12,0.02000,2.000000,1,1.9426226605,1.9710702058,4,4,4,4
closed_n8,8,0.200000,0.500000,false,2,256,1.000e-12,0.02000,2.000000,2,2.5165099484,3.1287444146,16,16,16,16
closed_n8,8,0.200000,0.500000,false,2,256,1.000e-12,0.02000,2.000000,3,2.9297281586,3.8907435582,64,60,64,64
closed_n8,8,0.200000,0.500000,false,2,256,1.000e-12,0.02000,2.000000,4,2.8622832682,3.9779532198,219,132,210,256
closed_n8,8,0.200000,0.500000,false,2,256,1.000e-12,0.02000,2.000000,5,2.9297281586,3.8907435582,64,60,64,64
closed_n8,8,0.200000,0.500000,false,2,256,1.000e-12,0.02000,2.000000,6,2.5165099484,3.1287444146,16,16,16,16
closed_n8,8,0.200000,0.500000,false,2,256,1.000e-12,0.02000,2.000000,7,1.9426226605,1.9710702058,4,4,4,4
closed_n8,8,0.200000,0.500000,false,2,256,1.000e-12,0.02000,2.250000,1,1.9519948981,1.9758289997,4,4,4,4
closed_n8,8,0.200000,0.500000,false,2,256,1.000e-12,0.02000,2.250000,2,2.5447970426,3.1601688026,16,16,16,16
closed_n8,8,0.200000,0.500000,false,2,256,1.000e-12,0.02000,2.250000,3,3.2791613132,4.1870559053,64,61,64,64
closed_n8,8,0.200000,0.500000,false,2,256,1.000e-12,0.02000,2.250000,4,3.1936135147,4.3996453600,235,162,228,256
closed_n8,8,0.200000,0.500000,false,2,256,1.000e-12,0.02000,2.250000,5,3.2791613132,4.1870559053,64,61,64,64
closed_n8,8,0.200000,0.500000,false,2,256,1.000e-12,0.02000,2.250000,6,2.5447970426,3.1601688026,16,16,16,16
closed_n8,8,0.200000,0.500000,false,2,256,1.000e-12,0.02000,2.250000,7,1.9519948981,1.9758289997,4,4,4,4
closed_n8,8,0.200000,0.500000,false,2,256,1.000e-12,0.02000,2.500000,1,1.9455553355,1.9725606147,4,4,4,4
closed_n8,8,0.200000,0.500000,false,2,256,1.000e-12,0.02000,2.500000,2,2.5331224864,3.1625468913,16,16,16,16
closed_n8,8,0.200000,0.500000,false,2,256,1.000e-12,0.02000,2.500000,3,3.5550070751,4.3908405467,64,62,64,64
closed_n8,8,0.200000,0.500000,false,2,256,1.000e-12,0.02000,2.500000,4,3.5101946513,4.7862545602,244,186,240,256
closed_n8,8,0.200000,0.500000,false,2,256,1.000e-12,0.02000,2.500000,5,3.5550070751,4.3908405467,64,62,64,64
closed_n8,8,0.200000,0.500000,false,2,256,1.000e-12,0.02000,2.500000,6,2.5331224864,3.1625468913,16,16,16,16
closed_n8,8,0.200000,0.500000,false,2,256,1.000e-12,0.02000,2.500000,7,1.9455553355,1.9725606147,4,4,4,4
closed_n8,8,0.200000,0.500000,false,2,256,1.000e-12,0.02000,2.750000,1,1.9269018216,1.9630578495,4,4,4,4
closed_n8,8,0.200000,0.500000,false,2,256,1.000e-12,0.02000,2.750000,2,2.5258216759,3.1621813059,16,16,16,16
closed_n8,8,0.200000,0.500000,false,2,256,1.000e-12,0.02000,2.750000,3,3.7313541439,4.5064570917,64,63,64,64
closed_n8,8,0.200000,0.500000,false,2,256,1.000e-12,0.02000,2.750000,4,3.7873894544,5.1017997790,248,204,247,256
closed_n8,8,0.200000,0.500000,false,2,256,1.000e-12,0.02000,2.750000,5,3.7313541439,4.5064570917,64,63,64,64
closed_n8,8,0.200000,0.500000,false,2,256,1.000e-12,0.02000,2.750000,6,2.5258216759,3.1621813059,16,16,16,16
closed_n8,8,0.200000,0.500000,false,2,256,1.000e-12,0.02000,2.750000,7,1.9269018216,1.9630578495,4,4,4,4
closed_n8,8,0.200000,0.500000,false,2,256,1.000e-12,0.02000,3.000000,1,1.8993431942,1.9489212361,4,4,4,4
closed_n8,8,0.200000,0.500000,false,2,256,1.000e-12,0.02000,3.000000,2,2.5466396453,3.1734265966,16,16,16,16
closed_n8,8,0.200000,0.500000,false,2,256,1.000e-12,0.02000,3.000000,3,3.8172634103,4.5532930960,64,63,64,64
closed_n8,8,0.200000,0.500000,false,2,256,1.000e-12,0.02000,3.000000,4,3.9779136281,5.3050437103,251,213,250,256
closed_n8,8,0.200000,0.500000,false,2,256,1.000e-12,0.02000,3.000000,5,3.8172634103,4.5532930960,64,63,64,64
closed_n8,8,0.200000,0.500000,false,2,256,1.000e-12,0.02000,3.000000,6,2.5466396453,3.1734265966,16,16,16,16
closed_n8,8,0.200000,0.500000,false,2,256,1.000e-12,0.02000,3.000000,7,1.8993431942,1.9489212361,4,4,4,4
closed_n8,8,0.200000,0.500000,false,2,256,1.000e-12,0.02000,3.250000,1,1.8690447370,1.9332427027,4,4,4,4
closed_n8,8,0.200000,0.500000,false,2,256,1.000e-12,0.02000,3.250000,2,2.5992358093,3.2010393362,16,16,16,16
closed_n8,8,0.200000,0.500000,false,2,256,1.000e-12,0.02000,3.250000,3,3.8422849634,4.5563221548,64,63,64,64
closed_n8,8,0.200000,0.500000,false,2,256,1.000e-12,0.02000,3.250000,4,4.0476118308,5.3675754077,252,219,251,256
closed_n8,8,0.200000,0.500000,false,2,256,1.000e-12,0.02000,3.250000,5,3.8422849634,4.5563221548,64,63,64,64
closed_n8,8,0.200000,0.500000,false,2,256,1.000e-12,0.02000,3.250000,6,2.5992358093,3.2010393362,16,16,16,16
closed_n8,8,0.200000,0.500000,false,2,256,1.000e-12,0.02000,3.250000,7,1.8690447370,1.9332427027,4,4,4,4
closed_n8,8,0.200000,0.500000,false,2,256,1.000e-12,0.02000,3.500000,1,1.8444550450,1.9204109913,4,4,4,4
closed_n8,8,0.200000,0.500000,false,2,256,1.000e-12,0.02000,3.500000,2,2.6741345372,3.2427004547,16,16,16,16
closed_n8,8,0.200000,0.500000,false,2,256,1.000e-12,0.02000,3.500000,3,3.8373814061,4.5406809392,64,63,64,64
closed_n8,8,0.200000,0.500000,false,2,256,1.000e-12,0.02000,3.500000,4,4.0321108921,5.2978110483,253,221,251,256
closed_n8,8,0.200000,0.500000,false,2,256,1.000e-12,0.02000,3.500000,5,3.8373814061,4.5406809392,64,63,64,64
closed_n8,8,0.200000,0.500000,false,2,256,1.000e-12,0.02000,3.500000,6,2.6741345372,3.2427004547,16,16,16,16
closed_n8,8,0.200000,0.500000,false,2,256,1.000e-12,0.02000,3.500000,7,1.8444550450,1.9204109913,4,4,4,4
closed_n8,8,0.200000,0.500000,false,2,256,1.000e-12,0.02000,3.750000,1,1.8330654617,1.9144344383,4,4,4,4
closed_n8,8,0.200000,0.500000,false,2,256,1.000e-12,0.02000,3.750000,2,2.7588282356,3.2923521059,16,16,16,16
closed_n8,8,0.200000,0.500000,false,2,256,1.000e-12,0.02000,3.750000,3,3.8223218499,4.5265573204,64,63,64,64
closed_n8,8,0.200000,0.500000,false,2,256,1.000e-12,0.02000,3.750000,4,4.0630869682,5.2614830313,253,219,251,256
closed_n8,8,0.200000,0.500000,false,2,256,1.000e-12,0.02000,3.750000,5,3.8223218499,4.5265573204,64,63,64,64
closed_n8,8,0.200000,0.500000,false,2,256,1.000e-12,0.02000,3.750000,6,2.7588282356,3.2923521059,16,16,16,16
closed_n8,8,0.200000,0.500000,false,2,256,1.000e-12,0.02000,3.750000,7,1.8330654617,1.9144344383,4,4,4,4
closed_n8,8,0.200000,0.500000,false,2,256,1.000e-12,0.02000,4.000000,1,1.8379594358,1.9170051919,4,4,4,4
closed_n8,8,0.200000,0.500000,false,2,256,1.000e-12,0.02000,4.000000,2,2.8453327023,3.3439986357,16,16,16,16
closed_n8,8,0.200000,0.500000,false,2,256,1.000e-12,0.02000,4.000000,3,3.7935201207,4.5131503151,64,63,64,64
closed_n8,8,0.200000,0.500000,false,2,256,1.000e-12,0.02000,4.000000,4,4.1847496765,5.3005993689,253,209,251,256
closed_n8,8,0.200000,0.500000,false,2,256,1.000e-12,0.02000,4.000000,5,3.7935201207,4.5131503151,64,63,64,64
closed_n8,8,0.200000,0.500000,false,2,256,1.000e-12,0.02000,4.000000,6,2.8453327023,3.3439986357,16,16,16,16
closed_n8,8,0.200000,0.500000,false,2,256,1.000e-12,0.02000,4.000000,7,1.8379594358,1.9170051919,4,4,4,4
closed_n8,8,0.200000,0.500000,false,2,256,1.000e-12,0.02000,4.250000,1,1.8565439681,1.9267317409,4,4,4,4
closed_n8,8,0.200000,0.500000,false,2,256,1.000e-12,0.02000,4.250000,2,2.9312033263,3.3938586147,16,16,16,16
closed_n8,8,0.200000,0.500000,false,2,256,1.000e-12,0.02000,4.250000,3,3.7273502281,4.4764299355,64,63,64,64
closed_n8,8,0.200000,0.500000,false,2,256,1.000e-12,0.02000,4.250000,4,4.3346751756,5.4202979118,253,216,253,256
closed_n8,8,0.200000,0.500000,false,2,256,1.000e-12,0.02000,4.250000,5,3.7273502281,4.4764299355,64,63,64,64
closed_n8,8,0.200000,0.500000,false,2,256,1.000e-12,0.02000,4.250000,6,2.9312033263,3.3938586147,16,16,16,16
closed_n8,8,0.200000,0.500000,false,2,256,1.000e-12,0.02000,4.250000,7,1.8565439681,1.9267317409,4,4,4,4
closed_n8,8,0.200000,0.500000,false,2,256,1.000e-12,0.02000,4.500000,1,1.8822086392,1.9400725922,4,4,4,4
closed_n8,8,0.200000,0.500000,false,2,256,1.000e-12,0.02000,4.500000,2,3.0149650737,3.4392473596,16,16,16,16
closed_n8,8,0.200000,0.500000,false,2,256,1.000e-12,0.02000,4.500000,3,3.6078539994,4.3954173174,64,63,64,64
closed_n8,8,0.200000,0.500000,false,2,256,1.000e-12,0.02000,4.500000,4,4.4473816632,5.4629369442,253,210,252,256
closed_n8,8,0.200000,0.500000,false,2,256,1.000e-12,0.02000,4.500000,5,3.6078539994,4.3954173174,64,63,64,64
closed_n8,8,0.200000,0.500000,false,2,256,1.000e-12,0.02000,4.500000,6,3.0149650737,3.4392473596,16,16,16,16
closed_n8,8,0.200000,0.500000,false,2,256,1.000e-12,0.02000,4.500000,7,1.8822086392,1.9400725922,4,4,4,4
closed_n8,8,0.200000,0.500000,false,2,256,1.000e-12,0.02000,4.750000,1,1.9075922607,1.9531651495,4,4,4,4
closed_n8,8,0.200000,0.500000,false,2,256,1.000e-12,0.02000,4.750000,2,3.0899335490,3.4755415251,16,16,16,16
closed_n8,8,0.200000,0.500000,false,2,256,1.000e-12,0.02000,4.750000,3,3.4538512908,4.2768008577,64,63,64,64
closed_n8,8,0.200000,0.500000,false,2,256,1.000e-12,0.02000,4.750000,4,4.4992649175,5.4542349126,252,196,247,256
closed_n8,8,0.200000,0.500000,false,2,256,1.000e-12,0.02000,4.750000,5,3.4538512908,4.2768008577,64,63,64,64
closed_n8,8,0.200000,0.500000,false,2,256,1.000e-12,0.02000,4.750000,6,3.0899335490,3.4755415251,16,16,16,16
closed_n8,8,0.200000,0.500000,false,2,256,1.000e-12,0.02000,4.750000,7,1.9075922607,1.9531651495,4,4,4,4
closed_n8,8,0.200000,0.500000,false,2,256,1.000e-12,0.02000,5.000000,1,1.9273107198,1.9632667949,4,4,4,4
closed_n8,8,0.200000,0.500000,false,2,256,1.000e-12,0.02000,5.000000,2,3.1406420285,3.4942655426,16,16,16,16
closed_n8,8,0.200000,0.500000,false,2,256,1.000e-12,0.02000,5.000000,3,3.3265068941,4.1717817590,64,63,64,64
closed_n8,8,0.200000,0.500000,false,2,256,1.000e-12,0.02000,5.000000,4,4.4831182364,5.4282862642,252,199,251,256
closed_n8,8,0.200000,0.500000,false,2,256,1.000e-12,0.02000,5.000000,5,3.3265068941,4.1717817590,64,63,64,64
closed_n8,8,0.200000,0.500000,false,2,256,1.000e-12,0.02000,5.000000,6,3.1406420285,3.4942655426,16,16,16,16
closed_n8,8,0.200000,0.500000,false,2,256,1.000e-12,0.02000,5.000000,7,1.9273107198,1.9632667949,4,4,4,4
closed_n8,8,0.200000,0.500000,false,2,256,1.000e-12,0.02000,5.250000,1,1.9388039118,1.9691272843,4,4,4,4
closed_n8,8,0.200000,0.500000,false,2,256,1.000e-12,0.02000,5.250000,2,3.1451496512,3.4842633077,16,16,16,16
closed_n8,8,0.200000,0.500000,false,2,256,1.000e-12,0.02000,5.250000,3,3.2939123258,4.1497462338,64,62,64,64
closed_n8,8,0.200000,0.500000,false,2,256,1.000e-12,0.02000,5.250000,4,4.3942807907,5.3491393729,252,201,252,256
closed_n8,8,0.200000,0.500000,false,2,256,1.000e-12,0.02000,5.250000,5,3.2939123258,4.1497462338,64,62,64,64
closed_n8,8,0.200000,0.500000,false,2,256,1.000e-12,0.02000,5.250000,6,3.1451496512,3.4842633077,16,16,16,16
closed_n8,8,0.200000,0.500000,false,2,256,1.000e-12,0.02000,5.250000,7,1.9388039118,1.9691272843,4,4,4,4
closed_n8,8,0.200000,0.500000,false,2,256,1.000e-12,0.02000,5.500000,1,1.9414698531,1.9704837927,4,4,4,4
closed_n8,8,0.200000,0.500000,false,2,256,1.000e-12,0.02000,5.500000,2,3.0847864820,3.4361405640,16,16,16,16
closed_n8,8,0.200000,0.500000,false,2,256,1.000e-12,0.02000,5.500000,3,3.3612823819,4.2115487981,64,62,64,64
closed_n8,8,0.200000,0.500000,false,2,256,1.000e-12,0.02000,5.500000,4,4.2378278277,5.2053514547,252,197,250,256
closed_n8,8,0.200000,0.500000,false,2,256,1.000e-12,0.02000,5.500000,5,3.3612823819,4.2115487981,64,62,64,64
closed_n8,8,0.200000,0.500000,false,2,256,1.000e-12,0.02000,5.500000,6,3.0847864820,3.4361405640,16,16,16,16
closed_n8,8,0.200000,0.500000,false,2,256,1.000e-12,0.02000,5.500000,7,1.9414698531,1.9704837927,4,4,4,4
closed_n8,8,0.200000,0.500000,false,2,256,1.000e-12,0.02000,5.750000,1,1.9354051249,1.9673962273,4,4,4,4
closed_n8,8,0.200000,0.500000,false,2,256,1.000e-12,0.02000,5.750000,2,2.9580336968,3.3487997128,16,16,16,16
closed_n8,8,0.200000,0.500000,false,2,256,1.000e-12,0.02000,5.750000,3,3.4679098990,4.2893076234,64,63,64,64
closed_n8,8,0.200000,0.500000,false,2,256,1.000e-12,0.02000,5.750000,4,4.0387522933,5.0017814146,252,184,248,256
closed_n8,8,0.200000,0.500000,false,2,256,1.000e-12,0.02000,5.750000,5,3.4679098990,4.2893076234,64,63,64,64
closed_n8,8,0.200000,0.500000,false,2,256,1.000e-12,0.02000,5.750000,6,2.9580336968,3.3487997128,16,16,16,16
closed_n8,8,0.200000,0.500000,false,2,256,1.000e-12,0.02000,5.750000,7,1.9354051249,1.9673962273,4,4,4,4
closed_n8,8,0.200000,0.500000,false,2,256,1.000e-12,0.02000,6.000000,1,1.9212017700,1.9601434737,4,4,4,4
closed_n8,8,0.200000,0.500000,false,2,256,1.000e-12,0.02000,6.000000,2,2.7884418040,3.2354841276,16,16,16,16
closed_n8,8,0.200000,0.500000,false,2,256,1.000e-12,0.02000,6.000000,3,3.5551875364,4.3348299720,64,63,64,64
closed_n8,8,0.200000,0.500000,false,2,256,1.000e-12,0.02000,6.000000,4,3.8540318501,4.8178938571,252,179,248,256
closed_n8,8,0.200000,0.500000,false,2,256,1.000e-12,0.02000,6.000000,5,3.5551875364,4.3348299720,64,63,64,64
closed_n8,8,0.200000,0.500000,false,2,256,1.000e-12,0.02000,6.000000,6,2.7884418040,3.2354841276,16,16,16,16
closed_n8,8,0.200000,0.500000,false,2,256,1.000e-12,0.02000,6.000000,7,1.9212017700,1.9601434737,4,4,4,4
closed_n8,8,0.200000,0.500000,false,2,256,1.000e-12,0.02000,6.250000,1,1.9012123432,1.9498837847,4,4,4,4
closed_n8,8,0.200000,0.500000,false,2,256,1.000e-12,0.02000,6.250000,2,2.6161339698,3.1244110726,16,16,16,16
closed_n8,8,0.200000,0.500000,false,2,256,1.000e-12,0.02000,6.250000,3,3.6010060082,4.3471239568,64,63,64,64
closed_n8,8,0.200000,0.500000,false,2,256,1.000e-12,0.02000,6.250000,4,3.7563567472,4.8047221960,252,194,251,256
closed_n8,8,0.200000,0.500000,false,2,256,1.000e-12,0.02000,6.250000,5,3.6010060082,4.3471239568,64,63,64,64
closed_n8,8,0.200000,0.500000,false,2,256,1.000e-12,0.02000,6.250000,6,2.6161339698,3.1244110726,16,16,16,16
closed_n8,8,0.200000,0.500000,false,2,256,1.000e-12,0.02000,6.250000,7,1.9012123432,1.9498837847,4,4,4,4
closed_n8,8,0.200000,0.500000,false,2,256,1.000e-12,0.02000,6.500000,1,1.8810981673,1.9394974200,4,4,4,4
closed_n8,8,0.200000,0.500000,false,2,256,1.000e-12,0.02000,6.500000,2,2.4751056055,3.0457700776,16,16,16,16
closed_n8,8,0.200000,0.500000,false,2,256,1.000e-12,0.02000,6.500000,3,3.6007122908,4.3364016340,64,62,64,64
closed_n8,8,0.200000,0.500000,false,2,256,1.000e-12,0.02000,6.500000,4,3.7352684622,4.8956771341,252,203,251,256
closed_n8,8,0.200000,0.500000,false,2,256,1.000e-12,0.02000,6.500000,5,3.6007122908,4.3364016340,64,62,64,64
closed_n8,8,0.200000,0.500000,false,2,256,1.000e-12,0.02000,6.500000,6,2.4751056055,3.0457700776,16,16,16,16
closed_n8,8,0.200000,0.500000,false,2,256,1.000e-12,0.02000,6.500000,7,1.8810981673,1.9394974200,4,4,4,4
closed_n8,8,0.200000,0.500000,false,2,256,1.000e-12,0.02000,6.750000,1,1.8695605079,1.9335109798,4,4,4,4
closed_n8,8,0.200000,0.500000,false,2,256,1.000e-12,0.02000,6.750000,2,2.3759877404,3.0075547037,16,16,16,16
closed_n8,8,0.200000,0.500000,false,2,256,1.000e-12,0.02000,6.750000,3,3.5565897662,4.3035772318,64,62,64,64
closed_n8,8,0.200000,0.500000,false,2,256,1.000e-12,0.02000,6.750000,4,3.7166819080,4.9122298177,252,200,250,256
closed_n8,8,0.200000,0.500000,false,2,256,1.000e-12,0.02000,6.750000,5,3.5565897662,4.3035772318,64,62,64,64
closed_n8,8,0.200000,0.500000,false,2,256,1.000e-12,0.02000,6.750000,6,2.3759877404,3.0075547037,16,16,16,16
closed_n8,8,0.200000,0.500000,false,2,256,1.000e-12,0.02000,6.750000,7,1.8695605079,1.9335109798,4,4,4,4
closed_n8,8,0.200000,0.500000,false,2,256,1.000e-12,0.02000,7.000000,1,1.8749885604,1.9363300180,4,4,4,4
closed_n8,8,0.200000,0.500000,false,2,256,1.000e-12,0.02000,7.000000,2,2.3116193267,2.9959791256,16,16,16,16
closed_n8,8,0.200000,0.500000,false,2,256,1.000e-12,0.02000,7.000000,3,3.4946266328,4.2623271392,64,62,64,64
closed_n8,8,0.200000,0.500000,false,2,256,1.000e-12,0.02000,7.000000,4,3.6841649298,4.9014572227,252,199,251,256
closed_n8,8,0.200000,0.500000,false,2,256,1.000e-12,0.02000,7.000000,5,3.4946266328,4.2623271392,64,62,64,64
closed_n8,8,0.200000,0.500000,false,2,256,1.000e-12,0.02000,7.000000,6,2.3116193267,2.9959791256,16,16,16,16
closed_n8,8,0.200000,0.500000,false,2,256,1.000e-12,0.02000,7.000000,7,1.8749885604,1.9363300180,4,4,4,4
closed_n8,8,0.200000,0.500000,false,2,256,1.000e-12,0.02000,7.250000,1,1.9002578007,1.9493923286,4,4,4,4
closed_n8,8,0.200000,0.500000,false,2,256,1.000e-12,0.02000,7.250000,2,2.2716584636,2.9977406962,16,16,16,16
closed_n8,8,0.200000,0.500000,false,2,256,1.000e-12,0.02000,7.250000,3,3.4568095189,4.2451451112,64,62,64,64
closed_n8,8,0.200000,0.500000,false,2,256,1.000e-12,0.02000,7.250000,4,3.6552207828,4.9977382992,252,204,252,256
closed_n8,8,0.200000,0.500000,false,2,256,1.000e-12,0.02000,7.250000,5,3.4568095189,4.2451451112,64,62,64,64
closed_n8,8,0.200000,0.500000,false,2,256,1.000e-12,0.02000,7.250000,6,2.2716584636,2.9977406962,16,16,16,16
closed_n8,8,0.200000,0.500000,false,2,256,1.000e-12,0.02000,7.250000,7,1.9002578007,1.9493923286,4,4,4,4
closed_n8,8,0.200000,0.500000,false,2,256,1.000e-12,0.02000,7.500000,1,1.9391960636,1.9693268230,4,4,4,4
closed_n8,8,0.200000,0.500000,false,2,256,1.000e-12,0.02000,7.500000,2,2.2479346288,3.0047280329,16,16,16,16
closed_n8,8,0.200000,0.500000,false,2,256,1.000e-12,0.02000,7.500000,3,3.4582732113,4.2651941261,64,62,64,64
closed_n8,8,0.200000,0.500000,false,2,256,1.000e-12,0.02000,7.500000,4,3.5530790005,5.0054058702,252,203,251,256
closed_n8,8,0.200000,0.500000,false,2,256,1.000e-12,0.02000,7.500000,5,3.4582732113,4.2651941261,64,62,64,64
closed_n8,8,0.200000,0.500000,false,2,256,1.000e-12,0.02000,7.500000,6,2.2479346288,3.0047280329,16,16,16,16
closed_n8,8,0.200000,0.500000,false,2,256,1.000e-12,0.02000,7.500000,7,1.9391960636,1.9693268230,4,4,4,4
closed_n8,8,0.200000,0.500000,false,2,256,1.000e-12,0.02000,7.750000,1,1.9776900556,1.9888087981,4,4,4,4
closed_n8,8,0.200000,0.500000,false,2,256,1.000e-12,0.02000,7.750000,2,2.2398147954,3.0139962999,16,16,16,16
closed_n8,8,0.200000,0.500000,false,2,256,1.000e-12,0.02000,7.750000,3,3.4709636308,4.2975372082,64,63,64,64
closed_n8,8,0.200000,0.500000,false,2,256,1.000e-12,0.02000,7.750000,4,3.3393156423,4.8775380190,252,198,250,256
closed_n8,8,0.200000,0.500000,false,2,256,1.000e-12,0.02000,7.750000,5,3.4709636308,4.2975372082,64,63,64,64
closed_n8,8,0.200000,0.500000,false,2,256,1.000e-12,0.02000,7.750000,6,2.2398147954,3.0139962999,16,16,16,16
closed_n8,8,0.200000,0.500000,false,2,256,1.000e-12,0.02000,7.750000,7,1.9776900556,1.9888087981,4,4,4,4
closed_n8,8,0.200000,0.500000,false,2,256,1.000e-12,0.02000,8.000000,1,1.9990241129,1.9995119839,4,4,4,4
closed_n8,8,0.200000,0.500000,false,2,256,1.000e-12,0.02000,8.000000,2,2.2600136581,3.0338649507,16,16,16,16
closed_n8,8,0.200000,0.500000,false,2,256,1.000e-12,0.02000,8.000000,3,3.4572661866,4.3125765209,64,63,64,64
closed_n8,8,0.200000,0.500000,false,2,256,1.000e-12,0.02000,8.000000,4,3.0735610806,4.6676522890,252,192,251,256
closed_n8,8,0.200000,0.500000,false,2,256,1.000e-12,0.02000,8.000000,5,3.4572661866,4.3125765209,64,63,64,64
closed_n8,8,0.200000,0.500000,false,2,256,1.000e-12,0.02000,8.000000,6,2.2600136581,3.0338649507,16,16,16,16
closed_n8,8,0.200000,0.500000,false,2,256,1.000e-12,0.02000,8.000000,7,1.9990241129,1.9995119839,4,4,4,4
closed_n8,8,0.200000,0.500000,false,2,256,1.000e-12,0.02000,8.250000,1,1.9902294765,1.9951077968,4,4,4,4
closed_n8,8,0.200000,0.500000,false,2,256,1.000e-12,0.02000,8.250000,2,2.3209343870,3.0757695060,16,16,16,16
closed_n8,8,0.200000,0.500000,false,2,256,1.000e-12,0.02000,8.250000,3,3.3984964002,4.2981978078,64,63,64,64
closed_n8,8,0.200000,0.500000,false,2,256,1.000e-12,0.02000,8.250000,4,2.8772169974,4.4929366657,252,185,249,256
closed_n8,8,0.200000,0.500000,false,2,256,1.000e-12,0.02000,8.250000,5,3.3984964002,4.2981978078,64,63,64,64
closed_n8,8,0.200000,0.500000,false,2,256,1.000e-12,0.02000,8.250000,6,2.3209343870,3.0757695060,16,16,16,16
closed_n8,8,0.200000,0.500000,false,2,256,1.000e-12,0.02000,8.250000,7,1.9902294765,1.9951077968,4,4,4,4
closed_n8,8,0.200000,0.500000,false,2,256,1.000e-12,0.02000,8.500000,1,1.9463988803,1.9729891300,4,4,4,4
closed_n8,8,0.200000,0.500000,false,2,256,1.000e-12,0.02000,8.500000,2,2.4110497266,3.1345720528,16,16,16,16
closed_n8,8,0.200000,0.500000,false,2,256,1.000e-12,0.02000,8.500000,3,3.2914164224,4.2527176114,64,63,64,64
closed_n8,8,0.200000,0.500000,false,2,256,1.000e-12,0.02000,8.500000,4,2.8445399664,4.4843027184,252,190,250,256
closed_n8,8,0.200000,0.500000,false,2,256,1.000e-12,0.02000,8.500000,5,3.2914164224,4.2527176114,64,63,64,64
closed_n8,8,0.200000,0.500000,false,2,256,1.000e-12,0.02000,8.500000,6,2.4110497266,3.1345720528,16,16,16,16
closed_n8,8,0.200000,0.500000,false,2,256,1.000e-12,0.02000,8.500000,7,1.9463988803,1.9729891300,4,4,4,4
closed_n8,8,0.200000,0.500000,false,2,256,1.000e-12,0.02000,8.750000,1,1.8719440422,1.9347498163,4,4,4,4
closed_n8,8,0.200000,0.500000,false,2,256,1.000e-12,0.02000,8.750000,2,2.4992509208,3.1912736320,16,16,16,16
closed_n8,8,0.200000,0.500000,false,2,256,1.000e-12,0.02000,8.750000,3,3.1407904809,4.1754417669,64,63,64,64
closed_n8,8,0.200000,0.500000,false,2,256,1.000e-12,0.02000,8.750000,4,2.9644379607,4.6442677495,252,198,251,256
closed_n8,8,0.200000,0.500000,false,2,256,1.000e-12,0.02000,8.750000,5,3.1407904809,4.1754417669,64,63,64,64
closed_n8,8,0.200000,0.500000,false,2,256,1.000e-12,0.02000,8.750000,6,2.4992509208,3.1912736320,16,16,16,16
closed_n8,8,0.200000,0.500000,false,2,256,1.000e-12,0.02000,8.750000,7,1.8719440422,1.9347498163,4,4,4,4
closed_n8,8,0.200000,0.500000,false,2,256,1.000e-12,0.02000,9.000000,1,1.7794053162,1.8859890780,4,4,4,4
closed_n8,8,0.200000,0.500000,false,2,256,1.000e-12,0.02000,9.000000,2,2.5617360085,3.2322309774,16,16,16,16
closed_n8,8,0.200000,0.500000,false,2,256,1.000e-12,0.02000,9.000000,3,2.9681279163,4.0767067493,64,63,64,64
closed_n8,8,0.200000,0.500000,false,2,256,1.000e-12,0.02000,9.000000,4,3.1274381238,4.8229515956,253,206,252,256
closed_n8,8,0.200000,0.500000,false,2,256,1.000e-12,0.02000,9.000000,5,2.9681279163,4.0767067493,64,63,64,64
closed_n8,8,0.200000,0.500000,false,2,256,1.000e-12,0.02000,9.000000,6,2.5617360085,3.2322309774,16,16,16,16
closed_n8,8,0.200000,0.500000,false,2,256,1.000e-12,0.02000,9.000000,7,1.7794053162,1.8859890780,4,4,4,4
closed_n8,8,0.200000,0.500000,false,2,256,1.000e-12,0.02000,9.250000,1,1.6867384201,1.8356935251,4,4,4,4
closed_n8,8,0.200000,0.500000,false,2,256,1.000e-12,0.02000,9.250000,2,2.5951603755,3.2559444433,16,16,16,16
closed_n8,8,0.200000,0.500000,false,2,256,1.000e-12,0.02000,9.250000,3,2.8155318142,3.9883627006,64,63,64,64
closed_n8,8,0.200000,0.500000,false,2,256,1.000e-12,0.02000,9.250000,4,3.2461039550,4.9258739566,253,212,252,256
closed_n8,8,0.200000,0.500000,false,2,256,1.000e-12,0.02000,9.250000,5,2.8155318142,3.9883627006,64,63,64,64
closed_n8,8,0.200000,0.500000,false,2,256,1.000e-12,0.02000,9.250000,6,2.5951603755,3.2559444433,16,16,16,16
closed_n8,8,0.200000,0.500000,false,2,256,1.000e-12,0.02000,9.250000,7,1.6867384201,1.8356935251,4,4,4,4
closed_n8,8,0.200000,0.500000,false,2,256,1.000e-12,0.02000,9.500000,1,1.6134614792,1.7948057010,4,4,4,4
closed_n8,8,0.200000,0.500000,false,2,256,1.000e-12,0.02000,9.500000,2,2.6087587537,3.2673199496,16,16,16,16
closed_n8,8,0.200000,0.500000,false,2,256,1.000e-12,0.02000,9.500000,3,2.7252847157,3.9432713294,64,63,64,64
closed_n8,8,0.200000,0.500000,false,2,256,1.000e-12,0.02000,9.500000,4,3.3000421792,4.9593370001,253,215,252,256
closed_n8,8,0.200000,0.500000,false,2,256,1.000e-12,0.02000,9.500000,5,2.7252847157,3.9432713294,64,63,64,64
closed_n8,8,0.200000,0.500000,false,2,256,1.000e-12,0.02000,9.500000,6,2.6087587537,3.2673199496,16,16,16,16
closed_n8,8,0.200000,0.500000,false,2,256,1.000e-12,0.02000,9.500000,7,1.6134614792,1.7948057010,4,4,4,4
closed_n8,8,0.200000,0.500000,false,2,256,1.000e-12,0.02000,9.750000,1,1.5757648081,1.7733641454,4,4,4,4
closed_n8,8,0.200000,0.500000,false,2,256,1.000e-12,0.02000,9.750000,2,2.6107612133,3.2704733638,16,16,16,16
closed_n8,8,0.200000,0.500000,false,2,256,1.000e-12,0.02000,9.750000,3,2.7187293388,3.9587548109,64,63,64,64
closed_n8,8,0.200000,0.500000,false,2,256,1.000e-12,0.02000,9.750000,4,3.3172280542,4.9595987292,253,212,253,256
closed_n8,8,0.200000,0.500000,false,2,256,1.000e-12,0.02000,9.750000,5,2.7187293388,3.9587548109,64,63,64,64
closed_n8,8,0.200000,0.500000,false,2,256,1.000e-12,0.02000,9.750000,6,2.6107612133,3.2704733638,16,16,16,16
closed_n8,8,0.200000,0.500000,false,2,256,1.000e-12,0.02000,9.750000,7,1.5757648081,1.7733641454,4,4,4,4
closed_n8,8,0.200000,0.500000,false,2,256,1.000e-12,0.02000,10.000000,1,1.5815451173,1.7766702724,4,4,4,4
closed_n8,8,0.200000,0.500000,false,2,256,1.000e-12,0.02000,10.000000,2,2.6011443839,3.2651933281,16,16,16,16
closed_n8,8,0.200000,0.500000,false,2,256,1.000e-12,0.02000,10.000000,3,2.7897816264,4.0270478375,64,63,64,64
closed_n8,8,0.200000,0.500000,false,2,256,1.000e-12,0.02000,10.000000,4,3.3415417108,4.9735336298,253,209,251,256
closed_n8,8,0.200000,0.500000,false,2,256,1.000e-12,0.02000,10.000000,5,2.7897816264,4.0270478375,64,63,64,64
closed_n8,8,0.200000,0.500000,false,2,256,1.000e-12,0.02000,10.000000,6,2.6011443839,3.2651933281,16,16,16,16
closed_n8,8,0.200000,0.500000,false,2,256,1.000e-12,0.02000,10.000000,7,1.5815451173,1.7766702724,4,4,4,4
open_n12,12,0.200000,0.500000,true,2,256,1.000e-12,0.02000,0.000000,1,0.0000000000,0.0000000000,1,1,1,4
open_n12,12,0.200000,0.500000,true,2,256,1.000e-12,0.02000,0.000000,2,0.0000000000,0.0000000000,1,1,1,16
open_n12,12,0.200000,0.500000,true,2,256,1.000e-12,0.02000,0.000000,3,0.0000000000,0.0000000000,1,1,1,64
open_n12,12,0.200000,0.500000,true,2,256,1.000e-12,0.02000,0.000000,4,0.0000000000,0.0000000000,1,1,1,256
open_n12,12,0.200000,0.500000,true,2,256,1.000e-12,0.02000,0.000000,5,0.0000000000,0.0000000000,1,1,1,1024
open_n12,12,0.200000,0.500000,true,2,256,1.000e-12,0.02000,0.000000,6,0.0000000000,0.0000000000,1,1,1,4096
open_n12,12,0.200000,0.500000,true,2,256,1.000e-12,0.02000,0.000000,7,0.0000000000,0.0000000000,1,1,1,1024
open_n12,12,0.200000,0.500000,true,2,256,1.000e-12,0.02000,0.000000,8,0.0000000000,0.0000000000,1,1,1,256
open_n12,12,0.200000,0.500000,true,2,256,1.000e-12,0.02000,0.000000,9,0.0000000000,0.0000000000,1,1,1,64
open_n12,12,0.200000,0.500000,true,2,256,1.000e-12,0.02000,0.000000,10,0.0000000000,0.0000000000,1,1,1,16
open_n12,12,0.200000,0.500000,true,2,256,1.000e-12,0.02000,0.000000,11,0.0000000000,0.0000000000,1,1,1,4
open_n12,12,0.200000,0.500000,true,2,256,1.000e-12,0.02000,0.250000,1,0.2288450291,0.6343221821,4,4,4,4
open_n12,12,0.200000,0.500000,true,2,256,1.000e-12,0.02000,0.250000,2,0.2253435758,0.6450026172,15,7,12,16
open_n12,12,0.200000,0.500000,true,2,256,1.000e-12,0.02000,0.250000,3,0.2252792338,0.6449056515,14,7,13,64
open_n12,12,0.200000,0.500000,true,2,256,1.000e-12,0.02000,0.250000,4,0.2253620726,0.6449748397,15,6,14,256
open_n12,12,0.200000,0.500000,true,2,256,1.000e-12,0.02000,0.250000,5,0.2252791262,0.6449056216,14,7,13,1024
open_n12,12,0.200000,0.500000,true,2,256,1.000e-12,0.02000,0.250000,6,0.2253620669,0.6449748301,15,6,14,4096
open_n12,12,0.200000,0.500000,true,2,256,1.000e-12,0.02000,0.250000,7,0.2252791262,0.6449056213,14,7,13,1024
open_n12,12,0.200000,0.500000,true,2,256,1.000e-12,0.02000,0.250000,8,0.2253620667,0.6449748308,15,6,14,256
open_n12,12,0.200000,0.500000,true,2,256,1.000e-12,0.02000,0.250000,9,0.2252792387,0.6449056131,14,7,13,64
open_n12,12,0.200000,0.500000,true,2,256,1.000e-12,0.02000,0.250000,10,0.2253432653,0.6449903022,13,7,12,16
open_n12,12,0.200000,0.500000,true,2,256,1.000e-12,0.02000,0.250000,11,0.2288243835,0.6341637458,4,4,4,4
open_n12,12,0.200000,0.500000,true,2,256,1.000e-12,0.02000,0.500000,1,0.6401624360,1.1090429875,4,4,4,4
open_n12,12,0.200000,0.500000,true,2,256,1.000e-12,0.02000,0.500000,2,0.6127057307,1.1872659816,16,12,16,16
open_n12,12,0.200000,0.500000,true,2,256,1.000e-12,0.02000,0.500000,3,0.6129868602,1.1871610531,28,12,25,64
open_n12,12,0.200000,0.500000,true,2,256,1.000e-12,0.02000,0.500000,4,0.6131176786,1.1872297765,32,12,26,256
open_n12,12,0.200000,0.500000,true,2,256,1.000e-12,0.02000,0.500000,5,0.6129749418,1.1871480725,29,12,25,1024
open_n12,12,0.200000,0.500000,true,2,256,1.000e-12,0.02000,0.500000,6,0.6131180161,1.1872300212,32,12,26,4096
open_n12,12,0.200000,0.500000,true,2,256,1.000e-12,0.02000,0.500000,7,0.6129749353,1.1871480837,29,12,25,1024
open_n12,12,0.200000,0.500000,true,2,256,1.000e-12,0.02000,0.500000,8,0.6131177938,1.1872298152,32,12,26,256
open_n12,12,0.200000,0.500000,true,2,256,1.000e-12,0.02000,0.500000,9,0.6129872754,1.1871567072,28,12,25,64
open_n12,12,0.200000,0.500000,true,2,256,1.000e-12,0.02000,0.500000,10,0.6126583352,1.1868571474,16,12,16,16
open_n12,12,0.200000,0.500000,true,2,256,1.000e-12,0.02000,0.500000,11,0.6392792941,1.1070398152,4,4,4,4
open_n12,12,0.200000,0.500000,true,2,256,1.000e-12,0.02000,0.750000,1,1.0585796467,1.4479064769,4,4,4,4
open_n12,12,0.200000,0.500000,true,2,256,1.000e-12,0.02000,0.750000,2,1.0077854545,1.6779335653,16,15,16,16
open_n12,12,0.200000,0.500000,true,2,256,1.000e-12,0.02000,0.750000,3,1.0079692466,1.6809278092,44,20,40,64
open_n12,12,0.200000,0.500000,true,2,256,1.000e-12,0.02000,0.750000,4,1.0078769667,1.6808259054,53,20,46,256
open_n12,12,0.200000,0.500000,true,2,256,1.000e-12,0.02000,0.750000,5,1.0078509744,1.6807827285,48,20,43,1024
open_n12,12,0.200000,0.500000,true,2,256,1.000e-12,0.02000,0.750000,6,1.0078743882,1.6808155609,53,20,46,4096
open_n12,12,0.200000,0.500000,true,2,256,1.000e-12,0.02000,0.750000,7,1.0078505956,1.6807821612,48,20,43,1024
open_n12,12,0.200000,0.500000,true,2,256,1.000e-12,0.02000,0.750000,8,1.0078749513,1.6808181907,53,20,46,256
open_n12,12,0.200000,0.500000,true,2,256,1.000e-12,0.02000,0.750000,9,1.0079561731,1.6807896598,42,20,38,64
open_n12,12,0.200000,0.500000,true,2,256,1.000e-12,0.02000,0.750000,10,1.0070423689,1.6754746239,16,14,16,16
open_n12,12,0.200000,0.500000,true,2,256,1.000e-12,0.02000,0.750000,11,1.0519296451,1.4399724332,4,4,4,4
open_n12,12,0.200000,0.500000,true,2,256,1.000e-12,0.02000,1.000000,1,1.4020419211,1.6754952188,4,4,4,4
open_n12,12,0.200000,0.500000,true,2,256,1.000e-12,0.02000,1.000000,2,1.3909847952,2.1259964361,16,16,16,16
open_n12,12,0.200000,0.500000,true,2,256,1.000e-12,0.02000,1.000000,3,1.3841676480,2.1478566843,59,29,56,64
open_n12,12,0.200000,0.500000,true,2,256,1.000e-12,0.02000,1.000000,4,1.3834764652,2.1469740422,84,29,71,256
open_n12,12,0.200000,0.500000,true,2,256,1.000e-12,0.02000,1.000000,5,1.3837104485,2.1469281685,76,29,65,1024
open_n12,12,0.200000,0.500000,true,2,256,1.000e-12,0.02000,1.000000,6,1.3834205935,2.1469012341,85,29,72,4096
open_n12,12,0.200000,0.500000,true,2,256,1.000e-12,0.02000,1.000000,7,1.3836997309,2.1469129939,76,29,64,1024
open_n12,12,0.200000,0.500000,true,2,256,1.000e-12,0.02000,1.000000,8,1.3834376491,2.1468743352,82,29,71,256
open_n12,12,0.200000,0.500000,true,2,256,1.000e-12,0.02000,1.000000,9,1.3839278067,2.1467594363,50,28,49,64
open_n12,12,0.200000,0.500000,true,2,256,1.000e-12,0.02000,1.000000,10,1.3862645710,2.1168898396,16,16,16,16
open_n12,12,0.200000,0.500000,true,2,256,1.000e-12,0.02000,1.000000,11,1.3788297425,1.6564770082,4,4,4,4
open_n12,12,0.200000,0.500000,true,2,256,1.000e-12,0.02000,1.250000,1,1.6409301031,1.8153828563,4,4,4,4
open_n12,12,0.200000,0.500000,true,2,256,1.000e-12,0.02000,1.250000,2,1.7624795801,2.5099179569,16,16,16,16
open_n12,12,0.200000,0.500000,true,2,256,1.000e-12,0.02000,1.250000,3,1.7418400144,2.5908353175,64,42,63,64
open_n12,12,0.200000,0.500000,true,2,256,1.000e-12,0.02000,1.250000,4,1.7395079328,2.5879064865,126,45,108,256
open_n12,12,0.200000,0.500000,true,2,256,1.000e-12,0.02000,1.250000,5,1.7398732156,2.5877238345,116,45,104,1024
open_n12,12,0.200000,0.500000,true,2,256,1.000e-12,0.02000,1.250000,6,1.7391721572,2.5876293645,131,45,112,4096
open_n12,12,0.200000,0.500000,true,2,256,1.000e-12,0.02000,1.250000,7,1.7397700495,2.5875989326,116,45,104,1024
open_n12,12,0.200000,0.500000,true,2,256,1.000e-12,0.02000,1.250000,8,1.7391873109,2.5872700990,119,45,103,256
open_n12,12,0.200000,0.500000,true,2,256,1.000e-12,0.02000,1.250000,9,1.7402872637,2.5861743278,58,39,56,64
open_n12,12,0.200000,0.500000,true,2,256,1.000e-12,0.02000,1.250000,10,1.7437657434,2.4846196773,16,16,16,16
open_n12,12,0.200000,0.500000,true,2,256,1.000e-12,0.02000,1.250000,11,1.5896687591,1.7815073259,4,4,4,4
open_n12,12,0.200000,0.500000,true,2,256,1.000e-12,0.02000,1.500000,1,1.7770173585,1.8893001271,4,4,4,4
open_n12,12,0.200000,0.500000,true,2,256,1.000e-12,0.02000,1.500000,2,2.0894444750,2.8050891200,16,16,16,16
open_n12,12,0.200000,0.500000,true,2,256,1.000e-12,0.02000,1.500000,3,2.0754262143,3.0088816298,64,53,64,64
open_n12,12,0.200000,0.500000,true,2,256,1.000e-12,0.02000,1.500000,4,2.0661641203,3.0041197923,177,68,154,256
open_n12,12,0.200000,0.500000,true,2,256,1.000e-12,0.02000,1.500000,5,2.0662992213,3.0035674712,175,67,153,1024
open_n12,12,0.200000,0.500000,true,2,256,1.000e-12,0.02000,1.500000,6,2.0651850935,3.0033567534,199,67,167,4096
open_n12,12,0.200000,0.500000,true,2,256,1.000e-12,0.02000,1.500000,7,2.0658181858,3.0030423407,174,67,152,1024
open_n12,12,0.200000,0.500000,true,2,256,1.000e-12,0.02000,1.500000,8,2.0645470232,3.0014867431,156,68,142,256
open_n12,12,0.200000,0.500000,true,2,256,1.000e-12,0.02000,1.500000,9,2.0690451374,2.9945269852,61,48,61,64
open_n12,12,0.200000,0.500000,true,2,256,1.000e-12,0.02000,1.500000,10,2.0362509152,2.7491126850,16,16,16,16
open_n12,12,0.200000,0.500000,true,2,256,1.000e-12,0.02000,1.500000,11,1.6934208323,1.8398546550,4,4,4,4
open_n12,12,0.200000,0.500000,true,2,256,1.000e-12,0.02000,1.750000,1,1.8290152495,1.9166982465,4,4,4,4
open_n12,12,0.200000,0.500000,true,2,256,1.000e-12,0.02000,1.750000,2,2.3256795845,3.0013164981,16,16,16,16
open_n12,12,0.200000,0.500000,true,2,256,1.000e-12,0.02000,1.750000,3,2.3824966285,3.3938507124,64,59,64,64
open_n12,12,0.200000,0.500000,true,2,256,1.000e-12,0.02000,1.750000,4,2.3532399829,3.3958920662,219,97,202,256
open_n12,12,0.200000,0.500000,true,2,256,1.000e-12,0.02000,1.750000,5,2.3530476741,3.3943323762,256,100,227,1024
open_n12,12,0.200000,0.500000,true,2,256,1.000e-12,0.02000,1.750000,6,2.3515539220,3.3937998573,256,100,245,4096
open_n12,12,0.200000,0.500000,true,2,256,1.000e-12,0.02000,1.750000,7,2.3518640501,3.3929141599,251,100,223,1024
open_n12,12,0.200000,0.500000,true,2,256,1.000e-12,0.02000,1.750000,8,2.3477051037,3.3877540809,188,94,175,256
open_n12,12,0.200000,0.500000,true,2,256,1.000e-12,0.02000,1.750000,9,2.3620337199,3.3582660428,63,54,63,64
open_n12,12,0.200000,0.500000,true,2,256,1.000e-12,0.02000,1.750000,10,2.2114147134,2.8996785817,16,16,16,16
open_n12,12,0.200000,0.500000,true,2,256,1.000e-12,0.02000,1.750000,11,1.7178076301,1.8538519710,4,4,4,4
open_n12,12,0.200000,0.500000,true,2,256,1.000e-12,0.02000,2.000000,1,1.8206496266,1.9132480891,4,4,4,4
open_n12,12,0.200000,0.500000,true,2,256,1.000e-12,0.02000,2.000000,2,2.4460833670,3.1050098687,16,16,16,16
open_n12,12,0.200000,0.500000,true,2,256,1.000e-12,0.02000,2.000000,3,2.6526833627,3.7230336900,64,62,64,64
open_n12,12,0.200000,0.500000,true,2,256,1.000e-12,0.02000,2.000000,4,2.5895564087,3.7570799620,240,131,232,256
open_n12,12,0.200000,0.500000,true,2,256,1.000e-12,0.02000,2.000000,5,2.5887027646,3.7526042724,256,139,256,1024
open_n12,12,0.200000,0.500000,true,2,256,1.000e-12,0.02000,2.000000,6,2.5868263864,3.7511069484,256,138,256,4096
open_n12,12,0.200000,0.500000,true,2,256,1.000e-12,0.02000,2.000000,7,2.5873143028,3.7496158962,256,138,256,1024
open_n12,12,0.200000,0.500000,true,2,256,1.000e-12,0.02000,2.000000,8,2.5752861687,3.7367233931,212,121,200,256
open_n12,12,0.200000,0.500000,true,2,256,1.000e-12,0.02000,2.000000,9,2.5992463356,3.6495099262,64,58,64,64
open_n12,12,0.200000,0.500000,true,2,256,1.000e-12,0.02000,2.000000,10,2.2525775534,2.9500733671,16,16,16,16
open_n12,12,0.200000,0.500000,true,2,256,1.000e-12,0.02000,2.000000,11,1.6903624228,1.8402101145,4,4,4,4
open_n12,12,0.200000,0.500000,true,2,256,1.000e-12,0.02000,2.250000,1,1.7700487030,1.8887867231,4,4,4,4
open_n12,12,0.200000,0.500000,true,2,256,1.000e-12,0.02000,2.250000,2,2.4574858170,3.1344441581,16,16,16,16
open_n12,12,0.200000,0.500000,true,2,256,1.000e-12,0.02000,2.250000,3,2.8495545075,3.9670487067,64,63,64,64
open_n12,12,0.200000,0.500000,true,2,256,1.000e-12,0.02000,2.250000,4,2.7552687110,4.0734368042,247,164,244,256
open_n12,12,0.200000,0.500000,true,2,256,1.000e-12,0.02000,2.250000,5,2.7508399580,4.0641218578,256,190,256,1024
open_n12,12,0.200000,0.500000,true,2,256,1.000e-12,0.02000,2.250000,6,2.7479695964,4.0600405433,256,187,256,4096
open_n12,12,0.200000,0.500000,true,2,256,1.000e-12,0.02000,2.250000,7,2.7506967218,4.0577277784,256,187,256,1024
open_n12,12,0.200000,0.500000,true,2,256,1.000e-12,0.02000,2.250000,8,2.7246064118,4.0299914520,226,147,220,256
open_n12,12,0.200000,0.500000,true,2,256,1.000e-12,0.02000,2.250000,9,2.7370491624,3.8372323008,64,60,64,64
open_n12,12,0.200000,0.500000,true,2,256,1.000e-12,0.02000,2.250000,10,2.1883948577,2.9306351582,16,16,16,16
open_n12,12,0.200000,0.500000,true,2,256,1.000e-12,0.02000,2.250000,11,1.6263730116,1.8072086542,4,4,4,4
open_n12,12,0.200000,0.500000,true,2,256,1.000e-12,0.02000,2.500000,1,1.6850834869,1.8467746960,4,4,4,4
open_n12,12,0.200000,0.500000,true,2,256,1.000e-12,0.02000,2.500000,2,2.3847759459,3.1127835098,16,16,16,16
open_n12,12,0.200000,0.500000,true,2,256,1.000e-12,0.02000,2.500000,3,2.9228004146,4.1044493325,64,63,64,64
open_n12,12,0.200000,0.500000,true,2,256,1.000e-12,0.02000,2.500000,4,2.8247971319,4.3238495142,250,191,248,256
open_n12,12,0.200000,0.500000,true,2,256,1.000e-12,0.02000,2.500000,5,2.8115516772,4.3131209994,256,227,256,1024
open_n12,12,0.200000,0.500000,true,2,256,1.000e-12,0.02000,2.500000,6,2.8049732901,4.3026066363,256,227,256,4096
open_n12,12,0.200000,0.500000,true,2,256,1.000e-12,0.02000,2.500000,7,2.8121830394,4.2985095007,256,224,256,1024
open_n12,12,0.200000,0.500000,true,2,256,1.000e-12,0.02000,2.500000,8,2.7673185234,4.2426849764,237,168,230,256
open_n12,12,0.200000,0.500000,true,2,256,1.000e-12,0.02000,2.500000,9,2.7340149214,3.9059356467,64,61,64,64
open_n12,12,0.200000,0.500000,true,2,256,1.000e-12,0.02000,2.500000,10,2.0671268091,2.8722270361,16,16,16,16
open_n12,12,0.200000,0.500000,true,2,256,1.000e-12,0.02000,2.500000,11,1.5282456368,1.7552459568,4,4,4,4
open_n12,12,0.200000,0.500000,true,2,256,1.000e-12,0.02000,2.750000,1,1.5657130384,1.7858032843,4,4,4,4
open_n12,12,0.200000,0.500000,true,2,256,1.000e-12,0.02000,2.750000,2,2.2485883090,3.0576764843,16,16,16,16
open_n12,12,0.200000,0.500000,true,2,256,1.000e-12,0.02000,2.750000,3,2.8400361093,4.1283014979,64,63,64,64
open_n12,12,0.200000,0.500000,true,2,256,1.000e-12,0.02000,2.750000,4,2.7747301989,4.4831602411,252,211,250,256
open_n12,12,0.200000,0.500000,true,2,256,1.000e-12,0.02000,2.750000,5,2.7512914709,4.4840224509,256,242,256,1024
open_n12,12,0.200000,0.500000,true,2,256,1.000e-12,0.02000,2.750000,6,2.7358235093,4.4615354004,256,242,256,4096
open_n12,12,0.200000,0.500000,true,2,256,1.000e-12,0.02000,2.750000,7,2.7472479493,4.4527700106,256,241,256,1024
open_n12,12,0.200000,0.500000,true,2,256,1.000e-12,0.02000,2.750000,8,2.6822747353,4.3492284909,242,182,239,256
open_n12,12,0.200000,0.500000,true,2,256,1.000e-12,0.02000,2.750000,9,2.5888399363,3.8652546788,64,61,64,64
open_n12,12,0.200000,0.500000,true,2,256,1.000e-12,0.02000,2.750000,10,1.9256595834,2.7929025333,16,16,16,16
open_n12,12,0.200000,0.500000,true,2,256,1.000e-12,0.02000,2.750000,11,1.3939254100,1.6811007681,4,4,4,4
open_n12,12,0.200000,0.500000,true,2,256,1.000e-12,0.02000,3.000000,1,1.4103232087,1.7023757024,4,4,4,4
open_n12,12,0.200000,0.500000,true,2,256,1.000e-12,0.02000,3.000000,2,2.0561197206,2.9725638229,16,16,16,16
open_n12,12,0.200000,0.500000,true,2,256,1.000e-12,0.02000,3.000000,3,2.6075490727,4.0463732301,64,63,64,64
open_n12,12,0.200000,0.500000,true,2,256,1.000e-12,0.02000,3.000000,4,2.5940090529,4.5299578814,253,219,252,256
open_n12,12,0.200000,0.500000,true,2,256,1.000e-12,0.02000,3.000000,5,2.5676994726,4.5621018233,256,247,256,1024
open_n12,12,0.200000,0.500000,true,2,256,1.000e-12,0.02000,3.000000,6,2.5389576847,4.5230444451,256,247,256,4096
open_n12,12,0.200000,0.500000,true,2,256,1.000e-12,0.02000,3.000000,7,2.5515367705,4.5043369592,256,247,256,1024
open_n12,12,0.200000,0.500000,true,2,256,1.000e-12,0.02000,3.000000,8,2.4712749817,4.3344006752,246,191,243,256
open_n12,12,0.200000,0.500000,true,2,256,1.000e-12,0.02000,3.000000,9,2.3429665236,3.7446653939,64,61,64,64
open_n12,12,0.200000,0.500000,true,2,256,1.000e-12,0.02000,3.000000,10,1.7755438094,2.6949517228,16,16,16,16
open_n12,12,0.200000,0.500000,true,2,256,1.000e-12,0.02000,3.000000,11,1.2262618623,1.5827465639,4,4,4,4
open_n12,12,0.200000,0.500000,true,2,256,1.000e-12,0.02000,3.250000,1,1.2233970164,1.5945559436,4,4,4,4
open_n12,12,0.200000,0.500000,true,2,256,1.000e-12,0.02000,3.250000,2,1.8123625526,2.8500357244,16,16,16,16
open_n12,12,0.200000,0.500000,true,2,256,1.000e-12,0.02000,3.250000,3,2.2685072872,3.8791270633,64,62,64,64
open_n12,12,0.200000,0.500000,true,2,256,1.000e-12,0.02000,3.250000,4,2.2983851743,4.4565428385,253,221,252,256
open_n12,12,0.200000,0.500000,true,2,256,1.000e-12,0.02000,3.250000,5,2.2803501886,4.5366488630,256,249,256,1024
open_n12,12,0.200000,0.500000,true,2,256,1.000e-12,0.02000,3.250000,6,2.2391843636,4.4799918882,256,249,256,4096
open_n12,12,0.200000,0.500000,true,2,256,1.000e-12,0.02000,3.250000,7,2.2499126206,4.4452267392,256,248,256,1024
open_n12,12,0.200000,0.500000,true,2,256,1.000e-12,0.02000,3.250000,8,2.1682606320,4.2047692272,247,195,246,256
open_n12,12,0.200000,0.500000,true,2,256,1.000e-12,0.02000,3.250000,9,2.0489111148,3.5760171784,64,61,64,64
open_n12,12,0.200000,0.500000,true,2,256,1.000e-12,0.02000,3.250000,10,1.6102687265,2.5736331782,16,16,16,16
open_n12,12,0.200000,0.500000,true,2,256,1.000e-12,0.02000,3.250000,11,1.0377764803,1.4626154214,4,4,4,4
open_n12,12,0.200000,0.500000,true,2,256,1.000e-12,0.02000,3.500000,1,1.0201165040,1.4654495212,4,4,4,4
open_n12,12,0.200000,0.500000,true,2,256,1.000e-12,0.02000,3.500000,2,1.5342603688,2.6846465949,16,16,16,16
open_n12,12,0.200000,0.500000,true,2,256,1.000e-12,0.02000,3.500000,3,1.8835494807,3.6533821153,64,62,64,64
open_n12,12,0.200000,0.500000,true,2,256,1.000e-12,0.02000,3.500000,4,1.9344796595,4.2746384852,253,222,252,256
open_n12,12,0.200000,0.500000,true,2,256,1.000e-12,0.02000,3.500000,5,1.9301875869,4.4069606778,256,251,256,1024
open_n12,12,0.200000,0.500000,true,2,256,1.000e-12,0.02000,3.500000,6,1.8833660183,4.3359425904,256,250,256,4096
open_n12,12,0.200000,0.500000,true,2,256,1.000e-12,0.02000,3.500000,7,1.8918156031,4.2811594338,256,250,256,1024
open_n12,12,0.200000,0.500000,true,2,256,1.000e-12,0.02000,3.500000,8,1.8281256778,3.9901779435,247,195,246,256
open_n12,12,0.200000,0.500000,true,2,256,1.000e-12,0.02000,3.500000,9,1.7445626496,3.3788270818,64,60,64,64
open_n12,12,0.200000,0.500000,true,2,256,1.000e-12,0.02000,3.500000,10,1.4237419274,2.4294097572,16,16,16,16
open_n12,12,0.200000,0.500000,true,2,256,1.000e-12,0.02000,3.500000,11,0.8494525136,1.3291922573,4,4,4,4
open_n12,12,0.200000,0.500000,true,2,256,1.000e-12,0.02000,3.750000,1,0.8224949888,1.3240618172,4,4,4,4
open_n12,12,0.200000,0.500000,true,2,256,1.000e-12,0.02000,3.750000,2,1.2503600021,2.4812450444,16,16,16,16
open_n12,12,0.200000,0.500000,true,2,256,1.000e-12,0.02000,3.750000,3,1.5070415877,3.3913097935,64,62,64,64
open_n12,12,0.200000,0.500000,true,2,256,1.000e-12,0.02000,3.750000,4,1.5609952656,4.0127356539,253,219,252,256
open_n12,12,0.200000,0.500000,true,2,256,1.000e-12,0.02000,3.750000,5,1.5675707226,4.1843173306,256,252,256,1024
open_n12,12,0.200000,0.500000,true,2,256,1.000e-12,0.02000,3.750000,6,1.5240677472,4.1075656456,256,251,256,4096
open_n12,12,0.200000,0.500000,true,2,256,1.000e-12,0.02000,3.750000,7,1.5326879068,4.0327298738,256,250,256,1024
open_n12,12,0.200000,0.500000,true,2,256,1.000e-12,0.02000,3.750000,8,1.5009707906,3.7296510614,247,193,246,256
open_n12,12,0.200000,0.500000,true,2,256,1.000e-12,0.02000,3.750000,9,1.4523572518,3.1603522813,64,59,64,64
open_n12,12,0.200000,0.500000,true,2,256,1.000e-12,0.02000,3.750000,10,1.2211450924,2.2691957469,16,16,16,16
open_n12,12,0.200000,0.500000,true,2,256,1.000e-12,0.02000,3.750000,11,0.6833537402,1.1959374098,4,4,4,4
open_n12,12,0.200000,0.500000,true,2,256,1.000e-12,0.02000,4.000000,1,0.6488829644,1.1819290505,4,4,4,4
open_n12,12,0.200000,0.500000,true,2,256,1.000e-12,0.02000,4.000000,2,0.9883798454,2.2539383734,16,16,16,16
open_n12,12,0.200000,0.500000,true,2,256,1.000e-12,0.02000,4.000000,3,1.1734818945,3.1057709726,64,62,64,64
open_n12,12,0.200000,0.500000,true,2,256,1.000e-12,0.02000,4.000000,4,1.2229090019,3.7045194890,253,215,252,256
open_n12,12,0.200000,0.500000,true,2,256,1.000e-12,0.02000,4.000000,5,1.2341870557,3.8910619666,256,253,256,1024
open_n12,12,0.200000,0.500000,true,2,256,1.000e-12,0.02000,4.000000,6,1.2008939314,3.8190386910,256,253,256,4096
open_n12,12,0.200000,0.500000,true,2,256,1.000e-12,0.02000,4.000000,7,1.2136808115,3.7312705707,256,251,256,1024
open_n12,12,0.200000,0.500000,true,2,256,1.000e-12,0.02000,4.000000,8,1.2151316267,3.4527953571,247,188,246,256
open_n12,12,0.200000,0.500000,true,2,256,1.000e-12,0.02000,4.000000,9,1.1868914528,2.9241822711,64,58,64,64
open_n12,12,0.200000,0.500000,true,2,256,1.000e-12,0.02000,4.000000,10,1.0167123139,2.0990492240,16,16,16,16
open_n12,12,0.200000,0.500000,true,2,256,1.000e-12,0.02000,4.000000,11,0.5526324131,1.0760757475,4,4,4,4
open_n12,12,0.200000,0.500000,true,2,256,1.000e-12,0.02000,4.250000,1,0.5066363458,1.0477567667,4,4,4,4
open_n12,12,0.200000,0.500000,true,2,256,1.000e-12,0.02000,4.250000,2,0.7650099925,2.0197518086,16,16,16,16
open_n12,12,0.200000,0.500000,true,2,256,1.000e-12,0.02000,4.250000,3,0.8975700763,2.8070740769,64,61,64,64
open_n12,12,0.200000,0.500000,true,2,256,1.000e-12,0.02000,4.250000,4,0.9413396802,3.3768043624,253,211,252,256
open_n12,12,0.200000,0.500000,true,2,256,1.000e-12,0.02000,4.250000,5,0.9527195325,3.5546033135,256,253,256,1024
open_n12,12,0.200000,0.500000,true,2,256,1.000e-12,0.02000,4.250000,6,0.9327885796,3.4957991611,256,253,256,4096
open_n12,12,0.200000,0.500000,true,2,256,1.000e-12,0.02000,4.250000,7,0.9528183029,3.4110449555,256,251,256,1024
open_n12,12,0.200000,0.500000,true,2,256,1.000e-12,0.02000,4.250000,8,0.9779288811,3.1735125725,247,183,245,256
open_n12,12,0.200000,0.500000,true,2,256,1.000e-12,0.02000,4.250000,9,0.9572177918,2.6762505692,64,57,64,64
open_n12,12,0.200000,0.500000,true,2,256,1.000e-12,0.02000,4.250000,10,0.8261125350,1.9230716646,16,16,16,16
open_n12,12,0.200000,0.500000,true,2,256,1.000e-12,0.02000,4.250000,11,0.4569929906,0.9759233258,4,4,4,4
open_n12,12,0.200000,0.500000,true,2,256,1.000e-12,0.02000,4.500000,1,0.3935163931,0.9246725768,4,4,4,4
open_n12,12,0.200000,0.500000,true,2,256,1.000e-12,0.02000,4.500000,2,0.5851751232,1.7928299912,16,16,16,16
open_n12,12,0.200000,0.500000,true,2,256,1.000e-12,0.02000,4.500000,3,0.6805664714,2.5091739549,64,61,64,64
open_n12,12,0.200000,0.500000,true,2,256,1.000e-12,0.02000,4.500000,4,0.7189629532,3.0470307283,253,207,251,256
open_n12,12,0.200000,0.500000,true,2,256,1.000e-12,0.02000,4.500000,5,0.7286260783,3.2022596481,256,252,256,1024
open_n12,12,0.200000,0.500000,true,2,256,1.000e-12,0.02000,4.500000,6,0.7219832993,3.1616515131,256,252,256,4096
open_n12,12,0.200000,0.500000,true,2,256,1.000e-12,0.02000,4.500000,7,0.7493915274,3.0962608448,256,250,256,1024
open_n12,12,0.200000,0.500000,true,2,256,1.000e-12,0.02000,4.500000,8,0.7852291531,2.8961753269,247,177,244,256
open_n12,12,0.200000,0.500000,true,2,256,1.000e-12,0.02000,4.500000,9,0.7663079328,2.4256471235,64,55,64,64
open_n12,12,0.200000,0.500000,true,2,256,1.000e-12,0.02000,4.500000,10,0.6602917277,1.7462916841,16,16,16,16
open_n12,12,0.200000,0.500000,true,2,256,1.000e-12,0.02000,4.500000,11,0.3870979451,0.8931826498,4,4,4,4
open_n12,12,0.200000,0.500000,true,2,256,1.000e-12,0.02000,4.750000,1,0.3037129500,0.8119306537,4,4,4,4
open_n12,12,0.200000,0.500000,true,2,256,1.000e-12,0.02000,4.750000,2,0.4464671696,1.5823911335,16,16,16,16
open_n12,12,0.200000,0.500000,true,2,256,1.000e-12,0.02000,4.750000,3,0.5160318494,2.2272023357,64,61,64,64
open_n12,12,0.200000,0.500000,true,2,256,1.000e-12,0.02000,4.750000,4,0.5490116809,2.7265190840,253,202,251,256
open_n12,12,0.200000,0.500000,true,2,256,1.000e-12,0.02000,4.750000,5,0.5572106854,2.8583329809,256,251,256,1024
open_n12,12,0.200000,0.500000,true,2,256,1.000e-12,0.02000,4.750000,6,0.5615778090,2.8370821797,256,251,256,4096
open_n12,12,0.200000,0.500000,true,2,256,1.000e-12,0.02000,4.750000,7,0.5938300611,2.7987844700,256,248,256,1024
open_n12,12,0.200000,0.500000,true,2,256,1.000e-12,0.02000,4.750000,8,0.6300798750,2.6244744212,247,168,242,256
open_n12,12,0.200000,0.500000,true,2,256,1.000e-12,0.02000,4.750000,9,0.6120951271,2.1834507106,64,53,64,64
open_n12,12,0.200000,0.500000,true,2,256,1.000e-12,0.02000,4.750000,10,0.5236388373,1.5739968557,16,16,16,16
open_n12,12,0.200000,0.500000,true,2,256,1.000e-12,0.02000,4.750000,11,0.3323398188,0.8214979395,4,4,4,4
open_n12,12,0.200000,0.500000,true,2,256,1.000e-12,0.02000,5.000000,1,0.2323020052,0.7083870391,4,4,4,4
open_n12,12,0.200000,0.500000,true,2,256,1.000e-12,0.02000,5.000000,2,0.3431203993,1.3943157107,16,16,16,16
open_n12,12,0.200000,0.500000,true,2,256,1.000e-12,0.02000,5.000000,3,0.3939834945,1.9704765582,64,60,64,64
open_n12,12,0.200000,0.500000,true,2,256,1.000e-12,0.02000,5.000000,4,0.4215979753,2.4234817931,253,198,251,256
open_n12,12,0.200000,0.500000,true,2,256,1.000e-12,0.02000,5.000000,5,0.4295508491,2.5392905495,256,250,256,1024
open_n12,12,0.200000,0.500000,true,2,256,1.000e-12,0.02000,5.000000,6,0.4415637210,2.5356066420,256,250,256,4096
open_n12,12,0.200000,0.500000,true,2,256,1.000e-12,0.02000,5.000000,7,0.4751710007,2.5217073777,256,247,256,1024
open_n12,12,0.200000,0.500000,true,2,256,1.000e-12,0.02000,5.000000,8,0.5062692398,2.3644357770,247,162,240,256
open_n12,12,0.200000,0.500000,true,2,256,1.000e-12,0.02000,5.000000,9,0.4894990390,1.9581834905,64,51,64,64
open_n12,12,0.200000,0.500000,true,2,256,1.000e-12,0.02000,5.000000,10,0.4155208170,1.4106007984,16,16,16,16
open_n12,12,0.200000,0.500000,true,2,256,1.000e-12,0.02000,5.000000,11,0.2853166586,0.7552505215,4,4,4,4
open_n12,12,0.200000,0.500000,true,2,256,1.000e-12,0.02000,5.250000,1,0.1762604070,0.6144462554,4,4,4,4
open_n12,12,0.200000,0.500000,true,2,256,1.000e-12,0.02000,5.250000,2,0.2680185027,1.2329576011,16,16,16,16
open_n12,12,0.200000,0.500000,true,2,256,1.000e-12,0.02000,5.250000,3,0.3042529820,1.7418119895,64,59,64,64
open_n12,12,0.200000,0.500000,true,2,256,1.000e-12,0.02000,5.250000,4,0.3269140361,2.1444238284,253,192,250,256
open_n12,12,0.200000,0.500000,true,2,256,1.000e-12,0.02000,5.250000,5,0.3358844265,2.2521357208,256,248,256,1024
open_n12,12,0.200000,0.500000,true,2,256,1.000e-12,0.02000,5.250000,6,0.3522060404,2.2627582697,256,249,256,4096
open_n12,12,0.200000,0.500000,true,2,256,1.000e-12,0.02000,5.250000,7,0.3841419984,2.2648375058,256,245,256,1024
open_n12,12,0.200000,0.500000,true,2,256,1.000e-12,0.02000,5.250000,8,0.4084443800,2.1224785246,247,156,238,256
open_n12,12,0.200000,0.500000,true,2,256,1.000e-12,0.02000,5.250000,9,0.3925567839,1.7526723758,64,49,64,64
open_n12,12,0.200000,0.500000,true,2,256,1.000e-12,0.02000,5.250000,10,0.3325560987,1.2595744094,16,16,16,16
open_n12,12,0.200000,0.500000,true,2,256,1.000e-12,0.02000,5.250000,11,0.2421724889,0.6908218793,4,4,4,4
open_n12,12,0.200000,0.500000,true,2,256,1.000e-12,0.02000,5.500000,1,0.1335698582,0.5317971393,4,4,4,4
open_n12,12,0.200000,0.500000,true,2,256,1.000e-12,0.02000,5.500000,2,0.2137394618,1.0994370022,16,16,16,16
open_n12,12,0.200000,0.500000,true,2,256,1.000e-12,0.02000,5.500000,3,0.2383036785,1.5416988929,64,57,64,64
open_n12,12,0.200000,0.500000,true,2,256,1.000e-12,0.02000,5.500000,4,0.2566311134,1.8942765632,253,184,250,256
open_n12,12,0.200000,0.500000,true,2,256,1.000e-12,0.02000,5.500000,5,0.2673244025,1.9976024930,256,246,256,1024
open_n12,12,0.200000,0.500000,true,2,256,1.000e-12,0.02000,5.500000,6,0.2853260958,2.0188031549,256,247,256,4096
open_n12,12,0.200000,0.500000,true,2,256,1.000e-12,0.02000,5.500000,7,0.3136216525,2.0288762506,256,243,256,1024
open_n12,12,0.200000,0.500000,true,2,256,1.000e-12,0.02000,5.500000,8,0.3315743538,1.9022206406,247,149,236,256
open_n12,12,0.200000,0.500000,true,2,256,1.000e-12,0.02000,5.500000,9,0.3159462788,1.5668555847,64,48,63,64
open_n12,12,0.200000,0.500000,true,2,256,1.000e-12,0.02000,5.500000,10,0.2701693865,1.1232866353,16,16,16,16
open_n12,12,0.200000,0.500000,true,2,256,1.000e-12,0.02000,5.500000,11,0.2014414847,0.6260375209,4,4,4,4
open_n12,12,0.200000,0.500000,true,2,256,1.000e-12,0.02000,5.750000,1,0.1022431185,0.4620731189,4,4,4,4
open_n12,12,0.200000,0.500000,true,2,256,1.000e-12,0.02000,5.750000,2,0.1736106143,0.9882573314,16,16,16,16
open_n12,12,0.200000,0.500000,true,2,256,1.000e-12,0.02000,5.750000,3,0.1895077688,1.3685768039,64,56,64,64
open_n12,12,0.200000,0.500000,true,2,256,1.000e-12,0.02000,5.750000,4,0.2043086315,1.6751817183,253,176,248,256
open_n12,12,0.200000,0.500000,true,2,256,1.000e-12,0.02000,5.750000,5,0.2166418269,1.7740216372,256,244,256,1024
open_n12,12,0.200000,0.500000,true,2,256,1.000e-12,0.02000,5.750000,6,0.2345622424,1.8019714681,256,245,256,4096
open_n12,12,0.200000,0.500000,true,2,256,1.000e-12,0.02000,5.750000,7,0.2583117113,1.8150469569,256,240,256,1024
open_n12,12,0.200000,0.500000,true,2,256,1.000e-12,0.02000,5.750000,8,0.2709615447,1.7035698302,247,142,235,256
open_n12,12,0.200000,0.500000,true,2,256,1.000e-12,0.02000,5.750000,9,0.2553824700,1.3998649554,64,47,63,64
open_n12,12,0.200000,0.500000,true,2,256,1.000e-12,0.02000,5.750000,10,0.2234772894,1.0028256492,16,16,16,16
open_n12,12,0.200000,0.500000,true,2,256,1.000e-12,0.02000,5.750000,11,0.1631526549,0.5599801048,4,4,4,4
open_n12,12,0.200000,0.500000,true,2,256,1.000e-12,0.02000,6.000000,1,0.0800008315,0.4056540338,4,4,4,4
open_n12,12,0.200000,0.500000,true,2,256,1.000e-12,0.02000,6.000000,2,0.1427348344,0.8905180661,16,16,16,16
open_n12,12,0.200000,0.500000,true,2,256,1.000e-12,0.02000,6.000000,3,0.1529193488,1.2183750144,64,54,64,64
open_n12,12,0.200000,0.500000,true,2,256,1.000e-12,0.02000,6.000000,4,0.1651671084,1.4856732673,253,168,247,256
open_n12,12,0.200000,0.500000,true,2,256,1.000e-12,0.02000,6.000000,5,0.1784289268,1.5788682160,256,241,256,1024
open_n12,12,0.200000,0.500000,true,2,256,1.000e-12,0.02000,6.000000,6,0.1952592335,1.6098803874,256,242,256,4096
open_n12,12,0.200000,0.500000,true,2,256,1.000e-12,0.02000,6.000000,7,0.2143716837,1.6240411304,256,235,256,1024
open_n12,12,0.200000,0.500000,true,2,256,1.000e-12,0.02000,6.000000,8,0.2226292058,1.5247188327,247,134,232,256
open_n12,12,0.200000,0.500000,true,2,256,1.000e-12,0.02000,6.000000,9,0.2075222644,1.2505055641,64,46,63,64
open_n12,12,0.200000,0.500000,true,2,256,1.000e-12,0.02000,6.000000,10,0.1879191570,0.8980574079,16,15,16,16
open_n12,12,0.200000,0.500000,true,2,256,1.000e-12,0.02000,6.000000,11,0.1283165888,0.4933642084,4,4,4,4
open_n12,12,0.200000,0.500000,true,2,256,1.000e-12,0.02000,6.250000,1,0.0644537349,0.3612393272,4,4,4,4
open_n12,12,0.200000,0.500000,true,2,256,1.000e-12,0.02000,6.250000,2,0.1182132360,0.8006929159,16,16,16,16
open_n12,12,0.200000,0.500000,true,2,256,1.000e-12,0.02000,6.250000,3,0.1250359701,1.0868397875,64,53,64,64
open_n12,12,0.200000,0.500000,true,2,256,1.000e-12,0.02000,6.250000,4,0.1356700205,1.3220015593,253,159,245,256
open_n12,12,0.200000,0.500000,true,2,256,1.000e-12,0.02000,6.250000,5,0.1489121471,1.4093865181,256,236,256,1024
open_n12,12,0.200000,0.500000,true,2,256,1.000e-12,0.02000,6.250000,6,0.1641985262,1.4404660202,256,238,256,4096
open_n12,12,0.200000,0.500000,true,2,256,1.000e-12,0.02000,6.250000,7,0.1790785861,1.4555386355,256,228,256,1024
open_n12,12,0.200000,0.500000,true,2,256,1.000e-12,0.02000,6.250000,8,0.1835786651,1.3635938337,246,125,228,256
open_n12,12,0.200000,0.500000,true,2,256,1.000e-12,0.02000,6.250000,9,0.1698300032,1.1180587921,64,45,63,64
open_n12,12,0.200000,0.500000,true,2,256,1.000e-12,0.02000,6.250000,10,0.1597807060,0.8081952353,16,15,16,16
open_n12,12,0.200000,0.500000,true,2,256,1.000e-12,0.02000,6.250000,11,0.0984405045,0.4288380289,4,4,4,4
open_n12,12,0.200000,0.500000,true,2,256,1.000e-12,0.02000,6.500000,1,0.0534221617,0.3262249391,4,4,4,4
open_n12,12,0.200000,0.500000,true,2,256,1.000e-12,0.02000,6.500000,2,0.0985169036,0.7178636268,16,16,16,16
open_n12,12,0.200000,0.500000,true,2,256,1.000e-12,0.02000,6.500000,3,0.1034930420,0.9709266083,64,52,64,64
open_n12,12,0.200000,0.500000,true,2,256,1.000e-12,0.02000,6.500000,4,0.1131799750,1.1802811330,253,151,243,256
open_n12,12,0.200000,0.500000,true,2,256,1.000e-12,0.02000,6.500000,5,0.1256120899,1.2626533407,256,228,256,1024
open_n12,12,0.200000,0.500000,true,2,256,1.000e-12,0.02000,6.500000,6,0.1392337942,1.2921101485,256,232,256,4096
open_n12,12,0.200000,0.500000,true,2,256,1.000e-12,0.02000,6.500000,7,0.1504812685,1.3076641214,256,219,256,1024
open_n12,12,0.200000,0.500000,true,2,256,1.000e-12,0.02000,6.500000,8,0.1517602454,1.2187628931,244,115,224,256
open_n12,12,0.200000,0.500000,true,2,256,1.000e-12,0.02000,6.500000,9,0.1403545254,1.0017132535,64,42,63,64
open_n12,12,0.200000,0.500000,true,2,256,1.000e-12,0.02000,6.500000,10,0.1364681624,0.7318123111,16,15,16,16
open_n12,12,0.200000,0.500000,true,2,256,1.000e-12,0.02000,6.500000,11,0.0749229952,0.3707515640,4,4,4,4
open_n12,12,0.200000,0.500000,true,2,256,1.000e-12,0.02000,6.750000,1,0.0451703695,0.2975227125,4,4,4,4
open_n12,12,0.200000,0.500000,true,2,256,1.000e-12,0.02000,6.750000,2,0.0827536684,0.6434550300,16,16,16,16
open_n12,12,0.200000,0.500000,true,2,256,1.000e-12,0.02000,6.750000,3,0.0866993402,0.8684091014,64,51,64,64
open_n12,12,0.200000,0.500000,true,2,256,1.000e-12,0.02000,6.750000,4,0.0957224774,1.0570071354,252,144,241,256
open_n12,12,0.200000,0.500000,true,2,256,1.000e-12,0.02000,6.750000,5,0.1069387655,1.1356234387,256,219,256,1024
open_n12,12,0.200000,0.500000,true,2,256,1.000e-12,0.02000,6.750000,6,0.1189047351,1.1629973188,256,223,256,4096
open_n12,12,0.200000,0.500000,true,2,256,1.000e-12,0.02000,6.750000,7,0.1271024534,1.1775144441,256,207,256,1024
open_n12,12,0.200000,0.500000,true,2,256,1.000e-12,0.02000,6.750000,8,0.1258211272,1.0898405050,244,106,221,256
open_n12,12,0.200000,0.500000,true,2,256,1.000e-12,0.02000,6.750000,9,0.1174527290,0.8998912093,64,41,63,64
open_n12,12,0.200000,0.500000,true,2,256,1.000e-12,0.02000,6.750000,10,0.1164345411,0.6658230421,16,15,16,16
open_n12,12,0.200000,0.500000,true,2,256,1.000e-12,0.02000,6.750000,11,0.0584198728,0.3239898177,4,4,4,4
open_n12,12,0.200000,0.500000,true,2,256,1.000e-12,0.02000,7.000000,1,0.0385023280,0.2723819761,4,4,4,4
open_n12,12,0.200000,0.500000,true,2,256,1.000e-12,0.02000,7.000000,2,0.0702460664,0.5790853366,16,16,16,16
open_n12,12,0.200000,0.500000,true,2,256,1.000e-12,0.02000,7.000000,3,0.0735354846,0.7773909449,64,49,64,64
open_n12,12,0.200000,0.500000,true,2,256,1.000e-12,0.02000,7.000000,4,0.0818510254,0.9490832856,251,136,239,256
open_n12,12,0.200000,0.500000,true,2,256,1.000e-12,0.02000,7.000000,5,0.0918170560,1.0251449943,256,206,256,1024
open_n12,12,0.200000,0.500000,true,2,256,1.000e-12,0.02000,7.000000,6,0.1021445984,1.0508313102,256,212,256,4096
open_n12,12,0.200000,0.500000,true,2,256,1.000e-12,0.02000,7.000000,7,0.1077678785,1.0620839718,256,193,256,1024
open_n12,12,0.200000,0.500000,true,2,256,1.000e-12,0.02000,7.000000,8,0.1047845206,0.9763403238,239,99,218,256
open_n12,12,0.200000,0.500000,true,2,256,1.000e-12,0.02000,7.000000,9,0.0996171038,0.8106798200,64,40,62,64
open_n12,12,0.200000,0.500000,true,2,256,1.000e-12,0.02000,7.000000,10,0.0988992646,0.6067959342,16,15,16,16
open_n12,12,0.200000,0.500000,true,2,256,1.000e-12,0.02000,7.000000,11,0.0484161674,0.2916222994,4,4,4,4
open_n12,12,0.200000,0.500000,true,2,256,1.000e-12,0.02000,7.250000,1,0.0327361963,0.2489295222,4,4,4,4
open_n12,12,0.200000,0.500000,true,2,256,1.000e-12,0.02000,7.250000,2,0.0603777065,0.5254668051,16,16,16,16
open_n12,12,0.200000,0.500000,true,2,256,1.000e-12,0.02000,7.250000,3,0.0631715645,0.6968641487,64,47,64,64
open_n12,12,0.200000,0.500000,true,2,256,1.000e-12,0.02000,7.250000,4,0.0705649915,0.8539603550,251,125,236,256
open_n12,12,0.200000,0.500000,true,2,256,1.000e-12,0.02000,7.250000,5,0.0794426570,0.9281887809,256,193,256,1024
open_n12,12,0.200000,0.500000,true,2,256,1.000e-12,0.02000,7.250000,6,0.0881388920,0.9529536012,256,198,256,4096
open_n12,12,0.200000,0.500000,true,2,256,1.000e-12,0.02000,7.250000,7,0.0915693867,0.9589686368,256,178,256,1024
open_n12,12,0.200000,0.500000,true,2,256,1.000e-12,0.02000,7.250000,8,0.0878362150,0.8769201021,236,92,214,256
open_n12,12,0.200000,0.500000,true,2,256,1.000e-12,0.02000,7.250000,9,0.0854772768,0.7322002805,64,39,62,64
open_n12,12,0.200000,0.500000,true,2,256,1.000e-12,0.02000,7.250000,10,0.0835552420,0.5527716358,16,15,16,16
open_n12,12,0.200000,0.500000,true,2,256,1.000e-12,0.02000,7.250000,11,0.0432789276,0.2725768210,4,4,4,4
open_n12,12,0.200000,0.500000,true,2,256,1.000e-12,0.02000,7.500000,1,0.0275946888,0.2263473911,4,4,4,4
open_n12,12,0.200000,0.500000,true,2,256,1.000e-12,0.02000,7.500000,2,0.0525622361,0.4817290334,16,15,16,16
open_n12,12,0.200000,0.500000,true,2,256,1.000e-12,0.02000,7.500000,3,0.0549560438,0.6268064354,64,46,64,64
open_n12,12,0.200000,0.500000,true,2,256,1.000e-12,0.02000,7.500000,4,0.0612186958,0.7696194773,250,115,233,256
open_n12,12,0.200000,0.500000,true,2,256,1.000e-12,0.02000,7.500000,5,0.0691807730,0.8423039194,256,177,256,1024
open_n12,12,0.200000,0.500000,true,2,256,1.000e-12,0.02000,7.500000,6,0.0762806396,0.8666864316,256,183,256,4096
open_n12,12,0.200000,0.500000,true,2,256,1.000e-12,0.02000,7.500000,7,0.0778713525,0.8666155762,256,161,256,1024
open_n12,12,0.200000,0.500000,true,2,256,1.000e-12,0.02000,7.500000,8,0.0742469502,0.7899322755,231,85,210,256
open_n12,12,0.200000,0.500000,true,2,256,1.000e-12,0.02000,7.500000,9,0.0739064990,0.6628061382,64,37,61,64
open_n12,12,0.200000,0.500000,true,2,256,1.000e-12,0.02000,7.500000,10,0.0703497616,0.5032172894,16,14,16,16
open_n12,12,0.200000,0.500000,true,2,256,1.000e-12,0.02000,7.500000,11,0.0408552267,0.2620153947,4,4,4,4
open_n12,12,0.200000,0.500000,true,2,256,1.000e-12,0.02000,7.750000,1,0.0230568098,0.2047488272,4,4,4,4
open_n12,12,0.200000,0.500000,true,2,256,1.000e-12,0.02000,7.750000,2,0.0462717003,0.4454443901,16,15,16,16
open_n12,12,0.200000,0.500000,true,2,256,1.000e-12,0.02000,7.750000,3,0.0483525255,0.5670930226,64,44,64,64
open_n12,12,0.200000,0.500000,true,2,256,1.000e-12,0.02000,7.750000,4,0.0534091791,0.6946284637,249,105,229,256
open_n12,12,0.200000,0.500000,true,2,256,1.000e-12,0.02000,7.750000,5,0.0605400456,0.7656889364,256,160,256,1024
open_n12,12,0.200000,0.500000,true,2,256,1.000e-12,0.02000,7.750000,6,0.0661353562,0.7897320950,256,166,256,4096
open_n12,12,0.200000,0.500000,true,2,256,1.000e-12,0.02000,7.750000,7,0.0662727364,0.7840538721,256,145,256,1024
open_n12,12,0.200000,0.500000,true,2,256,1.000e-12,0.02000,7.750000,8,0.0633563962,0.7138666136,226,78,206,256
open_n12,12,0.200000,0.500000,true,2,256,1.000e-12,0.02000,7.750000,9,0.0641078099,0.6011002959,63,34,61,64
open_n12,12,0.200000,0.500000,true,2,256,1.000e-12,0.02000,7.750000,10,0.0593200902,0.4583854299,16,13,16,16
open_n12,12,0.200000,0.500000,true,2,256,1.000e-12,0.02000,7.750000,11,0.0392381041,0.2543413291,4,4,4,4
open_n12,12,0.200000,0.500000,true,2,256,1.000e-12,0.02000,8.000000,1,0.0192126812,0.1848643854,4,4,4,4
open_n12,12,0.200000,0.500000,true,2,256,1.000e-12,0.02000,8.000000,2,0.0410848064,0.4139588060,16,15,16,16
open_n12,12,0.200000,0.500000,true,2,256,1.000e-12,0.02000,8.000000,3,0.0429272076,0.5168706736,64,42,63,64
open_n12,12,0.200000,0.500000,true,2,256,1.000e-12,0.02000,8.000000,4,0.0468684649,0.6281834926,246,95,225,256
open_n12,12,0.200000,0.500000,true,2,256,1.000e-12,0.02000,8.000000,5,0.0531559678,0.6970273100,256,143,256,1024
open_n12,12,0.200000,0.500000,true,2,256,1.000e-12,0.02000,8.000000,6,0.0573890794,0.7203642835,256,148,256,4096
open_n12,12,0.200000,0.500000,true,2,256,1.000e-12,0.02000,8.000000,7,0.0565164231,0.7105121845,256,129,256,1024
open_n12,12,0.200000,0.500000,true,2,256,1.000e-12,0.02000,8.000000,8,0.0545772022,0.6471509640,224,72,201,256
open_n12,12,0.200000,0.500000,true,2,256,1.000e-12,0.02000,8.000000,9,0.0556064553,0.5459719034,63,32,61,64
open_n12,12,0.200000,0.500000,true,2,256,1.000e-12,0.02000,8.000000,10,0.0504517547,0.4187309034,16,13,16,16
open_n12,12,0.200000,0.500000,true,2,256,1.000e-12,0.02000,8.000000,11,0.0372164935,0.2455910343,4,4,4,4
open_n12,12,0.200000,0.500000,true,2,256,1.000e-12,0.02000,8.250000,1,0.0161481127,0.1676259899,4,4,4,4
open_n12,12,0.200000,0.500000,true,2,256,1.000e-12,0.02000,8.250000,2,0.0367042775,0.3854643072,16,15,16,16
open_n12,12,0.200000,0.500000,true,2,256,1.000e-12,0.02000,8.250000,3,0.0383549898,0.4747612969,64,40,63,64
open_n12,12,0.200000,0.500000,true,2,256,1.000e-12,0.02000,8.250000,4,0.0413848717,0.5697966390,242,87,221,256
open_n12,12,0.200000,0.500000,true,2,256,1.000e-12,0.02000,8.250000,5,0.0467641722,0.6352297599,256,126,256,1024
open_n12,12,0.200000,0.500000,true,2,256,1.000e-12,0.02000,8.250000,6,0.0498039822,0.6574022739,256,131,256,4096
open_n12,12,0.200000,0.500000,true,2,256,1.000e-12,0.02000,8.250000,7,0.0483927136,0.6452198681,256,113,256,1024
open_n12,12,0.200000,0.500000,true,2,256,1.000e-12,0.02000,8.250000,8,0.0474081392,0.5882041352,221,66,196,256
open_n12,12,0.200000,0.500000,true,2,256,1.000e-12,0.02000,8.250000,9,0.0481623066,0.4965989547,63,30,60,64
open_n12,12,0.200000,0.500000,true,2,256,1.000e-12,0.02000,8.250000,10,0.0435744891,0.3844922559,16,12,16,16
open_n12,12,0.200000,0.500000,true,2,256,1.000e-12,0.02000,8.250000,11,0.0343068153,0.2338890901,4,4,4,4
open_n12,12,0.200000,0.500000,true,2,256,1.000e-12,0.02000,8.500000,1,0.0138704770,0.1537130726,4,4,4,4
open_n12,12,0.200000,0.500000,true,2,256,1.000e-12,0.02000,8.500000,2,0.0329347525,0.3589575958,16,14,16,16
open_n12,12,0.200000,0.500000,true,2,256,1.000e-12,0.02000,8.500000,3,0.0344106852,0.4389665016,64,37,63,64
open_n12,12,0.200000,0.500000,true,2,256,1.000e-12,0.02000,8.500000,4,0.0367654984,0.5189051814,238,79,217,256
open_n12,12,0.200000,0.500000,true,2,256,1.000e-12,0.02000,8.500000,5,0.0411741748,0.5793330441,256,111,256,1024
open_n12,12,0.200000,0.500000,true,2,256,1.000e-12,0.02000,8.500000,6,0.0431989045,0.6000727236,256,114,256,4096
open_n12,12,0.200000,0.500000,true,2,256,1.000e-12,0.02000,8.500000,7,0.0416808393,0.5873423499,256,99,256,1024
open_n12,12,0.200000,0.500000,true,2,256,1.000e-12,0.02000,8.500000,8,0.0414468929,0.5356739536,218,59,191,256
open_n12,12,0.200000,0.500000,true,2,256,1.000e-12,0.02000,8.500000,9,0.0416661350,0.4524760425,63,28,59,64
open_n12,12,0.200000,0.500000,true,2,256,1.000e-12,0.02000,8.500000,10,0.0383356536,0.3553723293,16,11,16,16
open_n12,12,0.200000,0.500000,true,2,256,1.000e-12,0.02000,8.500000,11,0.0305564208,0.2189336249,4,4,4,4
open_n12,12,0.200000,0.500000,true,2,256,1.000e-12,0.02000,8.750000,1,0.0122814639,0.1431829017,4,4,4,4
open_n12,12,0.200000,0.500000,true,2,256,1.000e-12,0.02000,8.750000,2,0.0296487569,0.3338975808,16,14,16,16
open_n12,12,0.200000,0.500000,true,2,256,1.000e-12,0.02000,8.750000,3,0.0309465892,0.4076199446,64,35,63,64
open_n12,12,0.200000,0.500000,true,2,256,1.000e-12,0.02000,8.750000,4,0.0328334260,0.4747966175,232,71,214,256
open_n12,12,0.200000,0.500000,true,2,256,1.000e-12,0.02000,8.750000,5,0.0362507917,0.5285626379,256,96,256,1024
open_n12,12,0.200000,0.500000,true,2,256,1.000e-12,0.02000,8.750000,6,0.0374447514,0.5478475302,256,99,256,4096
open_n12,12,0.200000,0.500000,true,2,256,1.000e-12,0.02000,8.750000,7,0.0361400792,0.5359549595,256,86,256,1024
open_n12,12,0.200000,0.500000,true,2,256,1.000e-12,0.02000,8.750000,8,0.0363943357,0.4885281387,214,53,185,256
open_n12,12,0.200000,0.500000,true,2,256,1.000e-12,0.02000,8.750000,9,0.0360638400,0.4133712032,63,26,58,64
open_n12,12,0.200000,0.500000,true,2,256,1.000e-12,0.02000,8.750000,10,0.0342647399,0.3303749216,16,10,16,16
open_n12,12,0.200000,0.500000,true,2,256,1.000e-12,0.02000,8.750000,11,0.0263109266,0.2014142180,4,4,4,4
open_n12,12,0.200000,0.500000,true,2,256,1.000e-12,0.02000,9.000000,1,0.0111979122,0.1353831644,4,4,4,4
open_n12,12,0.200000,0.500000,true,2,256,1.000e-12,0.02000,9.000000,2,0.0267617642,0.3101746095,16,13,16,16
open_n12,12,0.200000,0.500000,true,2,256,1.000e-12,0.02000,9.000000,3,0.0278693517,0.3792491939,64,33,63,64
open_n12,12,0.200000,0.500000,true,2,256,1.000e-12,0.02000,9.000000,4,0.0294381812,0.4365913216,230,63,211,256
open_n12,12,0.200000,0.500000,true,2,256,1.000e-12,0.02000,9.000000,5,0.0319002437,0.4824204214,256,84,256,1024
open_n12,12,0.200000,0.500000,true,2,256,1.000e-12,0.02000,9.000000,6,0.0324558245,0.5003324847,256,86,256,4096
open_n12,12,0.200000,0.500000,true,2,256,1.000e-12,0.02000,9.000000,7,0.0315336237,0.4900463949,256,75,256,1024
open_n12,12,0.200000,0.500000,true,2,256,1.000e-12,0.02000,9.000000,8,0.0320439679,0.4461324268,209,48,180,256
open_n12,12,0.200000,0.500000,true,2,256,1.000e-12,0.02000,9.000000,9,0.0313117329,0.3790996050,63,25,57,64
open_n12,12,0.200000,0.500000,true,2,256,1.000e-12,0.02000,9.000000,10,0.0308921114,0.3080353482,16,10,16,16
open_n12,12,0.200000,0.500000,true,2,256,1.000e-12,0.02000,9.000000,11,0.0220321079,0.1826363109,4,4,4,4
open_n12,12,0.200000,0.500000,true,2,256,1.000e-12,0.02000,9.250000,1,0.0104072099,0.1292319407,4,4,4,4
open_n12,12,0.200000,0.500000,true,2,256,1.000e-12,0.02000,9.250000,2,0.0242175088,0.2881639945,16,13,16,16
open_n12,12,0.200000,0.500000,true,2,256,1.000e-12,0.02000,9.250000,3,0.0251215092,0.3529643947,64,30,63,64
open_n12,12,0.200000,0.500000,true,2,256,1.000e-12,0.02000,9.250000,4,0.0264612801,0.4031636276,226,56,206,256
open_n12,12,0.200000,0.500000,true,2,256,1.000e-12,0.02000,9.250000,5,0.0280575864,0.4406507290,256,73,256,1024
open_n12,12,0.200000,0.500000,true,2,256,1.000e-12,0.02000,9.250000,6,0.0281701126,0.4572275255,256,75,256,4096
open_n12,12,0.200000,0.500000,true,2,256,1.000e-12,0.02000,9.250000,7,0.0276580206,0.4486607257,256,66,256,1024
open_n12,12,0.200000,0.500000,true,2,256,1.000e-12,0.02000,9.250000,8,0.0282593637,0.4080977928,204,44,176,256
open_n12,12,0.200000,0.500000,true,2,256,1.000e-12,0.02000,9.250000,9,0.0273498870,0.3492210235,63,23,56,64
open_n12,12,0.200000,0.500000,true,2,256,1.000e-12,0.02000,9.250000,10,0.0278559975,0.2870573290,16,9,16,16
open_n12,12,0.200000,0.500000,true,2,256,1.000e-12,0.02000,9.250000,11,0.0181696628,0.1642896011,4,4,4,4
open_n12,12,0.200000,0.500000,true,2,256,1.000e-12,0.02000,9.500000,1,0.0097268187,0.1236654288,4,4,4,4
open_n12,12,0.200000,0.500000,true,2,256,1.000e-12,0.02000,9.500000,2,0.0219761627,0.2685103435,16,13,16,16
open_n12,12,0.200000,0.500000,true,2,256,1.000e-12,0.02000,9.500000,3,0.0226670812,0.3284338441,64,28,62,64
open_n12,12,0.200000,0.500000,true,2,256,1.000e-12,0.02000,9.500000,4,0.0238122351,0.3734411106,223,51,201,256
open_n12,12,0.200000,0.500000,true,2,256,1.000e-12,0.02000,9.500000,5,0.0246754414,0.4031392770,256,64,256,1024
open_n12,12,0.200000,0.500000,true,2,256,1.000e-12,0.02000,9.500000,6,0.0245263023,0.4182797135,256,66,256,4096
open_n12,12,0.200000,0.500000,true,2,256,1.000e-12,0.02000,9.500000,7,0.0243578557,0.4110636564,256,58,255,1024
open_n12,12,0.200000,0.500000,true,2,256,1.000e-12,0.02000,9.500000,8,0.0249507296,0.3740195001,196,41,172,256
open_n12,12,0.200000,0.500000,true,2,256,1.000e-12,0.02000,9.500000,9,0.0240868314,0.3230451965,61,22,55,64
open_n12,12,0.200000,0.500000,true,2,256,1.000e-12,0.02000,9.500000,10,0.0249497932,0.2668018699,16,9,16,16
open_n12,12,0.200000,0.500000,true,2,256,1.000e-12,0.02000,9.500000,11,0.0150635155,0.1481763627,4,4,4,4
open_n12,12,0.200000,0.500000,true,2,256,1.000e-12,0.02000,9.750000,1,0.0090397547,0.1179573598,4,4,4,4
open_n12,12,0.200000,0.500000,true,2,256,1.000e-12,0.02000,9.750000,2,0.0200018725,0.2516069455,16,13,16,16
open_n12,12,0.200000,0.500000,true,2,256,1.000e-12,0.02000,9.750000,3,0.0204797497,0.3056453698,64,26,61,64
open_n12,12,0.200000,0.500000,true,2,256,1.000e-12,0.02000,9.750000,4,0.0214211192,0.3465755610,220,46,197,256
open_n12,12,0.200000,0.500000,true,2,256,1.000e-12,0.02000,9.750000,5,0.0217148475,0.3697582643,256,56,255,1024
open_n12,12,0.200000,0.500000,true,2,256,1.000e-12,0.02000,9.750000,6,0.0214499963,0.3831851299,256,59,256,4096
open_n12,12,0.200000,0.500000,true,2,256,1.000e-12,0.02000,9.750000,7,0.0215215634,0.3767568214,256,51,254,1024
open_n12,12,0.200000,0.500000,true,2,256,1.000e-12,0.02000,9.750000,8,0.0220577019,0.3435563025,188,37,168,256
open_n12,12,0.200000,0.500000,true,2,256,1.000e-12,0.02000,9.750000,9,0.0213980165,0.2998005786,61,21,54,64
open_n12,12,0.200000,0.500000,true,2,256,1.000e-12,0.02000,9.750000,10,0.0221078548,0.2472285026,16,9,16,16
open_n12,12,0.200000,0.500000,true,2,256,1.000e-12,0.02000,9.750000,11,0.0128702942,0.1357397237,4,4,4,4
open_n12,12,0.200000,0.500000,true,2,256,1.000e-12,0.02000,10.000000,1,0.0082987104,0.1118014172,4,4,4,4
open_n12,12,0.200000,0.500000,true,2,256,1.000e-12,0.02000,10.000000,2,0.0182533409,0.2371753624,16,12,16,16
open_n12,12,0.200000,0.500000,true,2,256,1.000e-12,0.02000,10.000000,3,0.0185345306,0.2845789909,63,25,60,64
open_n12,12,0.200000,0.500000,true,2,256,1.000e-12,0.02000,10.000000,4,0.0192353257,0.3219320123,218,41,193,256
open_n12,12,0.200000,0.500000,true,2,256,1.000e-12,0.02000,10.000000,5,0.0191384617,0.3402130229,256,50,255,1024
open_n12,12,0.200000,0.500000,true,2,256,1.000e-12,0.02000,10.000000,6,0.0188549083,0.3515078579,256,52,255,4096
open_n12,12,0.200000,0.500000,true,2,256,1.000e-12,0.02000,10.000000,7,0.0190673971,0.3453975820,256,46,253,1024
open_n12,12,0.200000,0.500000,true,2,256,1.000e-12,0.02000,10.000000,8,0.0195370126,0.3164400614,186,35,163,256
open_n12,12,0.200000,0.500000,true,2,256,1.000e-12,0.02000,10.000000,9,0.0191412846,0.2786948064,61,20,52,64
open_n12,12,0.200000,0.500000,true,2,256,1.000e-12,0.02000,10.000000,10,0.0193598433,0.2285815198,16,9,16,16
open_n12,12,0.200000,0.500000,true,2,256,1.000e-12,0.02000,10.000000,11,0.0115343605,0.1274711368,4,4,4,4
closed_n12,12,0.200000,0.500000,false,2,256,1.000e-12,0.02000,0.000000,1,0.0000000000,0.0000000000,1,1,1,4
closed_n12,12,0.200000,0.500000,false,2,256,1.000e-12,0.02000,0.000000,2,0.0000000000,0.0000000000,1,1,1,16
closed_n12,12,0.200000,0.500000,false,2,256,1.000e-12,0.02000,0.000000,3,0.0000000000,0.0000000000,1,1,1,64
closed_n12,12,0.200000,0.500000,false,2,256,1.000e-12,0.02000,0.000000,4,0.0000000000,0.0000000000,1,1,1,256
closed_n12,12,0.200000,0.500000,false,2,256,1.000e-12,0.02000,0.000000,5,0.0000000000,0.0000000000,1,1,1,1024
closed_n12,12,0.200000,0.500000,false,2,256,1.000e-12,0.02000,0.000000,6,0.0000000000,0.0000000000,1,1,1,4096
closed_n12,12,0.200000,0.500000,false,2,256,1.000e-12,0.02000,0.000000,7,0.0000000000,0.0000000000,1,1,1,1024
closed_n12,12,0.200000,0.500000,false,2,256,1.000e-12,0.02000,0.000000,8,0.0000000000,0.0000000000,1,1,1,256
closed_n12,12,0.200000,0.500000,false,2,256,1.000e-12,0.02000,0.000000,9,0.0000000000,0.0000000000,1,1,1,64
closed_n12,12,0.200000,0.500000,false,2,256,1.000e-12,0.02000,0.000000,10,0.0000000000,0.0000000000,1,1,1,16
closed_n12,12,0.200000,0.500000,false,2,256,1.000e-12,0.02000,0.000000,11,0.0000000000,0.0000000000,1,1,1,4
closed_n12,12,0.200000,0.500000,false,2,256,1.000e-12,0.02000,0.250000,1,0.2293160393,0.6349112384,4,4,4,4
closed_n12,12,0.200000,0.500000,false,2,256,1.000e-12,0.02000,0.250000,2,0.2258059691,0.6456450211,13,7,12,16
closed_n12,12,0.200000,0.500000,false,2,256,1.000e-12,0.02000,0.250000,3,0.2257394188,0.6455405084,14,7,13,64
closed_n12,12,0.200000,0.500000,false,2,256,1.000e-12,0.02000,0.250000,4,0.2258247337,0.6456258649,15,7,14,256
closed_n12,12,0.200000,0.500000,false,2,256,1.000e-12,0.02000,0.250000,5,0.2257393110,0.6455405274,14,7,13,1024
closed_n12,12,0.200000,0.500000,false,2,256,1.000e-12,0.02000,0.250000,6,0.2258247338,0.6456258643,15,7,14,4096
closed_n12,12,0.200000,0.500000,false,2,256,1.000e-12,0.02000,0.250000,7,0.2257393110,0.6455405274,14,7,13,1024
closed_n12,12,0.200000,0.500000,false,2,256,1.000e-12,0.02000,0.250000,8,0.2258247337,0.6456258649,15,7,14,256
closed_n12,12,0.200000,0.500000,false,2,256,1.000e-12,0.02000,0.250000,9,0.2257394188,0.6455405084,14,7,13,64
closed_n12,12,0.200000,0.500000,false,2,256,1.000e-12,0.02000,0.250000,10,0.2258059691,0.6456450211,13,7,12,16
closed_n12,12,0.200000,0.500000,false,2,256,1.000e-12,0.02000,0.250000,11,0.2293160393,0.6349112384,4,4,4,4
closed_n12,12,0.200000,0.500000,false,2,256,1.000e-12,0.02000,0.500000,1,0.6447523215,1.1120860291,4,4,4,4
closed_n12,12,0.200000,0.500000,false,2,256,1.000e-12,0.02000,0.500000,2,0.6170654973,1.1912281253,16,12,16,16
closed_n12,12,0.200000,0.500000,false,2,256,1.000e-12,0.02000,0.500000,3,0.6173389839,1.1913419758,28,12,26,64
closed_n12,12,0.200000,0.500000,false,2,256,1.000e-12,0.02000,0.500000,4,0.6175141769,1.1914987447,32,12,26,256
closed_n12,12,0.200000,0.500000,false,2,256,1.000e-12,0.02000,0.500000,5,0.6173264466,1.1913306439,29,12,26,1024
closed_n12,12,0.200000,0.500000,false,2,256,1.000e-12,0.02000,0.500000,6,0.6175142311,1.1914987005,32,12,26,4096
closed_n12,12,0.200000,0.500000,false,2,256,1.000e-12,0.02000,0.500000,7,0.6173264466,1.1913306439,29,12,26,1024
closed_n12,12,0.200000,0.500000,false,2,256,1.000e-12,0.02000,0.500000,8,0.6175141769,1.1914987447,32,12,26,256
closed_n12,12,0.200000,0.500000,false,2,256,1.000e-12,0.02000,0.500000,9,0.6173389839,1.1913419758,28,12,26,64
closed_n12,12,0.200000,0.500000,false,2,256,1.000e-12,0.02000,0.500000,10,0.6170654973,1.1912281253,16,12,16,16
closed_n12,12,0.200000,0.500000,false,2,256,1.000e-12,0.02000,0.500000,11,0.6447523215,1.1120860291,4,4,4,4
closed_n12,12,0.200000,0.500000,false,2,256,1.000e-12,0.02000,0.750000,1,1.0723252444,1.4544425567,4,4,4,4
closed_n12,12,0.200000,0.500000,false,2,256,1.000e-12,0.02000,0.750000,2,1.0214209900,1.6894267564,16,14,16,16
closed_n12,12,0.200000,0.500000,false,2,256,1.000e-12,0.02000,0.750000,3,1.0218580168,1.6940239556,42,20,38,64
closed_n12,12,0.200000,0.500000,false,2,256,1.000e-12,0.02000,0.750000,4,1.0219631158,1.6941661903,53,20,46,256
closed_n12,12,0.200000,0.500000,false,2,256,1.000e-12,0.02000,0.750000,5,1.0217358519,1.6939520988,48,20,43,1024
closed_n12,12,0.200000,0.500000,false,2,256,1.000e-12,0.02000,0.750000,6,1.0219622556,1.6941601870,53,20,46,4096
closed_n12,12,0.200000,0.500000,false,2,256,1.000e-12,0.02000,0.750000,7,1.0217358519,1.6939520988,48,20,43,1024
closed_n12,12,0.200000,0.500000,false,2,256,1.000e-12,0.02000,0.750000,8,1.0219631158,1.6941661903,53,20,46,256
closed_n12,12,0.200000,0.500000,false,2,256,1.000e-12,0.02000,0.750000,9,1.0218580168,1.6940239556,42,20,38,64
closed_n12,12,0.200000,0.500000,false,2,256,1.000e-12,0.02000,0.750000,10,1.0214209900,1.6894267564,16,14,16,16
closed_n12,12,0.200000,0.500000,false,2,256,1.000e-12,0.02000,0.750000,11,1.0723252444,1.4544425567,4,4,4,4
closed_n12,12,0.200000,0.500000,false,2,256,1.000e-12,0.02000,1.000000,1,1.4267097776,1.6856525931,4,4,4,4
closed_n12,12,0.200000,0.500000,false,2,256,1.000e-12,0.02000,1.000000,2,1.4200602128,2.1490005017,16,16,16,16
closed_n12,12,0.200000,0.500000,false,2,256,1.000e-12,0.02000,1.000000,3,1.4151007227,2.1774135876,51,29,49,64
closed_n12,12,0.200000,0.500000,false,2,256,1.000e-12,0.02000,1.000000,4,1.4148979949,2.1773574908,84,30,72,256
closed_n12,12,0.200000,0.500000,false,2,256,1.000e-12,0.02000,1.000000,5,1.4146526485,2.1770638274,76,29,66,1024
closed_n12,12,0.200000,0.500000,false,2,256,1.000e-12,0.02000,1.000000,6,1.4148618960,2.1773147726,87,30,73,4096
closed_n12,12,0.200000,0.500000,false,2,256,1.000e-12,0.02000,1.000000,7,1.4146526485,2.1770638274,76,29,66,1024
closed_n12,12,0.200000,0.500000,false,2,256,1.000e-12,0.02000,1.000000,8,1.4148979949,2.1773574908,84,30,72,256
closed_n12,12,0.200000,0.500000,false,2,256,1.000e-12,0.02000,1.000000,9,1.4151007227,2.1774135876,51,29,49,64
closed_n12,12,0.200000,0.500000,false,2,256,1.000e-12,0.02000,1.000000,10,1.4200602128,2.1490005017,16,16,16,16
closed_n12,12,0.200000,0.500000,false,2,256,1.000e-12,0.02000,1.000000,11,1.4267097776,1.6856525931,4,4,4,4
closed_n12,12,0.200000,0.500000,false,2,256,1.000e-12,0.02000,1.250000,1,1.6766601978,1.8301306814,4,4,4,4
closed_n12,12,0.200000,0.500000,false,2,256,1.000e-12,0.02000,1.250000,2,1.8118828010,2.5437289720,16,16,16,16
closed_n12,12,0.200000,0.500000,false,2,256,1.000e-12,0.02000,1.250000,3,1.8004418666,2.6447066815,58,40,57,64
closed_n12,12,0.200000,0.500000,false,2,256,1.000e-12,0.02000,1.250000,4,1.7988652503,2.6443675240,119,47,105,256
closed_n12,12,0.200000,0.500000,false,2,256,1.000e-12,0.02000,1.250000,5,1.7984515232,2.6439996999,119,46,105,1024
closed_n12,12,0.200000,0.500000,false,2,256,1.000e-12,0.02000,1.250000,6,1.7986136647,2.6442719438,134,46,114,4096
closed_n12,12,0.200000,0.500000,false,2,256,1.000e-12,0.02000,1.250000,7,1.7984515232,2.6439996999,119,46,105,1024
closed_n12,12,0.200000,0.500000,false,2,256,1.000e-12,0.02000,1.250000,8,1.7988652503,2.6443675240,119,47,105,256
closed_n12,12,0.200000,0.500000,false,2,256,1.000e-12,0.02000,1.250000,9,1.8004418666,2.6447066815,58,40,57,64
closed_n12,12,0.200000,0.500000,false,2,256,1.000e-12,0.02000,1.250000,10,1.8118828010,2.5437289720,16,16,16,16
closed_n12,12,0.200000,0.500000,false,2,256,1.000e-12,0.02000,1.250000,11,1.6766601978,1.8301306814,4,4,4,4
closed_n12,12,0.200000,0.500000,false,2,256,1.000e-12,0.02000,1.500000,1,1.8285691320,1.9120703504,4,4,4,4
closed_n12,12,0.200000,0.500000,false,2,256,1.000e-12,0.02000,1.500000,2,2.1554412966,2.8424938442,16,16,16,16
closed_n12,12,0.200000,0.500000,false,2,256,1.000e-12,0.02000,1.500000,3,2.1769342947,3.0940377666,61,49,61,64
closed_n12,12,0.200000,0.500000,false,2,256,1.000e-12,0.02000,1.500000,4,2.1678339258,3.0967391855,155,71,142,256
closed_n12,12,0.200000,0.500000,false,2,256,1.000e-12,0.02000,1.500000,5,2.1671721620,3.0965988227,182,70,158,1024
closed_n12,12,0.200000,0.500000,false,2,256,1.000e-12,0.02000,1.500000,6,2.1672026892,3.0967836428,208,70,176,4096
closed_n12,12,0.200000,0.500000,false,2,256,1.000e-12,0.02000,1.500000,7,2.1671721620,3.0965988227,182,70,158,1024
closed_n12,12,0.200000,0.500000,false,2,256,1.000e-12,0.02000,1.500000,8,2.1678339258,3.0967391855,155,71,142,256
closed_n12,12,0.200000,0.500000,false,2,256,1.000e-12,0.02000,1.500000,9,2.1769342947,3.0940377665,61,49,61,64
closed_n12,12,0.200000,0.500000,false,2,256,1.000e-12,0.02000,1.500000,10,2.1554412966,2.8424938442,16,16,16,16
closed_n12,12,0.200000,0.500000,false,2,256,1.000e-12,0.02000,1.500000,11,1.8285691320,1.9120703504,4,4,4,4
closed_n12,12,0.200000,0.500000,false,2,256,1.000e-12,0.02000,1.750000,1,1.9079844319,1.9533668983,4,4,4,4
closed_n12,12,0.200000,0.500000,false,2,256,1.000e-12,0.02000,1.750000,2,2.3964234591,3.0331661114,16,16,16,16
closed_n12,12,0.200000,0.500000,false,2,256,1.000e-12,0.02000,1.750000,3,2.5518887897,3.5159116803,63,54,63,64
closed_n12,12,0.200000,0.500000,false,2,256,1.000e-12,0.02000,1.750000,4,2.5210170077,3.5379262978,192,100,177,256
closed_n12,12,0.200000,0.500000,false,2,256,1.000e-12,0.02000,1.750000,5,2.5215641043,3.5392445957,256,106,236,1024
closed_n12,12,0.200000,0.500000,false,2,256,1.000e-12,0.02000,1.750000,6,2.5209396102,3.5389679943,256,106,251,4096
closed_n12,12,0.200000,0.500000,false,2,256,1.000e-12,0.02000,1.750000,7,2.5215641043,3.5392445957,256,106,236,1024
closed_n12,12,0.200000,0.500000,false,2,256,1.000e-12,0.02000,1.750000,8,2.5210170077,3.5379262978,192,100,177,256
closed_n12,12,0.200000,0.500000,false,2,256,1.000e-12,0.02000,1.750000,9,2.5518887897,3.5159116803,63,54,63,64
closed_n12,12,0.200000,0.500000,false,2,256,1.000e-12,0.02000,1.750000,10,2.3964234591,3.0331661114,16,16,16,16
closed_n12,12,0.200000,0.500000,false,2,256,1.000e-12,0.02000,1.750000,11,1.9079844319,1.9533668983,4,4,4,4
closed_n12,12,0.200000,0.500000,false,2,256,1.000e-12,0.02000,2.000000,1,1.9426210151,1.9710693692,4,4,4,4
closed_n12,12,0.200000,0.500000,false,2,256,1.000e-12,0.02000,2.000000,2,2.5162944123,3.1285926975,16,16,16,16
closed_n12,12,0.200000,0.500000,false,2,256,1.000e-12,0.02000,2.000000,3,2.9259049164,3.8863619282,64,60,64,64
closed_n12,12,0.200000,0.500000,false,2,256,1.000e-12,0.02000,2.000000,4,2.8640132125,3.9673618128,216,129,206,256
closed_n12,12,0.200000,0.500000,false,2,256,1.000e-12,0.02000,2.000000,5,2.8706071752,3.9732025933,256,152,256,1024
closed_n12,12,0.200000,0.500000,false,2,256,1.000e-12,0.02000,2.000000,6,2.8675700221,3.9717492566,256,150,256,4096
closed_n12,12,0.200000,0.500000,false,2,256,1.000e-12,0.02000,2.000000,7,2.8706071752,3.9732025933,256,152,256,1024
closed_n12,12,0.200000,0.500000,false,2,256,1.000e-12,0.02000,2.000000,8,2.8640132125,3.9673618128,216,129,206,256
closed_n12,12,0.200000,0.500000,false,2,256,1.000e-12,0.02000,2.000000,9,2.9259049164,3.8863619282,64,60,64,64
closed_n12,12,0.200000,0.500000,false,2,256,1.000e-12,0.02000,2.000000,10,2.5162944123,3.1285926975,16,16,16,16
closed_n12,12,0.200000,0.500000,false,2,256,1.000e-12,0.02000,2.000000,11,1.9426210151,1.9710693692,4,4,4,4
closed_n12,12,0.200000,0.500000,false,2,256,1.000e-12,0.02000,2.250000,1,1.9519870854,1.9758250381,4,4,4,4
closed_n12,12,0.200000,0.500000,false,2,256,1.000e-12,0.02000,2.250000,2,2.5439286189,3.1596118320,16,16,16,16
closed_n12,12,0.200000,0.500000,false,2,256,1.000e-12,0.02000,2.250000,3,3.2672637079,4.1763932748,64,61,64,64
closed_n12,12,0.200000,0.500000,false,2,256,1.000e-12,0.02000,2.250000,4,3.1973702630,4.3774270538,231,157,225,256
closed_n12,12,0.200000,0.500000,false,2,256,1.000e-12,0.02000,2.250000,5,3.2184320510,4.3955904514,256,206,256,1024
closed_n12,12,0.200000,0.500000,false,2,256,1.000e-12,0.02000,2.250000,6,3.2096865431,4.3924562428,256,205,256,4096
closed_n12,12,0.200000,0.500000,false,2,256,1.000e-12,0.02000,2.250000,7,3.2184320510,4.3955904514,256,206,256,1024
closed_n12,12,0.200000,0.500000,false,2,256,1.000e-12,0.02000,2.250000,8,3.1973702630,4.3774270537,231,157,225,256
closed_n12,12,0.200000,0.500000,false,2,256,1.000e-12,0.02000,2.250000,9,3.2672637078,4.1763932748,64,61,64,64
closed_n12,12,0.200000,0.500000,false,2,256,1.000e-12,0.02000,2.250000,10,2.5439286189,3.1596118320,16,16,16,16
closed_n12,12,0.200000,0.500000,false,2,256,1.000e-12,0.02000,2.250000,11,1.9519870854,1.9758250381,4,4,4,4
closed_n12,12,0.200000,0.500000,false,2,256,1.000e-12,0.02000,2.500000,1,1.9455208032,1.9725430711,4,4,4,4
closed_n12,12,0.200000,0.500000,false,2,256,1.000e-12,0.02000,2.500000,2,2.5300067835,3.1605872462,16,16,16,16
closed_n12,12,0.200000,0.500000,false,2,256,1.000e-12,0.02000,2.500000,3,3.5275942284,4.3697647160,64,62,64,64
closed_n12,12,0.200000,0.500000,false,2,256,1.000e-12,0.02000,2.500000,4,3.5138051314,4.7525530049,242,180,237,256
closed_n12,12,0.200000,0.500000,false,2,256,1.000e-12,0.02000,2.500000,5,3.5631033618,4.8013740847,256,235,256,1024
closed_n12,12,0.200000,0.500000,false,2,256,1.000e-12,0.02000,2.500000,6,3.5452614672,4.7965544046,256,233,256,4096
closed_n12,12,0.200000,0.500000,false,2,256,1.000e-12,0.02000,2.500000,7,3.5631033618,4.8013740849,256,235,256,1024
closed_n12,12,0.200000,0.500000,false,2,256,1.000e-12,0.02000,2.500000,8,3.5138051313,4.7525530038,242,180,237,256
closed_n12,12,0.200000,0.500000,false,2,256,1.000e-12,0.02000,2.500000,9,3.5275942284,4.3697647159,64,62,64,64
closed_n12,12,0.200000,0.500000,false,2,256,1.000e-12,0.02000,2.500000,10,2.5300067835,3.1605872462,16,16,16,16
closed_n12,12,0.200000,0.500000,false,2,256,1.000e-12,0.02000,2.500000,11,1.9455208032,1.9725430711,4,4,4,4
closed_n12,12,0.200000,0.500000,false,2,256,1.000e-12,0.02000,2.750000,1,1.9267641293,1.9629875066,4,4,4,4
closed_n12,12,0.200000,0.500000,false,2,256,1.000e-12,0.02000,2.750000,2,2.5161557401,3.1559543948,16,16,16,16
closed_n12,12,0.200000,0.500000,false,2,256,1.000e-12,0.02000,2.750000,3,3.6825103855,4.4724627743,64,63,64,64
closed_n12,12,0.200000,0.500000,false,2,256,1.000e-12,0.02000,2.750000,4,3.7958894001,5.0699928224,248,198,245,256
closed_n12,12,0.200000,0.500000,false,2,256,1.000e-12,0.02000,2.750000,5,3.9018657523,5.1825162117,256,244,256,1024
closed_n12,12,0.200000,0.500000,false,2,256,1.000e-12,0.02000,2.750000,6,3.8735671186,5.1778452900,256,246,256,4096
closed_n12,12,0.200000,0.500000,false,2,256,1.000e-12,0.02000,2.750000,7,3.9018686419,5.1826686988,256,245,256,1024
closed_n12,12,0.200000,0.500000,false,2,256,1.000e-12,0.02000,2.750000,8,3.7958894497,5.0699928447,248,198,245,256
closed_n12,12,0.200000,0.500000,false,2,256,1.000e-12,0.02000,2.750000,9,3.6825103875,4.4724627726,64,63,64,64
closed_n12,12,0.200000,0.500000,false,2,256,1.000e-12,0.02000,2.750000,10,2.5161557396,3.1559543927,16,16,16,16
closed_n12,12,0.200000,0.500000,false,2,256,1.000e-12,0.02000,2.750000,11,1.9267641306,1.9629875073,4,4,4,4
closed_n12,12,0.200000,0.500000,false,2,256,1.000e-12,0.02000,3.000000,1,1.8988693288,1.9486771293,4,4,4,4
closed_n12,12,0.200000,0.500000,false,2,256,1.000e-12,0.02000,3.000000,2,2.5215414934,3.1567899186,16,16,16,16
closed_n12,12,0.200000,0.500000,false,2,256,1.000e-12,0.02000,3.000000,3,3.7487711295,4.5098740057,64,63,64,64
closed_n12,12,0.200000,0.500000,false,2,256,1.000e-12,0.02000,3.000000,4,4.0156526113,5.3074031585,250,209,248,256
closed_n12,12,0.200000,0.500000,false,2,256,1.000e-12,0.02000,3.000000,5,4.2311378932,5.5304234967,256,252,256,1024
closed_n12,12,0.200000,0.500000,false,2,256,1.000e-12,0.02000,3.000000,6,4.1931126245,5.5277762203,256,253,256,4096
closed_n12,12,0.200000,0.500000,false,2,256,1.000e-12,0.02000,3.000000,7,4.2311622346,5.5307324436,256,252,256,1024
closed_n12,12,0.200000,0.500000,false,2,256,1.000e-12,0.02000,3.000000,8,4.0156519691,5.3074020408,250,209,248,256
closed_n12,12,0.200000,0.500000,false,2,256,1.000e-12,0.02000,3.000000,9,3.7487711641,4.5098741003,64,63,64,64
closed_n12,12,0.200000,0.500000,false,2,256,1.000e-12,0.02000,3.000000,10,2.5215415109,3.1567899422,16,16,16,16
closed_n12,12,0.200000,0.500000,false,2,256,1.000e-12,0.02000,3.000000,11,1.8988693368,1.9486771338,4,4,4,4
closed_n12,12,0.200000,0.500000,false,2,256,1.000e-12,0.02000,3.250000,1,1.8676652175,1.9325253748,4,4,4,4
closed_n12,12,0.200000,0.500000,false,2,256,1.000e-12,0.02000,3.250000,2,2.5446576751,3.1642609613,16,16,16,16
closed_n12,12,0.200000,0.500000,false,2,256,1.000e-12,0.02000,3.250000,3,3.7665061888,4.5153730578,64,63,64,64
closed_n12,12,0.200000,0.500000,false,2,256,1.000e-12,0.02000,3.250000,4,4.1516626201,5.4556388688,251,216,250,256
closed_n12,12,0.200000,0.500000,false,2,256,1.000e-12,0.02000,3.250000,5,4.5430823373,5.8334818993,256,255,256,1024
closed_n12,12,0.200000,0.500000,false,2,256,1.000e-12,0.02000,3.250000,6,4.4968668538,5.8365677866,256,255,256,4096
closed_n12,12,0.200000,0.500000,false,2,256,1.000e-12,0.02000,3.250000,7,4.5430420969,5.8329155152,256,255,256,1024
closed_n12,12,0.200000,0.500000,false,2,256,1.000e-12,0.02000,3.250000,8,4.1516624977,5.4556375212,251,216,250,256
closed_n12,12,0.200000,0.500000,false,2,256,1.000e-12,0.02000,3.250000,9,3.7665059751,4.5153729153,64,63,64,64
closed_n12,12,0.200000,0.500000,false,2,256,1.000e-12,0.02000,3.250000,10,2.5446576105,3.1642610015,16,16,16,16
closed_n12,12,0.200000,0.500000,false,2,256,1.000e-12,0.02000,3.250000,11,1.8676653111,1.9325254264,4,4,4,4
closed_n12,12,0.200000,0.500000,false,2,256,1.000e-12,0.02000,3.500000,1,1.8410646478,1.9186340455,4,4,4,4
closed_n12,12,0.200000,0.500000,false,2,256,1.000e-12,0.02000,3.500000,2,2.5726132654,3.1743024923,16,16,16,16
closed_n12,12,0.200000,0.500000,false,2,256,1.000e-12,0.02000,3.500000,3,3.7718565892,4.5162950136,64,63,64,64
closed_n12,12,0.200000,0.500000,false,2,256,1.000e-12,0.02000,3.500000,4,4.2121336145,5.5278066503,252,221,251,256
closed_n12,12,0.200000,0.500000,false,2,256,1.000e-12,0.02000,3.500000,5,4.8221392762,6.0776880993,256,256,256,1024
closed_n12,12,0.200000,0.500000,false,2,256,1.000e-12,0.02000,3.500000,6,4.7711377107,6.0959947744,256,256,256,4096
closed_n12,12,0.200000,0.500000,false,2,256,1.000e-12,0.02000,3.500000,7,4.8220670306,6.0780415733,256,256,256,1024
closed_n12,12,0.200000,0.500000,false,2,256,1.000e-12,0.02000,3.500000,8,4.2121387078,5.5278065978,252,221,251,256
closed_n12,12,0.200000,0.500000,false,2,256,1.000e-12,0.02000,3.500000,9,3.7718567094,4.5162945377,64,63,64,64
closed_n12,12,0.200000,0.500000,false,2,256,1.000e-12,0.02000,3.500000,10,2.5726135300,3.1743026908,16,16,16,16
closed_n12,12,0.200000,0.500000,false,2,256,1.000e-12,0.02000,3.500000,11,1.8410650303,1.9186342512,4,4,4,4
closed_n12,12,0.200000,0.500000,false,2,256,1.000e-12,0.02000,3.750000,1,1.8259854299,1.9107083253,4,4,4,4
closed_n12,12,0.200000,0.500000,false,2,256,1.000e-12,0.02000,3.750000,2,2.5931040792,3.1825401846,16,16,16,16
closed_n12,12,0.200000,0.500000,false,2,256,1.000e-12,0.02000,3.750000,3,3.7826497099,4.5250460930,64,63,64,64
closed_n12,12,0.200000,0.500000,false,2,256,1.000e-12,0.02000,3.750000,4,4.2339856008,5.5548706743,252,223,251,256
closed_n12,12,0.200000,0.500000,false,2,256,1.000e-12,0.02000,3.750000,5,5.0470300016,6.2551596072,256,256,256,1024
closed_n12,12,0.200000,0.500000,false,2,256,1.000e-12,0.02000,3.750000,6,4.9981680754,6.2980204261,256,256,256,4096
closed_n12,12,0.200000,0.500000,false,2,256,1.000e-12,0.02000,3.750000,7,5.0472937385,6.2566549713,256,256,256,1024
closed_n12,12,0.200000,0.500000,false,2,256,1.000e-12,0.02000,3.750000,8,4.2339957743,5.5548668901,252,223,252,256
closed_n12,12,0.200000,0.500000,false,2,256,1.000e-12,0.02000,3.750000,9,3.7826502498,4.5250450625,64,63,64,64
closed_n12,12,0.200000,0.500000,false,2,256,1.000e-12,0.02000,3.750000,10,2.5931042024,3.1825401537,16,16,16,16
closed_n12,12,0.200000,0.500000,false,2,256,1.000e-12,0.02000,3.750000,11,1.8259859481,1.9107086047,4,4,4,4
closed_n12,12,0.200000,0.500000,false,2,256,1.000e-12,0.02000,4.000000,1,1.8252629957,1.9103274015,4,4,4,4
closed_n12,12,0.200000,0.500000,false,2,256,1.000e-12,0.02000,4.000000,2,2.6023453631,3.1875072446,16,16,16,16
closed_n12,12,0.200000,0.500000,false,2,256,1.000e-12,0.02000,4.000000,3,3.7989373685,4.5401946225,64,63,64,64
closed_n12,12,0.200000,0.500000,false,2,256,1.000e-12,0.02000,4.000000,4,4.2561152864,5.5669411967,252,223,252,256
closed_n12,12,0.200000,0.500000,false,2,256,1.000e-12,0.02000,4.000000,5,5.2019208141,6.3651383345,256,256,256,1024
closed_n12,12,0.200000,0.500000,false,2,256,1.000e-12,0.02000,4.000000,6,5.1617851073,6.4362068783,256,256,256,4096
closed_n12,12,0.200000,0.500000,false,2,256,1.000e-12,0.02000,4.000000,7,5.2023794273,6.3663989801,256,256,256,1024
closed_n12,12,0.200000,0.500000,false,2,256,1.000e-12,0.02000,4.000000,8,4.2561675641,5.5669678888,252,223,252,256
closed_n12,12,0.200000,0.500000,false,2,256,1.000e-12,0.02000,4.000000,9,3.7989356571,4.5401903065,64,63,64,64
closed_n12,12,0.200000,0.500000,false,2,256,1.000e-12,0.02000,4.000000,10,2.6023443028,3.1875067816,16,16,16,16
closed_n12,12,0.200000,0.500000,false,2,256,1.000e-12,0.02000,4.000000,11,1.8252631673,1.9103275001,4,4,4,4
closed_n12,12,0.200000,0.500000,false,2,256,1.000e-12,0.02000,4.250000,1,1.8367310568,1.9163592090,4,4,4,4
closed_n12,12,0.200000,0.500000,false,2,256,1.000e-12,0.02000,4.250000,2,2.6051972677,3.1909384546,16,16,16,16
closed_n12,12,0.200000,0.500000,false,2,256,1.000e-12,0.02000,4.250000,3,3.8119648671,4.5541958508,64,63,64,64
closed_n12,12,0.200000,0.500000,false,2,256,1.000e-12,0.02000,4.250000,4,4.2995710323,5.5803100432,254,222,253,256
closed_n12,12,0.200000,0.500000,false,2,256,1.000e-12,0.02000,4.250000,5,5.2852527827,6.4112128939,256,256,256,1024
closed_n12,12,0.200000,0.500000,false,2,256,1.000e-12,0.02000,4.250000,6,5.2551299955,6.5103492149,256,256,256,4096
closed_n12,12,0.200000,0.500000,false,2,256,1.000e-12,0.02000,4.250000,7,5.2856841861,6.4119467635,256,256,256,1024
closed_n12,12,0.200000,0.500000,false,2,256,1.000e-12,0.02000,4.250000,8,4.2997406442,5.5804552607,254,222,253,256
closed_n12,12,0.200000,0.500000,false,2,256,1.000e-12,0.02000,4.250000,9,3.8119620920,4.5541826674,64,63,64,64
closed_n12,12,0.200000,0.500000,false,2,256,1.000e-12,0.02000,4.250000,10,2.6051930380,3.1909360820,16,16,16,16
closed_n12,12,0.200000,0.500000,false,2,256,1.000e-12,0.02000,4.250000,11,1.8367305177,1.9163589160,4,4,4,4
closed_n12,12,0.200000,0.500000,false,2,256,1.000e-12,0.02000,4.500000,1,1.8548604538,1.9258506381,4,4,4,4
closed_n12,12,0.200000,0.500000,false,2,256,1.000e-12,0.02000,4.500000,2,2.6097672656,3.1958956038,16,16,16,16
closed_n12,12,0.200000,0.500000,false,2,256,1.000e-12,0.02000,4.500000,3,3.8152882793,4.5611822856,64,63,64,64
closed_n12,12,0.200000,0.500000,false,2,256,1.000e-12,0.02000,4.500000,4,4.3665785127,5.6007835965,254,219,254,256
closed_n12,12,0.200000,0.500000,false,2,256,1.000e-12,0.02000,4.500000,5,5.3113187795,6.4058225141,256,256,256,1024
closed_n12,12,0.200000,0.500000,false,2,256,1.000e-12,0.02000,4.500000,6,5.2926753961,6.5344969235,256,256,256,4096
closed_n12,12,0.200000,0.500000,false,2,256,1.000e-12,0.02000,4.500000,7,5.3116027469,6.4061362450,256,256,256,1024
closed_n12,12,0.200000,0.500000,false,2,256,1.000e-12,0.02000,4.500000,8,4.3669201750,5.6011452374,254,219,254,256
closed_n12,12,0.200000,0.500000,false,2,256,1.000e-12,0.02000,4.500000,9,3.8152997309,4.5611649010,64,63,64,64
closed_n12,12,0.200000,0.500000,false,2,256,1.000e-12,0.02000,4.500000,10,2.6097547543,3.1958890907,16,16,16,16
closed_n12,12,0.200000,0.500000,false,2,256,1.000e-12,0.02000,4.500000,11,1.8548593346,1.9258499863,4,4,4,4
closed_n12,12,0.200000,0.500000,false,2,256,1.000e-12,0.02000,4.750000,1,1.8735557399,1.9355817072,4,4,4,4
closed_n12,12,0.200000,0.500000,false,2,256,1.000e-12,0.02000,4.750000,2,2.6215722289,3.2043912963,16,16,16,16
closed_n12,12,0.200000,0.500000,false,2,256,1.000e-12,0.02000,4.750000,3,3.8114236348,4.5608783446,64,63,64,64
closed_n12,12,0.200000,0.500000,false,2,256,1.000e-12,0.02000,4.750000,4,4.4432031216,5.6261059601,254,216,254,256
closed_n12,12,0.200000,0.500000,false,2,256,1.000e-12,0.02000,4.750000,5,5.3060145279,6.3748401372,256,256,256,1024
closed_n12,12,0.200000,0.500000,false,2,256,1.000e-12,0.02000,4.750000,6,5.3123903722,6.5342081819,256,256,256,4096
closed_n12,12,0.200000,0.500000,false,2,256,1.000e-12,0.02000,4.750000,7,5.3061149196,6.3747594154,256,256,256,1024
closed_n12,12,0.200000,0.500000,false,2,256,1.000e-12,0.02000,4.750000,8,4.4436898808,5.6266499510,254,215,254,256
closed_n12,12,0.200000,0.500000,false,2,256,1.000e-12,0.02000,4.750000,9,3.8114850036,4.5608761044,64,63,64,64
closed_n12,12,0.200000,0.500000,false,2,256,1.000e-12,0.02000,4.750000,10,2.6215464903,3.2043794856,16,16,16,16
closed_n12,12,0.200000,0.500000,false,2,256,1.000e-12,0.02000,4.750000,11,1.8735545715,1.9355808938,4,4,4,4
closed_n12,12,0.200000,0.500000,false,2,256,1.000e-12,0.02000,5.000000,1,1.8882904925,1.9432090403,4,4,4,4
closed_n12,12,0.200000,0.500000,false,2,256,1.000e-12,0.02000,5.000000,2,2.6415840638,3.2165321153,16,16,16,16
closed_n12,12,0.200000,0.500000,false,2,256,1.000e-12,0.02000,5.000000,3,3.8103235629,4.5580205581,64,63,64,64
closed_n12,12,0.200000,0.500000,false,2,256,1.000e-12,0.02000,5.000000,4,4.5073302859,5.6483161858,255,213,254,256
closed_n12,12,0.200000,0.500000,false,2,256,1.000e-12,0.02000,5.000000,5,5.2989403722,6.3589562937,256,256,256,1024
closed_n12,12,0.200000,0.500000,false,2,256,1.000e-12,0.02000,5.000000,6,5.3569789055,6.5540280577,256,256,256,4096
closed_n12,12,0.200000,0.500000,false,2,256,1.000e-12,0.02000,5.000000,7,5.2989115770,6.3586414510,256,256,256,1024
closed_n12,12,0.200000,0.500000,false,2,256,1.000e-12,0.02000,5.000000,8,4.5078582746,5.6489091077,254,212,254,256
closed_n12,12,0.200000,0.500000,false,2,256,1.000e-12,0.02000,5.000000,9,3.8104808536,4.5580711362,64,63,64,64
closed_n12,12,0.200000,0.500000,false,2,256,1.000e-12,0.02000,5.000000,10,2.6415482865,3.2165197933,16,16,16,16
closed_n12,12,0.200000,0.500000,false,2,256,1.000e-12,0.02000,5.000000,11,1.8882901500,1.9432084148,4,4,4,4
closed_n12,12,0.200000,0.500000,false,2,256,1.000e-12,0.02000,5.250000,1,1.8967797710,1.9475806560,4,4,4,4
closed_n12,12,0.200000,0.500000,false,2,256,1.000e-12,0.02000,5.250000,2,2.6687214437,3.2317692008,16,16,16,16
closed_n12,12,0.200000,0.500000,false,2,256,1.000e-12,0.02000,5.250000,3,3.8210989826,4.5584050460,64,63,64,64
closed_n12,12,0.200000,0.500000,false,2,256,1.000e-12,0.02000,5.250000,4,4.5440038963,5.6621192878,255,212,254,256
closed_n12,12,0.200000,0.500000,false,2,256,1.000e-12,0.02000,5.250000,5,5.3009399655,6.3748434626,256,256,256,1024
closed_n12,12,0.200000,0.500000,false,2,256,1.000e-12,0.02000,5.250000,6,5.4235523370,6.5999172479,256,256,256,4096
closed_n12,12,0.200000,0.500000,false,2,256,1.000e-12,0.02000,5.250000,7,5.3008947394,6.3745911158,256,256,256,1024
closed_n12,12,0.200000,0.500000,false,2,256,1.000e-12,0.02000,5.250000,8,4.5444568253,5.6626066100,255,211,254,256
closed_n12,12,0.200000,0.500000,false,2,256,1.000e-12,0.02000,5.250000,9,3.8213804245,4.5585477658,64,63,64,64
closed_n12,12,0.200000,0.500000,false,2,256,1.000e-12,0.02000,5.250000,10,2.6686965771,3.2317688351,16,16,16,16
closed_n12,12,0.200000,0.500000,false,2,256,1.000e-12,0.02000,5.250000,11,1.8967818303,1.9475809262,4,4,4,4
closed_n12,12,0.200000,0.500000,false,2,256,1.000e-12,0.02000,5.500000,1,1.8985969789,1.9484971864,4,4,4,4
closed_n12,12,0.200000,0.500000,false,2,256,1.000e-12,0.02000,5.500000,2,2.7031979904,3.2504678606,16,16,16,16
closed_n12,12,0.200000,0.500000,false,2,256,1.000e-12,0.02000,5.500000,3,3.8429205771,4.5637645311,64,63,64,64
closed_n12,12,0.200000,0.500000,false,2,256,1.000e-12,0.02000,5.500000,4,4.5553283159,5.6657698839,255,215,255,256
closed_n12,12,0.200000,0.500000,false,2,256,1.000e-12,0.02000,5.500000,5,5.2927876404,6.3943609921,256,256,256,1024
closed_n12,12,0.200000,0.500000,false,2,256,1.000e-12,0.02000,5.500000,6,5.4813067832,6.6410632538,256,256,256,4096
closed_n12,12,0.200000,0.500000,false,2,256,1.000e-12,0.02000,5.500000,7,5.2927926867,6.3943789849,256,256,256,1024
closed_n12,12,0.200000,0.500000,false,2,256,1.000e-12,0.02000,5.500000,8,4.5556385363,5.6660559874,255,215,255,256
closed_n12,12,0.200000,0.500000,false,2,256,1.000e-12,0.02000,5.500000,9,3.8433033250,4.5640027274,64,63,64,64
closed_n12,12,0.200000,0.500000,false,2,256,1.000e-12,0.02000,5.500000,10,2.7032238923,3.2504968975,16,16,16,16
closed_n12,12,0.200000,0.500000,false,2,256,1.000e-12,0.02000,5.500000,11,1.8986033882,1.9484993082,4,4,4,4
closed_n12,12,0.200000,0.500000,false,2,256,1.000e-12,0.02000,5.750000,1,1.8946048073,1.9464021866,4,4,4,4
closed_n12,12,0.200000,0.500000,false,2,256,1.000e-12,0.02000,5.750000,2,2.7470151137,3.2739271332,16,16,16,16
closed_n12,12,0.200000,0.500000,false,2,256,1.000e-12,0.02000,5.750000,3,3.8626855284,4.5691270497,64,63,64,64
closed_n12,12,0.200000,0.500000,false,2,256,1.000e-12,0.02000,5.750000,4,4.5574055723,5.6616401223,255,218,255,256
closed_n12,12,0.200000,0.500000,false,2,256,1.000e-12,0.02000,5.750000,5,5.2469473988,6.3876624243,256,256,256,1024
closed_n12,12,0.200000,0.500000,false,2,256,1.000e-12,0.02000,5.750000,6,5.5082839417,6.6613431415,256,256,256,4096
closed_n12,12,0.200000,0.500000,false,2,256,1.000e-12,0.02000,5.750000,7,5.2470231168,6.3880161570,256,256,256,1024
closed_n12,12,0.200000,0.500000,false,2,256,1.000e-12,0.02000,5.750000,8,4.5575898407,5.6617676691,255,218,255,256
closed_n12,12,0.200000,0.500000,false,2,256,1.000e-12,0.02000,5.750000,9,3.8630999399,4.5694192071,64,63,64,64
closed_n12,12,0.200000,0.500000,false,2,256,1.000e-12,0.02000,5.750000,10,2.7471401187,3.2740064129,16,16,16,16
closed_n12,12,0.200000,0.500000,false,2,256,1.000e-12,0.02000,5.750000,11,1.8946178264,1.9464075037,4,4,4,4
closed_n12,12,0.200000,0.500000,false,2,256,1.000e-12,0.02000,6.000000,1,1.8866808255,1.9422480163,4,4,4,4
closed_n12,12,0.200000,0.500000,false,2,256,1.000e-12,0.02000,6.000000,2,2.8013929280,3.3029090504,16,16,16,16
closed_n12,12,0.200000,0.500000,false,2,256,1.000e-12,0.02000,6.000000,3,3.8619618120,4.5650319597,64,63,64,64
closed_n12,12,0.200000,0.500000,false,2,256,1.000e-12,0.02000,6.000000,4,4.5681506154,5.6582137738,255,221,255,256
closed_n12,12,0.200000,0.500000,false,2,256,1.000e-12,0.02000,6.000000,5,5.1480131649,6.3447846469,256,256,256,1024
closed_n12,12,0.200000,0.500000,false,2,256,1.000e-12,0.02000,6.000000,6,5.4979868379,6.6553513031,256,256,256,4096
closed_n12,12,0.200000,0.500000,false,2,256,1.000e-12,0.02000,6.000000,7,5.1481137505,6.3452699423,256,256,256,1024
closed_n12,12,0.200000,0.500000,false,2,256,1.000e-12,0.02000,6.000000,8,4.5682880003,5.6583782999,255,221,255,256
closed_n12,12,0.200000,0.500000,false,2,256,1.000e-12,0.02000,6.000000,9,3.8623292683,4.5653268893,64,63,64,64
closed_n12,12,0.200000,0.500000,false,2,256,1.000e-12,0.02000,6.000000,10,2.8016493369,3.3030586639,16,16,16,16
closed_n12,12,0.200000,0.500000,false,2,256,1.000e-12,0.02000,6.000000,11,1.8867033752,1.9422586960,4,4,4,4
closed_n12,12,0.200000,0.500000,false,2,256,1.000e-12,0.02000,6.250000,1,1.8775103864,1.9374110050,4,4,4,4
closed_n12,12,0.200000,0.500000,false,2,256,1.000e-12,0.02000,6.250000,2,2.8639519778,3.3361149635,16,16,16,16
closed_n12,12,0.200000,0.500000,false,2,256,1.000e-12,0.02000,6.250000,3,3.8279851089,4.5429620171,64,63,64,64
closed_n12,12,0.200000,0.500000,false,2,256,1.000e-12,0.02000,6.250000,4,4.5950739551,5.6616232026,255,224,255,256
closed_n12,12,0.200000,0.500000,false,2,256,1.000e-12,0.02000,6.250000,5,5.0011415920,6.2707100708,256,256,256,1024
closed_n12,12,0.200000,0.500000,false,2,256,1.000e-12,0.02000,6.250000,6,5.4545453557,6.6305057818,256,256,256,4096
closed_n12,12,0.200000,0.500000,false,2,256,1.000e-12,0.02000,6.250000,7,5.0011361423,6.2709048118,256,256,256,1024
closed_n12,12,0.200000,0.500000,false,2,256,1.000e-12,0.02000,6.250000,8,4.5952454076,5.6620382324,255,224,255,256
closed_n12,12,0.200000,0.500000,false,2,256,1.000e-12,0.02000,6.250000,9,3.8282609483,4.5432474176,64,63,64,64
closed_n12,12,0.200000,0.500000,false,2,256,1.000e-12,0.02000,6.250000,10,2.8643380268,3.3363456852,16,16,16,16
closed_n12,12,0.200000,0.500000,false,2,256,1.000e-12,0.02000,6.250000,11,1.8775457243,1.9374299704,4,4,4,4
closed_n12,12,0.200000,0.500000,false,2,256,1.000e-12,0.02000,6.500000,1,1.8700152684,1.9334173143,4,4,4,4
closed_n12,12,0.200000,0.500000,false,2,256,1.000e-12,0.02000,6.500000,2,2.9280926744,3.3696984347,16,16,16,16
closed_n12,12,0.200000,0.500000,false,2,256,1.000e-12,0.02000,6.500000,3,3.7616298125,4.5006609659,64,63,64,64
closed_n12,12,0.200000,0.500000,false,2,256,1.000e-12,0.02000,6.500000,4,4.6309222372,5.6701224104,255,226,255,256
closed_n12,12,0.200000,0.500000,false,2,256,1.000e-12,0.02000,6.500000,5,4.8351094099,6.1826750893,256,256,256,1024
closed_n12,12,0.200000,0.500000,false,2,256,1.000e-12,0.02000,6.500000,6,5.3895763920,6.5948638234,256,256,256,4096
closed_n12,12,0.200000,0.500000,false,2,256,1.000e-12,0.02000,6.500000,7,4.8348813514,6.1823141130,256,256,256,1024
closed_n12,12,0.200000,0.500000,false,2,256,1.000e-12,0.02000,6.500000,8,4.6311503471,5.6708401817,255,226,255,256
closed_n12,12,0.200000,0.500000,false,2,256,1.000e-12,0.02000,6.500000,9,3.7618176986,4.5009718734,64,63,64,64
closed_n12,12,0.200000,0.500000,false,2,256,1.000e-12,0.02000,6.500000,10,2.9285708377,3.3699994055,16,16,16,16
closed_n12,12,0.200000,0.500000,false,2,256,1.000e-12,0.02000,6.500000,11,1.8700660791,1.9334473463,4,4,4,4
closed_n12,12,0.200000,0.500000,false,2,256,1.000e-12,0.02000,6.750000,1,1.8663365775,1.9314150178,4,4,4,4
closed_n12,12,0.200000,0.500000,false,2,256,1.000e-12,0.02000,6.750000,2,2.9841750790,3.3977226846,16,16,16,16
closed_n12,12,0.200000,0.500000,false,2,256,1.000e-12,0.02000,6.750000,3,3.6784407817,4.4452488713,64,63,64,64
closed_n12,12,0.200000,0.500000,false,2,256,1.000e-12,0.02000,6.750000,4,4.6585966144,5.6762250922,255,227,255,256
closed_n12,12,0.200000,0.500000,false,2,256,1.000e-12,0.02000,6.750000,5,4.6950255942,6.1071328521,256,256,256,1024
closed_n12,12,0.200000,0.500000,false,2,256,1.000e-12,0.02000,6.750000,6,5.3211073049,6.5537226448,256,256,256,4096
closed_n12,12,0.200000,0.500000,false,2,256,1.000e-12,0.02000,6.750000,7,4.6946263750,6.1065134997,256,256,256,1024
closed_n12,12,0.200000,0.500000,false,2,256,1.000e-12,0.02000,6.750000,8,4.6588376621,5.6771146402,255,228,255,256
closed_n12,12,0.200000,0.500000,false,2,256,1.000e-12,0.02000,6.750000,9,3.6785912243,4.4456422990,64,63,64,64
closed_n12,12,0.200000,0.500000,false,2,256,1.000e-12,0.02000,6.750000,10,2.9846879135,3.3980617575,16,16,16,16
closed_n12,12,0.200000,0.500000,false,2,256,1.000e-12,0.02000,6.750000,11,1.8664040900,1.9314573434,4,4,4,4
closed_n12,12,0.200000,0.500000,false,2,256,1.000e-12,0.02000,7.000000,1,1.8668770956,1.9316492816,4,4,4,4
closed_n12,12,0.200000,0.500000,false,2,256,1.000e-12,0.02000,7.000000,2,3.0208501362,3.4131208119,16,16,16,16
closed_n12,12,0.200000,0.500000,false,2,256,1.000e-12,0.02000,7.000000,3,3.6030259823,4.3930854473,64,63,64,64
closed_n12,12,0.200000,0.500000,false,2,256,1.000e-12,0.02000,7.000000,4,4.6604650882,5.6720724874,255,229,255,256
closed_n12,12,0.200000,0.500000,false,2,256,1.000e-12,0.02000,7.000000,5,4.6187744759,6.0661838991,256,256,256,1024
closed_n12,12,0.200000,0.500000,false,2,256,1.000e-12,0.02000,7.000000,6,5.2655937819,6.5133081787,256,256,256,4096
closed_n12,12,0.200000,0.500000,false,2,256,1.000e-12,0.02000,7.000000,7,4.6184120881,6.0658753744,256,256,256,1024
closed_n12,12,0.200000,0.500000,false,2,256,1.000e-12,0.02000,7.000000,8,4.6606602027,5.6729807073,255,230,255,256
closed_n12,12,0.200000,0.500000,false,2,256,1.000e-12,0.02000,7.000000,9,3.6032388123,4.3936273881,64,63,64,64
closed_n12,12,0.200000,0.500000,false,2,256,1.000e-12,0.02000,7.000000,10,3.0213409881,3.4134604482,16,16,16,16
closed_n12,12,0.200000,0.500000,false,2,256,1.000e-12,0.02000,7.000000,11,1.8669606690,1.9317026326,4,4,4,4
closed_n12,12,0.200000,0.500000,false,2,256,1.000e-12,0.02000,7.250000,1,1.8700682757,1.9333148097,4,4,4,4
closed_n12,12,0.200000,0.500000,false,2,256,1.000e-12,0.02000,7.250000,2,3.0262449527,3.4089896142,16,16,16,16
closed_n12,12,0.200000,0.500000,false,2,256,1.000e-12,0.02000,7.250000,3,3.5589791127,4.3633646322,64,63,64,64
closed_n12,12,0.200000,0.500000,false,2,256,1.000e-12,0.02000,7.250000,4,4.6259129000,5.6525415724,255,230,255,256
closed_n12,12,0.200000,0.500000,false,2,256,1.000e-12,0.02000,7.250000,5,4.6186570958,6.0691795618,256,256,256,1024
closed_n12,12,0.200000,0.500000,false,2,256,1.000e-12,0.02000,7.250000,6,5.2279766520,6.4814310227,256,256,256,4096
closed_n12,12,0.200000,0.500000,false,2,256,1.000e-12,0.02000,7.250000,7,4.6185386557,6.0694068744,256,256,256,1024
closed_n12,12,0.200000,0.500000,false,2,256,1.000e-12,0.02000,7.250000,8,4.6260464457,5.6534857046,255,231,255,256
closed_n12,12,0.200000,0.500000,false,2,256,1.000e-12,0.02000,7.250000,9,3.5593705289,4.3641377766,64,63,64,64
closed_n12,12,0.200000,0.500000,false,2,256,1.000e-12,0.02000,7.250000,10,3.0266663416,3.4092970160,16,16,16,16
closed_n12,12,0.200000,0.500000,false,2,256,1.000e-12,0.02000,7.250000,11,1.8701657210,1.9333759149,4,4,4,4
closed_n12,12,0.200000,0.500000,false,2,256,1.000e-12,0.02000,7.500000,1,1.8730307394,1.9349009711,4,4,4,4
closed_n12,12,0.200000,0.500000,false,2,256,1.000e-12,0.02000,7.500000,2,2.9902237767,3.3802687164,16,16,16,16
closed_n12,12,0.200000,0.500000,false,2,256,1.000e-12,0.02000,7.500000,3,3.5573437195,4.3657036517,64,63,64,64
closed_n12,12,0.200000,0.500000,false,2,256,1.000e-12,0.02000,7.500000,4,4.5550315865,5.6163662009,255,231,255,256
closed_n12,12,0.200000,0.500000,false,2,256,1.000e-12,0.02000,7.500000,5,4.6829820597,6.1116461031,256,256,256,1024
closed_n12,12,0.200000,0.500000,false,2,256,1.000e-12,0.02000,7.500000,6,5.1985106312,6.4626721155,256,256,256,4096
closed_n12,12,0.200000,0.500000,false,2,256,1.000e-12,0.02000,7.500000,7,4.6832163525,6.1124410384,256,256,256,1024
closed_n12,12,0.200000,0.500000,false,2,256,1.000e-12,0.02000,7.500000,8,4.5551449444,5.6174836207,255,232,255,256
closed_n12,12,0.200000,0.500000,false,2,256,1.000e-12,0.02000,7.500000,9,3.5579518096,4.3667628128,64,63,64,64
closed_n12,12,0.200000,0.500000,false,2,256,1.000e-12,0.02000,7.500000,10,2.9905365599,3.3805118143,16,16,16,16
closed_n12,12,0.200000,0.500000,false,2,256,1.000e-12,0.02000,7.500000,11,1.8731396803,1.9349663800,4,4,4,4
closed_n12,12,0.200000,0.500000,false,2,256,1.000e-12,0.02000,7.750000,1,1.8726393437,1.9347639160,4,4,4,4
closed_n12,12,0.200000,0.500000,false,2,256,1.000e-12,0.02000,7.750000,2,2.9085203618,3.3259480720,16,16,16,16
closed_n12,12,0.200000,0.500000,false,2,256,1.000e-12,0.02000,7.750000,3,3.5889770042,4.3924623128,64,63,64,64
closed_n12,12,0.200000,0.500000,false,2,256,1.000e-12,0.02000,7.750000,4,4.4588454499,5.5682479469,255,232,255,256
closed_n12,12,0.200000,0.500000,false,2,256,1.000e-12,0.02000,7.750000,5,4.7809235475,6.1740090423,256,256,256,1024
closed_n12,12,0.200000,0.500000,false,2,256,1.000e-12,0.02000,7.750000,6,5.1596201275,6.4491199944,256,256,256,4096
closed_n12,12,0.200000,0.500000,false,2,256,1.000e-12,0.02000,7.750000,7,4.7814862206,6.1752627019,256,256,256,1024
closed_n12,12,0.200000,0.500000,false,2,256,1.000e-12,0.02000,7.750000,8,4.4590109435,5.5695559495,255,233,255,256
closed_n12,12,0.200000,0.500000,false,2,256,1.000e-12,0.02000,7.750000,9,3.5896962948,4.3937092769,64,63,64,64
closed_n12,12,0.200000,0.500000,false,2,256,1.000e-12,0.02000,7.750000,10,2.9087009738,3.3260976572,16,16,16,16
closed_n12,12,0.200000,0.500000,false,2,256,1.000e-12,0.02000,7.750000,11,1.8727587969,1.9348317429,4,4,4,4
closed_n12,12,0.200000,0.500000,false,2,256,1.000e-12,0.02000,8.000000,1,1.8663823828,1.9315801521,4,4,4,4
closed_n12,12,0.200000,0.500000,false,2,256,1.000e-12,0.02000,8.000000,2,2.7870140076,3.2511291679,16,16,16,16
closed_n12,12,0.200000,0.500000,false,2,256,1.000e-12,0.02000,8.000000,3,3.6269637419,4.4214995651,64,63,64,64
closed_n12,12,0.200000,0.500000,false,2,256,1.000e-12,0.02000,8.000000,4,4.3556423389,5.5195144113,255,234,255,256
closed_n12,12,0.200000,0.500000,false,2,256,1.000e-12,0.02000,8.000000,5,4.8702561159,6.2283202160,256,256,256,1024
closed_n12,12,0.200000,0.500000,false,2,256,1.000e-12,0.02000,8.000000,6,5.1031850176,6.4296541002,256,256,256,4096
closed_n12,12,0.200000,0.500000,false,2,256,1.000e-12,0.02000,8.000000,7,4.8709689318,6.2297779869,256,256,256,1024
closed_n12,12,0.200000,0.500000,false,2,256,1.000e-12,0.02000,8.000000,8,4.3559478047,5.5209001464,255,234,255,256
closed_n12,12,0.200000,0.500000,false,2,256,1.000e-12,0.02000,8.000000,9,3.6276149844,4.4227108393,64,63,64,64
closed_n12,12,0.200000,0.500000,false,2,256,1.000e-12,0.02000,8.000000,10,2.7870712422,3.2511866186,16,16,16,16
closed_n12,12,0.200000,0.500000,false,2,256,1.000e-12,0.02000,8.000000,11,1.8665129828,1.9316504963,4,4,4,4
closed_n12,12,0.200000,0.500000,false,2,256,1.000e-12,0.02000,8.250000,1,1.8528823808,1.9246070175,4,4,4,4
closed_n12,12,0.200000,0.500000,false,2,256,1.000e-12,0.02000,8.250000,2,2.6425261125,3.1668359368,16,16,16,16
closed_n12,12,0.200000,0.500000,false,2,256,1.000e-12,0.02000,8.250000,3,3.6432732054,4.4318417166,64,63,64,64
closed_n12,12,0.200000,0.500000,false,2,256,1.000e-12,0.02000,8.250000,4,4.2645040333,5.4840867517,255,235,255,256
closed_n12,12,0.200000,0.500000,false,2,256,1.000e-12,0.02000,8.250000,5,4.9150614544,6.2530894025,256,256,256,1024
closed_n12,12,0.200000,0.500000,false,2,256,1.000e-12,0.02000,8.250000,6,5.0444736952,6.4073659343,256,256,256,4096
closed_n12,12,0.200000,0.500000,false,2,256,1.000e-12,0.02000,8.250000,7,4.9156869315,6.2544651827,256,256,256,1024
closed_n12,12,0.200000,0.500000,false,2,256,1.000e-12,0.02000,8.250000,8,4.2650384715,5.4855380853,255,236,255,256
closed_n12,12,0.200000,0.500000,false,2,256,1.000e-12,0.02000,8.250000,9,3.6437371048,4.4328761713,64,63,64,64
closed_n12,12,0.200000,0.500000,false,2,256,1.000e-12,0.02000,8.250000,10,2.6425094404,3.1668609053,16,16,16,16
closed_n12,12,0.200000,0.500000,false,2,256,1.000e-12,0.02000,8.250000,11,1.8530254569,1.9246815645,4,4,4,4
closed_n12,12,0.200000,0.500000,false,2,256,1.000e-12,0.02000,8.500000,1,1.8323624162,1.9139169374,4,4,4,4
closed_n12,12,0.200000,0.500000,false,2,256,1.000e-12,0.02000,8.500000,2,2.4985571295,3.0864943479,16,16,16,16
closed_n12,12,0.200000,0.500000,false,2,256,1.000e-12,0.02000,8.500000,3,3.6265494045,4.4180349764,64,63,64,64
closed_n12,12,0.200000,0.500000,false,2,256,1.000e-12,0.02000,8.500000,4,4.1999188742,5.4719229537,255,236,255,256
closed_n12,12,0.200000,0.500000,false,2,256,1.000e-12,0.02000,8.500000,5,4.9034433509,6.2426542704,256,256,256,1024
closed_n12,12,0.200000,0.500000,false,2,256,1.000e-12,0.02000,8.500000,6,5.0249025520,6.4081305986,256,256,256,4096
closed_n12,12,0.200000,0.500000,false,2,256,1.000e-12,0.02000,8.500000,7,4.9037786439,6.2436024294,256,256,256,1024
closed_n12,12,0.200000,0.500000,false,2,256,1.000e-12,0.02000,8.500000,8,4.2006900239,5.4735016175,255,237,255,256
closed_n12,12,0.200000,0.500000,false,2,256,1.000e-12,0.02000,8.500000,9,3.6268220371,4.4188955091,64,63,64,64
closed_n12,12,0.200000,0.500000,false,2,256,1.000e-12,0.02000,8.500000,10,2.4985351057,3.0865683824,16,16,16,16
closed_n12,12,0.200000,0.500000,false,2,256,1.000e-12,0.02000,8.500000,11,1.8325186090,1.9139983940,4,4,4,4
closed_n12,12,0.200000,0.500000,false,2,256,1.000e-12,0.02000,8.750000,1,1.8071926686,1.9007004426,4,4,4,4
closed_n12,12,0.200000,0.500000,false,2,256,1.000e-12,0.02000,8.750000,2,2.3785891241,3.0220221014,16,16,16,16
closed_n12,12,0.200000,0.500000,false,2,256,1.000e-12,0.02000,8.750000,3,3.5854903747,4.3897666971,64,63,64,64
closed_n12,12,0.200000,0.500000,false,2,256,1.000e-12,0.02000,8.750000,4,4.1701471046,5.4848093792,255,237,255,256
closed_n12,12,0.200000,0.500000,false,2,256,1.000e-12,0.02000,8.750000,5,4.8553690377,6.2105361695,256,256,256,1024
closed_n12,12,0.200000,0.500000,false,2,256,1.000e-12,0.02000,8.750000,6,5.0796985979,6.4559575410,256,256,256,4096
closed_n12,12,0.200000,0.500000,false,2,256,1.000e-12,0.02000,8.750000,7,4.8553647196,6.2108967156,256,256,256,1024
closed_n12,12,0.200000,0.500000,false,2,256,1.000e-12,0.02000,8.750000,8,4.1710107070,5.4864740611,256,238,255,256
closed_n12,12,0.200000,0.500000,false,2,256,1.000e-12,0.02000,8.750000,9,3.5856546595,4.3905063048,64,63,64,64
closed_n12,12,0.200000,0.500000,false,2,256,1.000e-12,0.02000,8.750000,10,2.3786091071,3.0221801592,16,16,16,16
closed_n12,12,0.200000,0.500000,false,2,256,1.000e-12,0.02000,8.750000,11,1.8073611897,1.9007919488,4,4,4,4
closed_n12,12,0.200000,0.500000,false,2,256,1.000e-12,0.02000,9.000000,1,1.7821087956,1.8874311882,4,4,4,4
closed_n12,12,0.200000,0.500000,false,2,256,1.000e-12,0.02000,9.000000,2,2.3002133715,2.9822827914,16,16,16,16
closed_n12,12,0.200000,0.500000,false,2,256,1.000e-12,0.02000,9.000000,3,3.5408153883,4.3631307110,64,63,64,64
closed_n12,12,0.200000,0.500000,false,2,256,1.000e-12,0.02000,9.000000,4,4.1757640995,5.5162687811,256,238,255,256
closed_n12,12,0.200000,0.500000,false,2,256,1.000e-12,0.02000,9.000000,5,4.8116269256,6.1836842913,256,256,256,1024
closed_n12,12,0.200000,0.500000,false,2,256,1.000e-12,0.02000,9.000000,6,5.1860369835,6.5269457060,256,256,256,4096
closed_n12,12,0.200000,0.500000,false,2,256,1.000e-12,0.02000,9.000000,7,4.8114425553,6.1837276674,256,256,256,1024
closed_n12,12,0.200000,0.500000,false,2,256,1.000e-12,0.02000,9.000000,8,4.1764993693,5.5178205344,256,238,256,256
closed_n12,12,0.200000,0.500000,false,2,256,1.000e-12,0.02000,9.000000,9,3.5409813003,4.3637910274,64,63,64,64
closed_n12,12,0.200000,0.500000,false,2,256,1.000e-12,0.02000,9.000000,10,2.3002812387,2.9824999954,16,16,16,16
closed_n12,12,0.200000,0.500000,false,2,256,1.000e-12,0.02000,9.000000,11,1.7822875401,1.8875346483,4,4,4,4
closed_n12,12,0.200000,0.500000,false,2,256,1.000e-12,0.02000,9.250000,1,1.7634379217,1.8775036754,4,4,4,4
closed_n12,12,0.200000,0.500000,false,2,256,1.000e-12,0.02000,9.250000,2,2.2706152172,2.9715086240,16,16,16,16
closed_n12,12,0.200000,0.500000,false,2,256,1.000e-12,0.02000,9.250000,3,3.5145407036,4.3518393161,64,63,64,64
closed_n12,12,0.200000,0.500000,false,2,256,1.000e-12,0.02000,9.250000,4,4.2037164296,5.5510419944,256,239,256,256
closed_n12,12,0.200000,0.500000,false,2,256,1.000e-12,0.02000,9.250000,5,4.8097379363,6.1876919633,256,256,256,1024
closed_n12,12,0.200000,0.500000,false,2,256,1.000e-12,0.02000,9.250000,6,5.2786973829,6.5805024754,256,256,256,4096
closed_n12,12,0.200000,0.500000,false,2,256,1.000e-12,0.02000,9.250000,7,4.8095784300,6.1877501610,256,256,256,1024
closed_n12,12,0.200000,0.500000,false,2,256,1.000e-12,0.02000,9.250000,8,4.2041563344,5.5522861550,256,239,256,256
closed_n12,12,0.200000,0.500000,false,2,256,1.000e-12,0.02000,9.250000,9,3.5147830733,4.3524641445,64,63,64,64
closed_n12,12,0.200000,0.500000,false,2,256,1.000e-12,0.02000,9.250000,10,2.2707159335,2.9717455419,16,16,16,16
closed_n12,12,0.200000,0.500000,false,2,256,1.000e-12,0.02000,9.250000,11,1.7636240040,1.8776171113,4,4,4,4
closed_n12,12,0.200000,0.500000,false,2,256,1.000e-12,0.02000,9.500000,1,1.7571668811,1.8741850371,4,4,4,4
closed_n12,12,0.200000,0.500000,false,2,256,1.000e-12,0.02000,9.500000,2,2.2845055462,2.9865189926,16,16,16,16
closed_n12,12,0.200000,0.500000,false,2,256,1.000e-12,0.02000,9.500000,3,3.5204195880,4.3622559121,64,63,64,64
closed_n12,12,0.200000,0.500000,false,2,256,1.000e-12,0.02000,9.500000,4,4.2281303365,5.5715947727,256,241,256,256
closed_n12,12,0.200000,0.500000,false,2,256,1.000e-12,0.02000,9.500000,5,4.8632464654,6.2292892015,256,256,256,1024
closed_n12,12,0.200000,0.500000,false,2,256,1.000e-12,0.02000,9.500000,6,5.2987589471,6.5914474017,256,256,256,4096
closed_n12,12,0.200000,0.500000,false,2,256,1.000e-12,0.02000,9.500000,7,4.8632104118,6.2294474131,256,256,256,1024
closed_n12,12,0.200000,0.500000,false,2,256,1.000e-12,0.02000,9.500000,8,4.2281769298,5.5724191375,256,241,256,256
closed_n12,12,0.200000,0.500000,false,2,256,1.000e-12,0.02000,9.500000,9,3.5207341304,4.3628805495,64,63,64,64
closed_n12,12,0.200000,0.500000,false,2,256,1.000e-12,0.02000,9.500000,10,2.2846328390,2.9867425419,16,16,16,16
closed_n12,12,0.200000,0.500000,false,2,256,1.000e-12,0.02000,9.500000,11,1.7573564631,1.8743012153,4,4,4,4
closed_n12,12,0.200000,0.500000,false,2,256,1.000e-12,0.02000,9.750000,1,1.7666038358,1.8792712245,4,4,4,4
closed_n12,12,0.200000,0.500000,false,2,256,1.000e-12,0.02000,9.750000,2,2.3284085813,3.0181482230,16,16,16,16
closed_n12,12,0.200000,0.500000,false,2,256,1.000e-12,0.02000,9.750000,3,3.5578104794,4.3919456692,64,63,64,64
closed_n12,12,0.200000,0.500000,false,2,256,1.000e-12,0.02000,9.750000,4,4.2267359431,5.5696558861,256,242,256,256
closed_n12,12,0.200000,0.500000,false,2,256,1.000e-12,0.02000,9.750000,5,4.9555246957,6.2916261648,256,256,256,1024
closed_n12,12,0.200000,0.500000,false,2,256,1.000e-12,0.02000,9.750000,6,5.2258699431,6.5587816987,256,256,256,4096
closed_n12,12,0.200000,0.500000,false,2,256,1.000e-12,0.02000,9.750000,7,4.9555919084,6.2918480071,256,256,256,1024
closed_n12,12,0.200000,0.500000,false,2,256,1.000e-12,0.02000,9.750000,8,4.2263601009,5.5700508128,256,242,256,256
closed_n12,12,0.200000,0.500000,false,2,256,1.000e-12,0.02000,9.750000,9,3.5581182020,4.3925557985,64,63,64,64
closed_n12,12,0.200000,0.500000,false,2,256,1.000e-12,0.02000,9.750000,10,2.3285718110,3.0183213982,16,16,16,16
closed_n12,12,0.200000,0.500000,false,2,256,1.000e-12,0.02000,9.750000,11,1.7667901097,1.8793795546,4,4,4,4
closed_n12,12,0.200000,0.500000,false,2,256,1.000e-12,0.02000,10.000000,1,1.7909712513,1.8922672174,4,4,4,4
closed_n12,12,0.200000,0.500000,false,2,256,1.000e-12,0.02000,10.000000,2,2.3904548877,3.0583494790,16,16,16,16
closed_n12,12,0.200000,0.500000,false,2,256,1.000e-12,0.02000,10.000000,3,3.6138070887,4.4321395347,64,63,64,64
closed_n12,12,0.200000,0.500000,false,2,256,1.000e-12,0.02000,10.000000,4,4.1992558772,5.5531135104,256,243,256,256
closed_n12,12,0.200000,0.500000,false,2,256,1.000e-12,0.02000,10.000000,5,5.0550319137,6.3518523384,256,256,256,1024
closed_n12,12,0.200000,0.500000,false,2,256,1.000e-12,0.02000,10.000000,6,5.0868632671,6.5036112442,256,256,256,4096
closed_n12,12,0.200000,0.500000,false,2,256,1.000e-12,0.02000,10.000000,7,5.0551527253,6.3522028052,256,256,256,1024
closed_n12,12,0.200000,0.500000,false,2,256,1.000e-12,0.02000,10.000000,8,4.1985600176,5.5531947747,256,243,256,256
closed_n12,12,0.200000,0.500000,false,2,256,1.000e-12,0.02000,10.000000,9,3.6140018333,4.4326603027,64,63,64,64
closed_n12,12,0.200000,0.500000,false,2,256,1.000e-12,0.02000,10.000000,10,2.3906727930,3.0584619327,16,16,16,16
closed_n12,12,0.200000,0.500000,false,2,256,1.000e-12,0.02000,10.000000,11,1.7911426288,1.8923578952,4,4,4,4
open_n16,16,0.200000,0.500000,true,2,256,1.000e-12,0.02000,0.000000,1,0.0000000000,0.0000000000,1,1,1,4
open_n16,16,0.200000,0.500000,true,2,256,1.000e-12,0.02000,0.000000,2,0.0000000000,0.0000000000,1,1,1,16
open_n16,16,0.200000,0.500000,true,2,256,1.000e-12,0.02000,0.000000,3,0.0000000000,0.0000000000,1,1,1,64
open_n16,16,0.200000,0.500000,true,2,256,1.000e-12,0.02000,0.000000,4,0.0000000000,0.0000000000,1,1,1,256
open_n16,16,0.200000,0.500000,true,2,256,1.000e-12,0.02000,0.000000,5,0.0000000000,0.0000000000,1,1,1,1024
open_n16,16,0.200000,0.500000,true,2,256,1.000e-12,0.02000,0.000000,6,0.0000000000,0.0000000000,1,1,1,4096
open_n16,16,0.200000,0.500000,true,2,256,1.000e-12,0.02000,0.000000,7,0.0000000000,0.0000000000,1,1,1,16384
open_n16,16,0.200000,0.500000,true,2,256,1.000e-12,0.02000,0.000000,8,0.0000000000,0.0000000000,1,1,1,65536
open_n16,16,0.200000,0.500000,true,2,256,1.000e-12,0.02000,0.000000,9,0.0000000000,0.0000000000,1,1,1,16384
open_n16,16,0.200000,0.500000,true,2,256,1.000e-12,0.02000,0.000000,10,0.0000000000,0.0000000000,1,1,1,4096
open_n16,16,0.200000,0.500000,true,2,256,1.000e-12,0.02000,0.000000,11,0.0000000000,0.0000000000,1,1,1,1024
open_n16,16,0.200000,0.500000,true,2,256,1.000e-12,0.02000,0.000000,12,0.0000000000,0.0000000000,1,1,1,256
open_n16,16,0.200000,0.500000,true,2,256,1.000e-12,0.02000,0.000000,13,0.0000000000,0.0000000000,1,1,1,64
open_n16,16,0.200000,0.500000,true,2,256,1.000e-12,0.02000,0.000000,14,0.0000000000,0.0000000000,1,1,1,16
open_n16,16,0.200000,0.500000,true,2,256,1.000e-12,0.02000,0.000000,15,0.0000000000,0.0000000000,1,1,1,4
open_n16,16,0.200000,0.500000,true,2,256,1.000e-12,0.02000,0.250000,1,0.2288450291,0.6343221821,4,4,4,4
open_n16,16,0.200000,0.500000,true,2,256,1.000e-12,0.02000,0.250000,2,0.2253435758,0.6450026172,15,7,12,16
open_n16,16,0.200000,0.500000,true,2,256,1.000e-12,0.02000,0.250000,3,0.2252792338,0.6449056515,14,7,13,64
open_n16,16,0.200000,0.500000,true,2,256,1.000e-12,0.02000,0.250000,4,0.2253620726,0.6449748397,15,6,14,256
open_n16,16,0.200000,0.500000,true,2,256,1.000e-12,0.02000,0.250000,5,0.2252791262,0.6449056216,14,7,13,1024
open_n16,16,0.200000,0.500000,true,2,256,1.000e-12,0.02000,0.250000,6,0.2253620669,0.6449748301,15,6,14,4096
open_n16,16,0.200000,0.500000,true,2,256,1.000e-12,0.02000,0.250000,7,0.2252791262,0.6449056213,14,7,13,16384
open_n16,16,0.200000,0.500000,true,2,256,1.000e-12,0.02000,0.250000,8,0.2253620669,0.6449748301,15,6,14,65536
open_n16,16,0.200000,0.500000,true,2,256,1.000e-12,0.02000,0.250000,9,0.2252791262,0.6449056213,14,7,13,16384
open_n16,16,0.200000,0.500000,true,2,256,1.000e-12,0.02000,0.250000,10,0.2253620669,0.6449748301,15,6,14,4096
open_n16,16,0.200000,0.500000,true,2,256,1.000e-12,0.02000,0.250000,11,0.2252791262,0.6449056213,14,7,13,1024
open_n16,16,0.200000,0.500000,true,2,256,1.000e-12,0.02000,0.250000,12,0.2253620667,0.6449748308,15,6,14,256
open_n16,16,0.200000,0.500000,true,2,256,1.000e-12,0.02000,0.250000,13,0.2252792387,0.6449056131,14,7,13,64
open_n16,16,0.200000,0.500000,true,2,256,1.000e-12,0.02000,0.250000,14,0.2253432653,0.6449903022,13,7,12,16
open_n16,16,0.200000,0.500000,true,2,256,1.000e-12,0.02000,0.250000,15,0.2288243835,0.6341637458,4,4,4,4
open_n16,16,0.200000,0.500000,true,2,256,1.000e-12,0.02000,0.500000,1,0.6401624360,1.1090429875,4,4,4,4
open_n16,16,0.200000,0.500000,true,2,256,1.000e-12,0.02000,0.500000,2,0.6127057307,1.1872659816,16,12,16,16
open_n16,16,0.200000,0.500000,true,2,256,1.000e-12,0.02000,0.500000,3,0.6129868602,1.1871610531,28,12,25,64
open_n16,16,0.200000,0.500000,true,2,256,1.000e-12,0.02000,0.500000,4,0.6131176786,1.1872297765,32,12,26,256
open_n16,16,0.200000,0.500000,true,2,256,1.000e-12,0.02000,0.500000,5,0.6129749418,1.1871480726,29,12,25,1024
open_n16,16,0.200000,0.500000,true,2,256,1.000e-12,0.02000,0.500000,6,0.6131180168,1.1872300222,32,12,26,4096
open_n16,16,0.200000,0.500000,true,2,256,1.000e-12,0.02000,0.500000,7,0.6129749373,1.1871481072,29,12,25,16384
open_n16,16,0.200000,0.500000,true,2,256,1.000e-12,0.02000,0.500000,8,0.6131180179,1.1872300230,32,12,26,65536
open_n16,16,0.200000,0.500000,true,2,256,1.000e-12,0.02000,0.500000,9,0.6129749373,1.1871481072,29,12,25,16384
open_n16,16,0.200000,0.500000,true,2,256,1.000e-12,0.02000,0.500000,10,0.6131180171,1.1872300219,32,12,26,4096
open_n16,16,0.200000,0.500000,true,2,256,1.000e-12,0.02000,0.500000,11,0.6129749353,1.1871480838,29,12,25,1024
open_n16,16,0.200000,0.500000,true,2,256,1.000e-12,0.02000,0.500000,12,0.6131177938,1.1872298152,32,12,26,256
open_n16,16,0.200000,0.500000,true,2,256,1.000e-12,0.02000,0.500000,13,0.6129872754,1.1871567072,28,12,25,64
open_n16,16,0.200000,0.500000,true,2,256,1.000e-12,0.02000,0.500000,14,0.6126583352,1.1868571474,16,12,16,16
open_n16,16,0.200000,0.500000,true,2,256,1.000e-12,0.02000,0.500000,15,0.6392792941,1.1070398152,4,4,4,4
open_n16,16,0.200000,0.500000,true,2,256,1.000e-12,0.02000,0.750000,1,1.0585796467,1.4479064769,4,4,4,4
open_n16,16,0.200000,0.500000,true,2,256,1.000e-12,0.02000,0.750000,2,1.0077854545,1.6779335653,16,15,16,16
open_n16,16,0.200000,0.500000,true,2,256,1.000e-12,0.02000,0.750000,3,1.0079692466,1.6809278092,44,20,40,64
open_n16,16,0.200000,0.500000,true,2,256,1.000e-12,0.02000,0.750000,4,1.0078769669,1.6808259060,53,20,46,256
open_n16,16,0.200000,0.500000,true,2,256,1.000e-12,0.02000,0.750000,5,1.0078509772,1.6807827347,48,20,43,1024
open_n16,16,0.200000,0.500000,true,2,256,1.000e-12,0.02000,0.750000,6,1.0078744128,1.6808156076,53,20,46,4096
open_n16,16,0.200000,0.500000,true,2,256,1.000e-12,0.02000,0.750000,7,1.0078508967,1.6807823564,48,20,43,16384
open_n16,16,0.200000,0.500000,true,2,256,1.000e-12,0.02000,0.750000,8,1.0078743785,1.6808155681,53,20,46,65536
open_n16,16,0.200000,0.500000,true,2,256,1.000e-12,0.02000,0.750000,9,1.0078508916,1.6807823437,48,20,43,16384
open_n16,16,0.200000,0.500000,true,2,256,1.000e-12,0.02000,0.750000,10,1.0078743538,1.6808155214,53,20,46,4096
open_n16,16,0.200000,0.500000,true,2,256,1.000e-12,0.02000,0.750000,11,1.0078505932,1.6807821546,48,20,43,1024
open_n16,16,0.200000,0.500000,true,2,256,1.000e-12,0.02000,0.750000,12,1.0078749511,1.6808181901,53,20,46,256
open_n16,16,0.200000,0.500000,true,2,256,1.000e-12,0.02000,0.750000,13,1.0079561731,1.6807896598,42,20,38,64
open_n16,16,0.200000,0.500000,true,2,256,1.000e-12,0.02000,0.750000,14,1.0070423689,1.6754746239,16,14,16,16
open_n16,16,0.200000,0.500000,true,2,256,1.000e-12,0.02000,0.750000,15,1.0519296451,1.4399724332,4,4,4,4
open_n16,16,0.200000,0.500000,true,2,256,1.000e-12,0.02000,1.000000,1,1.4020419211,1.6754952188,4,4,4,4
open_n16,16,0.200000,0.500000,true,2,256,1.000e-12,0.02000,1.000000,2,1.3909847954,2.1259964363,16,16,16,16
open_n16,16,0.200000,0.500000,true,2,256,1.000e-12,0.02000,1.000000,3,1.3841676495,2.1478566867,59,29,56,64
open_n16,16,0.200000,0.500000,true,2,256,1.000e-12,0.02000,1.000000,4,1.3834764804,2.1469740674,84,29,71,256
open_n16,16,0.200000,0.500000,true,2,256,1.000e-12,0.02000,1.000000,5,1.3837105858,2.1469284284,76,29,65,1024
open_n16,16,0.200000,0.500000,true,2,256,1.000e-12,0.02000,1.000000,6,1.3834216752,2.1469028592,85,29,72,4096
open_n16,16,0.200000,0.500000,true,2,256,1.000e-12,0.02000,1.000000,7,1.3837070783,2.1469187144,76,29,65,16384
open_n16,16,0.200000,0.500000,true,2,256,1.000e-12,0.02000,1.000000,8,1.3834208491,2.1469017486,85,29,72,65536
open_n16,16,0.200000,0.500000,true,2,256,1.000e-12,0.02000,1.000000,9,1.3837068506,2.1469183295,76,29,65,16384
open_n16,16,0.200000,0.500000,true,2,256,1.000e-12,0.02000,1.000000,10,1.3834197743,2.1469001295,85,29,72,4096
open_n16,16,0.200000,0.500000,true,2,256,1.000e-12,0.02000,1.000000,11,1.3836996377,2.1469128649,76,29,64,1024
open_n16,16,0.200000,0.500000,true,2,256,1.000e-12,0.02000,1.000000,12,1.3834376408,2.1468743165,82,29,71,256
open_n16,16,0.200000,0.500000,true,2,256,1.000e-12,0.02000,1.000000,13,1.3839278055,2.1467594348,50,28,49,64
open_n16,16,0.200000,0.500000,true,2,256,1.000e-12,0.02000,1.000000,14,1.3862645708,2.1168898393,16,16,16,16
open_n16,16,0.200000,0.500000,true,2,256,1.000e-12,0.02000,1.000000,15,1.3788297424,1.6564770082,4,4,4,4
open_n16,16,0.200000,0.500000,true,2,256,1.000e-12,0.02000,1.250000,1,1.6409301043,1.8153828569,4,4,4,4
open_n16,16,0.200000,0.500000,true,2,256,1.000e-12,0.02000,1.250000,2,1.7624795996,2.5099179730,16,16,16,16
open_n16,16,0.200000,0.500000,true,2,256,1.000e-12,0.02000,1.250000,3,1.7418401176,2.5908354560,64,42,63,64
open_n16,16,0.200000,0.500000,true,2,256,1.000e-12,0.02000,1.250000,4,1.7395085613,2.5879073268,126,45,108,256
open_n16,16,0.200000,0.500000,true,2,256,1.000e-12,0.02000,1.250000,5,1.7398769456,2.5877293534,116,45,104,1024
open_n16,16,0.200000,0.500000,true,2,256,1.000e-12,0.02000,1.250000,6,1.7391909337,2.5876506800,131,45,112,4096
open_n16,16,0.200000,0.500000,true,2,256,1.000e-12,0.02000,1.250000,7,1.7398410390,2.5876568079,116,45,104,16384
open_n16,16,0.200000,0.500000,true,2,256,1.000e-12,0.02000,1.250000,8,1.7391816167,2.5876379621,131,45,112,65536
open_n16,16,0.200000,0.500000,true,2,256,1.000e-12,0.02000,1.250000,9,1.7398360584,2.5876497696,116,45,104,16384
open_n16,16,0.200000,0.500000,true,2,256,1.000e-12,0.02000,1.250000,10,1.7391632974,2.5876171007,131,45,112,4096
open_n16,16,0.200000,0.500000,true,2,256,1.000e-12,0.02000,1.250000,11,1.7397686698,2.5875972410,116,45,104,1024
open_n16,16,0.200000,0.500000,true,2,256,1.000e-12,0.02000,1.250000,12,1.7391871525,2.5872697650,119,45,103,256
open_n16,16,0.200000,0.500000,true,2,256,1.000e-12,0.02000,1.250000,13,1.7402872325,2.5861743090,58,39,56,64
open_n16,16,0.200000,0.500000,true,2,256,1.000e-12,0.02000,1.250000,14,1.7437657362,2.4846196684,16,16,16,16
open_n16,16,0.200000,0.500000,true,2,256,1.000e-12,0.02000,1.250000,15,1.5896687584,1.7815073255,4,4,4,4
open_n16,16,0.200000,0.500000,true,2,256,1.000e-12,0.02000,1.500000,1,1.7770174272,1.8893001621,4,4,4,4
open_n16,16,0.200000,0.500000,true,2,256,1.000e-12,0.02000,1.500000,2,2.0894450921,2.8050895851,16,16,16,16
open_n16,16,0.200000,0.500000,true,2,256,1.000e-12,0.02000,1.500000,3,2.0754287129,3.0088846125,64,53,64,64
open_n16,16,0.200000,0.500000,true,2,256,1.000e-12,0.02000,1.500000,4,2.0661743671,3.0041315622,177,68,154,256
open_n16,16,0.200000,0.500000,true,2,256,1.000e-12,0.02000,1.500000,5,2.0663434056,3.0036189320,175,67,153,1024
open_n16,16,0.200000,0.500000,true,2,256,1.000e-12,0.02000,1.500000,6,2.0653245086,3.0034884301,199,67,167,4096
open_n16,16,0.200000,0.500000,true,2,256,1.000e-12,0.02000,1.500000,7,2.0661749992,3.0033364095,175,67,151,16384
open_n16,16,0.200000,0.500000,true,2,256,1.000e-12,0.02000,1.500000,8,2.0652744351,3.0034186074,199,67,167,65536
open_n16,16,0.200000,0.500000,true,2,256,1.000e-12,0.02000,1.500000,9,2.0661293855,3.0032827529,175,67,152,16384
open_n16,16,0.200000,0.500000,true,2,256,1.000e-12,0.02000,1.500000,10,2.0651443777,3.0032942614,198,67,167,4096
open_n16,16,0.200000,0.500000,true,2,256,1.000e-12,0.02000,1.500000,11,2.0658146270,3.0030373328,174,67,152,1024
open_n16,16,0.200000,0.500000,true,2,256,1.000e-12,0.02000,1.500000,12,2.0645468222,3.0014851293,156,68,142,256
open_n16,16,0.200000,0.500000,true,2,256,1.000e-12,0.02000,1.500000,13,2.0690453605,2.9945276737,61,48,61,64
open_n16,16,0.200000,0.500000,true,2,256,1.000e-12,0.02000,1.500000,14,2.0362509715,2.7491127158,16,16,16,16
open_n16,16,0.200000,0.500000,true,2,256,1.000e-12,0.02000,1.500000,15,1.6934208324,1.8398546548,4,4,4,4
open_n16,16,0.200000,0.500000,true,2,256,1.000e-12,0.02000,1.750000,1,1.8290164945,1.9166988608,4,4,4,4
open_n16,16,0.200000,0.500000,true,2,256,1.000e-12,0.02000,1.750000,2,2.3256878542,3.0013221425,16,16,16,16
open_n16,16,0.200000,0.500000,true,2,256,1.000e-12,0.02000,1.750000,3,2.3825231957,3.3938774895,64,59,64,64
open_n16,16,0.200000,0.500000,true,2,256,1.000e-12,0.02000,1.750000,4,2.3533142103,3.3959685975,219,97,202,256
open_n16,16,0.200000,0.500000,true,2,256,1.000e-12,0.02000,1.750000,5,2.3533068081,3.3945789751,256,100,227,1024
open_n16,16,0.200000,0.500000,true,2,256,1.000e-12,0.02000,1.750000,6,2.3521355712,3.3943042582,256,100,245,4096
open_n16,16,0.200000,0.500000,true,2,256,1.000e-12,0.02000,1.750000,7,2.3528470542,3.3938783962,256,99,227,16384
open_n16,16,0.200000,0.500000,true,2,256,1.000e-12,0.02000,1.750000,8,2.3519913728,3.3940886103,256,100,245,65536
open_n16,16,0.200000,0.500000,true,2,256,1.000e-12,0.02000,1.750000,9,2.3526508478,3.3936674034,256,99,226,16384
open_n16,16,0.200000,0.500000,true,2,256,1.000e-12,0.02000,1.750000,10,2.3514864126,3.3936503353,256,100,245,4096
open_n16,16,0.200000,0.500000,true,2,256,1.000e-12,0.02000,1.750000,11,2.3519140867,3.3929370184,251,100,223,1024
open_n16,16,0.200000,0.500000,true,2,256,1.000e-12,0.02000,1.750000,12,2.3477194796,3.3877613789,188,94,175,256
open_n16,16,0.200000,0.500000,true,2,256,1.000e-12,0.02000,1.750000,13,2.3620464125,3.3582807216,63,54,63,64
open_n16,16,0.200000,0.500000,true,2,256,1.000e-12,0.02000,1.750000,14,2.2114189847,2.8996815963,16,16,16,16
open_n16,16,0.200000,0.500000,true,2,256,1.000e-12,0.02000,1.750000,15,1.7178081966,1.8538522699,4,4,4,4
open_n16,16,0.200000,0.500000,true,2,256,1.000e-12,0.02000,2.000000,1,1.8206591672,1.9132527556,4,4,4,4
open_n16,16,0.200000,0.500000,true,2,256,1.000e-12,0.02000,2.000000,2,2.4461328866,3.1050407119,16,16,16,16
open_n16,16,0.200000,0.500000,true,2,256,1.000e-12,0.02000,2.000000,3,2.6528209654,3.7231529518,64,62,64,64
open_n16,16,0.200000,0.500000,true,2,256,1.000e-12,0.02000,2.000000,4,2.5898322125,3.7573484581,240,131,232,256
open_n16,16,0.200000,0.500000,true,2,256,1.000e-12,0.02000,2.000000,5,2.5895417795,3.7532927779,256,139,256,1024
open_n16,16,0.200000,0.500000,true,2,256,1.000e-12,0.02000,2.000000,6,2.5883345913,3.7523463187,256,138,256,4096
open_n16,16,0.200000,0.500000,true,2,256,1.000e-12,0.02000,2.000000,7,2.5886170022,3.7517297595,256,138,256,16384
open_n16,16,0.200000,0.500000,true,2,256,1.000e-12,0.02000,2.000000,8,2.5882272144,3.7519535727,256,138,256,65536
open_n16,16,0.200000,0.500000,true,2,256,1.000e-12,0.02000,2.000000,9,2.5882529017,3.7513028653,256,138,256,16384
open_n16,16,0.200000,0.500000,true,2,256,1.000e-12,0.02000,2.000000,10,2.5870433851,3.7509875449,256,138,256,4096
open_n16,16,0.200000,0.500000,true,2,256,1.000e-12,0.02000,2.000000,11,2.5877734998,3.7498518690,256,138,256,1024
open_n16,16,0.200000,0.500000,true,2,256,1.000e-12,0.02000,2.000000,12,2.5754232460,3.7368301937,212,121,200,256
open_n16,16,0.200000,0.500000,true,2,256,1.000e-12,0.02000,2.000000,13,2.5993717830,3.6496190646,64,58,64,64
open_n16,16,0.200000,0.500000,true,2,256,1.000e-12,0.02000,2.000000,14,2.2526241681,2.9501051402,16,16,16,16
open_n16,16,0.200000,0.500000,true,2,256,1.000e-12,0.02000,2.000000,15,1.6903716085,1.8402150190,4,4,4,4
open_n16,16,0.200000,0.500000,true,2,256,1.000e-12,0.02000,2.250000,1,1.7700765147,1.8888004017,4,4,4,4
open_n16,16,0.200000,0.500000,true,2,256,1.000e-12,0.02000,2.250000,2,2.4576212420,3.1345201164,16,16,16,16
open_n16,16,0.200000,0.500000,true,2,256,1.000e-12,0.02000,2.250000,3,2.8499010355,3.9673236358,64,63,64,64
open_n16,16,0.200000,0.500000,true,2,256,1.000e-12,0.02000,2.250000,4,2.7557376867,4.0739243030,247,164,244,256
open_n16,16,0.200000,0.500000,true,2,256,1.000e-12,0.02000,2.250000,5,2.7522526665,4.0651982018,256,190,256,1024
open_n16,16,0.200000,0.500000,true,2,256,1.000e-12,0.02000,2.250000,6,2.7501402204,4.0618664180,256,188,256,4096
open_n16,16,0.200000,0.500000,true,2,256,1.000e-12,0.02000,2.250000,7,2.7500194428,4.0610030071,256,187,256,16384
open_n16,16,0.200000,0.500000,true,2,256,1.000e-12,0.02000,2.250000,8,2.7509006713,4.0614198537,256,188,256,65536
open_n16,16,0.200000,0.500000,true,2,256,1.000e-12,0.02000,2.250000,9,2.7502911981,4.0607512664,256,187,256,16384
open_n16,16,0.200000,0.500000,true,2,256,1.000e-12,0.02000,2.250000,10,2.7495096568,4.0602672500,256,187,256,4096
open_n16,16,0.200000,0.500000,true,2,256,1.000e-12,0.02000,2.250000,11,2.7525650227,4.0586495730,256,187,256,1024
open_n16,16,0.200000,0.500000,true,2,256,1.000e-12,0.02000,2.250000,12,2.7252509214,4.0305136212,226,147,220,256
open_n16,16,0.200000,0.500000,true,2,256,1.000e-12,0.02000,2.250000,13,2.7376465442,3.8376765253,64,60,64,64
open_n16,16,0.200000,0.500000,true,2,256,1.000e-12,0.02000,2.250000,14,2.1886239277,2.9307903098,16,16,16,16
open_n16,16,0.200000,0.500000,true,2,256,1.000e-12,0.02000,2.250000,15,1.6264325657,1.8072410204,4,4,4,4
open_n16,16,0.200000,0.500000,true,2,256,1.000e-12,0.02000,2.500000,1,1.6850475033,1.8467565390,4,4,4,4
open_n16,16,0.200000,0.500000,true,2,256,1.000e-12,0.02000,2.500000,2,2.3848278542,3.1127937956,16,16,16,16
open_n16,16,0.200000,0.500000,true,2,256,1.000e-12,0.02000,2.500000,3,2.9229101199,4.1045980840,64,63,64,64
open_n16,16,0.200000,0.500000,true,2,256,1.000e-12,0.02000,2.500000,4,2.8243695678,4.3238410491,250,191,248,256
open_n16,16,0.200000,0.500000,true,2,256,1.000e-12,0.02000,2.500000,5,2.8115231678,4.3132256786,256,227,256,1024
open_n16,16,0.200000,0.500000,true,2,256,1.000e-12,0.02000,2.500000,6,2.8047537494,4.3031624769,256,227,256,4096
open_n16,16,0.200000,0.500000,true,2,256,1.000e-12,0.02000,2.500000,7,2.8045023211,4.3015545340,256,226,256,16384
open_n16,16,0.200000,0.500000,true,2,256,1.000e-12,0.02000,2.500000,8,2.8079042719,4.3025373638,256,226,256,65536
open_n16,16,0.200000,0.500000,true,2,256,1.000e-12,0.02000,2.500000,9,2.8078764118,4.3027332323,256,226,256,16384
open_n16,16,0.200000,0.500000,true,2,256,1.000e-12,0.02000,2.500000,10,2.8089361452,4.3028318279,256,227,256,4096
open_n16,16,0.200000,0.500000,true,2,256,1.000e-12,0.02000,2.500000,11,2.8167336277,4.3005759382,256,224,256,1024
open_n16,16,0.200000,0.500000,true,2,256,1.000e-12,0.02000,2.500000,12,2.7691677113,4.2441565246,237,168,230,256
open_n16,16,0.200000,0.500000,true,2,256,1.000e-12,0.02000,2.500000,13,2.7356706847,3.9070838488,64,61,64,64
open_n16,16,0.200000,0.500000,true,2,256,1.000e-12,0.02000,2.500000,14,2.0677654580,2.8726756182,16,16,16,16
open_n16,16,0.200000,0.500000,true,2,256,1.000e-12,0.02000,2.500000,15,1.5284517451,1.7553619045,4,4,4,4
open_n16,16,0.200000,0.500000,true,2,256,1.000e-12,0.02000,2.750000,1,1.5651508181,1.7855097252,4,4,4,4
open_n16,16,0.200000,0.500000,true,2,256,1.000e-12,0.02000,2.750000,2,2.2476405136,3.0571067552,16,16,16,16
open_n16,16,0.200000,0.500000,true,2,256,1.000e-12,0.02000,2.750000,3,2.8377980060,4.1270341770,64,63,64,64
open_n16,16,0.200000,0.500000,true,2,256,1.000e-12,0.02000,2.750000,4,2.7698443922,4.4801651705,252,211,250,256
open_n16,16,0.200000,0.500000,true,2,256,1.000e-12,0.02000,2.750000,5,2.7441786958,4.4792044449,256,242,256,1024
open_n16,16,0.200000,0.500000,true,2,256,1.000e-12,0.02000,2.750000,6,2.7258696143,4.4561170243,256,242,256,4096
open_n16,16,0.200000,0.500000,true,2,256,1.000e-12,0.02000,2.750000,7,2.7252251798,4.4521784392,256,242,256,16384
open_n16,16,0.200000,0.500000,true,2,256,1.000e-12,0.02000,2.750000,8,2.7319887617,4.4539565933,256,242,256,65536
open_n16,16,0.200000,0.500000,true,2,256,1.000e-12,0.02000,2.750000,9,2.7352210135,4.4566632688,256,242,256,16384
open_n16,16,0.200000,0.500000,true,2,256,1.000e-12,0.02000,2.750000,10,2.7404146738,4.4586391477,256,242,256,4096
open_n16,16,0.200000,0.500000,true,2,256,1.000e-12,0.02000,2.750000,11,2.7541539550,4.4551957662,256,241,256,1024
open_n16,16,0.200000,0.500000,true,2,256,1.000e-12,0.02000,2.750000,12,2.6855760624,4.3517983598,242,182,239,256
open_n16,16,0.200000,0.500000,true,2,256,1.000e-12,0.02000,2.750000,13,2.5916666358,3.8672222818,64,61,64,64
open_n16,16,0.200000,0.500000,true,2,256,1.000e-12,0.02000,2.750000,14,1.9267545553,2.7937614474,16,16,16,16
open_n16,16,0.200000,0.500000,true,2,256,1.000e-12,0.02000,2.750000,15,1.3943638550,1.6813629930,4,4,4,4
open_n16,16,0.200000,0.500000,true,2,256,1.000e-12,0.02000,3.000000,1,1.4080999833,1.7011446271,4,4,4,4
open_n16,16,0.200000,0.500000,true,2,256,1.000e-12,0.02000,3.000000,2,2.0520514811,2.9701701368,16,16,16,16
open_n16,16,0.200000,0.500000,true,2,256,1.000e-12,0.02000,3.000000,3,2.5988465795,4.0408874539,64,63,64,64
open_n16,16,0.200000,0.500000,true,2,256,1.000e-12,0.02000,3.000000,4,2.5786837829,4.5190546441,253,219,252,256
open_n16,16,0.200000,0.500000,true,2,256,1.000e-12,0.02000,3.000000,5,2.5452525292,4.5453128616,256,247,256,1024
open_n16,16,0.200000,0.500000,true,2,256,1.000e-12,0.02000,3.000000,6,2.5094305965,4.5041408093,256,247,256,4096
open_n16,16,0.200000,0.500000,true,2,256,1.000e-12,0.02000,3.000000,7,2.5069044496,4.4951148405,256,247,256,16384
open_n16,16,0.200000,0.500000,true,2,256,1.000e-12,0.02000,3.000000,8,2.5163958020,4.4972389257,256,247,256,65536
open_n16,16,0.200000,0.500000,true,2,256,1.000e-12,0.02000,3.000000,9,2.5256679531,4.5043237072,256,247,256,16384
open_n16,16,0.200000,0.500000,true,2,256,1.000e-12,0.02000,3.000000,10,2.5371147987,4.5093727200,256,247,256,4096
open_n16,16,0.200000,0.500000,true,2,256,1.000e-12,0.02000,3.000000,11,2.5570068533,4.5034731044,256,246,256,1024
open_n16,16,0.200000,0.500000,true,2,256,1.000e-12,0.02000,3.000000,12,2.4745315540,4.3367739029,246,191,243,256
open_n16,16,0.200000,0.500000,true,2,256,1.000e-12,0.02000,3.000000,13,2.3457744911,3.7467523167,64,61,64,64
open_n16,16,0.200000,0.500000,true,2,256,1.000e-12,0.02000,3.000000,14,1.7765800652,2.6960218580,16,16,16,16
open_n16,16,0.200000,0.500000,true,2,256,1.000e-12,0.02000,3.000000,15,1.2268810289,1.5831531979,4,4,4,4
open_n16,16,0.200000,0.500000,true,2,256,1.000e-12,0.02000,3.250000,1,1.2180406308,1.5913276458,4,4,4,4
open_n16,16,0.200000,0.500000,true,2,256,1.000e-12,0.02000,3.250000,2,1.8025876231,2.8438643224,16,16,16,16
open_n16,16,0.200000,0.500000,true,2,256,1.000e-12,0.02000,3.250000,3,2.2493850040,3.8656175780,64,62,64,64
open_n16,16,0.200000,0.500000,true,2,256,1.000e-12,0.02000,3.250000,4,2.2675497683,4.4312294204,253,221,252,256
open_n16,16,0.200000,0.500000,true,2,256,1.000e-12,0.02000,3.250000,5,2.2363017825,4.4990672707,256,249,256,1024
open_n16,16,0.200000,0.500000,true,2,256,1.000e-12,0.02000,3.250000,6,2.1830091490,4.4389885148,256,249,256,4096
open_n16,16,0.200000,0.500000,true,2,256,1.000e-12,0.02000,3.250000,7,2.1767560261,4.4219699275,256,249,256,16384
open_n16,16,0.200000,0.500000,true,2,256,1.000e-12,0.02000,3.250000,8,2.1869889608,4.4230314570,256,249,256,65536
open_n16,16,0.200000,0.500000,true,2,256,1.000e-12,0.02000,3.250000,9,2.2033083903,4.4357620127,256,249,256,16384
open_n16,16,0.200000,0.500000,true,2,256,1.000e-12,0.02000,3.250000,10,2.2219417705,4.4443634302,256,249,256,4096
open_n16,16,0.200000,0.500000,true,2,256,1.000e-12,0.02000,3.250000,11,2.2481174760,4.4342605548,256,248,256,1024
open_n16,16,0.200000,0.500000,true,2,256,1.000e-12,0.02000,3.250000,12,2.1685903143,4.2038959533,247,194,246,256
open_n16,16,0.200000,0.500000,true,2,256,1.000e-12,0.02000,3.250000,13,2.0497222486,3.5767053213,64,61,64,64
open_n16,16,0.200000,0.500000,true,2,256,1.000e-12,0.02000,3.250000,14,1.6102620379,2.5742507639,16,16,16,16
open_n16,16,0.200000,0.500000,true,2,256,1.000e-12,0.02000,3.250000,15,1.0383726578,1.4630609897,4,4,4,4
open_n16,16,0.200000,0.500000,true,2,256,1.000e-12,0.02000,3.500000,1,1.0109901844,1.4593033090,4,4,4,4
open_n16,16,0.200000,0.500000,true,2,256,1.000e-12,0.02000,3.500000,2,1.5178729149,2.6729050669,16,16,16,16
open_n16,16,0.200000,0.500000,true,2,256,1.000e-12,0.02000,3.500000,3,1.8536229877,3.6287801053,64,62,64,64
open_n16,16,0.200000,0.500000,true,2,256,1.000e-12,0.02000,3.500000,4,1.8882851912,4.2293850561,253,221,252,256
open_n16,16,0.200000,0.500000,true,2,256,1.000e-12,0.02000,3.500000,5,1.8650992628,4.3409932082,256,251,256,1024
open_n16,16,0.200000,0.500000,true,2,256,1.000e-12,0.02000,3.500000,6,1.8011148504,4.2659845071,256,250,256,4096
open_n16,16,0.200000,0.500000,true,2,256,1.000e-12,0.02000,3.500000,7,1.7906620884,4.2392808567,256,250,256,16384
open_n16,16,0.200000,0.500000,true,2,256,1.000e-12,0.02000,3.500000,8,1.7996108395,4.2372440731,256,250,256,65536
open_n16,16,0.200000,0.500000,true,2,256,1.000e-12,0.02000,3.500000,9,1.8217110622,4.2556248684,256,249,256,16384
open_n16,16,0.200000,0.500000,true,2,256,1.000e-12,0.02000,3.500000,10,1.8471395992,4.2675826814,256,249,256,4096
open_n16,16,0.200000,0.500000,true,2,256,1.000e-12,0.02000,3.500000,11,1.8793967032,4.2520939166,256,249,256,1024
open_n16,16,0.200000,0.500000,true,2,256,1.000e-12,0.02000,3.500000,12,1.8238073783,3.9826020010,247,195,246,256
open_n16,16,0.200000,0.500000,true,2,256,1.000e-12,0.02000,3.500000,13,1.7423420749,3.3766758682,64,60,64,64
open_n16,16,0.200000,0.500000,true,2,256,1.000e-12,0.02000,3.500000,14,1.4220747119,2.4287626382,16,16,16,16
open_n16,16,0.200000,0.500000,true,2,256,1.000e-12,0.02000,3.500000,15,0.8498318531,1.3295320792,4,4,4,4
open_n16,16,0.200000,0.500000,true,2,256,1.000e-12,0.02000,3.750000,1,0.8106052044,1.3149286609,4,4,4,4
open_n16,16,0.200000,0.500000,true,2,256,1.000e-12,0.02000,3.750000,2,1.2292867710,2.4634565586,16,16,16,16
open_n16,16,0.200000,0.500000,true,2,256,1.000e-12,0.02000,3.750000,3,1.4702673296,3.3548113983,64,62,64,64
open_n16,16,0.200000,0.500000,true,2,256,1.000e-12,0.02000,3.750000,4,1.5052447790,3.9456000309,253,218,252,256
open_n16,16,0.200000,0.500000,true,2,256,1.000e-12,0.02000,3.750000,5,1.4890721877,4.0870259945,256,251,256,1024
open_n16,16,0.200000,0.500000,true,2,256,1.000e-12,0.02000,3.750000,6,1.4240706034,4.0051213431,256,251,256,4096
open_n16,16,0.200000,0.500000,true,2,256,1.000e-12,0.02000,3.750000,7,1.4107589125,3.9688457872,256,250,256,16384
open_n16,16,0.200000,0.500000,true,2,256,1.000e-12,0.02000,3.750000,8,1.4175319010,3.9622600049,256,250,256,65536
open_n16,16,0.200000,0.500000,true,2,256,1.000e-12,0.02000,3.750000,9,1.4427822306,3.9852022285,256,250,256,16384
open_n16,16,0.200000,0.500000,true,2,256,1.000e-12,0.02000,3.750000,10,1.4735226492,4.0003712742,256,250,256,4096
open_n16,16,0.200000,0.500000,true,2,256,1.000e-12,0.02000,3.750000,11,1.5113577659,3.9806458216,256,250,256,1024
open_n16,16,0.200000,0.500000,true,2,256,1.000e-12,0.02000,3.750000,12,1.4929162960,3.7134693240,247,192,246,256
open_n16,16,0.200000,0.500000,true,2,256,1.000e-12,0.02000,3.750000,13,1.4478833869,3.1549767388,64,59,64,64
open_n16,16,0.200000,0.500000,true,2,256,1.000e-12,0.02000,3.750000,14,1.2182262372,2.2669965955,16,16,16,16
open_n16,16,0.200000,0.500000,true,2,256,1.000e-12,0.02000,3.750000,15,0.6835024436,1.1961184807,4,4,4,4
open_n16,16,0.200000,0.500000,true,2,256,1.000e-12,0.02000,4.000000,1,0.6362427127,1.1707359462,4,4,4,4
open_n16,16,0.200000,0.500000,true,2,256,1.000e-12,0.02000,4.000000,2,0.9660319655,2.2312550850,16,16,16,16
open_n16,16,0.200000,0.500000,true,2,256,1.000e-12,0.02000,4.000000,3,1.1354653884,3.0587914842,64,62,64,64
open_n16,16,0.200000,0.500000,true,2,256,1.000e-12,0.02000,4.000000,4,1.1653683330,3.6176215989,253,214,252,256
open_n16,16,0.200000,0.500000,true,2,256,1.000e-12,0.02000,4.000000,5,1.1524177766,3.7648879604,256,252,256,1024
open_n16,16,0.200000,0.500000,true,2,256,1.000e-12,0.02000,4.000000,6,1.0945436448,3.6855395669,256,253,256,4096
open_n16,16,0.200000,0.500000,true,2,256,1.000e-12,0.02000,4.000000,7,1.0805231683,3.6410105668,256,252,256,16384
open_n16,16,0.200000,0.500000,true,2,256,1.000e-12,0.02000,4.000000,8,1.0853846311,3.6296391409,256,252,256,65536
open_n16,16,0.200000,0.500000,true,2,256,1.000e-12,0.02000,4.000000,9,1.1111210217,3.6553750405,256,251,256,16384
open_n16,16,0.200000,0.500000,true,2,256,1.000e-12,0.02000,4.000000,10,1.1450424587,3.6748266532,256,251,256,4096
open_n16,16,0.200000,0.500000,true,2,256,1.000e-12,0.02000,4.000000,11,1.1883038055,3.6569738089,256,249,256,1024
open_n16,16,0.200000,0.500000,true,2,256,1.000e-12,0.02000,4.000000,12,1.2056658657,3.4282316330,247,187,245,256
open_n16,16,0.200000,0.500000,true,2,256,1.000e-12,0.02000,4.000000,13,1.1818713077,2.9163574491,64,58,64,64
open_n16,16,0.200000,0.500000,true,2,256,1.000e-12,0.02000,4.000000,14,1.0136056153,2.0959080440,16,16,16,16
open_n16,16,0.200000,0.500000,true,2,256,1.000e-12,0.02000,4.000000,15,0.5527081982,1.0761986193,4,4,4,4
open_n16,16,0.200000,0.500000,true,2,256,1.000e-12,0.02000,4.250000,1,0.4950169620,1.0358730143,4,4,4,4
open_n16,16,0.200000,0.500000,true,2,256,1.000e-12,0.02000,4.250000,2,0.7442623812,1.9943064078,16,16,16,16
open_n16,16,0.200000,0.500000,true,2,256,1.000e-12,0.02000,4.250000,3,0.8626738794,2.7524238636,64,61,64,64
open_n16,16,0.200000,0.500000,true,2,256,1.000e-12,0.02000,4.250000,4,0.8880969522,3.2747260551,253,209,251,256
open_n16,16,0.200000,0.500000,true,2,256,1.000e-12,0.02000,4.250000,5,0.8756673105,3.4060624811,256,252,256,1024
open_n16,16,0.200000,0.500000,true,2,256,1.000e-12,0.02000,4.250000,6,0.8293640607,3.3351323084,256,252,256,4096
open_n16,16,0.200000,0.500000,true,2,256,1.000e-12,0.02000,4.250000,7,0.8164674462,3.2855922565,256,251,256,16384
open_n16,16,0.200000,0.500000,true,2,256,1.000e-12,0.02000,4.250000,8,0.8201488749,3.2709184582,256,251,256,65536
open_n16,16,0.200000,0.500000,true,2,256,1.000e-12,0.02000,4.250000,9,0.8446168666,3.2985650007,256,251,256,16384
open_n16,16,0.200000,0.500000,true,2,256,1.000e-12,0.02000,4.250000,10,0.8797280219,3.3243160461,256,251,256,4096
open_n16,16,0.200000,0.500000,true,2,256,1.000e-12,0.02000,4.250000,11,0.9280141313,3.3206323453,256,249,256,1024
open_n16,16,0.200000,0.500000,true,2,256,1.000e-12,0.02000,4.250000,12,0.9690699667,3.1421151236,247,181,244,256
open_n16,16,0.200000,0.500000,true,2,256,1.000e-12,0.02000,4.250000,13,0.9529958299,2.6672821690,64,57,64,64
open_n16,16,0.200000,0.500000,true,2,256,1.000e-12,0.02000,4.250000,14,0.8236997209,1.9200094668,16,16,16,16
open_n16,16,0.200000,0.500000,true,2,256,1.000e-12,0.02000,4.250000,15,0.4571763921,0.9761640118,4,4,4,4
open_n16,16,0.200000,0.500000,true,2,256,1.000e-12,0.02000,4.500000,1,0.3838174186,0.9132304619,4,4,4,4
open_n16,16,0.200000,0.500000,true,2,256,1.000e-12,0.02000,4.500000,2,0.5675146585,1.7667844422,16,16,16,16
open_n16,16,0.200000,0.500000,true,2,256,1.000e-12,0.02000,4.500000,3,0.6509543316,2.4503860827,64,61,64,64
open_n16,16,0.200000,0.500000,true,2,256,1.000e-12,0.02000,4.500000,4,0.6731260299,2.9351110323,253,205,251,256
open_n16,16,0.200000,0.500000,true,2,256,1.000e-12,0.02000,4.500000,5,0.6604220101,3.0394497352,256,250,256,1024
open_n16,16,0.200000,0.500000,true,2,256,1.000e-12,0.02000,4.500000,6,0.6264994074,2.9786680197,256,251,256,4096
open_n16,16,0.200000,0.500000,true,2,256,1.000e-12,0.02000,4.500000,7,0.6157600214,2.9274297843,256,251,256,16384
open_n16,16,0.200000,0.500000,true,2,256,1.000e-12,0.02000,4.500000,8,0.6189057337,2.9122152949,256,251,256,65536
open_n16,16,0.200000,0.500000,true,2,256,1.000e-12,0.02000,4.500000,9,0.6414469416,2.9408565585,256,250,256,16384
open_n16,16,0.200000,0.500000,true,2,256,1.000e-12,0.02000,4.500000,10,0.6764560708,2.9759875906,256,250,256,4096
open_n16,16,0.200000,0.500000,true,2,256,1.000e-12,0.02000,4.500000,11,0.7278614763,2.9980891667,256,248,256,1024
open_n16,16,0.200000,0.500000,true,2,256,1.000e-12,0.02000,4.500000,12,0.7780452950,2.8601737107,247,174,243,256
open_n16,16,0.200000,0.500000,true,2,256,1.000e-12,0.02000,4.500000,13,0.7633934540,2.4166871795,64,55,64,64
open_n16,16,0.200000,0.500000,true,2,256,1.000e-12,0.02000,4.500000,14,0.6588830001,1.7440395454,16,16,16,16
open_n16,16,0.200000,0.500000,true,2,256,1.000e-12,0.02000,4.500000,15,0.3874757749,0.8936694764,4,4,4,4
open_n16,16,0.200000,0.500000,true,2,256,1.000e-12,0.02000,4.750000,1,0.2960732953,0.8015338323,4,4,4,4
open_n16,16,0.200000,0.500000,true,2,256,1.000e-12,0.02000,4.750000,2,0.4322131010,1.5572755865,16,16,16,16
open_n16,16,0.200000,0.500000,true,2,256,1.000e-12,0.02000,4.750000,3,0.4921015987,2.1677995298,64,61,64,64
open_n16,16,0.200000,0.500000,true,2,256,1.000e-12,0.02000,4.750000,4,0.5111613082,2.6098940689,253,199,251,256
open_n16,16,0.200000,0.500000,true,2,256,1.000e-12,0.02000,4.750000,5,0.4987511272,2.6883780699,256,250,256,1024
open_n16,16,0.200000,0.500000,true,2,256,1.000e-12,0.02000,4.750000,6,0.4755131328,2.6358318264,256,251,256,4096
open_n16,16,0.200000,0.500000,true,2,256,1.000e-12,0.02000,4.750000,7,0.4672933656,2.5862484297,256,250,256,16384
open_n16,16,0.200000,0.500000,true,2,256,1.000e-12,0.02000,4.750000,8,0.4703411515,2.5727603738,256,250,256,65536
open_n16,16,0.200000,0.500000,true,2,256,1.000e-12,0.02000,4.750000,9,0.4909924480,2.6026438863,256,250,256,16384
open_n16,16,0.200000,0.500000,true,2,256,1.000e-12,0.02000,4.750000,10,0.5251915814,2.6498405585,256,249,256,4096
open_n16,16,0.200000,0.500000,true,2,256,1.000e-12,0.02000,4.750000,11,0.5764858604,2.6994237329,256,245,256,1024
open_n16,16,0.200000,0.500000,true,2,256,1.000e-12,0.02000,4.750000,12,0.6247964084,2.5864456224,247,165,241,256
open_n16,16,0.200000,0.500000,true,2,256,1.000e-12,0.02000,4.750000,13,0.6104125054,2.1751959881,64,52,64,64
open_n16,16,0.200000,0.500000,true,2,256,1.000e-12,0.02000,4.750000,14,0.5231167595,1.5728050216,16,16,16,16
open_n16,16,0.200000,0.500000,true,2,256,1.000e-12,0.02000,4.750000,15,0.3328971729,0.8222609648,4,4,4,4
open_n16,16,0.200000,0.500000,true,2,256,1.000e-12,0.02000,5.000000,1,0.2264670047,0.6992098769,4,4,4,4
open_n16,16,0.200000,0.500000,true,2,256,1.000e-12,0.02000,5.000000,2,0.3319519250,1.3709308949,16,16,16,16
open_n16,16,0.200000,0.500000,true,2,256,1.000e-12,0.02000,5.000000,3,0.3751408887,1.9130786125,64,60,64,64
open_n16,16,0.200000,0.500000,true,2,256,1.000e-12,0.02000,5.000000,4,0.3908486570,2.3065808213,253,195,250,256
open_n16,16,0.200000,0.500000,true,2,256,1.000e-12,0.02000,5.000000,5,0.3798608564,2.3671387725,256,248,256,1024
open_n16,16,0.200000,0.500000,true,2,256,1.000e-12,0.02000,5.000000,6,0.3645026140,2.3191330846,256,249,256,4096
open_n16,16,0.200000,0.500000,true,2,256,1.000e-12,0.02000,5.000000,7,0.3587227112,2.2735866935,256,249,256,16384
open_n16,16,0.200000,0.500000,true,2,256,1.000e-12,0.02000,5.000000,8,0.3619883761,2.2632321586,256,248,256,65536
open_n16,16,0.200000,0.500000,true,2,256,1.000e-12,0.02000,5.000000,9,0.3810309382,2.2959197100,256,247,256,16384
open_n16,16,0.200000,0.500000,true,2,256,1.000e-12,0.02000,5.000000,10,0.4139193272,2.3562075889,256,247,256,4096
open_n16,16,0.200000,0.500000,true,2,256,1.000e-12,0.02000,5.000000,11,0.4618925651,2.4254508263,256,243,256,1024
open_n16,16,0.200000,0.500000,true,2,256,1.000e-12,0.02000,5.000000,12,0.5026113476,2.3271060938,247,157,238,256
open_n16,16,0.200000,0.500000,true,2,256,1.000e-12,0.02000,5.000000,13,0.4887719667,1.9510136403,64,50,64,64
open_n16,16,0.200000,0.500000,true,2,256,1.000e-12,0.02000,5.000000,14,0.4156141698,1.4104214420,16,16,16,16
open_n16,16,0.200000,0.500000,true,2,256,1.000e-12,0.02000,5.000000,15,0.2859895216,0.7562433133,4,4,4,4
open_n16,16,0.200000,0.500000,true,2,256,1.000e-12,0.02000,5.250000,1,0.1718607160,0.6064422255,4,4,4,4
open_n16,16,0.200000,0.500000,true,2,256,1.000e-12,0.02000,5.250000,2,0.2593759209,1.2116671706,16,16,16,16
open_n16,16,0.200000,0.500000,true,2,256,1.000e-12,0.02000,5.250000,3,0.2895189693,1.6878723729,64,58,64,64
open_n16,16,0.200000,0.500000,true,2,256,1.000e-12,0.02000,5.250000,4,0.3018377564,2.0305972890,253,187,250,256
open_n16,16,0.200000,0.500000,true,2,256,1.000e-12,0.02000,5.250000,5,0.2932725673,2.0807556954,256,246,256,1024
open_n16,16,0.200000,0.500000,true,2,256,1.000e-12,0.02000,5.250000,6,0.2831150889,2.0352348171,256,246,256,4096
open_n16,16,0.200000,0.500000,true,2,256,1.000e-12,0.02000,5.250000,7,0.2794321163,1.9952783778,256,246,256,16384
open_n16,16,0.200000,0.500000,true,2,256,1.000e-12,0.02000,5.250000,8,0.2831303501,1.9888477100,256,245,256,65536
open_n16,16,0.200000,0.500000,true,2,256,1.000e-12,0.02000,5.250000,9,0.3008742862,2.0259440704,256,245,256,16384
open_n16,16,0.200000,0.500000,true,2,256,1.000e-12,0.02000,5.250000,10,0.3319119361,2.0973721602,256,244,256,4096
open_n16,16,0.200000,0.500000,true,2,256,1.000e-12,0.02000,5.250000,11,0.3743774660,2.1750315140,256,241,256,1024
open_n16,16,0.200000,0.500000,true,2,256,1.000e-12,0.02000,5.250000,12,0.4059713235,2.0883460208,247,150,236,256
open_n16,16,0.200000,0.500000,true,2,256,1.000e-12,0.02000,5.250000,13,0.3925038086,1.7468548257,64,49,63,64
open_n16,16,0.200000,0.500000,true,2,256,1.000e-12,0.02000,5.250000,14,0.3329986498,1.2602352502,16,16,16,16
open_n16,16,0.200000,0.500000,true,2,256,1.000e-12,0.02000,5.250000,15,0.2428952253,0.6919676966,4,4,4,4
open_n16,16,0.200000,0.500000,true,2,256,1.000e-12,0.02000,5.500000,1,0.1302556371,0.5248457592,4,4,4,4
open_n16,16,0.200000,0.500000,true,2,256,1.000e-12,0.02000,5.500000,2,0.2070374495,1.0803787911,16,16,16,16
open_n16,16,0.200000,0.500000,true,2,256,1.000e-12,0.02000,5.500000,3,0.2266682417,1.4918477954,64,56,64,64
open_n16,16,0.200000,0.500000,true,2,256,1.000e-12,0.02000,5.500000,4,0.2357901996,1.7855358919,253,179,249,256
open_n16,16,0.200000,0.500000,true,2,256,1.000e-12,0.02000,5.500000,5,0.2300882491,1.8287690115,256,243,256,1024
open_n16,16,0.200000,0.500000,true,2,256,1.000e-12,0.02000,5.500000,6,0.2232161149,1.7860519587,256,244,256,4096
open_n16,16,0.200000,0.500000,true,2,256,1.000e-12,0.02000,5.500000,7,0.2211928161,1.7521826065,256,243,256,16384
open_n16,16,0.200000,0.500000,true,2,256,1.000e-12,0.02000,5.500000,8,0.2254287497,1.7503033097,256,242,256,65536
open_n16,16,0.200000,0.500000,true,2,256,1.000e-12,0.02000,5.500000,9,0.2421340759,1.7926610950,256,241,256,16384
open_n16,16,0.200000,0.500000,true,2,256,1.000e-12,0.02000,5.500000,10,0.2707267579,1.8711246654,256,241,256,4096
open_n16,16,0.200000,0.500000,true,2,256,1.000e-12,0.02000,5.500000,11,0.3067022847,1.9480493077,256,237,256,1024
open_n16,16,0.200000,0.500000,true,2,256,1.000e-12,0.02000,5.500000,12,0.3298892935,1.8728262168,247,144,234,256
open_n16,16,0.200000,0.500000,true,2,256,1.000e-12,0.02000,5.500000,13,0.3163217508,1.5625568806,64,48,63,64
open_n16,16,0.200000,0.500000,true,2,256,1.000e-12,0.02000,5.500000,14,0.2707539331,1.1245451712,16,16,16,16
open_n16,16,0.200000,0.500000,true,2,256,1.000e-12,0.02000,5.500000,15,0.2021694960,0.6272759352,4,4,4,4
open_n16,16,0.200000,0.500000,true,2,256,1.000e-12,0.02000,5.750000,1,0.0997289684,0.4560488814,4,4,4,4
open_n16,16,0.200000,0.500000,true,2,256,1.000e-12,0.02000,5.750000,2,0.1683297760,0.9712433315,16,16,16,16
open_n16,16,0.200000,0.500000,true,2,256,1.000e-12,0.02000,5.750000,3,0.1800909582,1.3227340074,64,55,64,64
open_n16,16,0.200000,0.500000,true,2,256,1.000e-12,0.02000,5.750000,4,0.1864712890,1.5722031002,253,170,247,256
open_n16,16,0.200000,0.500000,true,2,256,1.000e-12,0.02000,5.750000,5,0.1834079201,1.6088381906,256,239,256,1024
open_n16,16,0.200000,0.500000,true,2,256,1.000e-12,0.02000,5.750000,6,0.1787103523,1.5700702581,256,241,256,4096
open_n16,16,0.200000,0.500000,true,2,256,1.000e-12,0.02000,5.750000,7,0.1779174424,1.5418485822,256,239,256,16384
open_n16,16,0.200000,0.500000,true,2,256,1.000e-12,0.02000,5.750000,8,0.1827238903,1.5451431642,256,238,256,65536
open_n16,16,0.200000,0.500000,true,2,256,1.000e-12,0.02000,5.750000,9,0.1985316712,1.5923580251,256,237,256,16384
open_n16,16,0.200000,0.500000,true,2,256,1.000e-12,0.02000,5.750000,10,0.2241479407,1.6728621443,256,237,256,4096
open_n16,16,0.200000,0.500000,true,2,256,1.000e-12,0.02000,5.750000,11,0.2536084597,1.7444899260,256,232,256,1024
open_n16,16,0.200000,0.500000,true,2,256,1.000e-12,0.02000,5.750000,12,0.2697900328,1.6790657135,247,136,231,256
open_n16,16,0.200000,0.500000,true,2,256,1.000e-12,0.02000,5.750000,13,0.2559812904,1.3970893318,64,46,63,64
open_n16,16,0.200000,0.500000,true,2,256,1.000e-12,0.02000,5.750000,14,0.2240651828,1.0043937248,16,16,16,16
open_n16,16,0.200000,0.500000,true,2,256,1.000e-12,0.02000,5.750000,15,0.1638635691,0.5612880122,4,4,4,4
open_n16,16,0.200000,0.500000,true,2,256,1.000e-12,0.02000,6.000000,1,0.0780695794,0.4004440071,4,4,4,4
open_n16,16,0.200000,0.500000,true,2,256,1.000e-12,0.02000,6.000000,2,0.1384545950,0.8751029334,16,16,16,16
open_n16,16,0.200000,0.500000,true,2,256,1.000e-12,0.02000,6.000000,3,0.1450168111,1.1758347674,64,54,64,64
open_n16,16,0.200000,0.500000,true,2,256,1.000e-12,0.02000,6.000000,4,0.1493664270,1.3881587633,253,161,245,256
open_n16,16,0.200000,0.500000,true,2,256,1.000e-12,0.02000,6.000000,5,0.1482572950,1.4181302782,256,233,256,1024
open_n16,16,0.200000,0.500000,true,2,256,1.000e-12,0.02000,6.000000,6,0.1451895408,1.3842116004,256,235,256,4096
open_n16,16,0.200000,0.500000,true,2,256,1.000e-12,0.02000,6.000000,7,0.1452398664,1.3607696330,256,233,256,16384
open_n16,16,0.200000,0.500000,true,2,256,1.000e-12,0.02000,6.000000,8,0.1506082256,1.3695025745,256,231,256,65536
open_n16,16,0.200000,0.500000,true,2,256,1.000e-12,0.02000,6.000000,9,0.1655003252,1.4200280321,256,231,256,16384
open_n16,16,0.200000,0.500000,true,2,256,1.000e-12,0.02000,6.000000,10,0.1878083882,1.4979236067,256,232,256,4096
open_n16,16,0.200000,0.500000,true,2,256,1.000e-12,0.02000,6.000000,11,0.2113575950,1.5636964093,256,225,256,1024
open_n16,16,0.200000,0.500000,true,2,256,1.000e-12,0.02000,6.000000,12,0.2218152711,1.5044228779,245,128,228,256
open_n16,16,0.200000,0.500000,true,2,256,1.000e-12,0.02000,6.000000,13,0.2081874100,1.2490585661,64,45,63,64
open_n16,16,0.200000,0.500000,true,2,256,1.000e-12,0.02000,6.000000,14,0.1884311172,0.8996540923,16,15,16,16
open_n16,16,0.200000,0.500000,true,2,256,1.000e-12,0.02000,6.000000,15,0.1290036698,0.4947534402,4,4,4,4
open_n16,16,0.200000,0.500000,true,2,256,1.000e-12,0.02000,6.250000,1,0.0629427546,0.3567303794,4,4,4,4
open_n16,16,0.200000,0.500000,true,2,256,1.000e-12,0.02000,6.250000,2,0.1146083986,0.7863989476,16,16,16,16
open_n16,16,0.200000,0.500000,true,2,256,1.000e-12,0.02000,6.250000,3,0.1181091396,1.0465971496,64,53,64,64
open_n16,16,0.200000,0.500000,true,2,256,1.000e-12,0.02000,6.250000,4,0.1212047855,1.2290905388,252,152,242,256
open_n16,16,0.200000,0.500000,true,2,256,1.000e-12,0.02000,6.250000,5,0.1212544967,1.2537880165,256,225,256,1024
open_n16,16,0.200000,0.500000,true,2,256,1.000e-12,0.02000,6.250000,6,0.1195551656,1.2249365964,256,227,256,4096
open_n16,16,0.200000,0.500000,true,2,256,1.000e-12,0.02000,6.250000,7,0.1201392976,1.2055053646,256,224,256,16384
open_n16,16,0.200000,0.500000,true,2,256,1.000e-12,0.02000,6.250000,8,0.1260135688,1.2192323751,256,223,256,65536
open_n16,16,0.200000,0.500000,true,2,256,1.000e-12,0.02000,6.250000,9,0.1398350144,1.2710626903,256,223,256,16384
open_n16,16,0.200000,0.500000,true,2,256,1.000e-12,0.02000,6.250000,10,0.1587949174,1.3432776541,256,224,256,4096
open_n16,16,0.200000,0.500000,true,2,256,1.000e-12,0.02000,6.250000,11,0.1773296174,1.4042816221,256,216,256,1024
open_n16,16,0.200000,0.500000,true,2,256,1.000e-12,0.02000,6.250000,12,0.1830408451,1.3466298439,244,118,224,256
open_n16,16,0.200000,0.500000,true,2,256,1.000e-12,0.02000,6.250000,13,0.1704589090,1.1176192892,64,44,63,64
open_n16,16,0.200000,0.500000,true,2,256,1.000e-12,0.02000,6.250000,14,0.1601783967,0.8096005243,16,15,16,16
open_n16,16,0.200000,0.500000,true,2,256,1.000e-12,0.02000,6.250000,15,0.0991063061,0.4303435241,4,4,4,4
open_n16,16,0.200000,0.500000,true,2,256,1.000e-12,0.02000,6.500000,1,0.0522054069,0.3222795101,4,4,4,4
open_n16,16,0.200000,0.500000,true,2,256,1.000e-12,0.02000,6.500000,2,0.0953355652,0.7042258144,16,16,16,16
open_n16,16,0.200000,0.500000,true,2,256,1.000e-12,0.02000,6.500000,3,0.0971419681,0.9320172192,64,51,64,64
open_n16,16,0.200000,0.500000,true,2,256,1.000e-12,0.02000,6.500000,4,0.0995950161,1.0908941976,251,144,240,256
open_n16,16,0.200000,0.500000,true,2,256,1.000e-12,0.02000,6.500000,5,0.1001855395,1.1129029304,256,214,256,1024
open_n16,16,0.200000,0.500000,true,2,256,1.000e-12,0.02000,6.500000,6,0.0996573566,1.0886321633,256,216,256,4096
open_n16,16,0.200000,0.500000,true,2,256,1.000e-12,0.02000,6.500000,7,0.1005926326,1.0729236418,256,212,256,16384
open_n16,16,0.200000,0.500000,true,2,256,1.000e-12,0.02000,6.500000,8,0.1068522367,1.0905817653,256,211,256,65536
open_n16,16,0.200000,0.500000,true,2,256,1.000e-12,0.02000,6.500000,9,0.1193961688,1.1418247811,256,212,256,16384
open_n16,16,0.200000,0.500000,true,2,256,1.000e-12,0.02000,6.500000,10,0.1352579360,1.2072149117,256,214,256,4096
open_n16,16,0.200000,0.500000,true,2,256,1.000e-12,0.02000,6.500000,11,0.1496579748,1.2638088184,256,204,256,1024
open_n16,16,0.200000,0.500000,true,2,256,1.000e-12,0.02000,6.500000,12,0.1514442494,1.2041794304,242,110,221,256
open_n16,16,0.200000,0.500000,true,2,256,1.000e-12,0.02000,6.500000,13,0.1408977286,1.0019471390,64,42,63,64
open_n16,16,0.200000,0.500000,true,2,256,1.000e-12,0.02000,6.500000,14,0.1367373848,0.7329269708,16,15,16,16
open_n16,16,0.200000,0.500000,true,2,256,1.000e-12,0.02000,6.500000,15,0.0755734566,0.3724105286,4,4,4,4
open_n16,16,0.200000,0.500000,true,2,256,1.000e-12,0.02000,6.750000,1,0.0441450187,0.2939632629,4,4,4,4
open_n16,16,0.200000,0.500000,true,2,256,1.000e-12,0.02000,6.750000,2,0.0797977621,0.6300208396,16,16,16,16
open_n16,16,0.200000,0.500000,true,2,256,1.000e-12,0.02000,6.750000,3,0.0806383751,0.8301555812,64,50,64,64
open_n16,16,0.200000,0.500000,true,2,256,1.000e-12,0.02000,6.750000,4,0.0827719406,0.9702710040,251,135,238,256
open_n16,16,0.200000,0.500000,true,2,256,1.000e-12,0.02000,6.750000,5,0.0835865203,0.9922327735,256,200,256,1024
open_n16,16,0.200000,0.500000,true,2,256,1.000e-12,0.02000,6.750000,6,0.0839908949,0.9718839971,256,202,256,4096
open_n16,16,0.200000,0.500000,true,2,256,1.000e-12,0.02000,6.750000,7,0.0852314920,0.9600518755,256,197,256,16384
open_n16,16,0.200000,0.500000,true,2,256,1.000e-12,0.02000,6.750000,8,0.0916936104,0.9803220001,256,197,256,65536
open_n16,16,0.200000,0.500000,true,2,256,1.000e-12,0.02000,6.750000,9,0.1028091244,1.0295148189,256,198,256,16384
open_n16,16,0.200000,0.500000,true,2,256,1.000e-12,0.02000,6.750000,10,0.1159982417,1.0883571567,256,201,256,4096
open_n16,16,0.200000,0.500000,true,2,256,1.000e-12,0.02000,6.750000,11,0.1269368986,1.1393664178,256,190,256,1024
open_n16,16,0.200000,0.500000,true,2,256,1.000e-12,0.02000,6.750000,12,0.1256783036,1.0766734505,238,102,218,256
open_n16,16,0.200000,0.500000,true,2,256,1.000e-12,0.02000,6.750000,13,0.1179025359,0.9004461178,64,41,62,64
open_n16,16,0.200000,0.500000,true,2,256,1.000e-12,0.02000,6.750000,14,0.1165778704,0.6666680390,16,15,16,16
open_n16,16,0.200000,0.500000,true,2,256,1.000e-12,0.02000,6.750000,15,0.0590601369,0.3258149962,4,4,4,4
open_n16,16,0.200000,0.500000,true,2,256,1.000e-12,0.02000,7.000000,1,0.0375824946,0.2689935596,4,4,4,4
open_n16,16,0.200000,0.500000,true,2,256,1.000e-12,0.02000,7.000000,2,0.0673608027,0.5654673827,16,16,16,16
open_n16,16,0.200000,0.500000,true,2,256,1.000e-12,0.02000,7.000000,3,0.0675754495,0.7394034620,64,48,64,64
open_n16,16,0.200000,0.500000,true,2,256,1.000e-12,0.02000,7.000000,4,0.0694421167,0.8645011790,251,125,236,256
open_n16,16,0.200000,0.500000,true,2,256,1.000e-12,0.02000,7.000000,5,0.0704194928,0.8882410738,256,184,256,1024
open_n16,16,0.200000,0.500000,true,2,256,1.000e-12,0.02000,7.000000,6,0.0714810563,0.8716347653,256,186,256,4096
open_n16,16,0.200000,0.500000,true,2,256,1.000e-12,0.02000,7.000000,7,0.0730655659,0.8639363090,256,180,256,16384
open_n16,16,0.200000,0.500000,true,2,256,1.000e-12,0.02000,7.000000,8,0.0795088061,0.8856143776,256,181,256,65536
open_n16,16,0.200000,0.500000,true,2,256,1.000e-12,0.02000,7.000000,9,0.0891704646,0.9318734388,256,182,256,16384
open_n16,16,0.200000,0.500000,true,2,256,1.000e-12,0.02000,7.000000,10,0.1001233176,0.9848966621,256,187,256,4096
open_n16,16,0.200000,0.500000,true,2,256,1.000e-12,0.02000,7.000000,11,0.1080498204,1.0283116695,256,173,256,1024
open_n16,16,0.200000,0.500000,true,2,256,1.000e-12,0.02000,7.000000,12,0.1047752703,0.9639062710,236,95,214,256
open_n16,16,0.200000,0.500000,true,2,256,1.000e-12,0.02000,7.000000,13,0.0999919909,0.8111995551,64,40,62,64
open_n16,16,0.200000,0.500000,true,2,256,1.000e-12,0.02000,7.000000,14,0.0989349993,0.6074182587,16,15,16,16
open_n16,16,0.200000,0.500000,true,2,256,1.000e-12,0.02000,7.000000,15,0.0490491791,0.2935834989,4,4,4,4
open_n16,16,0.200000,0.500000,true,2,256,1.000e-12,0.02000,7.250000,1,0.0318514790,0.2454754761,4,4,4,4
open_n16,16,0.200000,0.500000,true,2,256,1.000e-12,0.02000,7.250000,2,0.0574465002,0.5113814001,16,16,16,16
open_n16,16,0.200000,0.500000,true,2,256,1.000e-12,0.02000,7.250000,3,0.0572061639,0.6588168284,64,47,64,64
open_n16,16,0.200000,0.500000,true,2,256,1.000e-12,0.02000,7.250000,4,0.0586972831,0.7713639900,249,115,233,256
open_n16,16,0.200000,0.500000,true,2,256,1.000e-12,0.02000,7.250000,5,0.0598897486,0.7976775319,256,167,256,1024
open_n16,16,0.200000,0.500000,true,2,256,1.000e-12,0.02000,7.250000,6,0.0613549070,0.7852865202,256,168,256,4096
open_n16,16,0.200000,0.500000,true,2,256,1.000e-12,0.02000,7.250000,7,0.0633261370,0.7816893081,256,163,256,16384
open_n16,16,0.200000,0.500000,true,2,256,1.000e-12,0.02000,7.250000,8,0.0695241061,0.8039733423,256,164,256,65536
open_n16,16,0.200000,0.500000,true,2,256,1.000e-12,0.02000,7.250000,9,0.0778303350,0.8468586028,256,166,256,16384
open_n16,16,0.200000,0.500000,true,2,256,1.000e-12,0.02000,7.250000,10,0.0868813474,0.8944261952,256,171,256,4096
open_n16,16,0.200000,0.500000,true,2,256,1.000e-12,0.02000,7.250000,11,0.0921244656,0.9285187127,256,157,256,1024
open_n16,16,0.200000,0.500000,true,2,256,1.000e-12,0.02000,7.250000,12,0.0879341828,0.8649462441,230,88,209,256
open_n16,16,0.200000,0.500000,true,2,256,1.000e-12,0.02000,7.250000,13,0.0858085219,0.7323675655,64,39,61,64
open_n16,16,0.200000,0.500000,true,2,256,1.000e-12,0.02000,7.250000,14,0.0835147691,0.5532252858,16,15,16,16
open_n16,16,0.200000,0.500000,true,2,256,1.000e-12,0.02000,7.250000,15,0.0439052881,0.2746125252,4,4,4,4
open_n16,16,0.200000,0.500000,true,2,256,1.000e-12,0.02000,7.500000,1,0.0266900380,0.2225856263,4,4,4,4
open_n16,16,0.200000,0.500000,true,2,256,1.000e-12,0.02000,7.500000,2,0.0495020577,0.4668560124,16,15,16,16
open_n16,16,0.200000,0.500000,true,2,256,1.000e-12,0.02000,7.500000,3,0.0489512454,0.5883070124,64,45,64,64
open_n16,16,0.200000,0.500000,true,2,256,1.000e-12,0.02000,7.500000,4,0.0499336667,0.6890739863,249,104,228,256
open_n16,16,0.200000,0.500000,true,2,256,1.000e-12,0.02000,7.500000,5,0.0513732082,0.7181167205,256,149,256,1024
open_n16,16,0.200000,0.500000,true,2,256,1.000e-12,0.02000,7.500000,6,0.0530606721,0.7106353493,256,150,256,4096
open_n16,16,0.200000,0.500000,true,2,256,1.000e-12,0.02000,7.500000,7,0.0554075900,0.7107753462,256,146,256,16384
open_n16,16,0.200000,0.500000,true,2,256,1.000e-12,0.02000,7.500000,8,0.0611671019,0.7332031637,256,147,256,65536
open_n16,16,0.200000,0.500000,true,2,256,1.000e-12,0.02000,7.500000,9,0.0682868523,0.7724970965,256,150,256,16384
open_n16,16,0.200000,0.500000,true,2,256,1.000e-12,0.02000,7.500000,10,0.0756494055,0.8144043124,256,154,256,4096
open_n16,16,0.200000,0.500000,true,2,256,1.000e-12,0.02000,7.500000,11,0.0785448729,0.8384870474,256,141,256,1024
open_n16,16,0.200000,0.500000,true,2,256,1.000e-12,0.02000,7.500000,12,0.0744311947,0.7783747013,226,81,205,256
open_n16,16,0.200000,0.500000,true,2,256,1.000e-12,0.02000,7.500000,13,0.0742280403,0.6623921799,64,36,61,64
open_n16,16,0.200000,0.500000,true,2,256,1.000e-12,0.02000,7.500000,14,0.0702683301,0.5035791289,16,14,16,16
open_n16,16,0.200000,0.500000,true,2,256,1.000e-12,0.02000,7.500000,15,0.0414723051,0.2640646266,4,4,4,4
open_n16,16,0.200000,0.500000,true,2,256,1.000e-12,0.02000,7.750000,1,0.0220913365,0.2004412885,4,4,4,4
open_n16,16,0.200000,0.500000,true,2,256,1.000e-12,0.02000,7.750000,2,0.0430287946,0.4293371179,16,15,16,16
open_n16,16,0.200000,0.500000,true,2,256,1.000e-12,0.02000,7.750000,3,0.0423328096,0.5277705163,64,43,63,64
open_n16,16,0.200000,0.500000,true,2,256,1.000e-12,0.02000,7.750000,4,0.0427533846,0.6162234375,247,94,225,256
open_n16,16,0.200000,0.500000,true,2,256,1.000e-12,0.02000,7.750000,5,0.0443916523,0.6478625871,256,131,256,1024
open_n16,16,0.200000,0.500000,true,2,256,1.000e-12,0.02000,7.750000,6,0.0462046947,0.6456871907,256,133,256,4096
open_n16,16,0.200000,0.500000,true,2,256,1.000e-12,0.02000,7.750000,7,0.0488495819,0.6492187437,256,130,256,16384
open_n16,16,0.200000,0.500000,true,2,256,1.000e-12,0.02000,7.750000,8,0.0540459136,0.6713930586,256,131,256,65536
open_n16,16,0.200000,0.500000,true,2,256,1.000e-12,0.02000,7.750000,9,0.0601558537,0.7069887016,256,134,256,16384
open_n16,16,0.200000,0.500000,true,2,256,1.000e-12,0.02000,7.750000,10,0.0659617808,0.7427656973,256,137,256,4096
open_n16,16,0.200000,0.500000,true,2,256,1.000e-12,0.02000,7.750000,11,0.0669354254,0.7572691134,256,124,256,1024
open_n16,16,0.200000,0.500000,true,2,256,1.000e-12,0.02000,7.750000,12,0.0636043010,0.7025486137,222,74,200,256
open_n16,16,0.200000,0.500000,true,2,256,1.000e-12,0.02000,7.750000,13,0.0644471600,0.5999599022,63,34,61,64
open_n16,16,0.200000,0.500000,true,2,256,1.000e-12,0.02000,7.750000,14,0.0592255175,0.4587195369,16,13,16,16
open_n16,16,0.200000,0.500000,true,2,256,1.000e-12,0.02000,7.750000,15,0.0398379835,0.2563560678,4,4,4,4
open_n16,16,0.200000,0.500000,true,2,256,1.000e-12,0.02000,8.000000,1,0.0181571592,0.1797842039,4,4,4,4
open_n16,16,0.200000,0.500000,true,2,256,1.000e-12,0.02000,8.000000,2,0.0376328726,0.3962321634,16,15,16,16
open_n16,16,0.200000,0.500000,true,2,256,1.000e-12,0.02000,8.000000,3,0.0369532357,0.4764948346,64,41,63,64
open_n16,16,0.200000,0.500000,true,2,256,1.000e-12,0.02000,8.000000,4,0.0368728247,0.5519047116,242,85,221,256
open_n16,16,0.200000,0.500000,true,2,256,1.000e-12,0.02000,8.000000,5,0.0385955434,0.5856446905,256,114,256,1024
open_n16,16,0.200000,0.500000,true,2,256,1.000e-12,0.02000,8.000000,6,0.0404976973,0.5887103861,256,117,256,4096
open_n16,16,0.200000,0.500000,true,2,256,1.000e-12,0.02000,8.000000,7,0.0433203819,0.5955034099,256,115,256,16384
open_n16,16,0.200000,0.500000,true,2,256,1.000e-12,0.02000,8.000000,8,0.0479117379,0.6170185204,256,116,256,65536
open_n16,16,0.200000,0.500000,true,2,256,1.000e-12,0.02000,8.000000,9,0.0531526827,0.6488402402,256,119,256,16384
open_n16,16,0.200000,0.500000,true,2,256,1.000e-12,0.02000,8.000000,10,0.0575033254,0.6781531040,256,121,256,4096
open_n16,16,0.200000,0.500000,true,2,256,1.000e-12,0.02000,8.000000,11,0.0570850130,0.6842843704,256,109,256,1024
open_n16,16,0.200000,0.500000,true,2,256,1.000e-12,0.02000,8.000000,12,0.0548695326,0.6358583376,218,68,196,256
open_n16,16,0.200000,0.500000,true,2,256,1.000e-12,0.02000,8.000000,13,0.0559785216,0.5440154850,63,32,61,64
open_n16,16,0.200000,0.500000,true,2,256,1.000e-12,0.02000,8.000000,14,0.0503596927,0.4190260533,16,13,16,16
open_n16,16,0.200000,0.500000,true,2,256,1.000e-12,0.02000,8.000000,15,0.0377845443,0.2475259694,4,4,4,4
open_n16,16,0.200000,0.500000,true,2,256,1.000e-12,0.02000,8.250000,1,0.0149824111,0.1615743041,4,4,4,4
open_n16,16,0.200000,0.500000,true,2,256,1.000e-12,0.02000,8.250000,2,0.0330446604,0.3660133153,16,15,16,16
open_n16,16,0.200000,0.500000,true,2,256,1.000e-12,0.02000,8.250000,3,0.0324969315,0.4332673222,64,38,63,64
open_n16,16,0.200000,0.500000,true,2,256,1.000e-12,0.02000,8.250000,4,0.0320624750,0.4956167093,237,77,217,256
open_n16,16,0.200000,0.500000,true,2,256,1.000e-12,0.02000,8.250000,5,0.0337396718,0.5304422608,256,100,256,1024
open_n16,16,0.200000,0.500000,true,2,256,1.000e-12,0.02000,8.250000,6,0.0357140641,0.5383594032,256,102,256,4096
open_n16,16,0.200000,0.500000,true,2,256,1.000e-12,0.02000,8.250000,7,0.0385896032,0.5483389844,256,101,256,16384
open_n16,16,0.200000,0.500000,true,2,256,1.000e-12,0.02000,8.250000,8,0.0426010433,0.5689087604,256,102,256,65536
open_n16,16,0.200000,0.500000,true,2,256,1.000e-12,0.02000,8.250000,9,0.0470614665,0.5968004573,256,105,256,16384
open_n16,16,0.200000,0.500000,true,2,256,1.000e-12,0.02000,8.250000,10,0.0500706876,0.6197150114,256,106,256,4096
open_n16,16,0.200000,0.500000,true,2,256,1.000e-12,0.02000,8.250000,11,0.0488408312,0.6191867564,256,95,256,1024
open_n16,16,0.200000,0.500000,true,2,256,1.000e-12,0.02000,8.250000,12,0.0477376833,0.5768873152,217,61,191,256
open_n16,16,0.200000,0.500000,true,2,256,1.000e-12,0.02000,8.250000,13,0.0485688039,0.4938271331,63,29,60,64
open_n16,16,0.200000,0.500000,true,2,256,1.000e-12,0.02000,8.250000,14,0.0434931036,0.3846439429,16,12,16,16
open_n16,16,0.200000,0.500000,true,2,256,1.000e-12,0.02000,8.250000,15,0.0348217073,0.2356862590,4,4,4,4
open_n16,16,0.200000,0.500000,true,2,256,1.000e-12,0.02000,8.500000,1,0.0125826367,0.1465534881,4,4,4,4
open_n16,16,0.200000,0.500000,true,2,256,1.000e-12,0.02000,8.500000,2,0.0290960824,0.3380478073,16,14,16,16
open_n16,16,0.200000,0.500000,true,2,256,1.000e-12,0.02000,8.500000,3,0.0287278189,0.3964804047,64,36,63,64
open_n16,16,0.200000,0.500000,true,2,256,1.000e-12,0.02000,8.500000,4,0.0281208648,0.4469357676,231,69,214,256
open_n16,16,0.200000,0.500000,true,2,256,1.000e-12,0.02000,8.500000,5,0.0296517593,0.4813747161,256,87,256,1024
open_n16,16,0.200000,0.500000,true,2,256,1.000e-12,0.02000,8.500000,6,0.0316686625,0.4936347039,256,89,256,4096
open_n16,16,0.200000,0.500000,true,2,256,1.000e-12,0.02000,8.500000,7,0.0344960722,0.5065492072,256,88,256,16384
open_n16,16,0.200000,0.500000,true,2,256,1.000e-12,0.02000,8.500000,8,0.0379856499,0.5260878842,256,90,256,65536
open_n16,16,0.200000,0.500000,true,2,256,1.000e-12,0.02000,8.500000,9,0.0417086355,0.5498126081,256,93,256,16384
open_n16,16,0.200000,0.500000,true,2,256,1.000e-12,0.02000,8.500000,10,0.0435322560,0.5668133464,256,93,256,4096
open_n16,16,0.200000,0.500000,true,2,256,1.000e-12,0.02000,8.500000,11,0.0420267136,0.5616789869,256,83,256,1024
open_n16,16,0.200000,0.500000,true,2,256,1.000e-12,0.02000,8.500000,12,0.0418170839,0.5243647982,214,55,186,256
open_n16,16,0.200000,0.500000,true,2,256,1.000e-12,0.02000,8.500000,13,0.0420978005,0.4489661289,63,27,59,64
open_n16,16,0.200000,0.500000,true,2,256,1.000e-12,0.02000,8.500000,14,0.0382752472,0.3552568460,16,11,16,16
open_n16,16,0.200000,0.500000,true,2,256,1.000e-12,0.02000,8.500000,15,0.0309908139,0.2205060784,4,4,4,4
open_n16,16,0.200000,0.500000,true,2,256,1.000e-12,0.02000,8.750000,1,0.0108687286,0.1348781026,4,4,4,4
open_n16,16,0.200000,0.500000,true,2,256,1.000e-12,0.02000,8.750000,2,0.0256826536,0.3119886544,16,13,16,16
open_n16,16,0.200000,0.500000,true,2,256,1.000e-12,0.02000,8.750000,3,0.0254792268,0.3644242861,64,34,63,64
open_n16,16,0.200000,0.500000,true,2,256,1.000e-12,0.02000,8.750000,4,0.0248707238,0.4053032031,230,62,211,256
open_n16,16,0.200000,0.500000,true,2,256,1.000e-12,0.02000,8.750000,5,0.0262018019,0.4377087722,256,77,256,1024
open_n16,16,0.200000,0.500000,true,2,256,1.000e-12,0.02000,8.750000,6,0.0282095601,0.4537422719,256,79,256,4096
open_n16,16,0.200000,0.500000,true,2,256,1.000e-12,0.02000,8.750000,7,0.0309215168,0.4691207596,256,79,256,16384
open_n16,16,0.200000,0.500000,true,2,256,1.000e-12,0.02000,8.750000,8,0.0339504428,0.4876402740,256,80,256,65536
open_n16,16,0.200000,0.500000,true,2,256,1.000e-12,0.02000,8.750000,9,0.0369549736,0.5070374632,256,83,256,16384
open_n16,16,0.200000,0.500000,true,2,256,1.000e-12,0.02000,8.750000,10,0.0378012002,0.5188749534,256,82,256,4096
open_n16,16,0.200000,0.500000,true,2,256,1.000e-12,0.02000,8.750000,11,0.0364206645,0.5111788605,256,73,256,1024
open_n16,16,0.200000,0.500000,true,2,256,1.000e-12,0.02000,8.750000,12,0.0368067753,0.4773043011,210,50,180,256
open_n16,16,0.200000,0.500000,true,2,256,1.000e-12,0.02000,8.750000,13,0.0365021380,0.4091849014,63,26,57,64
open_n16,16,0.200000,0.500000,true,2,256,1.000e-12,0.02000,8.750000,14,0.0342454744,0.3299817542,16,10,16,16
open_n16,16,0.200000,0.500000,true,2,256,1.000e-12,0.02000,8.750000,15,0.0266325579,0.2026284446,4,4,4,4
open_n16,16,0.200000,0.500000,true,2,256,1.000e-12,0.02000,9.000000,1,0.0096679543,0.1259981124,4,4,4,4
open_n16,16,0.200000,0.500000,true,2,256,1.000e-12,0.02000,9.000000,2,0.0227334841,0.2876397333,16,13,16,16
open_n16,16,0.200000,0.500000,true,2,256,1.000e-12,0.02000,9.000000,3,0.0226411069,0.3357249361,64,31,63,64
open_n16,16,0.200000,0.500000,true,2,256,1.000e-12,0.02000,9.000000,4,0.0221619341,0.3699210728,226,56,206,256
open_n16,16,0.200000,0.500000,true,2,256,1.000e-12,0.02000,9.000000,5,0.0232811452,0.3989194961,256,68,256,1024
open_n16,16,0.200000,0.500000,true,2,256,1.000e-12,0.02000,9.000000,6,0.0252186531,0.4179972351,256,70,256,4096
open_n16,16,0.200000,0.500000,true,2,256,1.000e-12,0.02000,9.000000,7,0.0277754348,0.4352865245,256,71,256,16384
open_n16,16,0.200000,0.500000,true,2,256,1.000e-12,0.02000,9.000000,8,0.0303936106,0.4527400274,256,72,256,65536
open_n16,16,0.200000,0.500000,true,2,256,1.000e-12,0.02000,9.000000,9,0.0326989982,0.4678765610,256,74,256,16384
open_n16,16,0.200000,0.500000,true,2,256,1.000e-12,0.02000,9.000000,10,0.0328170564,0.4754294994,256,73,256,4096
open_n16,16,0.200000,0.500000,true,2,256,1.000e-12,0.02000,9.000000,11,0.0317836298,0.4666653138,256,65,255,1024
open_n16,16,0.200000,0.500000,true,2,256,1.000e-12,0.02000,9.000000,12,0.0324853190,0.4350396271,201,45,175,256
open_n16,16,0.200000,0.500000,true,2,256,1.000e-12,0.02000,9.000000,13,0.0317316142,0.3742523357,63,24,56,64
open_n16,16,0.200000,0.500000,true,2,256,1.000e-12,0.02000,9.000000,14,0.0309453416,0.3075448266,16,9,16,16
open_n16,16,0.200000,0.500000,true,2,256,1.000e-12,0.02000,9.000000,15,0.0222062776,0.1832991389,4,4,4,4
open_n16,16,0.200000,0.500000,true,2,256,1.000e-12,0.02000,9.250000,1,0.0087775532,0.1188928120,4,4,4,4
open_n16,16,0.200000,0.500000,true,2,256,1.000e-12,0.02000,9.250000,2,0.0201936447,0.2652033576,16,13,16,16
open_n16,16,0.200000,0.500000,true,2,256,1.000e-12,0.02000,9.250000,3,0.0201456339,0.3095309024,64,29,62,64
open_n16,16,0.200000,0.500000,true,2,256,1.000e-12,0.02000,9.250000,4,0.0198723434,0.3398040439,223,49,200,256
open_n16,16,0.200000,0.500000,true,2,256,1.000e-12,0.02000,9.250000,5,0.0207947418,0.3646398295,256,60,255,1024
open_n16,16,0.200000,0.500000,true,2,256,1.000e-12,0.02000,9.250000,6,0.0226111019,0.3858140612,256,63,256,4096
open_n16,16,0.200000,0.500000,true,2,256,1.000e-12,0.02000,9.250000,7,0.0249882286,0.4045097145,256,64,256,16384
open_n16,16,0.200000,0.500000,true,2,256,1.000e-12,0.02000,9.250000,8,0.0272323975,0.4207321675,256,65,256,65536
open_n16,16,0.200000,0.500000,true,2,256,1.000e-12,0.02000,9.250000,9,0.0288769739,0.4319511504,256,66,256,16384
open_n16,16,0.200000,0.500000,true,2,256,1.000e-12,0.02000,9.250000,10,0.0285283500,0.4361676797,256,64,256,4096
open_n16,16,0.200000,0.500000,true,2,256,1.000e-12,0.02000,9.250000,11,0.0279025910,0.4270261032,256,57,255,1024
open_n16,16,0.200000,0.500000,true,2,256,1.000e-12,0.02000,9.250000,12,0.0286980797,0.3971035024,198,41,171,256
open_n16,16,0.200000,0.500000,true,2,256,1.000e-12,0.02000,9.250000,13,0.0277266722,0.3437201843,61,23,55,64
open_n16,16,0.200000,0.500000,true,2,256,1.000e-12,0.02000,9.250000,14,0.0280188533,0.2868187701,16,9,16,16
open_n16,16,0.200000,0.500000,true,2,256,1.000e-12,0.02000,9.250000,15,0.0181645679,0.1641541058,4,4,4,4
open_n16,16,0.200000,0.500000,true,2,256,1.000e-12,0.02000,9.500000,1,0.0080223114,0.1125073970,4,4,4,4
open_n16,16,0.200000,0.500000,true,2,256,1.000e-12,0.02000,9.500000,2,0.0180140677,0.2451831824,16,13,16,16
open_n16,16,0.200000,0.500000,true,2,256,1.000e-12,0.02000,9.500000,3,0.0179524016,0.2854577845,64,26,61,64
open_n16,16,0.200000,0.500000,true,2,256,1.000e-12,0.02000,9.500000,4,0.0179051945,0.3138522506,220,43,195,256
open_n16,16,0.200000,0.500000,true,2,256,1.000e-12,0.02000,9.500000,5,0.0186623189,0.3345951583,256,53,255,1024
open_n16,16,0.200000,0.500000,true,2,256,1.000e-12,0.02000,9.500000,6,0.0203282909,0.3567388652,256,57,256,4096
open_n16,16,0.200000,0.500000,true,2,256,1.000e-12,0.02000,9.500000,7,0.0225065411,0.3764077192,256,57,256,16384
open_n16,16,0.200000,0.500000,true,2,256,1.000e-12,0.02000,9.500000,8,0.0244032652,0.3911483879,256,59,256,65536
open_n16,16,0.200000,0.500000,true,2,256,1.000e-12,0.02000,9.500000,9,0.0254534561,0.3990418420,256,59,256,16384
open_n16,16,0.200000,0.500000,true,2,256,1.000e-12,0.02000,9.500000,10,0.0248765429,0.4008906201,256,57,255,4096
open_n16,16,0.200000,0.500000,true,2,256,1.000e-12,0.02000,9.500000,11,0.0246142157,0.3913988607,256,50,254,1024
open_n16,16,0.200000,0.500000,true,2,256,1.000e-12,0.02000,9.500000,12,0.0253451880,0.3629751548,187,37,166,256
open_n16,16,0.200000,0.500000,true,2,256,1.000e-12,0.02000,9.500000,13,0.0244061246,0.3169546003,61,21,54,64
open_n16,16,0.200000,0.500000,true,2,256,1.000e-12,0.02000,9.500000,14,0.0252557366,0.2672328353,16,9,16,16
open_n16,16,0.200000,0.500000,true,2,256,1.000e-12,0.02000,9.500000,15,0.0148584441,0.1469884364,4,4,4,4
open_n16,16,0.200000,0.500000,true,2,256,1.000e-12,0.02000,9.750000,1,0.0072893635,0.1060943068,4,4,4,4
open_n16,16,0.200000,0.500000,true,2,256,1.000e-12,0.02000,9.750000,2,0.0161455526,0.2279110186,16,12,16,16
open_n16,16,0.200000,0.500000,true,2,256,1.000e-12,0.02000,9.750000,3,0.0160348805,0.2634336852,63,24,61,64
open_n16,16,0.200000,0.500000,true,2,256,1.000e-12,0.02000,9.750000,4,0.0161853032,0.2910345149,217,39,190,256
open_n16,16,0.200000,0.500000,true,2,256,1.000e-12,0.02000,9.750000,5,0.0168203851,0.3085014684,256,47,254,1024
open_n16,16,0.200000,0.500000,true,2,256,1.000e-12,0.02000,9.750000,6,0.0183259149,0.3304342781,256,51,255,4096
open_n16,16,0.200000,0.500000,true,2,256,1.000e-12,0.02000,9.750000,7,0.0202878963,0.3506651734,256,51,255,16384
open_n16,16,0.200000,0.500000,true,2,256,1.000e-12,0.02000,9.750000,8,0.0218570470,0.3636830955,256,53,255,65536
open_n16,16,0.200000,0.500000,true,2,256,1.000e-12,0.02000,9.750000,9,0.0224070039,0.3689968094,256,54,255,16384
open_n16,16,0.200000,0.500000,true,2,256,1.000e-12,0.02000,9.750000,10,0.0217878711,0.3693145908,256,51,255,4096
open_n16,16,0.200000,0.500000,true,2,256,1.000e-12,0.02000,9.750000,11,0.0218013893,0.3592126744,256,45,253,1024
open_n16,16,0.200000,0.500000,true,2,256,1.000e-12,0.02000,9.750000,12,0.0223692444,0.3323309108,184,34,160,256
open_n16,16,0.200000,0.500000,true,2,256,1.000e-12,0.02000,9.750000,13,0.0216630160,0.2932516427,61,20,53,64
open_n16,16,0.200000,0.500000,true,2,256,1.000e-12,0.02000,9.750000,14,0.0225767612,0.2486706603,16,9,16,16
open_n16,16,0.200000,0.500000,true,2,256,1.000e-12,0.02000,9.750000,15,0.0124637349,0.1333340956,4,4,4,4
open_n16,16,0.200000,0.500000,true,2,256,1.000e-12,0.02000,10.000000,1,0.0065326711,0.0993210183,4,4,4,4
open_n16,16,0.200000,0.500000,true,2,256,1.000e-12,0.02000,10.000000,2,0.0145364488,0.2131648746,16,12,16,16
open_n16,16,0.200000,0.500000,true,2,256,1.000e-12,0.02000,10.000000,3,0.0143696792,0.2434638231,63,22,58,64
open_n16,16,0.200000,0.500000,true,2,256,1.000e-12,0.02000,10.000000,4,0.0146561925,0.2705211089,211,35,184,256
open_n16,16,0.200000,0.500000,true,2,256,1.000e-12,0.02000,10.000000,5,0.0152199142,0.2859384737,256,42,253,1024
open_n16,16,0.200000,0.500000,true,2,256,1.000e-12,0.02000,10.000000,6,0.0165639530,0.3066151942,256,46,255,4096
open_n16,16,0.200000,0.500000,true,2,256,1.000e-12,0.02000,10.000000,7,0.0182960110,0.3269533494,256,46,255,16384
open_n16,16,0.200000,0.500000,true,2,256,1.000e-12,0.02000,10.000000,8,0.0195547885,0.3381438586,256,48,255,65536
open_n16,16,0.200000,0.500000,true,2,256,1.000e-12,0.02000,10.000000,9,0.0197183555,0.3416428082,256,49,255,16384
open_n16,16,0.200000,0.500000,true,2,256,1.000e-12,0.02000,10.000000,10,0.0191769210,0.3409565952,256,46,254,4096
open_n16,16,0.200000,0.500000,true,2,256,1.000e-12,0.02000,10.000000,11,0.0193765467,0.3300978054,256,40,251,1024
open_n16,16,0.200000,0.500000,true,2,256,1.000e-12,0.02000,10.000000,12,0.0197402120,0.3049748418,182,31,154,256
open_n16,16,0.200000,0.500000,true,2,256,1.000e-12,0.02000,10.000000,13,0.0193725274,0.2719339487,61,18,52,64
open_n16,16,0.200000,0.500000,true,2,256,1.000e-12,0.02000,10.000000,14,0.0199908999,0.2311882548,16,9,16,16
open_n16,16,0.200000,0.500000,true,2,256,1.000e-12,0.02000,10.000000,15,0.0109469206,0.1238677622,4,4,4,4
closed_n16,16,0.200000,0.500000,false,2,256,1.000e-12,0.02000,0.000000,1,0.0000000000,0.0000000000,1,1,1,4
closed_n16,16,0.200000,0.500000,false,2,256,1.000e-12,0.02000,0.000000,2,0.0000000000,0.0000000000,1,1,1,16
closed_n16,16,0.200000,0.500000,false,2,256,1.000e-12,0.02000,0.000000,3,0.0000000000,0.0000000000,1,1,1,64
closed_n16,16,0.200000,0.500000,false,2,256,1.000e-12,0.02000,0.000000,4,0.0000000000,0.0000000000,1,1,1,256
closed_n16,16,0.200000,0.500000,false,2,256,1.000e-12,0.02000,0.000000,5,0.0000000000,0.0000000000,1,1,1,1024
closed_n16,16,0.200000,0.500000,false,2,256,1.000e-12,0.02000,0.000000,6,0.0000000000,0.0000000000,1,1,1,4096
closed_n16,16,0.200000,0.500000,false,2,256,1.000e-12,0.02000,0.000000,7,0.0000000000,0.0000000000,1,1,1,16384
closed_n16,16,0.200000,0.500000,false,2,256,1.000e-12,0.02000,0.000000,8,0.0000000000,0.0000000000,1,1,1,65536
closed_n16,16,0.200000,0.500000,false,2,256,1.000e-12,0.02000,0.000000,9,0.0000000000,0.0000000000,1,1,1,16384
closed_n16,16,0.200000,0.500000,false,2,256,1.000e-12,0.02000,0.000000,10,0.0000000000,0.0000000000,1,1,1,4096
closed_n16,16,0.200000,0.500000,false,2,256,1.000e-12,0.02000,0.000000,11,0.0000000000,0.0000000000,1,1,1,1024
closed_n16,16,0.200000,0.500000,false,2,256,1.000e-12,0.02000,0.000000,12,0.0000000000,0.0000000000,1,1,1,256
closed_n16,16,0.200000,0.500000,false,2,256,1.000e-12,0.02000,0.000000,13,0.0000000000,0.0000000000,1,1,1,64
closed_n16,16,0.200000,0.500000,false,2,256,1.000e-12,0.02000,0.000000,14,0.0000000000,0.0000000000,1,1,1,16
closed_n16,16,0.200000,0.500000,false,2,256,1.000e-12,0.02000,0.000000,15,0.0000000000,0.0000000000,1,1,1,4
closed_n16,16,0.200000,0.500000,false,2,256,1.000e-12,0.02000,0.250000,1,0.2293160393,0.6349112384,4,4,4,4
closed_n16,16,0.200000,0.500000,false,2,256,1.000e-12,0.02000,0.250000,2,0.2258059691,0.6456450211,13,7,12,16
closed_n16,16,0.200000,0.500000,false,2,256,1.000e-12,0.02000,0.250000,3,0.2257394188,0.6455405084,14,7,13,64
closed_n16,16,0.200000,0.500000,false,2,256,1.000e-12,0.02000,0.250000,4,0.2258247337,0.6456258649,15,7,14,256
closed_n16,16,0.200000,0.500000,false,2,256,1.000e-12,0.02000,0.250000,5,0.2257393110,0.6455405274,14,7,13,1024
closed_n16,16,0.200000,0.500000,false,2,256,1.000e-12,0.02000,0.250000,6,0.2258247338,0.6456258643,15,7,14,4096
closed_n16,16,0.200000,0.500000,false,2,256,1.000e-12,0.02000,0.250000,7,0.2257393110,0.6455405274,14,7,13,16384
closed_n16,16,0.200000,0.500000,false,2,256,1.000e-12,0.02000,0.250000,8,0.2258247338,0.6456258643,15,7,14,65536
closed_n16,16,0.200000,0.500000,false,2,256,1.000e-12,0.02000,0.250000,9,0.2257393110,0.6455405274,14,7,13,16384
closed_n16,16,0.200000,0.500000,false,2,256,1.000e-12,0.02000,0.250000,10,0.2258247338,0.6456258643,15,7,14,4096
closed_n16,16,0.200000,0.500000,false,2,256,1.000e-12,0.02000,0.250000,11,0.2257393110,0.6455405274,14,7,13,1024
closed_n16,16,0.200000,0.500000,false,2,256,1.000e-12,0.02000,0.250000,12,0.2258247337,0.6456258649,15,7,14,256
closed_n16,16,0.200000,0.500000,false,2,256,1.000e-12,0.02000,0.250000,13,0.2257394188,0.6455405084,14,7,13,64
closed_n16,16,0.200000,0.500000,false,2,256,1.000e-12,0.02000,0.250000,14,0.2258059691,0.6456450211,13,7,12,16
closed_n16,16,0.200000,0.500000,false,2,256,1.000e-12,0.02000,0.250000,15,0.2293160393,0.6349112384,4,4,4,4
closed_n16,16,0.200000,0.500000,false,2,256,1.000e-12,0.02000,0.500000,1,0.6447523215,1.1120860291,4,4,4,4
closed_n16,16,0.200000,0.500000,false,2,256,1.000e-12,0.02000,0.500000,2,0.6170654973,1.1912281253,16,12,16,16
closed_n16,16,0.200000,0.500000,false,2,256,1.000e-12,0.02000,0.500000,3,0.6173389839,1.1913419758,28,12,26,64
closed_n16,16,0.200000,0.500000,false,2,256,1.000e-12,0.02000,0.500000,4,0.6175141769,1.1914987447,32,12,26,256
closed_n16,16,0.200000,0.500000,false,2,256,1.000e-12,0.02000,0.500000,5,0.6173264466,1.1913306439,29,12,26,1024
closed_n16,16,0.200000,0.500000,false,2,256,1.000e-12,0.02000,0.500000,6,0.6175142311,1.1914987006,32,12,26,4096
closed_n16,16,0.200000,0.500000,false,2,256,1.000e-12,0.02000,0.500000,7,0.6173264458,1.1913306411,29,12,26,16384
closed_n16,16,0.200000,0.500000,false,2,256,1.000e-12,0.02000,0.500000,8,0.6175142311,1.1914987006,32,12,26,65536
closed_n16,16,0.200000,0.500000,false,2,256,1.000e-12,0.02000,0.500000,9,0.6173264458,1.1913306411,29,12,26,16384
closed_n16,16,0.200000,0.500000,false,2,256,1.000e-12,0.02000,0.500000,10,0.6175142311,1.1914987006,32,12,26,4096
closed_n16,16,0.200000,0.500000,false,2,256,1.000e-12,0.02000,0.500000,11,0.6173264466,1.1913306439,29,12,26,1024
closed_n16,16,0.200000,0.500000,false,2,256,1.000e-12,0.02000,0.500000,12,0.6175141769,1.1914987447,32,12,26,256
closed_n16,16,0.200000,0.500000,false,2,256,1.000e-12,0.02000,0.500000,13,0.6173389839,1.1913419758,28,12,26,64
closed_n16,16,0.200000,0.500000,false,2,256,1.000e-12,0.02000,0.500000,14,0.6170654973,1.1912281253,16,12,16,16
closed_n16,16,0.200000,0.500000,false,2,256,1.000e-12,0.02000,0.500000,15,0.6447523215,1.1120860291,4,4,4,4
closed_n16,16,0.200000,0.500000,false,2,256,1.000e-12,0.02000,0.750000,1,1.0723252444,1.4544425567,4,4,4,4
closed_n16,16,0.200000,0.500000,false,2,256,1.000e-12,0.02000,0.750000,2,1.0214209900,1.6894267564,16,14,16,16
closed_n16,16,0.200000,0.500000,false,2,256,1.000e-12,0.02000,0.750000,3,1.0218580168,1.6940239556,42,20,38,64
closed_n16,16,0.200000,0.500000,false,2,256,1.000e-12,0.02000,0.750000,4,1.0219631158,1.6941661903,53,20,46,256
closed_n16,16,0.200000,0.500000,false,2,256,1.000e-12,0.02000,0.750000,5,1.0217358519,1.6939520987,48,20,43,1024
closed_n16,16,0.200000,0.500000,false,2,256,1.000e-12,0.02000,0.750000,6,1.0219622554,1.6941601853,53,20,46,4096
closed_n16,16,0.200000,0.500000,false,2,256,1.000e-12,0.02000,0.750000,7,1.0217358118,1.6939519871,48,20,43,16384
closed_n16,16,0.200000,0.500000,false,2,256,1.000e-12,0.02000,0.750000,8,1.0219622552,1.6941601836,53,20,46,65536
closed_n16,16,0.200000,0.500000,false,2,256,1.000e-12,0.02000,0.750000,9,1.0217358118,1.6939519871,48,20,43,16384
closed_n16,16,0.200000,0.500000,false,2,256,1.000e-12,0.02000,0.750000,10,1.0219622554,1.6941601853,53,20,46,4096
closed_n16,16,0.200000,0.500000,false,2,256,1.000e-12,0.02000,0.750000,11,1.0217358519,1.6939520987,48,20,43,1024
closed_n16,16,0.200000,0.500000,false,2,256,1.000e-12,0.02000,0.750000,12,1.0219631158,1.6941661903,53,20,46,256
closed_n16,16,0.200000,0.500000,false,2,256,1.000e-12,0.02000,0.750000,13,1.0218580168,1.6940239556,42,20,38,64
closed_n16,16,0.200000,0.500000,false,2,256,1.000e-12,0.02000,0.750000,14,1.0214209900,1.6894267564,16,14,16,16
closed_n16,16,0.200000,0.500000,false,2,256,1.000e-12,0.02000,0.750000,15,1.0723252444,1.4544425567,4,4,4,4
closed_n16,16,0.200000,0.500000,false,2,256,1.000e-12,0.02000,1.000000,1,1.4267097776,1.6856525931,4,4,4,4
closed_n16,16,0.200000,0.500000,false,2,256,1.000e-12,0.02000,1.000000,2,1.4200602128,2.1490005017,16,16,16,16
closed_n16,16,0.200000,0.500000,false,2,256,1.000e-12,0.02000,1.000000,3,1.4151007227,2.1774135876,51,29,49,64
closed_n16,16,0.200000,0.500000,false,2,256,1.000e-12,0.02000,1.000000,4,1.4148979949,2.1773574907,84,30,72,256
closed_n16,16,0.200000,0.500000,false,2,256,1.000e-12,0.02000,1.000000,5,1.4146526484,2.1770638269,76,29,66,1024
closed_n16,16,0.200000,0.500000,false,2,256,1.000e-12,0.02000,1.000000,6,1.4148618712,2.1773147063,87,30,73,4096
closed_n16,16,0.200000,0.500000,false,2,256,1.000e-12,0.02000,1.000000,7,1.4146521815,2.1770615351,76,29,67,16384
closed_n16,16,0.200000,0.500000,false,2,256,1.000e-12,0.02000,1.000000,8,1.4148618464,2.1773146400,87,30,73,65536
closed_n16,16,0.200000,0.500000,false,2,256,1.000e-12,0.02000,1.000000,9,1.4146521815,2.1770615351,76,29,67,16384
closed_n16,16,0.200000,0.500000,false,2,256,1.000e-12,0.02000,1.000000,10,1.4148618712,2.1773147063,87,30,73,4096
closed_n16,16,0.200000,0.500000,false,2,256,1.000e-12,0.02000,1.000000,11,1.4146526484,2.1770638269,76,29,66,1024
closed_n16,16,0.200000,0.500000,false,2,256,1.000e-12,0.02000,1.000000,12,1.4148979949,2.1773574907,84,30,72,256
closed_n16,16,0.200000,0.500000,false,2,256,1.000e-12,0.02000,1.000000,13,1.4151007227,2.1774135876,51,29,49,64
closed_n16,16,0.200000,0.500000,false,2,256,1.000e-12,0.02000,1.000000,14,1.4200602128,2.1490005017,16,16,16,16
closed_n16,16,0.200000,0.500000,false,2,256,1.000e-12,0.02000,1.000000,15,1.4267097776,1.6856525931,4,4,4,4
closed_n16,16,0.200000,0.500000,false,2,256,1.000e-12,0.02000,1.250000,1,1.6766601978,1.8301306814,4,4,4,4
closed_n16,16,0.200000,0.500000,false,2,256,1.000e-12,0.02000,1.250000,2,1.8118828010,2.5437289720,16,16,16,16
closed_n16,16,0.200000,0.500000,false,2,256,1.000e-12,0.02000,1.250000,3,1.8004418666,2.6447066814,58,40,57,64
closed_n16,16,0.200000,0.500000,false,2,256,1.000e-12,0.02000,1.250000,4,1.7988652501,2.6443675232,119,47,105,256
closed_n16,16,0.200000,0.500000,false,2,256,1.000e-12,0.02000,1.250000,5,1.7984515158,2.6439996657,119,46,105,1024
closed_n16,16,0.200000,0.500000,false,2,256,1.000e-12,0.02000,1.250000,6,1.7986132592,2.6442714366,134,46,114,4096
closed_n16,16,0.200000,0.500000,false,2,256,1.000e-12,0.02000,1.250000,7,1.7984435823,2.6439679242,118,46,105,16384
closed_n16,16,0.200000,0.500000,false,2,256,1.000e-12,0.02000,1.250000,8,1.7986128540,2.6442709303,134,46,114,65536
closed_n16,16,0.200000,0.500000,false,2,256,1.000e-12,0.02000,1.250000,9,1.7984435823,2.6439679242,118,46,105,16384
closed_n16,16,0.200000,0.500000,false,2,256,1.000e-12,0.02000,1.250000,10,1.7986132592,2.6442714366,134,46,114,4096
closed_n16,16,0.200000,0.500000,false,2,256,1.000e-12,0.02000,1.250000,11,1.7984515158,2.6439996657,119,46,105,1024
closed_n16,16,0.200000,0.500000,false,2,256,1.000e-12,0.02000,1.250000,12,1.7988652501,2.6443675232,119,47,105,256
closed_n16,16,0.200000,0.500000,false,2,256,1.000e-12,0.02000,1.250000,13,1.8004418666,2.6447066814,58,40,57,64
closed_n16,16,0.200000,0.500000,false,2,256,1.000e-12,0.02000,1.250000,14,1.8118828010,2.5437289720,16,16,16,16
closed_n16,16,0.200000,0.500000,false,2,256,1.000e-12,0.02000,1.250000,15,1.6766601978,1.8301306814,4,4,4,4
closed_n16,16,0.200000,0.500000,false,2,256,1.000e-12,0.02000,1.500000,1,1.8285691320,1.9120703504,4,4,4,4
closed_n16,16,0.200000,0.500000,false,2,256,1.000e-12,0.02000,1.500000,2,2.1554412966,2.8424938442,16,16,16,16
closed_n16,16,0.200000,0.500000,false,2,256,1.000e-12,0.02000,1.500000,3,2.1769342946,3.0940377660,61,49,61,64
closed_n16,16,0.200000,0.500000,false,2,256,1.000e-12,0.02000,1.500000,4,2.1678339249,3.0967391698,155,71,142,256
closed_n16,16,0.200000,0.500000,false,2,256,1.000e-12,0.02000,1.500000,5,2.1671719347,3.0965982870,182,70,158,1024
closed_n16,16,0.200000,0.500000,false,2,256,1.000e-12,0.02000,1.500000,6,2.1672009859,3.0967790319,208,70,176,4096
closed_n16,16,0.200000,0.500000,false,2,256,1.000e-12,0.02000,1.500000,7,2.1670660465,3.0964087115,185,70,158,16384
closed_n16,16,0.200000,0.500000,false,2,256,1.000e-12,0.02000,1.500000,8,2.1671992822,3.0967754736,207,70,176,65536
closed_n16,16,0.200000,0.500000,false,2,256,1.000e-12,0.02000,1.500000,9,2.1670660465,3.0964087115,185,70,158,16384
closed_n16,16,0.200000,0.500000,false,2,256,1.000e-12,0.02000,1.500000,10,2.1672009859,3.0967790319,208,70,176,4096
closed_n16,16,0.200000,0.500000,false,2,256,1.000e-12,0.02000,1.500000,11,2.1671719347,3.0965982870,182,70,158,1024
closed_n16,16,0.200000,0.500000,false,2,256,1.000e-12,0.02000,1.500000,12,2.1678339249,3.0967391698,155,71,142,256
closed_n16,16,0.200000,0.500000,false,2,256,1.000e-12,0.02000,1.500000,13,2.1769342946,3.0940377660,61,49,61,64
closed_n16,16,0.200000,0.500000,false,2,256,1.000e-12,0.02000,1.500000,14,2.1554412966,2.8424938442,16,16,16,16
closed_n16,16,0.200000,0.500000,false,2,256,1.000e-12,0.02000,1.500000,15,1.8285691320,1.9120703504,4,4,4,4
closed_n16,16,0.200000,0.500000,false,2,256,1.000e-12,0.02000,1.750000,1,1.9079844319,1.9533668983,4,4,4,4
closed_n16,16,0.200000,0.500000,false,2,256,1.000e-12,0.02000,1.750000,2,2.3964234590,3.0331661113,16,16,16,16
closed_n16,16,0.200000,0.500000,false,2,256,1.000e-12,0.02000,1.750000,3,2.5518887848,3.5159116717,63,54,63,64
closed_n16,16,0.200000,0.500000,false,2,256,1.000e-12,0.02000,1.750000,4,2.5210170222,3.5379260885,192,100,177,256
closed_n16,16,0.200000,0.500000,false,2,256,1.000e-12,0.02000,1.750000,5,2.5215610973,3.5392400400,256,106,236,1024
closed_n16,16,0.200000,0.500000,false,2,256,1.000e-12,0.02000,1.750000,6,2.5209428289,3.5389364281,256,106,251,4096
closed_n16,16,0.200000,0.500000,false,2,256,1.000e-12,0.02000,1.750000,7,2.5208232764,3.5385399440,256,106,240,16384
closed_n16,16,0.200000,0.500000,false,2,256,1.000e-12,0.02000,1.750000,8,2.5209459783,3.5389063774,256,106,250,65536
closed_n16,16,0.200000,0.500000,false,2,256,1.000e-12,0.02000,1.750000,9,2.5208232764,3.5385399440,256,106,240,16384
closed_n16,16,0.200000,0.500000,false,2,256,1.000e-12,0.02000,1.750000,10,2.5209428289,3.5389364281,256,106,251,4096
closed_n16,16,0.200000,0.500000,false,2,256,1.000e-12,0.02000,1.750000,11,2.5215610973,3.5392400400,256,106,236,1024
closed_n16,16,0.200000,0.500000,false,2,256,1.000e-12,0.02000,1.750000,12,2.5210170222,3.5379260885,192,100,177,256
closed_n16,16,0.200000,0.500000,false,2,256,1.000e-12,0.02000,1.750000,13,2.5518887848,3.5159116717,63,54,63,64
closed_n16,16,0.200000,0.500000,false,2,256,1.000e-12,0.02000,1.750000,14,2.3964234590,3.0331661113,16,16,16,16
closed_n16,16,0.200000,0.500000,false,2,256,1.000e-12,0.02000,1.750000,15,1.9079844319,1.9533668983,4,4,4,4
closed_n16,16,0.200000,0.500000,false,2,256,1.000e-12,0.02000,2.000000,1,1.9426210151,1.9710693692,4,4,4,4
closed_n16,16,0.200000,0.500000,false,2,256,1.000e-12,0.02000,2.000000,2,2.5162944097,3.1285926958,16,16,16,16
closed_n16,16,0.200000,0.500000,false,2,256,1.000e-12,0.02000,2.000000,3,2.9259048432,3.8863618431,64,60,64,64
closed_n16,16,0.200000,0.500000,false,2,256,1.000e-12,0.02000,2.000000,4,2.8640132770,3.9673599000,216,129,206,256
closed_n16,16,0.200000,0.500000,false,2,256,1.000e-12,0.02000,2.000000,5,2.8705854681,3.9731762061,256,152,256,1024
closed_n16,16,0.200000,0.500000,false,2,256,1.000e-12,0.02000,2.000000,6,2.8676094633,3.9715892498,256,150,256,4096
closed_n16,16,0.200000,0.500000,false,2,256,1.000e-12,0.02000,2.000000,7,2.8675221626,3.9712210517,256,150,256,16384
closed_n16,16,0.200000,0.500000,false,2,256,1.000e-12,0.02000,2.000000,8,2.8676484453,3.9714371969,256,150,256,65536
closed_n16,16,0.200000,0.500000,false,2,256,1.000e-12,0.02000,2.000000,9,2.8675221626,3.9712210516,256,150,256,16384
closed_n16,16,0.200000,0.500000,false,2,256,1.000e-12,0.02000,2.000000,10,2.8676094632,3.9715892497,256,150,256,4096
closed_n16,16,0.200000,0.500000,false,2,256,1.000e-12,0.02000,2.000000,11,2.8705854681,3.9731762060,256,152,256,1024
closed_n16,16,0.200000,0.500000,false,2,256,1.000e-12,0.02000,2.000000,12,2.8640132770,3.9673599000,216,129,206,256
closed_n16,16,0.200000,0.500000,false,2,256,1.000e-12,0.02000,2.000000,13,2.9259048432,3.8863618431,64,60,64,64
closed_n16,16,0.200000,0.500000,false,2,256,1.000e-12,0.02000,2.000000,14,2.5162944097,3.1285926958,16,16,16,16
closed_n16,16,0.200000,0.500000,false,2,256,1.000e-12,0.02000,2.000000,15,1.9426210151,1.9710693692,4,4,4,4
closed_n16,16,0.200000,0.500000,false,2,256,1.000e-12,0.02000,2.250000,1,1.9519870862,1.9758250385,4,4,4,4
closed_n16,16,0.200000,0.500000,false,2,256,1.000e-12,0.02000,2.250000,2,2.5439285704,3.1596118022,16,16,16,16
closed_n16,16,0.200000,0.500000,false,2,256,1.000e-12,0.02000,2.250000,3,3.2672630485,4.1763926812,64,61,64,64
closed_n16,16,0.200000,0.500000,false,2,256,1.000e-12,0.02000,2.250000,4,3.1973685708,4.3774147075,231,157,225,256
closed_n16,16,0.200000,0.500000,false,2,256,1.000e-12,0.02000,2.250000,5,3.2183298966,4.3954705938,256,206,256,1024
closed_n16,16,0.200000,0.500000,false,2,256,1.000e-12,0.02000,2.250000,6,3.2097458613,4.3918612856,256,205,256,4096
closed_n16,16,0.200000,0.500000,false,2,256,1.000e-12,0.02000,2.250000,7,3.2097338470,4.3913591129,256,205,256,16384
closed_n16,16,0.200000,0.500000,false,2,256,1.000e-12,0.02000,2.250000,8,3.2098078875,4.3913088165,256,204,256,65536
closed_n16,16,0.200000,0.500000,false,2,256,1.000e-12,0.02000,2.250000,9,3.2097338470,4.3913591117,256,205,256,16384
closed_n16,16,0.200000,0.500000,false,2,256,1.000e-12,0.02000,2.250000,10,3.2097458613,4.3918612853,256,205,256,4096
closed_n16,16,0.200000,0.500000,false,2,256,1.000e-12,0.02000,2.250000,11,3.2183298965,4.3954705926,256,206,256,1024
closed_n16,16,0.200000,0.500000,false,2,256,1.000e-12,0.02000,2.250000,12,3.1973685707,4.3774147072,231,157,225,256
closed_n16,16,0.200000,0.500000,false,2,256,1.000e-12,0.02000,2.250000,13,3.2672630485,4.1763926812,64,61,64,64
closed_n16,16,0.200000,0.500000,false,2,256,1.000e-12,0.02000,2.250000,14,2.5439285704,3.1596118022,16,16,16,16
closed_n16,16,0.200000,0.500000,false,2,256,1.000e-12,0.02000,2.250000,15,1.9519870862,1.9758250385,4,4,4,4
closed_n16,16,0.200000,0.500000,false,2,256,1.000e-12,0.02000,2.500000,1,1.9455208149,1.9725430770,4,4,4,4
closed_n16,16,0.200000,0.500000,false,2,256,1.000e-12,0.02000,2.500000,2,2.5300061609,3.1605868586,16,16,16,16
closed_n16,16,0.200000,0.500000,false,2,256,1.000e-12,0.02000,2.500000,3,3.5275900762,4.3697614759,64,62,64,64
closed_n16,16,0.200000,0.500000,false,2,256,1.000e-12,0.02000,2.500000,4,3.5137827128,4.7524940619,242,180,237,256
closed_n16,16,0.200000,0.500000,false,2,256,1.000e-12,0.02000,2.500000,5,3.5627341147,4.8009207079,256,235,256,1024
closed_n16,16,0.200000,0.500000,false,2,256,1.000e-12,0.02000,2.500000,6,3.5449234714,4.7949455371,256,233,256,4096
closed_n16,16,0.200000,0.500000,false,2,256,1.000e-12,0.02000,2.500000,7,3.5448111763,4.7941416078,256,234,256,16384
closed_n16,16,0.200000,0.500000,false,2,256,1.000e-12,0.02000,2.500000,8,3.5446410242,4.7935049060,256,233,256,65536
closed_n16,16,0.200000,0.500000,false,2,256,1.000e-12,0.02000,2.500000,9,3.5448111776,4.7941415986,256,234,256,16384
closed_n16,16,0.200000,0.500000,false,2,256,1.000e-12,0.02000,2.500000,10,3.5449234931,4.7949484392,256,233,256,4096
closed_n16,16,0.200000,0.500000,false,2,256,1.000e-12,0.02000,2.500000,11,3.5627341156,4.8009206978,256,235,256,1024
closed_n16,16,0.200000,0.500000,false,2,256,1.000e-12,0.02000,2.500000,12,3.5137827124,4.7524940578,242,180,237,256
closed_n16,16,0.200000,0.500000,false,2,256,1.000e-12,0.02000,2.500000,13,3.5275900758,4.3697614748,64,62,64,64
closed_n16,16,0.200000,0.500000,false,2,256,1.000e-12,0.02000,2.500000,14,2.5300061605,3.1605868582,16,16,16,16
closed_n16,16,0.200000,0.500000,false,2,256,1.000e-12,0.02000,2.500000,15,1.9455208149,1.9725430770,4,4,4,4
closed_n16,16,0.200000,0.500000,false,2,256,1.000e-12,0.02000,2.750000,1,1.9267642365,1.9629875614,4,4,4,4
closed_n16,16,0.200000,0.500000,false,2,256,1.000e-12,0.02000,2.750000,2,2.5161507272,3.1559512180,16,16,16,16
closed_n16,16,0.200000,0.500000,false,2,256,1.000e-12,0.02000,2.750000,3,3.6824906748,4.4724484903,64,63,64,64
closed_n16,16,0.200000,0.500000,false,2,256,1.000e-12,0.02000,2.750000,4,3.7957509118,5.0697757173,248,198,245,256
closed_n16,16,0.200000,0.500000,false,2,256,1.000e-12,0.02000,2.750000,5,3.9006758927,5.1810508586,256,244,256,1024
closed_n16,16,0.200000,0.500000,false,2,256,1.000e-12,0.02000,2.750000,6,3.8716473476,5.1745388512,256,246,256,4096
closed_n16,16,0.200000,0.500000,false,2,256,1.000e-12,0.02000,2.750000,7,3.8709984629,5.1728540456,256,245,256,16384
closed_n16,16,0.200000,0.500000,false,2,256,1.000e-12,0.02000,2.750000,8,3.8701220391,5.1719032483,256,246,256,65536
closed_n16,16,0.200000,0.500000,false,2,256,1.000e-12,0.02000,2.750000,9,3.8709984634,5.1728539778,256,245,256,16384
closed_n16,16,0.200000,0.500000,false,2,256,1.000e-12,0.02000,2.750000,10,3.8716482214,5.1745664033,256,246,256,4096
closed_n16,16,0.200000,0.500000,false,2,256,1.000e-12,0.02000,2.750000,11,3.9006790530,5.1812204739,256,245,256,1024
closed_n16,16,0.200000,0.500000,false,2,256,1.000e-12,0.02000,2.750000,12,3.7957509857,5.0697757725,248,198,245,256
closed_n16,16,0.200000,0.500000,false,2,256,1.000e-12,0.02000,2.750000,13,3.6824906918,4.4724484960,64,63,64,64
closed_n16,16,0.200000,0.500000,false,2,256,1.000e-12,0.02000,2.750000,14,2.5161507378,3.1559512220,16,16,16,16
closed_n16,16,0.200000,0.500000,false,2,256,1.000e-12,0.02000,2.750000,15,1.9267642381,1.9629875622,4,4,4,4
closed_n16,16,0.200000,0.500000,false,2,256,1.000e-12,0.02000,3.000000,1,1.8988699310,1.9486774382,4,4,4,4
closed_n16,16,0.200000,0.500000,false,2,256,1.000e-12,0.02000,3.000000,2,2.5215155919,3.1567731721,16,16,16,16
closed_n16,16,0.200000,0.500000,false,2,256,1.000e-12,0.02000,3.000000,3,3.7486971465,4.5098219523,64,63,64,64
closed_n16,16,0.200000,0.500000,false,2,256,1.000e-12,0.02000,3.000000,4,4.0150996052,5.3067652166,250,209,248,256
closed_n16,16,0.200000,0.500000,false,2,256,1.000e-12,0.02000,3.000000,5,4.2275293850,5.5264573530,256,252,256,1024
closed_n16,16,0.200000,0.500000,false,2,256,1.000e-12,0.02000,3.000000,6,4.1883897376,5.5233158862,256,253,256,4096
closed_n16,16,0.200000,0.500000,false,2,256,1.000e-12,0.02000,3.000000,7,4.1881968391,5.5222010500,256,253,256,16384
closed_n16,16,0.200000,0.500000,false,2,256,1.000e-12,0.02000,3.000000,8,4.1854392760,5.5206261456,256,253,256,65536
closed_n16,16,0.200000,0.500000,false,2,256,1.000e-12,0.02000,3.000000,9,4.1881786881,5.5219675929,256,253,256,16384
closed_n16,16,0.200000,0.500000,false,2,256,1.000e-12,0.02000,3.000000,10,4.1884035794,5.5235100250,256,253,256,4096
closed_n16,16,0.200000,0.500000,false,2,256,1.000e-12,0.02000,3.000000,11,4.2275562971,5.5268500851,256,252,256,1024
closed_n16,16,0.200000,0.500000,false,2,256,1.000e-12,0.02000,3.000000,12,4.0150991259,5.3067641679,250,209,248,256
closed_n16,16,0.200000,0.500000,false,2,256,1.000e-12,0.02000,3.000000,13,3.7486972413,4.5098220633,64,63,64,64
closed_n16,16,0.200000,0.500000,false,2,256,1.000e-12,0.02000,3.000000,14,2.5215156190,3.1567731870,16,16,16,16
closed_n16,16,0.200000,0.500000,false,2,256,1.000e-12,0.02000,3.000000,15,1.8988699321,1.9486774387,4,4,4,4
closed_n16,16,0.200000,0.500000,false,2,256,1.000e-12,0.02000,3.250000,1,1.8676675044,1.9325265621,4,4,4,4
closed_n16,16,0.200000,0.500000,false,2,256,1.000e-12,0.02000,3.250000,2,2.5445615996,3.1641983579,16,16,16,16
closed_n16,16,0.200000,0.500000,false,2,256,1.000e-12,0.02000,3.250000,3,3.7662702856,4.5152105647,64,63,64,64
closed_n16,16,0.200000,0.500000,false,2,256,1.000e-12,0.02000,3.250000,4,4.1500354157,5.4541136768,251,216,250,256
closed_n16,16,0.200000,0.500000,false,2,256,1.000e-12,0.02000,3.250000,5,4.5332314152,5.8239271186,256,255,256,1024
closed_n16,16,0.200000,0.500000,false,2,256,1.000e-12,0.02000,3.250000,6,4.4903720332,5.8319786469,256,256,256,4096
closed_n16,16,0.200000,0.500000,false,2,256,1.000e-12,0.02000,3.250000,7,4.4974387851,5.8358064622,256,255,256,16384
closed_n16,16,0.200000,0.500000,false,2,256,1.000e-12,0.02000,3.250000,8,4.4897751361,5.8329681752,256,255,256,65536
closed_n16,16,0.200000,0.500000,false,2,256,1.000e-12,0.02000,3.250000,9,4.4973936562,5.8354912349,256,255,256,16384
closed_n16,16,0.200000,0.500000,false,2,256,1.000e-12,0.02000,3.250000,10,4.4904132326,5.8322806680,256,256,256,4096
closed_n16,16,0.200000,0.500000,false,2,256,1.000e-12,0.02000,3.250000,11,4.5332467655,5.8237836314,256,255,256,1024
closed_n16,16,0.200000,0.500000,false,2,256,1.000e-12,0.02000,3.250000,12,4.1500345362,5.4541127190,252,216,250,256
closed_n16,16,0.200000,0.500000,false,2,256,1.000e-12,0.02000,3.250000,13,3.7662698988,4.5152104768,64,63,64,64
closed_n16,16,0.200000,0.500000,false,2,256,1.000e-12,0.02000,3.250000,14,2.5445611660,3.1641980981,16,16,16,16
closed_n16,16,0.200000,0.500000,false,2,256,1.000e-12,0.02000,3.250000,15,1.8676675113,1.9325265683,4,4,4,4
closed_n16,16,0.200000,0.500000,false,2,256,1.000e-12,0.02000,3.500000,1,1.8410703752,1.9186370425,4,4,4,4
closed_n16,16,0.200000,0.500000,false,2,256,1.000e-12,0.02000,3.500000,2,2.5723379652,3.1741209631,16,16,16,16
closed_n16,16,0.200000,0.500000,false,2,256,1.000e-12,0.02000,3.500000,3,3.7711874982,4.5158405659,64,63,64,64
closed_n16,16,0.200000,0.500000,false,2,256,1.000e-12,0.02000,3.500000,4,4.2082605237,5.5247679851,252,221,251,256
closed_n16,16,0.200000,0.500000,false,2,256,1.000e-12,0.02000,3.500000,5,4.7995239582,6.0600580870,256,256,256,1024
closed_n16,16,0.200000,0.500000,false,2,256,1.000e-12,0.02000,3.500000,6,4.7683652675,6.0939621293,256,256,256,4096
closed_n16,16,0.200000,0.500000,false,2,256,1.000e-12,0.02000,3.500000,7,4.7997716689,6.1120314955,256,256,256,16384
closed_n16,16,0.200000,0.500000,false,2,256,1.000e-12,0.02000,3.500000,8,4.7810681646,6.1030310265,256,256,256,65536
closed_n16,16,0.200000,0.500000,false,2,256,1.000e-12,0.02000,3.500000,9,4.7996873627,6.1116012193,256,256,256,16384
closed_n16,16,0.200000,0.500000,false,2,256,1.000e-12,0.02000,3.500000,10,4.7683963808,6.0938799235,256,256,256,4096
closed_n16,16,0.200000,0.500000,false,2,256,1.000e-12,0.02000,3.500000,11,4.7994457873,6.0598093743,256,256,256,1024
closed_n16,16,0.200000,0.500000,false,2,256,1.000e-12,0.02000,3.500000,12,4.2082642570,5.5247721097,252,221,251,256
closed_n16,16,0.200000,0.500000,false,2,256,1.000e-12,0.02000,3.500000,13,3.7711855043,4.5158385174,64,63,64,64
closed_n16,16,0.200000,0.500000,false,2,256,1.000e-12,0.02000,3.500000,14,2.5723371543,3.1741204257,16,16,16,16
closed_n16,16,0.200000,0.500000,false,2,256,1.000e-12,0.02000,3.500000,15,1.8410703789,1.9186370567,4,4,4,4
closed_n16,16,0.200000,0.500000,false,2,256,1.000e-12,0.02000,3.750000,1,1.8259917839,1.9107117227,4,4,4,4
closed_n16,16,0.200000,0.500000,false,2,256,1.000e-12,0.02000,3.750000,2,2.5924418567,3.1820975510,16,16,16,16
closed_n16,16,0.200000,0.500000,false,2,256,1.000e-12,0.02000,3.750000,3,3.7809010717,4.5238726078,64,63,64,64
closed_n16,16,0.200000,0.500000,false,2,256,1.000e-12,0.02000,3.750000,4,4.2257100456,5.5494605407,252,223,251,256
closed_n16,16,0.200000,0.500000,false,2,256,1.000e-12,0.02000,3.750000,5,5.0043351410,6.2257292873,256,256,256,1024
closed_n16,16,0.200000,0.500000,false,2,256,1.000e-12,0.02000,3.750000,6,5.0097918092,6.3058904430,256,256,256,4096
closed_n16,16,0.200000,0.500000,false,2,256,1.000e-12,0.02000,3.750000,7,5.0923879842,6.3488066201,256,256,256,16384
closed_n16,16,0.200000,0.500000,false,2,256,1.000e-12,0.02000,3.750000,8,5.0553923926,6.3340132234,256,256,256,65536
closed_n16,16,0.200000,0.500000,false,2,256,1.000e-12,0.02000,3.750000,9,5.0920359724,6.3474708645,256,256,256,16384
closed_n16,16,0.200000,0.500000,false,2,256,1.000e-12,0.02000,3.750000,10,5.0098346308,6.3060316260,256,256,256,4096
closed_n16,16,0.200000,0.500000,false,2,256,1.000e-12,0.02000,3.750000,11,5.0044968217,6.2267060311,256,256,256,1024
closed_n16,16,0.200000,0.500000,false,2,256,1.000e-12,0.02000,3.750000,12,4.2257203032,5.5494743764,252,223,252,256
closed_n16,16,0.200000,0.500000,false,2,256,1.000e-12,0.02000,3.750000,13,3.7808992967,4.5238720907,64,63,64,64
closed_n16,16,0.200000,0.500000,false,2,256,1.000e-12,0.02000,3.750000,14,2.5924406658,3.1820975311,16,16,16,16
closed_n16,16,0.200000,0.500000,false,2,256,1.000e-12,0.02000,3.750000,15,1.8259922305,1.9107119576,4,4,4,4
closed_n16,16,0.200000,0.500000,false,2,256,1.000e-12,0.02000,4.000000,1,1.8252537970,1.9103226909,4,4,4,4
closed_n16,16,0.200000,0.500000,false,2,256,1.000e-12,0.02000,4.000000,2,2.6008344674,3.1864877342,16,16,16,16
closed_n16,16,0.200000,0.500000,false,2,256,1.000e-12,0.02000,4.000000,3,3.7947136628,4.5374078996,64,63,64,64
closed_n16,16,0.200000,0.500000,false,2,256,1.000e-12,0.02000,4.000000,4,4.2389807194,5.5571347999,253,223,252,256
closed_n16,16,0.200000,0.500000,false,2,256,1.000e-12,0.02000,4.000000,5,5.1362608097,6.3252404021,256,256,256,1024
closed_n16,16,0.200000,0.500000,false,2,256,1.000e-12,0.02000,4.000000,6,5.2025950288,6.4660820885,256,256,256,4096
closed_n16,16,0.200000,0.500000,false,2,256,1.000e-12,0.02000,4.000000,7,5.3653475341,6.5442115261,256,256,256,16384
closed_n16,16,0.200000,0.500000,false,2,256,1.000e-12,0.02000,4.000000,8,5.3082101981,6.5279776379,256,256,256,65536
closed_n16,16,0.200000,0.500000,false,2,256,1.000e-12,0.02000,4.000000,9,5.3641391436,6.5420425477,256,256,256,16384
closed_n16,16,0.200000,0.500000,false,2,256,1.000e-12,0.02000,4.000000,10,5.2027934769,6.4660478588,256,256,256,4096
closed_n16,16,0.200000,0.500000,false,2,256,1.000e-12,0.02000,4.000000,11,5.1365752438,6.3259158333,256,256,256,1024
closed_n16,16,0.200000,0.500000,false,2,256,1.000e-12,0.02000,4.000000,12,4.2390195567,5.5571600172,253,223,252,256
closed_n16,16,0.200000,0.500000,false,2,256,1.000e-12,0.02000,4.000000,13,3.7947104665,4.5374063950,64,63,64,64
closed_n16,16,0.200000,0.500000,false,2,256,1.000e-12,0.02000,4.000000,14,2.6008328342,3.1864885533,16,16,16,16
closed_n16,16,0.200000,0.500000,false,2,256,1.000e-12,0.02000,4.000000,15,1.8252547348,1.9103232055,4,4,4,4
closed_n16,16,0.200000,0.500000,false,2,256,1.000e-12,0.02000,4.250000,1,1.8366643102,1.9163243631,4,4,4,4
closed_n16,16,0.200000,0.500000,false,2,256,1.000e-12,0.02000,4.250000,2,2.6018424101,3.1886742503,16,16,16,16
closed_n16,16,0.200000,0.500000,false,2,256,1.000e-12,0.02000,4.250000,3,3.8026784073,4.5482266524,64,63,64,64
closed_n16,16,0.200000,0.500000,false,2,256,1.000e-12,0.02000,4.250000,4,4.2658844384,5.5617304120,254,221,253,256
closed_n16,16,0.200000,0.500000,false,2,256,1.000e-12,0.02000,4.250000,5,5.2041645903,6.3688079389,256,256,256,1024
closed_n16,16,0.200000,0.500000,false,2,256,1.000e-12,0.02000,4.250000,6,5.3394558726,6.5732286568,256,256,256,4096
closed_n16,16,0.200000,0.500000,false,2,256,1.000e-12,0.02000,4.250000,7,5.6052068136,6.6978494640,256,256,256,16384
closed_n16,16,0.200000,0.500000,false,2,256,1.000e-12,0.02000,4.250000,8,5.5336883924,6.6836637170,256,256,256,65536
closed_n16,16,0.200000,0.500000,false,2,256,1.000e-12,0.02000,4.250000,9,5.6034927287,6.6964377570,256,256,256,16384
closed_n16,16,0.200000,0.500000,false,2,256,1.000e-12,0.02000,4.250000,10,5.3397491315,6.5732900394,256,256,256,4096
closed_n16,16,0.200000,0.500000,false,2,256,1.000e-12,0.02000,4.250000,11,5.2045043103,6.3691834849,256,256,256,1024
closed_n16,16,0.200000,0.500000,false,2,256,1.000e-12,0.02000,4.250000,12,4.2660106975,5.5617942229,254,221,254,256
closed_n16,16,0.200000,0.500000,false,2,256,1.000e-12,0.02000,4.250000,13,3.8026767324,4.5482164153,64,63,64,64
closed_n16,16,0.200000,0.500000,false,2,256,1.000e-12,0.02000,4.250000,14,2.6018391617,3.1886727825,16,16,16,16
closed_n16,16,0.200000,0.500000,false,2,256,1.000e-12,0.02000,4.250000,15,1.8366649956,1.9163247453,4,4,4,4
closed_n16,16,0.200000,0.500000,false,2,256,1.000e-12,0.02000,4.500000,1,1.8546781334,1.9257557584,4,4,4,4
closed_n16,16,0.200000,0.500000,false,2,256,1.000e-12,0.02000,4.500000,2,2.6024961268,3.1910410187,16,16,16,16
closed_n16,16,0.200000,0.500000,false,2,256,1.000e-12,0.02000,4.500000,3,3.7968945611,4.5497003830,64,63,64,64
closed_n16,16,0.200000,0.500000,false,2,256,1.000e-12,0.02000,4.500000,4,4.3073255436,5.5673156110,254,218,254,256
closed_n16,16,0.200000,0.500000,false,2,256,1.000e-12,0.02000,4.500000,5,5.2323436910,6.3766905771,256,256,256,1024
closed_n16,16,0.200000,0.500000,false,2,256,1.000e-12,0.02000,4.500000,6,5.4241849505,6.6376040618,256,256,256,4096
closed_n16,16,0.200000,0.500000,false,2,256,1.000e-12,0.02000,4.500000,7,5.7994105807,6.8106424439,256,256,256,16384
closed_n16,16,0.200000,0.500000,false,2,256,1.000e-12,0.02000,4.500000,8,5.7271846265,6.8095044582,256,256,256,65536
closed_n16,16,0.200000,0.500000,false,2,256,1.000e-12,0.02000,4.500000,9,5.7974640710,6.8096800370,256,256,256,16384
closed_n16,16,0.200000,0.500000,false,2,256,1.000e-12,0.02000,4.500000,10,5.4245076655,6.6378329193,256,256,256,4096
closed_n16,16,0.200000,0.500000,false,2,256,1.000e-12,0.02000,4.500000,11,5.2326194174,6.3767821535,256,256,256,1024
closed_n16,16,0.200000,0.500000,false,2,256,1.000e-12,0.02000,4.500000,12,4.3075793459,5.5674556312,254,218,254,256
closed_n16,16,0.200000,0.500000,false,2,256,1.000e-12,0.02000,4.500000,13,3.7969079615,4.5496830361,64,63,64,64
closed_n16,16,0.200000,0.500000,false,2,256,1.000e-12,0.02000,4.500000,14,2.6024893696,3.1910363329,16,16,16,16
closed_n16,16,0.200000,0.500000,false,2,256,1.000e-12,0.02000,4.500000,15,1.8546777014,1.9257554980,4,4,4,4
closed_n16,16,0.200000,0.500000,false,2,256,1.000e-12,0.02000,4.750000,1,1.8731744438,1.9353842650,4,4,4,4
closed_n16,16,0.200000,0.500000,false,2,256,1.000e-12,0.02000,4.750000,2,2.6065100849,3.1945158559,16,16,16,16
closed_n16,16,0.200000,0.500000,false,2,256,1.000e-12,0.02000,4.750000,3,3.7787951730,4.5410898585,64,63,64,64
closed_n16,16,0.200000,0.500000,false,2,256,1.000e-12,0.02000,4.750000,4,4.3527175567,5.5732522601,254,215,254,256
closed_n16,16,0.200000,0.500000,false,2,256,1.000e-12,0.02000,4.750000,5,5.2451380318,6.3714881454,256,256,256,1024
closed_n16,16,0.200000,0.500000,false,2,256,1.000e-12,0.02000,4.750000,6,5.4738934093,6.6745675153,256,256,256,4096
closed_n16,16,0.200000,0.500000,false,2,256,1.000e-12,0.02000,4.750000,7,5.9449538843,6.8899642638,256,256,256,16384
closed_n16,16,0.200000,0.500000,false,2,256,1.000e-12,0.02000,4.750000,8,5.8831308549,6.9090809863,256,256,256,65536
closed_n16,16,0.200000,0.500000,false,2,256,1.000e-12,0.02000,4.750000,9,5.9426449347,6.8886746614,256,256,256,16384
closed_n16,16,0.200000,0.500000,false,2,256,1.000e-12,0.02000,4.750000,10,5.4738488323,6.6745018941,256,256,256,4096
closed_n16,16,0.200000,0.500000,false,2,256,1.000e-12,0.02000,4.750000,11,5.2453425527,6.3715399907,256,256,256,1024
closed_n16,16,0.200000,0.500000,false,2,256,1.000e-12,0.02000,4.750000,12,4.3530814203,5.5734156176,254,215,254,256
closed_n16,16,0.200000,0.500000,false,2,256,1.000e-12,0.02000,4.750000,13,3.7788454037,4.5410750000,64,63,64,64
closed_n16,16,0.200000,0.500000,false,2,256,1.000e-12,0.02000,4.750000,14,2.6064966131,3.1945067527,16,16,16,16
closed_n16,16,0.200000,0.500000,false,2,256,1.000e-12,0.02000,4.750000,15,1.8731722467,1.9353829211,4,4,4,4
closed_n16,16,0.200000,0.500000,false,2,256,1.000e-12,0.02000,5.000000,1,1.8875692363,1.9428373837,4,4,4,4
closed_n16,16,0.200000,0.500000,false,2,256,1.000e-12,0.02000,5.000000,2,2.6122099173,3.1976589355,16,16,16,16
closed_n16,16,0.200000,0.500000,false,2,256,1.000e-12,0.02000,5.000000,3,3.7586096868,4.5274056237,64,63,64,64
closed_n16,16,0.200000,0.500000,false,2,256,1.000e-12,0.02000,5.000000,4,4.3867719377,5.5769554561,255,212,254,256
closed_n16,16,0.200000,0.500000,false,2,256,1.000e-12,0.02000,5.000000,5,5.2575406676,6.3715752345,256,256,256,1024
closed_n16,16,0.200000,0.500000,false,2,256,1.000e-12,0.02000,5.000000,6,5.5105137272,6.6961432739,256,256,256,4096
closed_n16,16,0.200000,0.500000,false,2,256,1.000e-12,0.02000,5.000000,7,6.0449484744,6.9406828605,256,256,256,16384
closed_n16,16,0.200000,0.500000,false,2,256,1.000e-12,0.02000,5.000000,8,5.9954721602,6.9809268248,256,256,256,65536
closed_n16,16,0.200000,0.500000,false,2,256,1.000e-12,0.02000,5.000000,9,6.0422662973,6.9390055514,256,256,256,16384
closed_n16,16,0.200000,0.500000,false,2,256,1.000e-12,0.02000,5.000000,10,5.5099427650,6.6957798079,256,256,256,4096
closed_n16,16,0.200000,0.500000,false,2,256,1.000e-12,0.02000,5.000000,11,5.2576814894,6.3715660363,256,256,256,1024
closed_n16,16,0.200000,0.500000,false,2,256,1.000e-12,0.02000,5.000000,12,4.3872149647,5.5770471175,255,211,254,256
closed_n16,16,0.200000,0.500000,false,2,256,1.000e-12,0.02000,5.000000,13,3.7587167805,4.5274143533,64,63,64,64
closed_n16,16,0.200000,0.500000,false,2,256,1.000e-12,0.02000,5.000000,14,2.6121891491,3.1976440713,16,16,16,16
closed_n16,16,0.200000,0.500000,false,2,256,1.000e-12,0.02000,5.000000,15,1.8875646492,1.9428345119,4,4,4,4
closed_n16,16,0.200000,0.500000,false,2,256,1.000e-12,0.02000,5.250000,1,1.8954537286,1.9468996087,4,4,4,4
closed_n16,16,0.200000,0.500000,false,2,256,1.000e-12,0.02000,5.250000,2,2.6152726413,3.1980482289,16,16,16,16
closed_n16,16,0.200000,0.500000,false,2,256,1.000e-12,0.02000,5.250000,3,3.7484456207,4.5160228098,64,63,64,64
closed_n16,16,0.200000,0.500000,false,2,256,1.000e-12,0.02000,5.250000,4,4.3997614620,5.5786734950,255,210,255,256
closed_n16,16,0.200000,0.500000,false,2,256,1.000e-12,0.02000,5.250000,5,5.2742837621,6.3825040290,256,256,256,1024
closed_n16,16,0.200000,0.500000,false,2,256,1.000e-12,0.02000,5.250000,6,5.5505674904,6.7164238335,256,256,256,4096
closed_n16,16,0.200000,0.500000,false,2,256,1.000e-12,0.02000,5.250000,7,6.1111078694,6.9742513449,256,256,256,16384
closed_n16,16,0.200000,0.500000,false,2,256,1.000e-12,0.02000,5.250000,8,6.0654490023,7.0252937530,256,256,256,65536
closed_n16,16,0.200000,0.500000,false,2,256,1.000e-12,0.02000,5.250000,9,6.1083007001,6.9725745855,256,256,256,16384
closed_n16,16,0.200000,0.500000,false,2,256,1.000e-12,0.02000,5.250000,10,5.5494635384,6.7156347070,256,256,256,4096
closed_n16,16,0.200000,0.500000,false,2,256,1.000e-12,0.02000,5.250000,11,5.2743789069,6.3825109314,256,256,256,1024
closed_n16,16,0.200000,0.500000,false,2,256,1.000e-12,0.02000,5.250000,12,4.4002973954,5.5787385484,255,209,255,256
closed_n16,16,0.200000,0.500000,false,2,256,1.000e-12,0.02000,5.250000,13,3.7486081760,4.5160740648,64,63,64,64
closed_n16,16,0.200000,0.500000,false,2,256,1.000e-12,0.02000,5.250000,14,2.6152504019,3.1980259549,16,16,16,16
closed_n16,16,0.200000,0.500000,false,2,256,1.000e-12,0.02000,5.250000,15,1.8954466080,1.9468950543,4,4,4,4
closed_n16,16,0.200000,0.500000,false,2,256,1.000e-12,0.02000,5.500000,1,1.8961827006,1.9472584681,4,4,4,4
closed_n16,16,0.200000,0.500000,false,2,256,1.000e-12,0.02000,5.500000,2,2.6130989923,3.1944228707,16,16,16,16
closed_n16,16,0.200000,0.500000,false,2,256,1.000e-12,0.02000,5.500000,3,3.7541196941,4.5119734180,64,63,64,64
closed_n16,16,0.200000,0.500000,false,2,256,1.000e-12,0.02000,5.500000,4,4.3931955094,5.5764100016,255,215,255,256
closed_n16,16,0.200000,0.500000,false,2,256,1.000e-12,0.02000,5.500000,5,5.2912578047,6.3978199784,256,256,256,1024
closed_n16,16,0.200000,0.500000,false,2,256,1.000e-12,0.02000,5.500000,6,5.5975314894,6.7427433455,256,256,256,4096
closed_n16,16,0.200000,0.500000,false,2,256,1.000e-12,0.02000,5.500000,7,6.1595486895,7.0015785029,256,256,256,16384
closed_n16,16,0.200000,0.500000,false,2,256,1.000e-12,0.02000,5.500000,8,6.1074758084,7.0514748983,256,256,256,65536
closed_n16,16,0.200000,0.500000,false,2,256,1.000e-12,0.02000,5.500000,9,6.1567711164,6.9998740901,256,256,256,16384
closed_n16,16,0.200000,0.500000,false,2,256,1.000e-12,0.02000,5.500000,10,5.5960037251,6.7417805290,256,256,256,4096
closed_n16,16,0.200000,0.500000,false,2,256,1.000e-12,0.02000,5.500000,11,5.2913049203,6.3980692986,256,256,256,1024
closed_n16,16,0.200000,0.500000,false,2,256,1.000e-12,0.02000,5.500000,12,4.3938653595,5.5765648316,255,214,255,256
closed_n16,16,0.200000,0.500000,false,2,256,1.000e-12,0.02000,5.500000,13,3.7543080385,4.5120593629,64,63,64,64
closed_n16,16,0.200000,0.500000,false,2,256,1.000e-12,0.02000,5.500000,14,2.6130899188,3.1943914793,16,16,16,16
closed_n16,16,0.200000,0.500000,false,2,256,1.000e-12,0.02000,5.500000,15,1.8961725362,1.9472520189,4,4,4,4
closed_n16,16,0.200000,0.500000,false,2,256,1.000e-12,0.02000,5.750000,1,1.8903095451,1.9441956833,4,4,4,4
closed_n16,16,0.200000,0.500000,false,2,256,1.000e-12,0.02000,5.750000,2,2.6069365330,3.1876967903,16,16,16,16
closed_n16,16,0.200000,0.500000,false,2,256,1.000e-12,0.02000,5.750000,3,3.7719989392,4.5151279515,64,63,64,64
closed_n16,16,0.200000,0.500000,false,2,256,1.000e-12,0.02000,5.750000,4,4.3776070522,5.5667285181,255,218,255,256
closed_n16,16,0.200000,0.500000,false,2,256,1.000e-12,0.02000,5.750000,5,5.3003317375,6.4108724804,256,256,256,1024
closed_n16,16,0.200000,0.500000,false,2,256,1.000e-12,0.02000,5.750000,6,5.6445238663,6.7697496881,256,256,256,4096
closed_n16,16,0.200000,0.500000,false,2,256,1.000e-12,0.02000,5.750000,7,6.2015432316,7.0270975171,256,256,256,16384
closed_n16,16,0.200000,0.500000,false,2,256,1.000e-12,0.02000,5.750000,8,6.1441531344,7.0767891327,256,256,256,65536
closed_n16,16,0.200000,0.500000,false,2,256,1.000e-12,0.02000,5.750000,9,6.1988603891,7.0253459217,256,256,256,16384
closed_n16,16,0.200000,0.500000,false,2,256,1.000e-12,0.02000,5.750000,10,5.6425856223,6.7685872471,256,256,256,4096
closed_n16,16,0.200000,0.500000,false,2,256,1.000e-12,0.02000,5.750000,11,5.3002471159,6.4114513982,256,256,256,1024
closed_n16,16,0.200000,0.500000,false,2,256,1.000e-12,0.02000,5.750000,12,4.3784127009,5.5670236496,256,218,255,256
closed_n16,16,0.200000,0.500000,false,2,256,1.000e-12,0.02000,5.750000,13,3.7721822857,4.5152211455,64,63,64,64
closed_n16,16,0.200000,0.500000,false,2,256,1.000e-12,0.02000,5.750000,14,2.6069614319,3.1876586836,16,16,16,16
closed_n16,16,0.200000,0.500000,false,2,256,1.000e-12,0.02000,5.750000,15,1.8902947578,1.9441868458,4,4,4,4
closed_n16,16,0.200000,0.500000,false,2,256,1.000e-12,0.02000,6.000000,1,1.8793727951,1.9384824088,4,4,4,4
closed_n16,16,0.200000,0.500000,false,2,256,1.000e-12,0.02000,6.000000,2,2.6005892732,3.1803132413,16,16,16,16
closed_n16,16,0.200000,0.500000,false,2,256,1.000e-12,0.02000,6.000000,3,3.7929394402,4.5213760377,64,63,64,64
closed_n16,16,0.200000,0.500000,false,2,256,1.000e-12,0.02000,6.000000,4,4.3654358239,5.5532480215,255,220,255,256
closed_n16,16,0.200000,0.500000,false,2,256,1.000e-12,0.02000,6.000000,5,5.2961654764,6.4159158629,256,256,256,1024
closed_n16,16,0.200000,0.500000,false,2,256,1.000e-12,0.02000,6.000000,6,5.6832410340,6.7907616335,256,256,256,4096
closed_n16,16,0.200000,0.500000,false,2,256,1.000e-12,0.02000,6.000000,7,6.2418519294,7.0532387727,256,256,256,16384
closed_n16,16,0.200000,0.500000,false,2,256,1.000e-12,0.02000,6.000000,8,6.1893760822,7.1088453572,256,256,256,65536
closed_n16,16,0.200000,0.500000,false,2,256,1.000e-12,0.02000,6.000000,9,6.2393394087,7.0515136979,256,256,256,16384
closed_n16,16,0.200000,0.500000,false,2,256,1.000e-12,0.02000,6.000000,10,5.6807856517,6.7891014980,256,256,256,4096
closed_n16,16,0.200000,0.500000,false,2,256,1.000e-12,0.02000,6.000000,11,5.2957515735,6.4164335706,256,256,256,1024
closed_n16,16,0.200000,0.500000,false,2,256,1.000e-12,0.02000,6.000000,12,4.3662859308,5.5536498461,256,220,256,256
closed_n16,16,0.200000,0.500000,false,2,256,1.000e-12,0.02000,6.000000,13,3.7931253413,4.5214827880,64,63,64,64
closed_n16,16,0.200000,0.500000,false,2,256,1.000e-12,0.02000,6.000000,14,2.6006705603,3.1802829831,16,16,16,16
closed_n16,16,0.200000,0.500000,false,2,256,1.000e-12,0.02000,6.000000,15,1.8793510779,1.9384708106,4,4,4,4
closed_n16,16,0.200000,0.500000,false,2,256,1.000e-12,0.02000,6.250000,1,1.8658931380,1.9313994559,4,4,4,4
closed_n16,16,0.200000,0.500000,false,2,256,1.000e-12,0.02000,6.250000,2,2.5974034138,3.1746475884,16,16,16,16
closed_n16,16,0.200000,0.500000,false,2,256,1.000e-12,0.02000,6.250000,3,3.8089313427,4.5261142939,64,63,64,64
closed_n16,16,0.200000,0.500000,false,2,256,1.000e-12,0.02000,6.250000,4,4.3634402530,5.5415503211,255,222,255,256
closed_n16,16,0.200000,0.500000,false,2,256,1.000e-12,0.02000,6.250000,5,5.2806499783,6.4099119614,256,256,256,1024
closed_n16,16,0.200000,0.500000,false,2,256,1.000e-12,0.02000,6.250000,6,5.7070167410,6.8033862762,256,256,256,4096
closed_n16,16,0.200000,0.500000,false,2,256,1.000e-12,0.02000,6.250000,7,6.2792928554,7.0812436379,256,256,256,16384
closed_n16,16,0.200000,0.500000,false,2,256,1.000e-12,0.02000,6.250000,8,6.2428942296,7.1429404221,256,256,256,65536
closed_n16,16,0.200000,0.500000,false,2,256,1.000e-12,0.02000,6.250000,9,6.2770093449,7.0795655584,256,256,256,16384
closed_n16,16,0.200000,0.500000,false,2,256,1.000e-12,0.02000,6.250000,10,5.7039681884,6.8011389923,256,256,256,4096
closed_n16,16,0.200000,0.500000,false,2,256,1.000e-12,0.02000,6.250000,11,5.2797127580,6.4098712984,256,256,256,1024
closed_n16,16,0.200000,0.500000,false,2,256,1.000e-12,0.02000,6.250000,12,4.3641585832,5.5419145583,256,223,256,256
closed_n16,16,0.200000,0.500000,false,2,256,1.000e-12,0.02000,6.250000,13,3.8091826850,4.5263215460,64,63,64,64
closed_n16,16,0.200000,0.500000,false,2,256,1.000e-12,0.02000,6.250000,14,2.5975659918,3.1746568953,16,16,16,16
closed_n16,16,0.200000,0.500000,false,2,256,1.000e-12,0.02000,6.250000,15,1.8658608899,1.9313845802,4,4,4,4
closed_n16,16,0.200000,0.500000,false,2,256,1.000e-12,0.02000,6.500000,1,1.8530939156,1.9246199711,4,4,4,4
closed_n16,16,0.200000,0.500000,false,2,256,1.000e-12,0.02000,6.500000,2,2.5982870094,3.1717218107,16,16,16,16
closed_n16,16,0.200000,0.500000,false,2,256,1.000e-12,0.02000,6.500000,3,3.8169606344,4.5268788106,64,63,64,64
closed_n16,16,0.200000,0.500000,false,2,256,1.000e-12,0.02000,6.500000,4,4.3700580579,5.5345169998,255,224,255,256
closed_n16,16,0.200000,0.500000,false,2,256,1.000e-12,0.02000,6.500000,5,5.2616164955,6.3953148289,256,256,256,1024
closed_n16,16,0.200000,0.500000,false,2,256,1.000e-12,0.02000,6.500000,6,5.7120372239,6.8066911620,256,256,256,4096
closed_n16,16,0.200000,0.500000,false,2,256,1.000e-12,0.02000,6.500000,7,6.3064888992,7.1076196642,256,256,256,16384
closed_n16,16,0.200000,0.500000,false,2,256,1.000e-12,0.02000,6.500000,8,6.2966126020,7.1734922195,256,256,256,65536
closed_n16,16,0.200000,0.500000,false,2,256,1.000e-12,0.02000,6.500000,9,6.3044836066,7.1060181056,256,256,256,16384
closed_n16,16,0.200000,0.500000,false,2,256,1.000e-12,0.02000,6.500000,10,5.7084956825,6.8040994797,256,256,256,4096
closed_n16,16,0.200000,0.500000,false,2,256,1.000e-12,0.02000,6.500000,11,5.2600950117,6.3945612246,256,256,256,1024
closed_n16,16,0.200000,0.500000,false,2,256,1.000e-12,0.02000,6.500000,12,4.3704636571,5.5347272622,256,225,256,256
closed_n16,16,0.200000,0.500000,false,2,256,1.000e-12,0.02000,6.500000,13,3.8173778070,4.5273297975,64,63,64,64
closed_n16,16,0.200000,0.500000,false,2,256,1.000e-12,0.02000,6.500000,14,2.5985635821,3.1718126945,16,16,16,16
closed_n16,16,0.200000,0.500000,false,2,256,1.000e-12,0.02000,6.500000,15,1.8530448067,1.9245998725,4,4,4,4
closed_n16,16,0.200000,0.500000,false,2,256,1.000e-12,0.02000,6.750000,1,1.8440868415,1.9197967227,4,4,4,4
closed_n16,16,0.200000,0.500000,false,2,256,1.000e-12,0.02000,6.750000,2,2.6023075015,3.1712307416,16,16,16,16
closed_n16,16,0.200000,0.500000,false,2,256,1.000e-12,0.02000,6.750000,3,3.8182733888,4.5237481770,64,63,64,64
closed_n16,16,0.200000,0.500000,false,2,256,1.000e-12,0.02000,6.750000,4,4.3795090338,5.5324123636,255,226,255,256
closed_n16,16,0.200000,0.500000,false,2,256,1.000e-12,0.02000,6.750000,5,5.2473847981,6.3782179358,256,256,256,1024
closed_n16,16,0.200000,0.500000,false,2,256,1.000e-12,0.02000,6.750000,6,5.7011164014,6.8014106566,256,256,256,4096
closed_n16,16,0.200000,0.500000,false,2,256,1.000e-12,0.02000,6.750000,7,6.3127244740,7.1247672984,256,256,256,16384
closed_n16,16,0.200000,0.500000,false,2,256,1.000e-12,0.02000,6.750000,8,6.3391559737,7.1970073345,256,256,256,65536
closed_n16,16,0.200000,0.500000,false,2,256,1.000e-12,0.02000,6.750000,9,6.3110623032,7.1233852250,256,256,256,16384
closed_n16,16,0.200000,0.500000,false,2,256,1.000e-12,0.02000,6.750000,10,5.6973691373,6.7988624056,256,256,256,4096
closed_n16,16,0.200000,0.500000,false,2,256,1.000e-12,0.02000,6.750000,11,5.2453122542,6.3768911556,256,256,256,1024
closed_n16,16,0.200000,0.500000,false,2,256,1.000e-12,0.02000,6.750000,12,4.3795101686,5.5324433866,256,226,256,256
closed_n16,16,0.200000,0.500000,false,2,256,1.000e-12,0.02000,6.750000,13,3.8189451753,4.5245503527,64,63,64,64
closed_n16,16,0.200000,0.500000,false,2,256,1.000e-12,0.02000,6.750000,14,2.6027325442,3.1714367236,16,16,16,16
closed_n16,16,0.200000,0.500000,false,2,256,1.000e-12,0.02000,6.750000,15,1.8440101910,1.9197661790,4,4,4,4
closed_n16,16,0.200000,0.500000,false,2,256,1.000e-12,0.02000,7.000000,1,1.8408081066,1.9179848317,4,4,4,4
closed_n16,16,0.200000,0.500000,false,2,256,1.000e-12,0.02000,7.000000,2,2.6088939689,3.1726837484,16,16,16,16
closed_n16,16,0.200000,0.500000,false,2,256,1.000e-12,0.02000,7.000000,3,3.8147096044,4.5179511153,64,63,64,64
closed_n16,16,0.200000,0.500000,false,2,256,1.000e-12,0.02000,7.000000,4,4.3877476027,5.5346777108,255,227,255,256
closed_n16,16,0.200000,0.500000,false,2,256,1.000e-12,0.02000,7.000000,5,5.2408817228,6.3645327811,256,256,256,1024
closed_n16,16,0.200000,0.500000,false,2,256,1.000e-12,0.02000,7.000000,6,5.6835100748,6.7917161033,256,256,256,4096
closed_n16,16,0.200000,0.500000,false,2,256,1.000e-12,0.02000,7.000000,7,6.2902963018,7.1267248469,256,256,256,16384
closed_n16,16,0.200000,0.500000,false,2,256,1.000e-12,0.02000,7.000000,8,6.3575408402,7.2094010876,256,256,256,65536
closed_n16,16,0.200000,0.500000,false,2,256,1.000e-12,0.02000,7.000000,9,6.2890339935,7.1257027581,256,256,256,16384
closed_n16,16,0.200000,0.500000,false,2,256,1.000e-12,0.02000,7.000000,10,5.6798809393,6.7894489540,256,256,256,4096
closed_n16,16,0.200000,0.500000,false,2,256,1.000e-12,0.02000,7.000000,11,5.2383077737,6.3628308729,256,256,256,1024
closed_n16,16,0.200000,0.500000,false,2,256,1.000e-12,0.02000,7.000000,12,4.3873759527,5.5345614710,256,228,256,256
closed_n16,16,0.200000,0.500000,false,2,256,1.000e-12,0.02000,7.000000,13,3.8156650050,4.5191051552,64,63,64,64
closed_n16,16,0.200000,0.500000,false,2,256,1.000e-12,0.02000,7.000000,14,2.6094876832,3.1730162065,16,16,16,16
closed_n16,16,0.200000,0.500000,false,2,256,1.000e-12,0.02000,7.000000,15,1.8406897573,1.9179353416,4,4,4,4
closed_n16,16,0.200000,0.500000,false,2,256,1.000e-12,0.02000,7.250000,1,1.8433215976,1.9192412818,4,4,4,4
closed_n16,16,0.200000,0.500000,false,2,256,1.000e-12,0.02000,7.250000,2,2.6193924971,3.1764792088,16,16,16,16
closed_n16,16,0.200000,0.500000,false,2,256,1.000e-12,0.02000,7.250000,3,3.8054564614,4.5099966768,64,63,64,64
closed_n16,16,0.200000,0.500000,false,2,256,1.000e-12,0.02000,7.250000,4,4.3947352184,5.5399540918,255,228,255,256
closed_n16,16,0.200000,0.500000,false,2,256,1.000e-12,0.02000,7.250000,5,5.2365459754,6.3558035791,256,256,256,1024
closed_n16,16,0.200000,0.500000,false,2,256,1.000e-12,0.02000,7.250000,6,5.6688603888,6.7830152220,256,256,256,4096
closed_n16,16,0.200000,0.500000,false,2,256,1.000e-12,0.02000,7.250000,7,6.2386811802,7.1124121826,256,256,256,16384
closed_n16,16,0.200000,0.500000,false,2,256,1.000e-12,0.02000,7.250000,8,6.3416470965,7.2069916248,256,256,256,65536
closed_n16,16,0.200000,0.500000,false,2,256,1.000e-12,0.02000,7.250000,9,6.2378209628,7.1118177212,256,256,256,16384
closed_n16,16,0.200000,0.500000,false,2,256,1.000e-12,0.02000,7.250000,10,5.6656243017,6.7810630400,256,256,256,4096
closed_n16,16,0.200000,0.500000,false,2,256,1.000e-12,0.02000,7.250000,11,5.2335912710,6.3539096291,256,256,256,1024
closed_n16,16,0.200000,0.500000,false,2,256,1.000e-12,0.02000,7.250000,12,4.3941025449,5.5397906761,256,229,256,256
closed_n16,16,0.200000,0.500000,false,2,256,1.000e-12,0.02000,7.250000,13,3.8066434152,4.5114180952,64,63,64,64
closed_n16,16,0.200000,0.500000,false,2,256,1.000e-12,0.02000,7.250000,14,2.6201406277,3.1769240235,16,16,16,16
closed_n16,16,0.200000,0.500000,false,2,256,1.000e-12,0.02000,7.250000,15,1.8431472793,1.9191636975,4,4,4,4
closed_n16,16,0.200000,0.500000,false,2,256,1.000e-12,0.02000,7.500000,1,1.8499245928,1.9226676779,4,4,4,4
closed_n16,16,0.200000,0.500000,false,2,256,1.000e-12,0.02000,7.500000,2,2.6365973770,3.1839443416,16,16,16,16
closed_n16,16,0.200000,0.500000,false,2,256,1.000e-12,0.02000,7.500000,3,3.7868262198,4.4986460532,64,63,64,64
closed_n16,16,0.200000,0.500000,false,2,256,1.000e-12,0.02000,7.500000,4,4.4030090084,5.5458936502,255,229,255,256
closed_n16,16,0.200000,0.500000,false,2,256,1.000e-12,0.02000,7.500000,5,5.2228265254,6.3482673597,256,256,256,1024
closed_n16,16,0.200000,0.500000,false,2,256,1.000e-12,0.02000,7.500000,6,5.6621213283,6.7786649138,256,256,256,4096
closed_n16,16,0.200000,0.500000,false,2,256,1.000e-12,0.02000,7.500000,7,6.1637985083,7.0848126561,256,256,256,16384
closed_n16,16,0.200000,0.500000,false,2,256,1.000e-12,0.02000,7.500000,8,6.2912051396,7.1895531000,256,256,256,65536
closed_n16,16,0.200000,0.500000,false,2,256,1.000e-12,0.02000,7.500000,9,6.1633101968,7.0846887589,256,256,256,16384
closed_n16,16,0.200000,0.500000,false,2,256,1.000e-12,0.02000,7.500000,10,5.6594911069,6.7769841581,256,256,256,4096
closed_n16,16,0.200000,0.500000,false,2,256,1.000e-12,0.02000,7.500000,11,5.2197648717,6.3464346067,256,256,256,1024
closed_n16,16,0.200000,0.500000,false,2,256,1.000e-12,0.02000,7.500000,12,4.4022192073,5.5457887912,256,230,256,256
closed_n16,16,0.200000,0.500000,false,2,256,1.000e-12,0.02000,7.500000,13,3.7881160739,4.5002524376,64,63,64,64
closed_n16,16,0.200000,0.500000,false,2,256,1.000e-12,0.02000,7.500000,14,2.6374389427,3.1844630395,16,16,16,16
closed_n16,16,0.200000,0.500000,false,2,256,1.000e-12,0.02000,7.500000,15,1.8496838673,1.9225556971,4,4,4,4
closed_n16,16,0.200000,0.500000,false,2,256,1.000e-12,0.02000,7.750000,1,1.8579526691,1.9268502989,4,4,4,4
closed_n16,16,0.200000,0.500000,false,2,256,1.000e-12,0.02000,7.750000,2,2.6626900794,3.1964476202,16,16,16,16
closed_n16,16,0.200000,0.500000,false,2,256,1.000e-12,0.02000,7.750000,3,3.7548227524,4.4812281667,64,63,64,64
closed_n16,16,0.200000,0.500000,false,2,256,1.000e-12,0.02000,7.750000,4,4.4152191984,5.5506319089,255,231,255,256
closed_n16,16,0.200000,0.500000,false,2,256,1.000e-12,0.02000,7.750000,5,5.1887399832,6.3364242600,256,256,256,1024
closed_n16,16,0.200000,0.500000,false,2,256,1.000e-12,0.02000,7.750000,6,5.6626360678,6.7787444409,256,256,256,4096
closed_n16,16,0.200000,0.500000,false,2,256,1.000e-12,0.02000,7.750000,7,6.0744328824,7.0488225023,256,256,256,16384
closed_n16,16,0.200000,0.500000,false,2,256,1.000e-12,0.02000,7.750000,8,6.2186294471,7.1616586940,256,256,256,65536
closed_n16,16,0.200000,0.500000,false,2,256,1.000e-12,0.02000,7.750000,9,6.0742247372,7.0491468168,256,256,256,16384
closed_n16,16,0.200000,0.500000,false,2,256,1.000e-12,0.02000,7.750000,10,5.6607098319,6.7773706554,256,256,256,4096
closed_n16,16,0.200000,0.500000,false,2,256,1.000e-12,0.02000,7.750000,11,5.1859305217,6.3348933457,256,256,256,1024
closed_n16,16,0.200000,0.500000,false,2,256,1.000e-12,0.02000,7.750000,12,4.4142865849,5.5505716939,256,231,256,256
closed_n16,16,0.200000,0.500000,false,2,256,1.000e-12,0.02000,7.750000,13,3.7560235872,4.4829671179,64,63,64,64
closed_n16,16,0.200000,0.500000,false,2,256,1.000e-12,0.02000,7.750000,14,2.6635268231,3.1969758632,16,16,16,16
closed_n16,16,0.200000,0.500000,false,2,256,1.000e-12,0.02000,7.750000,15,1.8576408857,1.9267019793,4,4,4,4
closed_n16,16,0.200000,0.500000,false,2,256,1.000e-12,0.02000,8.000000,1,1.8647623105,1.9303962321,4,4,4,4
closed_n16,16,0.200000,0.500000,false,2,256,1.000e-12,0.02000,8.000000,2,2.6971983978,3.2143707606,16,16,16,16
closed_n16,16,0.200000,0.500000,false,2,256,1.000e-12,0.02000,8.000000,3,3.7083891035,4.4552450150,64,63,64,64
closed_n16,16,0.200000,0.500000,false,2,256,1.000e-12,0.02000,8.000000,4,4.4321109850,5.5542815170,255,232,255,256
closed_n16,16,0.200000,0.500000,false,2,256,1.000e-12,0.02000,8.000000,5,5.1294856664,6.3169061879,256,256,256,1024
closed_n16,16,0.200000,0.500000,false,2,256,1.000e-12,0.02000,8.000000,6,5.6658397289,6.7812197685,256,256,256,4096
closed_n16,16,0.200000,0.500000,false,2,256,1.000e-12,0.02000,8.000000,7,5.9791028422,7.0097174557,256,256,256,16384
closed_n16,16,0.200000,0.500000,false,2,256,1.000e-12,0.02000,8.000000,8,6.1449292163,7.1315797330,256,256,256,65536
closed_n16,16,0.200000,0.500000,false,2,256,1.000e-12,0.02000,8.000000,9,5.9789900836,7.0103112156,256,256,256,16384
closed_n16,16,0.200000,0.500000,false,2,256,1.000e-12,0.02000,8.000000,10,5.6645668516,6.7803018206,256,256,256,4096
closed_n16,16,0.200000,0.500000,false,2,256,1.000e-12,0.02000,8.000000,11,5.1272367706,6.3158053855,256,256,256,1024
closed_n16,16,0.200000,0.500000,false,2,256,1.000e-12,0.02000,8.000000,12,4.4309650631,5.5541265651,256,233,256,256
closed_n16,16,0.200000,0.500000,false,2,256,1.000e-12,0.02000,8.000000,13,3.7092762993,4.4570287001,64,63,64,64
closed_n16,16,0.200000,0.500000,false,2,256,1.000e-12,0.02000,8.000000,14,2.6979325125,3.2148203960,16,16,16,16
closed_n16,16,0.200000,0.500000,false,2,256,1.000e-12,0.02000,8.000000,15,1.8643797053,1.9302128098,4,4,4,4
closed_n16,16,0.200000,0.500000,false,2,256,1.000e-12,0.02000,8.250000,1,1.8684123289,1.9322934267,4,4,4,4
closed_n16,16,0.200000,0.500000,false,2,256,1.000e-12,0.02000,8.250000,2,2.7363161465,3.2363918514,16,16,16,16
closed_n16,16,0.200000,0.500000,false,2,256,1.000e-12,0.02000,8.250000,3,3.6515510426,4.4208149865,64,63,64,64
closed_n16,16,0.200000,0.500000,false,2,256,1.000e-12,0.02000,8.250000,4,4.4517980094,5.5580640016,255,234,255,256
closed_n16,16,0.200000,0.500000,false,2,256,1.000e-12,0.02000,8.250000,5,5.0486385497,6.2898439160,256,256,256,1024
closed_n16,16,0.200000,0.500000,false,2,256,1.000e-12,0.02000,8.250000,6,5.6662871388,6.7840043841,256,256,256,4096
closed_n16,16,0.200000,0.500000,false,2,256,1.000e-12,0.02000,8.250000,7,5.8851060354,6.9722312998,256,256,256,16384
closed_n16,16,0.200000,0.500000,false,2,256,1.000e-12,0.02000,8.250000,8,6.0904530963,7.1078343596,256,256,256,65536
closed_n16,16,0.200000,0.500000,false,2,256,1.000e-12,0.02000,8.250000,9,5.8849224164,6.9728356519,256,256,256,16384
closed_n16,16,0.200000,0.500000,false,2,256,1.000e-12,0.02000,8.250000,10,5.6654945920,6.7835466574,256,256,256,4096
closed_n16,16,0.200000,0.500000,false,2,256,1.000e-12,0.02000,8.250000,11,5.0471791762,6.2893098593,256,256,256,1024
closed_n16,16,0.200000,0.500000,false,2,256,1.000e-12,0.02000,8.250000,12,4.4503650649,5.5575836762,256,234,256,256
closed_n16,16,0.200000,0.500000,false,2,256,1.000e-12,0.02000,8.250000,13,3.6519216487,4.4224911915,64,63,64,64
closed_n16,16,0.200000,0.500000,false,2,256,1.000e-12,0.02000,8.250000,14,2.7368950178,3.2366720421,16,16,16,16
closed_n16,16,0.200000,0.500000,false,2,256,1.000e-12,0.02000,8.250000,15,1.8679614656,1.9320769862,4,4,4,4
closed_n16,16,0.200000,0.500000,false,2,256,1.000e-12,0.02000,8.500000,1,1.8679159174,1.9320333342,4,4,4,4
closed_n16,16,0.200000,0.500000,false,2,256,1.000e-12,0.02000,8.500000,2,2.7736821967,3.2591058689,16,16,16,16
closed_n16,16,0.200000,0.500000,false,2,256,1.000e-12,0.02000,8.500000,3,3.5932385988,4.3826407992,64,63,64,64
closed_n16,16,0.200000,0.500000,false,2,256,1.000e-12,0.02000,8.500000,4,4.4702043695,5.5624079017,255,235,255,256
closed_n16,16,0.200000,0.500000,false,2,256,1.000e-12,0.02000,8.500000,5,4.9581470598,6.2589495689,256,256,256,1024
closed_n16,16,0.200000,0.500000,false,2,256,1.000e-12,0.02000,8.500000,6,5.6602893666,6.7856191921,256,256,256,4096
closed_n16,16,0.200000,0.500000,false,2,256,1.000e-12,0.02000,8.500000,7,5.7994143786,6.9400305224,256,256,256,16384
closed_n16,16,0.200000,0.500000,false,2,256,1.000e-12,0.02000,8.500000,8,6.0650329226,7.0953159917,256,256,256,65536
closed_n16,16,0.200000,0.500000,false,2,256,1.000e-12,0.02000,8.500000,9,5.7991182650,6.9404820981,256,256,256,16384
closed_n16,16,0.200000,0.500000,false,2,256,1.000e-12,0.02000,8.500000,10,5.6597725993,6.7854238243,256,256,256,4096
closed_n16,16,0.200000,0.500000,false,2,256,1.000e-12,0.02000,8.500000,11,4.9576207890,6.2592028055,256,256,256,1024
closed_n16,16,0.200000,0.500000,false,2,256,1.000e-12,0.02000,8.500000,12,4.4685190040,5.5615017104,256,234,256,256
closed_n16,16,0.200000,0.500000,false,2,256,1.000e-12,0.02000,8.500000,13,3.5929580174,4.3840360140,64,63,64,64
closed_n16,16,0.200000,0.500000,false,2,256,1.000e-12,0.02000,8.500000,14,2.7741146526,3.2591695878,16,16,16,16
closed_n16,16,0.200000,0.500000,false,2,256,1.000e-12,0.02000,8.500000,15,1.8674001591,1.9317854710,4,4,4,4
closed_n16,16,0.200000,0.500000,false,2,256,1.000e-12,0.02000,8.750000,1,1.8632184663,1.9295915712,4,4,4,4
closed_n16,16,0.200000,0.500000,false,2,256,1.000e-12,0.02000,8.750000,2,2.8018682105,3.2773808535,16,16,16,16
closed_n16,16,0.200000,0.500000,false,2,256,1.000e-12,0.02000,8.750000,3,3.5441402669,4.3492803389,64,63,64,64
closed_n16,16,0.200000,0.500000,false,2,256,1.000e-12,0.02000,8.750000,4,4.4817375648,5.5660804140,255,236,255,256
closed_n16,16,0.200000,0.500000,false,2,256,1.000e-12,0.02000,8.750000,5,4.8765468505,6.2313666899,256,256,256,1024
closed_n16,16,0.200000,0.500000,false,2,256,1.000e-12,0.02000,8.750000,6,5.6463222893,6.7847617824,256,256,256,4096
closed_n16,16,0.200000,0.500000,false,2,256,1.000e-12,0.02000,8.750000,7,5.7300496598,6.9161780294,256,256,256,16384
closed_n16,16,0.200000,0.500000,false,2,256,1.000e-12,0.02000,8.750000,8,6.0631221743,7.0929244373,256,256,256,65536
closed_n16,16,0.200000,0.500000,false,2,256,1.000e-12,0.02000,8.750000,9,5.7297519982,6.9164933725,256,256,256,16384
closed_n16,16,0.200000,0.500000,false,2,256,1.000e-12,0.02000,8.750000,10,5.6459971248,6.7846497045,256,256,256,4096
closed_n16,16,0.200000,0.500000,false,2,256,1.000e-12,0.02000,8.750000,11,4.8768695469,6.2325180101,256,256,256,1024
closed_n16,16,0.200000,0.500000,false,2,256,1.000e-12,0.02000,8.750000,12,4.4799880042,5.5649568833,256,235,256,256
closed_n16,16,0.200000,0.500000,false,2,256,1.000e-12,0.02000,8.750000,13,3.5431650502,4.3502356354,64,63,64,64
closed_n16,16,0.200000,0.500000,false,2,256,1.000e-12,0.02000,8.750000,14,2.8022022027,3.2772747099,16,16,16,16
closed_n16,16,0.200000,0.500000,false,2,256,1.000e-12,0.02000,8.750000,15,1.8626435759,1.9293141104,4,4,4,4
closed_n16,16,0.200000,0.500000,false,2,256,1.000e-12,0.02000,9.000000,1,1.8550942575,1.9253736836,4,4,4,4
closed_n16,16,0.200000,0.500000,false,2,256,1.000e-12,0.02000,9.000000,2,2.8139442239,3.2858679636,16,16,16,16
closed_n16,16,0.200000,0.500000,false,2,256,1.000e-12,0.02000,9.000000,3,3.5121165624,4.3292658446,64,63,64,64
closed_n16,16,0.200000,0.500000,false,2,256,1.000e-12,0.02000,9.000000,4,4.4798328375,5.5664200664,255,237,255,256
closed_n16,16,0.200000,0.500000,false,2,256,1.000e-12,0.02000,9.000000,5,4.8236288656,6.2157595386,256,256,256,1024
closed_n16,16,0.200000,0.500000,false,2,256,1.000e-12,0.02000,9.000000,6,5.6237904306,6.7799744687,256,256,256,4096
closed_n16,16,0.200000,0.500000,false,2,256,1.000e-12,0.02000,9.000000,7,5.6858846714,6.9034324112,256,256,256,16384
closed_n16,16,0.200000,0.500000,false,2,256,1.000e-12,0.02000,9.000000,8,6.0676789978,7.0945119245,256,256,256,65536
closed_n16,16,0.200000,0.500000,false,2,256,1.000e-12,0.02000,9.000000,9,5.6857578522,6.9037020084,256,256,256,16384
closed_n16,16,0.200000,0.500000,false,2,256,1.000e-12,0.02000,9.000000,10,5.6237798923,6.7799820480,256,256,256,4096
closed_n16,16,0.200000,0.500000,false,2,256,1.000e-12,0.02000,9.000000,11,4.8243618274,6.2175567127,256,256,256,1024
closed_n16,16,0.200000,0.500000,false,2,256,1.000e-12,0.02000,9.000000,12,4.4782737187,5.5654362006,256,236,256,256
closed_n16,16,0.200000,0.500000,false,2,256,1.000e-12,0.02000,9.000000,13,3.5105005045,4.3296131311,64,63,64,64
closed_n16,16,0.200000,0.500000,false,2,256,1.000e-12,0.02000,9.000000,14,2.8142262422,3.2857352539,16,16,16,16
closed_n16,16,0.200000,0.500000,false,2,256,1.000e-12,0.02000,9.000000,15,1.8544722272,1.9250707468,4,4,4,4
closed_n16,16,0.200000,0.500000,false,2,256,1.000e-12,0.02000,9.250000,1,1.8450047291,1.9201463359,4,4,4,4
closed_n16,16,0.200000,0.500000,false,2,256,1.000e-12,0.02000,9.250000,2,2.8048029121,3.2808207403,16,16,16,16
closed_n16,16,0.200000,0.500000,false,2,256,1.000e-12,0.02000,9.250000,3,3.4994547523,4.3265880827,64,63,64,64
closed_n16,16,0.200000,0.500000,false,2,256,1.000e-12,0.02000,9.250000,4,4.4577024073,5.5604391148,256,238,255,256
closed_n16,16,0.200000,0.500000,false,2,256,1.000e-12,0.02000,9.250000,5,4.8119125555,6.2177986560,256,256,256,1024
closed_n16,16,0.200000,0.500000,false,2,256,1.000e-12,0.02000,9.250000,6,5.5918925027,6.7700381652,256,256,256,4096
closed_n16,16,0.200000,0.500000,false,2,256,1.000e-12,0.02000,9.250000,7,5.6730858841,6.9036045861,256,256,256,16384
closed_n16,16,0.200000,0.500000,false,2,256,1.000e-12,0.02000,9.250000,8,6.0597643893,7.0926899402,256,256,256,65536
closed_n16,16,0.200000,0.500000,false,2,256,1.000e-12,0.02000,9.250000,9,5.6732297591,6.9038639900,256,256,256,16384
closed_n16,16,0.200000,0.500000,false,2,256,1.000e-12,0.02000,9.250000,10,5.5923376002,6.7702806705,256,256,256,4096
closed_n16,16,0.200000,0.500000,false,2,256,1.000e-12,0.02000,9.250000,11,4.8124465569,6.2196923003,256,256,256,1024
closed_n16,16,0.200000,0.500000,false,2,256,1.000e-12,0.02000,9.250000,12,4.4565108114,5.5598613376,256,237,256,256
closed_n16,16,0.200000,0.500000,false,2,256,1.000e-12,0.02000,9.250000,13,3.4973389772,4.3261395049,64,63,64,64
closed_n16,16,0.200000,0.500000,false,2,256,1.000e-12,0.02000,9.250000,14,2.8050366377,3.2808292720,16,16,16,16
closed_n16,16,0.200000,0.500000,false,2,256,1.000e-12,0.02000,9.250000,15,1.8443584198,1.9198270197,4,4,4,4
closed_n16,16,0.200000,0.500000,false,2,256,1.000e-12,0.02000,9.500000,1,1.8348342043,1.9149026000,4,4,4,4
closed_n16,16,0.200000,0.500000,false,2,256,1.000e-12,0.02000,9.500000,2,2.7721613077,3.2610732737,16,16,16,16
closed_n16,16,0.200000,0.500000,false,2,256,1.000e-12,0.02000,9.500000,3,3.5031113989,4.3388467907,64,63,64,64
closed_n16,16,0.200000,0.500000,false,2,256,1.000e-12,0.02000,9.500000,4,4.4101307586,5.5462659544,256,239,256,256
closed_n16,16,0.200000,0.500000,false,2,256,1.000e-12,0.02000,9.500000,5,4.8379098586,6.2352482173,256,256,256,1024
closed_n16,16,0.200000,0.500000,false,2,256,1.000e-12,0.02000,9.500000,6,5.5493022560,6.7545848456,256,256,256,4096
closed_n16,16,0.200000,0.500000,false,2,256,1.000e-12,0.02000,9.500000,7,5.6887392439,6.9153977430,256,256,256,16384
closed_n16,16,0.200000,0.500000,false,2,256,1.000e-12,0.02000,9.500000,8,6.0274276033,7.0825346597,256,256,256,65536
closed_n16,16,0.200000,0.500000,false,2,256,1.000e-12,0.02000,9.500000,9,5.6892571006,6.9157212464,256,256,256,16384
closed_n16,16,0.200000,0.500000,false,2,256,1.000e-12,0.02000,9.500000,10,5.5500906970,6.7550088545,256,256,256,4096
closed_n16,16,0.200000,0.500000,false,2,256,1.000e-12,0.02000,9.500000,11,4.8379288541,6.2367554673,256,256,256,1024
closed_n16,16,0.200000,0.500000,false,2,256,1.000e-12,0.02000,9.500000,12,4.4093146111,5.5461404996,256,239,256,256
closed_n16,16,0.200000,0.500000,false,2,256,1.000e-12,0.02000,9.500000,13,3.5007069939,4.3375204279,64,63,64,64
closed_n16,16,0.200000,0.500000,false,2,256,1.000e-12,0.02000,9.500000,14,2.7722812096,3.2613032544,16,16,16,16
closed_n16,16,0.200000,0.500000,false,2,256,1.000e-12,0.02000,9.500000,15,1.8342004067,1.9145832374,4,4,4,4
closed_n16,16,0.200000,0.500000,false,2,256,1.000e-12,0.02000,9.750000,1,1.8264532701,1.9106281796,4,4,4,4
closed_n16,16,0.200000,0.500000,false,2,256,1.000e-12,0.02000,9.750000,2,2.7172869619,3.2281822767,16,16,16,16
closed_n16,16,0.200000,0.500000,false,2,256,1.000e-12,0.02000,9.750000,3,3.5160972286,4.3586955087,64,63,64,64
closed_n16,16,0.200000,0.500000,false,2,256,1.000e-12,0.02000,9.750000,4,4.3363464976,5.5243086546,256,240,256,256
closed_n16,16,0.200000,0.500000,false,2,256,1.000e-12,0.02000,9.750000,5,4.8824160164,6.2589244069,256,256,256,1024
closed_n16,16,0.200000,0.500000,false,2,256,1.000e-12,0.02000,9.750000,6,5.4956383548,6.7347254284,256,256,256,4096
closed_n16,16,0.200000,0.500000,false,2,256,1.000e-12,0.02000,9.750000,7,5.7177909256,6.9321226681,256,256,256,16384
closed_n16,16,0.200000,0.500000,false,2,256,1.000e-12,0.02000,9.750000,8,5.9700508167,7.0635982306,256,256,256,65536
closed_n16,16,0.200000,0.500000,false,2,256,1.000e-12,0.02000,9.750000,9,5.7188009656,6.9326219744,256,256,256,16384
closed_n16,16,0.200000,0.500000,false,2,256,1.000e-12,0.02000,9.750000,10,5.4963612964,6.7350475412,256,256,256,4096
closed_n16,16,0.200000,0.500000,false,2,256,1.000e-12,0.02000,9.750000,11,4.8820245016,6.2598577657,256,256,256,1024
closed_n16,16,0.200000,0.500000,false,2,256,1.000e-12,0.02000,9.750000,12,4.3357629380,5.5244410243,256,240,256,256
closed_n16,16,0.200000,0.500000,false,2,256,1.000e-12,0.02000,9.750000,13,3.5136355482,4.3566825490,64,63,64,64
closed_n16,16,0.200000,0.500000,false,2,256,1.000e-12,0.02000,9.750000,14,2.7171698504,3.2285421549,16,16,16,16
closed_n16,16,0.200000,0.500000,false,2,256,1.000e-12,0.02000,9.750000,15,1.8258809371,1.9103326617,4,4,4,4
closed_n16,16,0.200000,0.500000,false,2,256,1.000e-12,0.02000,10.000000,1,1.8212043273,1.9080204547,4,4,4,4
closed_n16,16,0.200000,0.500000,false,2,256,1.000e-12,0.02000,10.000000,2,2.6452792165,3.1862112074,16,16,16,16
closed_n16,16,0.200000,0.500000,false,2,256,1.000e-12,0.02000,10.000000,3,3.5291645591,4.3773549566,64,63,64,64
closed_n16,16,0.200000,0.500000,false,2,256,1.000e-12,0.02000,10.000000,4,4.2425039663,5.4977019590,256,242,256,256
closed_n16,16,0.200000,0.500000,false,2,256,1.000e-12,0.02000,10.000000,5,4.9223420283,6.2789458783,256,256,256,1024
closed_n16,16,0.200000,0.500000,false,2,256,1.000e-12,0.02000,10.000000,6,5.4348412437,6.7138974933,256,256,256,4096
closed_n16,16,0.200000,0.500000,false,2,256,1.000e-12,0.02000,10.000000,7,5.7393700028,6.9448713503,256,256,256,16384
closed_n16,16,0.200000,0.500000,false,2,256,1.000e-12,0.02000,10.000000,8,5.8974417977,7.0398477177,256,256,256,65536
closed_n16,16,0.200000,0.500000,false,2,256,1.000e-12,0.02000,10.000000,9,5.7409198202,6.9455818089,256,256,256,16384
closed_n16,16,0.200000,0.500000,false,2,256,1.000e-12,0.02000,10.000000,10,5.4349807845,6.7137114068,256,256,256,4096
closed_n16,16,0.200000,0.500000,false,2,256,1.000e-12,0.02000,10.000000,11,4.9217349905,6.2792650100,256,256,256,1024
closed_n16,16,0.200000,0.500000,false,2,256,1.000e-12,0.02000,10.000000,12,4.2419475237,5.4977007586,256,242,256,256
closed_n16,16,0.200000,0.500000,false,2,256,1.000e-12,0.02000,10.000000,13,3.5268151806,4.3750959162,64,63,64,64
closed_n16,16,0.200000,0.500000,false,2,256,1.000e-12,0.02000,10.000000,14,2.6448077991,3.1864501600,16,16,16,16
closed_n16,16,0.200000,0.500000,false,2,256,1.000e-12,0.02000,10.000000,15,1.8207461891,1.9077772344,4,4,4,4
open_n20,20,0.200000,0.500000,true,2,256,1.000e-12,0.02000,0.000000,1,0.0000000000,0.0000000000,1,1,1,4
open_n20,20,0.200000,0.500000,true,2,256,1.000e-12,0.02000,0.000000,2,0.0000000000,0.0000000000,1,1,1,16
open_n20,20,0.200000,0.500000,true,2,256,1.000e-12,0.02000,0.000000,3,0.0000000000,0.0000000000,1,1,1,64
open_n20,20,0.200000,0.500000,true,2,256,1.000e-12,0.02000,0.000000,4,0.0000000000,0.0000000000,1,1,1,256
open_n20,20,0.200000,0.500000,true,2,256,1.000e-12,0.02000,0.000000,5,0.0000000000,0.0000000000,1,1,1,1024
open_n20,20,0.200000,0.500000,true,2,256,1.000e-12,0.02000,0.000000,6,0.0000000000,0.0000000000,1,1,1,4096
open_n20,20,0.200000,0.500000,true,2,256,1.000e-12,0.02000,0.000000,7,0.0000000000,0.0000000000,1,1,1,16384
open_n20,20,0.200000,0.500000,true,2,256,1.000e-12,0.02000,0.000000,8,0.0000000000,0.0000000000,1,1,1,65536
open_n20,20,0.200000,0.500000,true,2,256,1.000e-12,0.02000,0.000000,9,0.0000000000,0.0000000000,1,1,1,262144
open_n20,20,0.200000,0.500000,true,2,256,1.000e-12,0.02000,0.000000,10,0.0000000000,0.0000000000,1,1,1,1048576
open_n20,20,0.200000,0.500000,true,2,256,1.000e-12,0.02000,0.000000,11,0.0000000000,0.0000000000,1,1,1,262144
open_n20,20,0.200000,0.500000,true,2,256,1.000e-12,0.02000,0.000000,12,0.0000000000,0.0000000000,1,1,1,65536
open_n20,20,0.200000,0.500000,true,2,256,1.000e-12,0.02000,0.000000,13,0.0000000000,0.0000000000,1,1,1,16384
open_n20,20,0.200000,0.500000,true,2,256,1.000e-12,0.02000,0.000000,14,0.0000000000,0.0000000000,1,1,1,4096
open_n20,20,0.200000,0.500000,true,2,256,1.000e-12,0.02000,0.000000,15,0.0000000000,0.0000000000,1,1,1,1024
open_n20,20,0.200000,0.500000,true,2,256,1.000e-12,0.02000,0.000000,16,0.0000000000,0.0000000000,1,1,1,256
open_n20,20,0.200000,0.500000,true,2,256,1.000e-12,0.02000,0.000000,17,0.0000000000,0.0000000000,1,1,1,64
open_n20,20,0.200000,0.500000,true,2,256,1.000e-12,0.02000,0.000000,18,0.0000000000,0.0000000000,1,1,1,16
open_n20,20,0.200000,0.500000,true,2,256,1.000e-12,0.02000,0.000000,19,0.0000000000,0.0000000000,1,1,1,4
open_n20,20,0.200000,0.500000,true,2,256,1.000e-12,0.02000,0.250000,1,0.2288450291,0.6343221821,4,4,4,4
open_n20,20,0.200000,0.500000,true,2,256,1.000e-12,0.02000,0.250000,2,0.2253435758,0.6450026172,15,7,12,16
open_n20,20,0.200000,0.500000,true,2,256,1.000e-12,0.02000,0.250000,3,0.2252792338,0.6449056515,14,7,13,64
open_n20,20,0.200000,0.500000,true,2,256,1.000e-12,0.02000,0.250000,4,0.2253620726,0.6449748397,15,6,14,256
open_n20,20,0.200000,0.500000,true,2,256,1.000e-12,0.02000,0.250000,5,0.2252791262,0.6449056216,14,7,13,1024
open_n20,20,0.200000,0.500000,true,2,256,1.000e-12,0.02000,0.250000,6,0.2253620669,0.6449748301,15,6,14,4096
open_n20,20,0.200000,0.500000,true,2,256,1.000e-12,0.02000,0.250000,7,0.2252791262,0.6449056213,14,7,13,16384
open_n20,20,0.200000,0.500000,true,2,256,1.000e-12,0.02000,0.250000,8,0.2253620669,0.6449748301,15,6,14,65536
open_n20,20,0.200000,0.500000,true,2,256,1.000e-12,0.02000,0.250000,9,0.2252791262,0.6449056213,14,7,13,262144
open_n20,20,0.200000,0.500000,true,2,256,1.000e-12,0.02000,0.250000,10,0.2253620669,0.6449748301,15,6,14,1048576
open_n20,20,0.200000,0.500000,true,2,256,1.000e-12,0.02000,0.250000,11,0.2252791262,0.6449056213,14,7,13,262144
open_n20,20,0.200000,0.500000,true,2,256,1.000e-12,0.02000,0.250000,12,0.2253620669,0.6449748301,15,6,14,65536
open_n20,20,0.200000,0.500000,true,2,256,1.000e-12,0.02000,0.250000,13,0.2252791262,0.6449056213,14,7,13,16384
open_n20,20,0.200000,0.500000,true,2,256,1.000e-12,0.02000,0.250000,14,0.2253620669,0.6449748301,15,6,14,4096
open_n20,20,0.200000,0.500000,true,2,256,1.000e-12,0.02000,0.250000,15,0.2252791262,0.6449056213,14,7,13,1024
open_n20,20,0.200000,0.500000,true,2,256,1.000e-12,0.02000,0.250000,16,0.2253620667,0.6449748308,15,6,14,256
open_n20,20,0.200000,0.500000,true,2,256,1.000e-12,0.02000,0.250000,17,0.2252792387,0.6449056131,14,7,13,64
open_n20,20,0.200000,0.500000,true,2,256,1.000e-12,0.02000,0.250000,18,0.2253432653,0.6449903022,13,7,12,16
open_n20,20,0.200000,0.500000,true,2,256,1.000e-12,0.02000,0.250000,19,0.2288243835,0.6341637458,4,4,4,4
open_n20,20,0.200000,0.500000,true,2,256,1.000e-12,0.02000,0.500000,1,0.6401624360,1.1090429875,4,4,4,4
open_n20,20,0.200000,0.500000,true,2,256,1.000e-12,0.02000,0.500000,2,0.6127057307,1.1872659816,16,12,16,16
open_n20,20,0.200000,0.500000,true,2,256,1.000e-12,0.02000,0.500000,3,0.6129868602,1.1871610531,28,12,25,64
open_n20,20,0.200000,0.500000,true,2,256,1.000e-12,0.02000,0.500000,4,0.6131176786,1.1872297765,32,12,26,256
open_n20,20,0.200000,0.500000,true,2,256,1.000e-12,0.02000,0.500000,5,0.6129749418,1.1871480726,29,12,25,1024
open_n20,20,0.200000,0.500000,true,2,256,1.000e-12,0.02000,0.500000,6,0.6131180168,1.1872300222,32,12,26,4096
open_n20,20,0.200000,0.500000,true,2,256,1.000e-12,0.02000,0.500000,7,0.6129749373,1.1871481072,29,12,25,16384
open_n20,20,0.200000,0.500000,true,2,256,1.000e-12,0.02000,0.500000,8,0.6131180179,1.1872300230,32,12,26,65536
open_n20,20,0.200000,0.500000,true,2,256,1.000e-12,0.02000,0.500000,9,0.6129749373,1.1871481072,29,12,25,262144
open_n20,20,0.200000,0.500000,true,2,256,1.000e-12,0.02000,0.500000,10,0.6131180179,1.1872300230,32,12,26,1048576
open_n20,20,0.200000,0.500000,true,2,256,1.000e-12,0.02000,0.500000,11,0.6129749373,1.1871481072,29,12,25,262144
open_n20,20,0.200000,0.500000,true,2,256,1.000e-12,0.02000,0.500000,12,0.6131180179,1.1872300230,32,12,26,65536
open_n20,20,0.200000,0.500000,true,2,256,1.000e-12,0.02000,0.500000,13,0.6129749373,1.1871481072,29,12,25,16384
open_n20,20,0.200000,0.500000,true,2,256,1.000e-12,0.02000,0.500000,14,0.6131180171,1.1872300219,32,12,26,4096
open_n20,20,0.200000,0.500000,true,2,256,1.000e-12,0.02000,0.500000,15,0.6129749353,1.1871480838,29,12,25,1024
open_n20,20,0.200000,0.500000,true,2,256,1.000e-12,0.02000,0.500000,16,0.6131177938,1.1872298152,32,12,26,256
open_n20,20,0.200000,0.500000,true,2,256,1.000e-12,0.02000,0.500000,17,0.6129872754,1.1871567072,28,12,25,64
open_n20,20,0.200000,0.500000,true,2,256,1.000e-12,0.02000,0.500000,18,0.6126583352,1.1868571474,16,12,16,16
open_n20,20,0.200000,0.500000,true,2,256,1.000e-12,0.02000,0.500000,19,0.6392792941,1.1070398152,4,4,4,4
open_n20,20,0.200000,0.500000,true,2,256,1.000e-12,0.02000,0.750000,1,1.0585796467,1.4479064769,4,4,4,4
open_n20,20,0.200000,0.500000,true,2,256,1.000e-12,0.02000,0.750000,2,1.0077854545,1.6779335653,16,15,16,16
open_n20,20,0.200000,0.500000,true,2,256,1.000e-12,0.02000,0.750000,3,1.0079692466,1.6809278092,44,20,40,64
open_n20,20,0.200000,0.500000,true,2,256,1.000e-12,0.02000,0.750000,4,1.0078769669,1.6808259060,53,20,46,256
open_n20,20,0.200000,0.500000,true,2,256,1.000e-12,0.02000,0.750000,5,1.0078509772,1.6807827347,48,20,43,1024
open_n20,20,0.200000,0.500000,true,2,256,1.000e-12,0.02000,0.750000,6,1.0078744128,1.6808156076,53,20,46,4096
open_n20,20,0.200000,0.500000,true,2,256,1.000e-12,0.02000,0.750000,7,1.0078508968,1.6807823564,48,20,43,16384
open_n20,20,0.200000,0.500000,true,2,256,1.000e-12,0.02000,0.750000,8,1.0078743786,1.6808155687,53,20,46,65536
open_n20,20,0.200000,0.500000,true,2,256,1.000e-12,0.02000,0.750000,9,1.0078508944,1.6807823498,48,20,43,262144
open_n20,20,0.200000,0.500000,true,2,256,1.000e-12,0.02000,0.750000,10,1.0078743784,1.6808155681,53,20,46,1048576
open_n20,20,0.200000,0.500000,true,2,256,1.000e-12,0.02000,0.750000,11,1.0078508943,1.6807823498,48,20,43,262144
open_n20,20,0.200000,0.500000,true,2,256,1.000e-12,0.02000,0.750000,12,1.0078743782,1.6808155676,53,20,46,65536
open_n20,20,0.200000,0.500000,true,2,256,1.000e-12,0.02000,0.750000,13,1.0078508916,1.6807823437,48,20,43,16384
open_n20,20,0.200000,0.500000,true,2,256,1.000e-12,0.02000,0.750000,14,1.0078743538,1.6808155214,53,20,46,4096
open_n20,20,0.200000,0.500000,true,2,256,1.000e-12,0.02000,0.750000,15,1.0078505932,1.6807821546,48,20,43,1024
open_n20,20,0.200000,0.500000,true,2,256,1.000e-12,0.02000,0.750000,16,1.0078749511,1.6808181901,53,20,46,256
open_n20,20,0.200000,0.500000,true,2,256,1.000e-12,0.02000,0.750000,17,1.0079561731,1.6807896598,42,20,38,64
open_n20,20,0.200000,0.500000,true,2,256,1.000e-12,0.02000,0.750000,18,1.0070423689,1.6754746239,16,14,16,16
open_n20,20,0.200000,0.500000,true,2,256,1.000e-12,0.02000,0.750000,19,1.0519296451,1.4399724332,4,4,4,4
open_n20,20,0.200000,0.500000,true,2,256,1.000e-12,0.02000,1.000000,1,1.4020419211,1.6754952188,4,4,4,4
open_n20,20,0.200000,0.500000,true,2,256,1.000e-12,0.02000,1.000000,2,1.3909847954,2.1259964363,16,16,16,16
open_n20,20,0.200000,0.500000,true,2,256,1.000e-12,0.02000,1.000000,3,1.3841676495,2.1478566867,59,29,56,64
open_n20,20,0.200000,0.500000,true,2,256,1.000e-12,0.02000,1.000000,4,1.3834764804,2.1469740674,84,29,71,256
open_n20,20,0.200000,0.500000,true,2,256,1.000e-12,0.02000,1.000000,5,1.3837105858,2.1469284285,76,29,65,1024
open_n20,20,0.200000,0.500000,true,2,256,1.000e-12,0.02000,1.000000,6,1.3834216754,2.1469028595,85,29,72,4096
open_n20,20,0.200000,0.500000,true,2,256,1.000e-12,0.02000,1.000000,7,1.3837070799,2.1469187170,76,29,65,16384
open_n20,20,0.200000,0.500000,true,2,256,1.000e-12,0.02000,1.000000,8,1.3834208644,2.1469017736,85,29,72,65536
open_n20,20,0.200000,0.500000,true,2,256,1.000e-12,0.02000,1.000000,9,1.3837069878,2.1469185894,76,29,65,262144
open_n20,20,0.200000,0.500000,true,2,256,1.000e-12,0.02000,1.000000,10,1.3834208560,2.1469017546,85,29,72,1048576
open_n20,20,0.200000,0.500000,true,2,256,1.000e-12,0.02000,1.000000,11,1.3837069852,2.1469185853,76,29,65,262144
open_n20,20,0.200000,0.500000,true,2,256,1.000e-12,0.02000,1.000000,12,1.3834208408,2.1469017297,85,29,72,65536
open_n20,20,0.200000,0.500000,true,2,256,1.000e-12,0.02000,1.000000,13,1.3837068494,2.1469183278,76,29,65,16384
open_n20,20,0.200000,0.500000,true,2,256,1.000e-12,0.02000,1.000000,14,1.3834197741,2.1469001293,85,29,72,4096
open_n20,20,0.200000,0.500000,true,2,256,1.000e-12,0.02000,1.000000,15,1.3836996377,2.1469128648,76,29,64,1024
open_n20,20,0.200000,0.500000,true,2,256,1.000e-12,0.02000,1.000000,16,1.3834376408,2.1468743165,82,29,71,256
open_n20,20,0.200000,0.500000,true,2,256,1.000e-12,0.02000,1.000000,17,1.3839278055,2.1467594348,50,28,49,64
open_n20,20,0.200000,0.500000,true,2,256,1.000e-12,0.02000,1.000000,18,1.3862645708,2.1168898393,16,16,16,16
open_n20,20,0.200000,0.500000,true,2,256,1.000e-12,0.02000,1.000000,19,1.3788297424,1.6564770082,4,4,4,4
open_n20,20,0.200000,0.500000,true,2,256,1.000e-12,0.02000,1.250000,1,1.6409301043,1.8153828569,4,4,4,4
open_n20,20,0.200000,0.500000,true,2,256,1.000e-12,0.02000,1.250000,2,1.7624795996,2.5099179730,16,16,16,16
open_n20,20,0.200000,0.500000,true,2,256,1.000e-12,0.02000,1.250000,3,1.7418401177,2.5908354563,64,42,63,64
open_n20,20,0.200000,0.500000,true,2,256,1.000e-12,0.02000,1.250000,4,1.7395085623,2.5879073282,126,45,108,256
open_n20,20,0.200000,0.500000,true,2,256,1.000e-12,0.02000,1.250000,5,1.7398769504,2.5877293591,116,45,104,1024
open_n20,20,0.200000,0.500000,true,2,256,1.000e-12,0.02000,1.250000,6,1.7391909536,2.5876507093,131,45,112,4096
open_n20,20,0.200000,0.500000,true,2,256,1.000e-12,0.02000,1.250000,7,1.7398411433,2.5876569520,116,45,104,16384
open_n20,20,0.200000,0.500000,true,2,256,1.000e-12,0.02000,1.250000,8,1.7391822459,2.5876387863,131,45,112,65536
open_n20,20,0.200000,0.500000,true,2,256,1.000e-12,0.02000,1.250000,9,1.7398397889,2.5876552858,116,45,104,262144
open_n20,20,0.200000,0.500000,true,2,256,1.000e-12,0.02000,1.250000,10,1.7391820744,2.5876384173,131,45,112,1048576
open_n20,20,0.200000,0.500000,true,2,256,1.000e-12,0.02000,1.250000,11,1.7398396592,2.5876551139,116,45,104,262144
open_n20,20,0.200000,0.500000,true,2,256,1.000e-12,0.02000,1.250000,12,1.7391814584,2.5876376145,131,45,112,65536
open_n20,20,0.200000,0.500000,true,2,256,1.000e-12,0.02000,1.250000,13,1.7398360275,2.5876497346,116,45,104,16384
open_n20,20,0.200000,0.500000,true,2,256,1.000e-12,0.02000,1.250000,14,1.7391632915,2.5876170939,131,45,112,4096
open_n20,20,0.200000,0.500000,true,2,256,1.000e-12,0.02000,1.250000,15,1.7397686687,2.5875972393,116,45,104,1024
open_n20,20,0.200000,0.500000,true,2,256,1.000e-12,0.02000,1.250000,16,1.7391871523,2.5872697648,119,45,103,256
open_n20,20,0.200000,0.500000,true,2,256,1.000e-12,0.02000,1.250000,17,1.7402872325,2.5861743090,58,39,56,64
open_n20,20,0.200000,0.500000,true,2,256,1.000e-12,0.02000,1.250000,18,1.7437657362,2.4846196683,16,16,16,16
open_n20,20,0.200000,0.500000,true,2,256,1.000e-12,0.02000,1.250000,19,1.5896687584,1.7815073255,4,4,4,4
open_n20,20,0.200000,0.500000,true,2,256,1.000e-12,0.02000,1.500000,1,1.7770174276,1.8893001623,4,4,4,4
open_n20,20,0.200000,0.500000,true,2,256,1.000e-12,0.02000,1.500000,2,2.0894450970,2.8050895889,16,16,16,16
open_n20,20,0.200000,0.500000,true,2,256,1.000e-12,0.02000,1.500000,3,2.0754287300,3.0088846296,64,53,64,64
open_n20,20,0.200000,0.500000,true,2,256,1.000e-12,0.02000,1.500000,4,2.0661744239,3.0041316262,177,68,154,256
open_n20,20,0.200000,0.500000,true,2,256,1.000e-12,0.02000,1.500000,5,2.0663435953,3.0036191318,175,67,153,1024
open_n20,20,0.200000,0.500000,true,2,256,1.000e-12,0.02000,1.500000,6,2.0653251503,3.0034891932,199,67,167,4096
open_n20,20,0.200000,0.500000,true,2,256,1.000e-12,0.02000,1.500000,7,2.0661775181,3.0033394793,175,67,151,16384
open_n20,20,0.200000,0.500000,true,2,256,1.000e-12,0.02000,1.500000,8,2.0652846689,3.0034301166,199,67,167,65536
open_n20,20,0.200000,0.500000,true,2,256,1.000e-12,0.02000,1.500000,9,2.0661735803,3.0033339357,175,67,151,262144
open_n20,20,0.200000,0.500000,true,2,256,1.000e-12,0.02000,1.500000,10,2.0652838069,3.0034274531,199,67,167,1048576
open_n20,20,0.200000,0.500000,true,2,256,1.000e-12,0.02000,1.500000,11,2.0661714239,3.0033313426,175,67,151,262144
open_n20,20,0.200000,0.500000,true,2,256,1.000e-12,0.02000,1.500000,12,2.0652742134,3.0034166987,199,67,167,65536
open_n20,20,0.200000,0.500000,true,2,256,1.000e-12,0.02000,1.500000,13,2.0661295926,3.0032830621,175,67,152,16384
open_n20,20,0.200000,0.500000,true,2,256,1.000e-12,0.02000,1.500000,14,2.0651444350,3.0032943212,198,67,167,4096
open_n20,20,0.200000,0.500000,true,2,256,1.000e-12,0.02000,1.500000,15,2.0658146471,3.0030373498,174,67,152,1024
open_n20,20,0.200000,0.500000,true,2,256,1.000e-12,0.02000,1.500000,16,2.0645468290,3.0014851378,156,68,142,256
open_n20,20,0.200000,0.500000,true,2,256,1.000e-12,0.02000,1.500000,17,2.0690453626,2.9945276748,61,48,61,64
open_n20,20,0.200000,0.500000,true,2,256,1.000e-12,0.02000,1.500000,18,2.0362509721,2.7491127162,16,16,16,16
open_n20,20,0.200000,0.500000,true,2,256,1.000e-12,0.02000,1.500000,19,1.6934208325,1.8398546548,4,4,4,4
open_n20,20,0.200000,0.500000,true,2,256,1.000e-12,0.02000,1.750000,1,1.8290165155,1.9166988712,4,4,4,4
open_n20,20,0.200000,0.500000,true,2,256,1.000e-12,0.02000,1.750000,2,2.3256880096,3.0013222472,16,16,16,16
open_n20,20,0.200000,0.500000,true,2,256,1.000e-12,0.02000,1.750000,3,2.3825235973,3.3938778302,64,59,64,64
open_n20,20,0.200000,0.500000,true,2,256,1.000e-12,0.02000,1.750000,4,2.3533153339,3.3959696833,219,97,202,256
open_n20,20,0.200000,0.500000,true,2,256,1.000e-12,0.02000,1.750000,5,2.3533097329,3.3945818054,256,100,227,1024
open_n20,20,0.200000,0.500000,true,2,256,1.000e-12,0.02000,1.750000,6,2.3521438423,3.3943127720,256,100,245,4096
open_n20,20,0.200000,0.500000,true,2,256,1.000e-12,0.02000,1.750000,7,2.3528738320,3.3939060553,256,99,227,16384
open_n20,20,0.200000,0.500000,true,2,256,1.000e-12,0.02000,1.750000,8,2.3520649051,3.3941628764,256,100,245,65536
open_n20,20,0.200000,0.500000,true,2,256,1.000e-12,0.02000,1.750000,9,2.3529100688,3.3939163590,256,99,227,262144
open_n20,20,0.200000,0.500000,true,2,256,1.000e-12,0.02000,1.750000,10,2.3520681937,3.3941565728,256,100,245,1048576
open_n20,20,0.200000,0.500000,true,2,256,1.000e-12,0.02000,1.750000,11,2.3528966725,3.3939007491,256,99,227,262144
open_n20,20,0.200000,0.500000,true,2,256,1.000e-12,0.02000,1.750000,12,2.3520051033,3.3940928491,256,100,245,65536
open_n20,20,0.200000,0.500000,true,2,256,1.000e-12,0.02000,1.750000,13,2.3526630232,3.3936782522,256,99,226,16384
open_n20,20,0.200000,0.500000,true,2,256,1.000e-12,0.02000,1.750000,14,2.3514900713,3.3936538241,256,100,245,4096
open_n20,20,0.200000,0.500000,true,2,256,1.000e-12,0.02000,1.750000,15,2.3519156231,3.3929384840,251,100,223,1024
open_n20,20,0.200000,0.500000,true,2,256,1.000e-12,0.02000,1.750000,16,2.3477200476,3.3877619338,188,94,175,256
open_n20,20,0.200000,0.500000,true,2,256,1.000e-12,0.02000,1.750000,17,2.3620466113,3.3582808846,63,54,63,64
open_n20,20,0.200000,0.500000,true,2,256,1.000e-12,0.02000,1.750000,18,2.2114190632,2.8996816471,16,16,16,16
open_n20,20,0.200000,0.500000,true,2,256,1.000e-12,0.02000,1.750000,19,1.7178082079,1.8538522759,4,4,4,4
open_n20,20,0.200000,0.500000,true,2,256,1.000e-12,0.02000,2.000000,1,1.8206595093,1.9132529228,4,4,4,4
open_n20,20,0.200000,0.500000,true,2,256,1.000e-12,0.02000,2.000000,2,2.4461346497,3.1050418143,16,16,16,16
open_n20,20,0.200000,0.500000,true,2,256,1.000e-12,0.02000,2.000000,3,2.6528247249,3.7231557553,64,62,64,64
open_n20,20,0.200000,0.500000,true,2,256,1.000e-12,0.02000,2.000000,4,2.5898413699,3.7573563556,240,131,232,256
open_n20,20,0.200000,0.500000,true,2,256,1.000e-12,0.02000,2.000000,5,2.5895620964,3.7533107579,256,139,256,1024
open_n20,20,0.200000,0.500000,true,2,256,1.000e-12,0.02000,2.000000,6,2.5883810624,3.7523909654,256,138,256,4096
open_n20,20,0.200000,0.500000,true,2,256,1.000e-12,0.02000,2.000000,7,2.5887554009,3.7518517029,256,138,256,16384
open_n20,20,0.200000,0.500000,true,2,256,1.000e-12,0.02000,2.000000,8,2.5884945886,3.7522104468,256,138,256,65536
open_n20,20,0.200000,0.500000,true,2,256,1.000e-12,0.02000,2.000000,9,2.5890920988,3.7519963732,256,138,256,262144
open_n20,20,0.200000,0.500000,true,2,256,1.000e-12,0.02000,2.000000,10,2.5885522082,3.7522309823,256,138,256,1048576
open_n20,20,0.200000,0.500000,true,2,256,1.000e-12,0.02000,2.000000,11,2.5890719220,3.7519614901,256,138,256,262144
open_n20,20,0.200000,0.500000,true,2,256,1.000e-12,0.02000,2.000000,12,2.5883570226,3.7520416899,256,138,256,65536
open_n20,20,0.200000,0.500000,true,2,256,1.000e-12,0.02000,2.000000,13,2.5883727132,3.7513903897,256,138,256,16384
open_n20,20,0.200000,0.500000,true,2,256,1.000e-12,0.02000,2.000000,14,2.5870843329,3.7510239274,256,138,256,4096
open_n20,20,0.200000,0.500000,true,2,256,1.000e-12,0.02000,2.000000,15,2.5877956181,3.7498705933,256,138,256,1024
open_n20,20,0.200000,0.500000,true,2,256,1.000e-12,0.02000,2.000000,16,2.5754323939,3.7368383125,212,121,200,256
open_n20,20,0.200000,0.500000,true,2,256,1.000e-12,0.02000,2.000000,17,2.5993757531,3.6496221009,64,58,64,64
open_n20,20,0.200000,0.500000,true,2,256,1.000e-12,0.02000,2.000000,18,2.2526259373,2.9501062834,16,16,16,16
open_n20,20,0.200000,0.500000,true,2,256,1.000e-12,0.02000,2.000000,19,1.6903719552,1.8402152044,4,4,4,4
open_n20,20,0.200000,0.500000,true,2,256,1.000e-12,0.02000,2.250000,1,1.7700782787,1.8888012705,4,4,4,4
open_n20,20,0.200000,0.500000,true,2,256,1.000e-12,0.02000,2.250000,2,2.4576275865,3.1345239469,16,16,16,16
open_n20,20,0.200000,0.500000,true,2,256,1.000e-12,0.02000,2.250000,3,2.8499138015,3.9673321678,64,63,64,64
open_n20,20,0.200000,0.500000,true,2,256,1.000e-12,0.02000,2.250000,4,2.7557648203,4.0739469285,247,164,244,256
open_n20,20,0.200000,0.500000,true,2,256,1.000e-12,0.02000,2.250000,5,2.7523110270,4.0652455976,256,190,256,1024
open_n20,20,0.200000,0.500000,true,2,256,1.000e-12,0.02000,2.250000,6,2.7502388305,4.0619691068,256,188,256,4096
open_n20,20,0.200000,0.500000,true,2,256,1.000e-12,0.02000,2.250000,7,2.7503629493,4.0612628477,256,187,256,16384
open_n20,20,0.200000,0.500000,true,2,256,1.000e-12,0.02000,2.250000,8,2.7513225944,4.0618688595,256,188,256,65536
open_n20,20,0.200000,0.500000,true,2,256,1.000e-12,0.02000,2.250000,9,2.7517047891,4.0618468977,256,187,256,262144
open_n20,20,0.200000,0.500000,true,2,256,1.000e-12,0.02000,2.250000,10,2.7516836191,4.0620926749,256,188,256,1048576
open_n20,20,0.200000,0.500000,true,2,256,1.000e-12,0.02000,2.250000,11,2.7518653118,4.0619079098,256,187,256,262144
open_n20,20,0.200000,0.500000,true,2,256,1.000e-12,0.02000,2.250000,12,2.7515067907,4.0618702512,256,188,256,65536
open_n20,20,0.200000,0.500000,true,2,256,1.000e-12,0.02000,2.250000,13,2.7508603315,4.0611185683,256,187,256,16384
open_n20,20,0.200000,0.500000,true,2,256,1.000e-12,0.02000,2.250000,14,2.7497277975,4.0604516448,256,187,256,4096
open_n20,20,0.200000,0.500000,true,2,256,1.000e-12,0.02000,2.250000,15,2.7527053494,4.0587572268,256,187,256,1024
open_n20,20,0.200000,0.500000,true,2,256,1.000e-12,0.02000,2.250000,16,2.7253150527,4.0305675020,226,147,220,256
open_n20,20,0.200000,0.500000,true,2,256,1.000e-12,0.02000,2.250000,17,2.7376789976,3.8376996548,64,60,64,64
open_n20,20,0.200000,0.500000,true,2,256,1.000e-12,0.02000,2.250000,18,2.1886391606,2.9308002589,16,16,16,16
open_n20,20,0.200000,0.500000,true,2,256,1.000e-12,0.02000,2.250000,19,1.6264363670,1.8072430766,4,4,4,4
open_n20,20,0.200000,0.500000,true,2,256,1.000e-12,0.02000,2.500000,1,1.6850433587,1.8467544588,4,4,4,4
open_n20,20,0.200000,0.500000,true,2,256,1.000e-12,0.02000,2.500000,2,2.3848111425,3.1127843071,16,16,16,16
open_n20,20,0.200000,0.500000,true,2,256,1.000e-12,0.02000,2.500000,3,2.9228843771,4.1045803984,64,63,64,64
open_n20,20,0.200000,0.500000,true,2,256,1.000e-12,0.02000,2.500000,4,2.8243159108,4.3238099950,250,191,248,256
open_n20,20,0.200000,0.500000,true,2,256,1.000e-12,0.02000,2.500000,5,2.8114684650,4.3131808783,256,227,256,1024
open_n20,20,0.200000,0.500000,true,2,256,1.000e-12,0.02000,2.500000,6,2.8045574121,4.3030931399,256,227,256,4096
open_n20,20,0.200000,0.500000,true,2,256,1.000e-12,0.02000,2.500000,7,2.8045677901,4.3015465633,256,226,256,16384
open_n20,20,0.200000,0.500000,true,2,256,1.000e-12,0.02000,2.500000,8,2.8073348385,4.3024393966,256,226,256,65536
open_n20,20,0.200000,0.500000,true,2,256,1.000e-12,0.02000,2.500000,9,2.8078567943,4.3029051435,256,226,256,262144
open_n20,20,0.200000,0.500000,true,2,256,1.000e-12,0.02000,2.500000,10,2.8087382191,4.3033702222,256,226,256,1048576
open_n20,20,0.200000,0.500000,true,2,256,1.000e-12,0.02000,2.500000,11,2.8089814607,4.3035900638,256,226,256,262144
open_n20,20,0.200000,0.500000,true,2,256,1.000e-12,0.02000,2.500000,12,2.8096479629,4.3038313972,256,226,256,65536
open_n20,20,0.200000,0.500000,true,2,256,1.000e-12,0.02000,2.500000,13,2.8094696114,4.3037038656,256,226,256,16384
open_n20,20,0.200000,0.500000,true,2,256,1.000e-12,0.02000,2.500000,14,2.8096074513,4.3033855953,256,227,256,4096
open_n20,20,0.200000,0.500000,true,2,256,1.000e-12,0.02000,2.500000,15,2.8172115989,4.3009248040,256,224,256,1024
open_n20,20,0.200000,0.500000,true,2,256,1.000e-12,0.02000,2.500000,16,2.7694033786,4.2443518830,237,168,230,256
open_n20,20,0.200000,0.500000,true,2,256,1.000e-12,0.02000,2.500000,17,2.7358010448,3.9071745032,64,61,64,64
open_n20,20,0.200000,0.500000,true,2,256,1.000e-12,0.02000,2.500000,18,2.0678279623,2.8727171398,16,16,16,16
open_n20,20,0.200000,0.500000,true,2,256,1.000e-12,0.02000,2.500000,19,1.5284701964,1.7553721158,4,4,4,4
open_n20,20,0.200000,0.500000,true,2,256,1.000e-12,0.02000,2.750000,1,1.5650700598,1.7854675753,4,4,4,4
open_n20,20,0.200000,0.500000,true,2,256,1.000e-12,0.02000,2.750000,2,2.2474217607,3.0569809740,16,16,16,16
open_n20,20,0.200000,0.500000,true,2,256,1.000e-12,0.02000,2.750000,3,2.8374132766,4.1267843332,64,63,64,64
open_n20,20,0.200000,0.500000,true,2,256,1.000e-12,0.02000,2.750000,4,2.7691410303,4.4796705231,252,211,250,256
open_n20,20,0.200000,0.500000,true,2,256,1.000e-12,0.02000,2.750000,5,2.7431532479,4.4784079088,256,242,256,1024
open_n20,20,0.200000,0.500000,true,2,256,1.000e-12,0.02000,2.750000,6,2.7239160673,4.4548045198,256,242,256,4096
open_n20,20,0.200000,0.500000,true,2,256,1.000e-12,0.02000,2.750000,7,2.7227782580,4.4502297273,256,242,256,16384
open_n20,20,0.200000,0.500000,true,2,256,1.000e-12,0.02000,2.750000,8,2.7268768368,4.4508003097,256,242,256,65536
open_n20,20,0.200000,0.500000,true,2,256,1.000e-12,0.02000,2.750000,9,2.7281526426,4.4520243209,256,242,256,262144
open_n20,20,0.200000,0.500000,true,2,256,1.000e-12,0.02000,2.750000,10,2.7305616746,4.4532655191,256,242,256,1048576
open_n20,20,0.200000,0.500000,true,2,256,1.000e-12,0.02000,2.750000,11,2.7319694875,4.4545997453,256,242,256,262144
open_n20,20,0.200000,0.500000,true,2,256,1.000e-12,0.02000,2.750000,12,2.7351440253,4.4562363261,256,242,256,65536
open_n20,20,0.200000,0.500000,true,2,256,1.000e-12,0.02000,2.750000,13,2.7380262789,4.4583725001,256,242,256,16384
open_n20,20,0.200000,0.500000,true,2,256,1.000e-12,0.02000,2.750000,14,2.7416694703,4.4596901893,256,242,256,4096
open_n20,20,0.200000,0.500000,true,2,256,1.000e-12,0.02000,2.750000,15,2.7550972640,4.4558915826,256,241,256,1024
open_n20,20,0.200000,0.500000,true,2,256,1.000e-12,0.02000,2.750000,16,2.6860527388,4.3522120449,242,182,239,256
open_n20,20,0.200000,0.500000,true,2,256,1.000e-12,0.02000,2.750000,17,2.5919409792,3.8674204709,64,61,64,64
open_n20,20,0.200000,0.500000,true,2,256,1.000e-12,0.02000,2.750000,18,1.9268883400,2.7938534729,16,16,16,16
open_n20,20,0.200000,0.500000,true,2,256,1.000e-12,0.02000,2.750000,19,1.3944068359,1.6813877214,4,4,4,4
open_n20,20,0.200000,0.500000,true,2,256,1.000e-12,0.02000,3.000000,1,1.4077144197,1.7009310038,4,4,4,4
open_n20,20,0.200000,0.500000,true,2,256,1.000e-12,0.02000,3.000000,2,2.0511716616,2.9696505174,16,16,16,16
open_n20,20,0.200000,0.500000,true,2,256,1.000e-12,0.02000,3.000000,3,2.5972698046,4.0398220908,64,63,64,64
open_n20,20,0.200000,0.500000,true,2,256,1.000e-12,0.02000,3.000000,4,2.5759840945,4.5169884257,253,219,252,256
open_n20,20,0.200000,0.500000,true,2,256,1.000e-12,0.02000,3.000000,5,2.5412776588,4.5420879918,256,247,256,1024
open_n20,20,0.200000,0.500000,true,2,256,1.000e-12,0.02000,3.000000,6,2.5028198823,4.4990823477,256,247,256,4096
open_n20,20,0.200000,0.500000,true,2,256,1.000e-12,0.02000,3.000000,7,2.4976732516,4.4876416719,256,247,256,16384
open_n20,20,0.200000,0.500000,true,2,256,1.000e-12,0.02000,3.000000,8,2.5010150089,4.4860762300,256,247,256,65536
open_n20,20,0.200000,0.500000,true,2,256,1.000e-12,0.02000,3.000000,9,2.5034396615,4.4879264064,256,247,256,262144
open_n20,20,0.200000,0.500000,true,2,256,1.000e-12,0.02000,3.000000,10,2.5079274639,4.4907983373,256,247,256,1048576
open_n20,20,0.200000,0.500000,true,2,256,1.000e-12,0.02000,3.000000,11,2.5120828690,4.4943570582,256,247,256,262144
open_n20,20,0.200000,0.500000,true,2,256,1.000e-12,0.02000,3.000000,12,2.5195767554,4.4992773799,256,247,256,65536
open_n20,20,0.200000,0.500000,true,2,256,1.000e-12,0.02000,3.000000,13,2.5286233441,4.5061587385,256,247,256,16384
open_n20,20,0.200000,0.500000,true,2,256,1.000e-12,0.02000,3.000000,14,2.5384182155,4.5105653754,256,247,256,4096
open_n20,20,0.200000,0.500000,true,2,256,1.000e-12,0.02000,3.000000,15,2.5580388444,4.5043023216,256,246,256,1024
open_n20,20,0.200000,0.500000,true,2,256,1.000e-12,0.02000,3.000000,16,2.4750002282,4.3372556484,246,191,243,256
open_n20,20,0.200000,0.500000,true,2,256,1.000e-12,0.02000,3.000000,17,2.3460432389,3.7469729754,64,61,64,64
open_n20,20,0.200000,0.500000,true,2,256,1.000e-12,0.02000,3.000000,18,1.7767096622,2.6961203728,16,16,16,16
open_n20,20,0.200000,0.500000,true,2,256,1.000e-12,0.02000,3.000000,19,1.2269180807,1.5831757667,4,4,4,4
open_n20,20,0.200000,0.500000,true,2,256,1.000e-12,0.02000,3.250000,1,1.2170087726,1.5907047001,4,4,4,4
open_n20,20,0.200000,0.500000,true,2,256,1.000e-12,0.02000,3.250000,2,1.8004722328,2.8425177061,16,16,16,16
open_n20,20,0.200000,0.500000,true,2,256,1.000e-12,0.02000,3.250000,3,2.2456142882,3.8628058165,64,62,64,64
open_n20,20,0.200000,0.500000,true,2,256,1.000e-12,0.02000,3.250000,4,2.2613482551,4.4258293040,253,221,252,256
open_n20,20,0.200000,0.500000,true,2,256,1.000e-12,0.02000,3.250000,5,2.2271981229,4.4908377112,256,249,256,1024
open_n20,20,0.200000,0.500000,true,2,256,1.000e-12,0.02000,3.250000,6,2.1689318318,4.4265050972,256,249,256,4096
open_n20,20,0.200000,0.500000,true,2,256,1.000e-12,0.02000,3.250000,7,2.1568750168,4.4039698099,256,249,256,16384
open_n20,20,0.200000,0.500000,true,2,256,1.000e-12,0.02000,3.250000,8,2.1568109899,4.3972688030,256,249,256,65536
open_n20,20,0.200000,0.500000,true,2,256,1.000e-12,0.02000,3.250000,9,2.1601149062,4.3989884760,256,248,256,262144
open_n20,20,0.200000,0.500000,true,2,256,1.000e-12,0.02000,3.250000,10,2.1666336220,4.4042672742,256,249,256,1048576
open_n20,20,0.200000,0.500000,true,2,256,1.000e-12,0.02000,3.250000,11,2.1745375398,4.4113140510,256,249,256,262144
open_n20,20,0.200000,0.500000,true,2,256,1.000e-12,0.02000,3.250000,12,2.1872970987,4.4217456277,256,249,256,65536
open_n20,20,0.200000,0.500000,true,2,256,1.000e-12,0.02000,3.250000,13,2.2043387396,4.4360761756,256,249,256,16384
open_n20,20,0.200000,0.500000,true,2,256,1.000e-12,0.02000,3.250000,14,2.2221536595,4.4447102778,256,249,256,4096
open_n20,20,0.200000,0.500000,true,2,256,1.000e-12,0.02000,3.250000,15,2.2484120675,4.4345910904,256,248,256,1024
open_n20,20,0.200000,0.500000,true,2,256,1.000e-12,0.02000,3.250000,16,2.1685257998,4.2039995052,247,194,246,256
open_n20,20,0.200000,0.500000,true,2,256,1.000e-12,0.02000,3.250000,17,2.0496542390,3.5766938295,64,61,64,64
open_n20,20,0.200000,0.500000,true,2,256,1.000e-12,0.02000,3.250000,18,1.6101989562,2.5742215654,16,16,16,16
open_n20,20,0.200000,0.500000,true,2,256,1.000e-12,0.02000,3.250000,19,1.0383228420,1.4630275054,4,4,4,4
open_n20,20,0.200000,0.500000,true,2,256,1.000e-12,0.02000,3.500000,1,1.0091631258,1.4580688084,4,4,4,4
open_n20,20,0.200000,0.500000,true,2,256,1.000e-12,0.02000,3.500000,2,1.5143647201,2.6703708954,16,16,16,16
open_n20,20,0.200000,0.500000,true,2,256,1.000e-12,0.02000,3.500000,3,1.8474623717,3.6234582028,64,62,64,64
open_n20,20,0.200000,0.500000,true,2,256,1.000e-12,0.02000,3.500000,4,1.8783742403,4.2190635938,253,221,252,256
open_n20,20,0.200000,0.500000,true,2,256,1.000e-12,0.02000,3.500000,5,1.8505542824,4.3254760782,256,251,256,1024
open_n20,20,0.200000,0.500000,true,2,256,1.000e-12,0.02000,3.500000,6,1.7795231779,4.2427429536,256,250,256,4096
open_n20,20,0.200000,0.500000,true,2,256,1.000e-12,0.02000,3.500000,7,1.7602493721,4.2062012117,256,249,256,16384
open_n20,20,0.200000,0.500000,true,2,256,1.000e-12,0.02000,3.500000,8,1.7553489749,4.1910380089,256,249,256,65536
open_n20,20,0.200000,0.500000,true,2,256,1.000e-12,0.02000,3.500000,9,1.7588290899,4.1914389452,256,249,256,262144
open_n20,20,0.200000,0.500000,true,2,256,1.000e-12,0.02000,3.500000,10,1.7665966151,4.1994291842,256,249,256,1048576
open_n20,20,0.200000,0.500000,true,2,256,1.000e-12,0.02000,3.500000,11,1.7778105928,4.2109913669,256,249,256,262144
open_n20,20,0.200000,0.500000,true,2,256,1.000e-12,0.02000,3.500000,12,1.7951056494,4.2286677358,256,249,256,65536
open_n20,20,0.200000,0.500000,true,2,256,1.000e-12,0.02000,3.500000,13,1.8194853804,4.2523264077,256,249,256,16384
open_n20,20,0.200000,0.500000,true,2,256,1.000e-12,0.02000,3.500000,14,1.8455290033,4.2659342816,256,249,256,4096
open_n20,20,0.200000,0.500000,true,2,256,1.000e-12,0.02000,3.500000,15,1.8784336686,4.2512587668,256,250,256,1024
open_n20,20,0.200000,0.500000,true,2,256,1.000e-12,0.02000,3.500000,16,1.8229363597,3.9819000768,247,195,246,256
open_n20,20,0.200000,0.500000,true,2,256,1.000e-12,0.02000,3.500000,17,1.7417426014,3.3761907839,64,60,64,64
open_n20,20,0.200000,0.500000,true,2,256,1.000e-12,0.02000,3.500000,18,1.4216884027,2.4284787606,16,16,16,16
open_n20,20,0.200000,0.500000,true,2,256,1.000e-12,0.02000,3.500000,19,0.8496421921,1.3293908012,4,4,4,4
open_n20,20,0.200000,0.500000,true,2,256,1.000e-12,0.02000,3.750000,1,0.8082568112,1.3131152257,4,4,4,4
open_n20,20,0.200000,0.500000,true,2,256,1.000e-12,0.02000,3.750000,2,1.2249438569,2.4597543057,16,16,16,16
open_n20,20,0.200000,0.500000,true,2,256,1.000e-12,0.02000,3.750000,3,1.4627288346,3.3469693200,64,62,64,64
open_n20,20,0.200000,0.500000,true,2,256,1.000e-12,0.02000,3.750000,4,1.4932212719,3.9300383102,253,218,252,256
open_n20,20,0.200000,0.500000,true,2,256,1.000e-12,0.02000,3.750000,5,1.4713514796,4.0633732874,256,252,256,1024
open_n20,20,0.200000,0.500000,true,2,256,1.000e-12,0.02000,3.750000,6,1.3982799244,3.9699377723,256,250,256,4096
open_n20,20,0.200000,0.500000,true,2,256,1.000e-12,0.02000,3.750000,7,1.3743604829,3.9190587065,256,250,256,16384
open_n20,20,0.200000,0.500000,true,2,256,1.000e-12,0.02000,3.750000,8,1.3651829403,3.8933216582,256,250,256,65536
open_n20,20,0.200000,0.500000,true,2,256,1.000e-12,0.02000,3.750000,9,1.3682078399,3.8912646139,256,250,256,262144
open_n20,20,0.200000,0.500000,true,2,256,1.000e-12,0.02000,3.750000,10,1.3761810305,3.9015171941,256,250,256,1048576
open_n20,20,0.200000,0.500000,true,2,256,1.000e-12,0.02000,3.750000,11,1.3892145465,3.9181303033,256,250,256,262144
open_n20,20,0.200000,0.500000,true,2,256,1.000e-12,0.02000,3.750000,12,1.4090617049,3.9436666627,256,250,256,65536
open_n20,20,0.200000,0.500000,true,2,256,1.000e-12,0.02000,3.750000,13,1.4380100593,3.9769954713,256,250,256,16384
open_n20,20,0.200000,0.500000,true,2,256,1.000e-12,0.02000,3.750000,14,1.4705638869,3.9963751427,256,250,256,4096
open_n20,20,0.200000,0.500000,true,2,256,1.000e-12,0.02000,3.750000,15,1.5094640874,3.9785448574,256,250,256,1024
open_n20,20,0.200000,0.500000,true,2,256,1.000e-12,0.02000,3.750000,16,1.4915184768,3.7119463622,247,192,246,256
open_n20,20,0.200000,0.500000,true,2,256,1.000e-12,0.02000,3.750000,17,1.4469164892,3.1540343793,64,59,64,64
open_n20,20,0.200000,0.500000,true,2,256,1.000e-12,0.02000,3.750000,18,1.2176046561,2.2664818613,16,16,16,16
open_n20,20,0.200000,0.500000,true,2,256,1.000e-12,0.02000,3.750000,19,0.6832231014,1.1958838968,4,4,4,4
open_n20,20,0.200000,0.500000,true,2,256,1.000e-12,0.02000,4.000000,1,0.6338733576,1.1686230552,4,4,4,4
open_n20,20,0.200000,0.500000,true,2,256,1.000e-12,0.02000,4.000000,2,0.9617229534,2.2268291978,16,16,16,16
open_n20,20,0.200000,0.500000,true,2,256,1.000e-12,0.02000,4.000000,3,1.1280009926,3.0491477449,64,62,64,64
open_n20,20,0.200000,0.500000,true,2,256,1.000e-12,0.02000,4.000000,4,1.1534575706,3.5980289902,253,213,252,256
open_n20,20,0.200000,0.500000,true,2,256,1.000e-12,0.02000,4.000000,5,1.1347252260,3.7344078025,256,252,256,1024
open_n20,20,0.200000,0.500000,true,2,256,1.000e-12,0.02000,4.000000,6,1.0689084866,3.6401398926,256,253,256,4096
open_n20,20,0.200000,0.500000,true,2,256,1.000e-12,0.02000,4.000000,7,1.0439087150,3.5763917067,256,252,256,16384
open_n20,20,0.200000,0.500000,true,2,256,1.000e-12,0.02000,4.000000,8,1.0323424926,3.5401377253,256,252,256,65536
open_n20,20,0.200000,0.500000,true,2,256,1.000e-12,0.02000,4.000000,9,1.0345906047,3.5347180997,256,251,256,262144
open_n20,20,0.200000,0.500000,true,2,256,1.000e-12,0.02000,4.000000,10,1.0419655678,3.5464025215,256,251,256,1048576
open_n20,20,0.200000,0.500000,true,2,256,1.000e-12,0.02000,4.000000,11,1.0552662632,3.5677776603,256,251,256,262144
open_n20,20,0.200000,0.500000,true,2,256,1.000e-12,0.02000,4.000000,12,1.0754873741,3.6006504752,256,252,256,65536
open_n20,20,0.200000,0.500000,true,2,256,1.000e-12,0.02000,4.000000,13,1.1057241751,3.6427809430,256,251,256,16384
open_n20,20,0.200000,0.500000,true,2,256,1.000e-12,0.02000,4.000000,14,1.1419268736,3.6688649474,256,251,256,4096
open_n20,20,0.200000,0.500000,true,2,256,1.000e-12,0.02000,4.000000,15,1.1862974857,3.6539328403,256,249,256,1024
open_n20,20,0.200000,0.500000,true,2,256,1.000e-12,0.02000,4.000000,16,1.2042731717,3.4263104311,247,187,245,256
open_n20,20,0.200000,0.500000,true,2,256,1.000e-12,0.02000,4.000000,17,1.1808967400,2.9152357506,64,58,64,64
open_n20,20,0.200000,0.500000,true,2,256,1.000e-12,0.02000,4.000000,18,1.0129679432,2.0953136305,16,16,16,16
open_n20,20,0.200000,0.500000,true,2,256,1.000e-12,0.02000,4.000000,19,0.5524506880,1.0759553667,4,4,4,4
open_n20,20,0.200000,0.500000,true,2,256,1.000e-12,0.02000,4.250000,1,0.4930022034,1.0337957885,4,4,4,4
open_n20,20,0.200000,0.500000,true,2,256,1.000e-12,0.02000,4.250000,2,0.7405957238,1.9897557669,16,16,16,16
open_n20,20,0.200000,0.500000,true,2,256,1.000e-12,0.02000,4.250000,3,0.8562800615,2.7419666966,64,61,64,64
open_n20,20,0.200000,0.500000,true,2,256,1.000e-12,0.02000,4.250000,4,0.8778377164,3.2530504691,253,209,251,256
open_n20,20,0.200000,0.500000,true,2,256,1.000e-12,0.02000,4.250000,5,0.8602632369,3.3713801720,256,252,256,1024
open_n20,20,0.200000,0.500000,true,2,256,1.000e-12,0.02000,4.250000,6,0.8068798227,3.2830796689,256,251,256,4096
open_n20,20,0.200000,0.500000,true,2,256,1.000e-12,0.02000,4.250000,7,0.7836480509,3.2104622200,256,250,256,16384
open_n20,20,0.200000,0.500000,true,2,256,1.000e-12,0.02000,4.250000,8,0.7717383253,3.1661402712,256,250,256,65536
open_n20,20,0.200000,0.500000,true,2,256,1.000e-12,0.02000,4.250000,9,0.7732106264,3.1574875926,256,250,256,262144
open_n20,20,0.200000,0.500000,true,2,256,1.000e-12,0.02000,4.250000,10,0.7795771712,3.1695537717,256,250,256,1048576
open_n20,20,0.200000,0.500000,true,2,256,1.000e-12,0.02000,4.250000,11,0.7920645339,3.1951985673,256,250,256,262144
open_n20,20,0.200000,0.500000,true,2,256,1.000e-12,0.02000,4.250000,12,0.8110117608,3.2336694682,256,251,256,65536
open_n20,20,0.200000,0.500000,true,2,256,1.000e-12,0.02000,4.250000,13,0.8401208735,3.2832469639,256,251,256,16384
open_n20,20,0.200000,0.500000,true,2,256,1.000e-12,0.02000,4.250000,14,0.8773973069,3.3178491669,256,251,256,4096
open_n20,20,0.200000,0.500000,true,2,256,1.000e-12,0.02000,4.250000,15,0.9265482772,3.3175607178,256,249,256,1024
open_n20,20,0.200000,0.500000,true,2,256,1.000e-12,0.02000,4.250000,16,0.9680730702,3.1403987510,247,181,244,256
open_n20,20,0.200000,0.500000,true,2,256,1.000e-12,0.02000,4.250000,17,0.9522875898,2.6663254369,64,57,64,64
open_n20,20,0.200000,0.500000,true,2,256,1.000e-12,0.02000,4.250000,18,0.8232117200,1.9194863476,16,16,16,16
open_n20,20,0.200000,0.500000,true,2,256,1.000e-12,0.02000,4.250000,19,0.4570194051,0.9760005541,4,4,4,4
open_n20,20,0.200000,0.500000,true,2,256,1.000e-12,0.02000,4.500000,1,0.3822831960,0.9114055758,4,4,4,4
open_n20,20,0.200000,0.500000,true,2,256,1.000e-12,0.02000,4.500000,2,0.5646832169,1.7625719008,16,16,16,16
open_n20,20,0.200000,0.500000,true,2,256,1.000e-12,0.02000,4.500000,3,0.6459633951,2.4400330252,64,61,64,64
open_n20,20,0.200000,0.500000,true,2,256,1.000e-12,0.02000,4.500000,4,0.6650494945,2.9131572329,253,204,251,256
open_n20,20,0.200000,0.500000,true,2,256,1.000e-12,0.02000,4.500000,5,0.6481318451,3.0035067326,256,250,256,1024
open_n20,20,0.200000,0.500000,true,2,256,1.000e-12,0.02000,4.500000,6,0.6082572699,2.9240255654,256,251,256,4096
open_n20,20,0.200000,0.500000,true,2,256,1.000e-12,0.02000,4.500000,7,0.5883670189,2.8470636171,256,250,256,16384
open_n20,20,0.200000,0.500000,true,2,256,1.000e-12,0.02000,4.500000,8,0.5775214997,2.7984380901,256,249,256,65536
open_n20,20,0.200000,0.500000,true,2,256,1.000e-12,0.02000,4.500000,9,0.5784161597,2.7870717467,256,249,256,262144
open_n20,20,0.200000,0.500000,true,2,256,1.000e-12,0.02000,4.500000,10,0.5836894510,2.7988983174,256,249,256,1048576
open_n20,20,0.200000,0.500000,true,2,256,1.000e-12,0.02000,4.500000,11,0.5947652492,2.8275151585,256,249,256,262144
open_n20,20,0.200000,0.500000,true,2,256,1.000e-12,0.02000,4.500000,12,0.6115587151,2.8698610235,256,250,256,65536
open_n20,20,0.200000,0.500000,true,2,256,1.000e-12,0.02000,4.500000,13,0.6383903762,2.9248367188,256,250,256,16384
open_n20,20,0.200000,0.500000,true,2,256,1.000e-12,0.02000,4.500000,14,0.6752040290,2.9702110661,256,250,256,4096
open_n20,20,0.200000,0.500000,true,2,256,1.000e-12,0.02000,4.500000,15,0.7271477003,2.9958140160,256,248,256,1024
open_n20,20,0.200000,0.500000,true,2,256,1.000e-12,0.02000,4.500000,16,0.7775661499,2.8591545379,247,174,243,256
open_n20,20,0.200000,0.500000,true,2,256,1.000e-12,0.02000,4.500000,17,0.7630334325,2.4161386943,64,55,64,64
open_n20,20,0.200000,0.500000,true,2,256,1.000e-12,0.02000,4.500000,18,0.6585930688,1.7436763553,16,16,16,16
open_n20,20,0.200000,0.500000,true,2,256,1.000e-12,0.02000,4.500000,19,0.3874303748,0.8936222569,4,4,4,4
open_n20,20,0.200000,0.500000,true,2,256,1.000e-12,0.02000,4.750000,1,0.2949737514,0.8000254673,4,4,4,4
open_n20,20,0.200000,0.500000,true,2,256,1.000e-12,0.02000,4.750000,2,0.4301419445,1.5536110558,16,16,16,16
open_n20,20,0.200000,0.500000,true,2,256,1.000e-12,0.02000,4.750000,3,0.4884120069,2.1582143737,64,61,64,64
open_n20,20,0.200000,0.500000,true,2,256,1.000e-12,0.02000,4.750000,4,0.5051261843,2.5889291805,253,199,251,256
open_n20,20,0.200000,0.500000,true,2,256,1.000e-12,0.02000,4.750000,5,0.4894193100,2.6535028961,256,249,256,1024
open_n20,20,0.200000,0.500000,true,2,256,1.000e-12,0.02000,4.750000,6,0.4613329440,2.5818672458,256,250,256,4096
open_n20,20,0.200000,0.500000,true,2,256,1.000e-12,0.02000,4.750000,7,0.4453332218,2.5054154262,256,249,256,16384
open_n20,20,0.200000,0.500000,true,2,256,1.000e-12,0.02000,4.750000,8,0.4361966765,2.4559658585,256,249,256,65536
open_n20,20,0.200000,0.500000,true,2,256,1.000e-12,0.02000,4.750000,9,0.4367187490,2.4428887480,256,248,256,262144
open_n20,20,0.200000,0.500000,true,2,256,1.000e-12,0.02000,4.750000,10,0.4410068039,2.4542434875,256,248,256,1048576
open_n20,20,0.200000,0.500000,true,2,256,1.000e-12,0.02000,4.750000,11,0.4504432460,2.4841135536,256,248,256,262144
open_n20,20,0.200000,0.500000,true,2,256,1.000e-12,0.02000,4.750000,12,0.4648989518,2.5289256639,256,249,256,65536
open_n20,20,0.200000,0.500000,true,2,256,1.000e-12,0.02000,4.750000,13,0.4892437326,2.5873697647,256,249,256,16384
open_n20,20,0.200000,0.500000,true,2,256,1.000e-12,0.02000,4.750000,14,0.5248619734,2.6456838841,256,249,256,4096
open_n20,20,0.200000,0.500000,true,2,256,1.000e-12,0.02000,4.750000,15,0.5764108985,2.6984006417,256,245,256,1024
open_n20,20,0.200000,0.500000,true,2,256,1.000e-12,0.02000,4.750000,16,0.6247600188,2.5863564062,247,165,241,256
open_n20,20,0.200000,0.500000,true,2,256,1.000e-12,0.02000,4.750000,17,0.6103461919,2.1751478392,64,52,64,64
open_n20,20,0.200000,0.500000,true,2,256,1.000e-12,0.02000,4.750000,18,0.5229954815,1.5726279215,16,16,16,16
open_n20,20,0.200000,0.500000,true,2,256,1.000e-12,0.02000,4.750000,19,0.3329330892,0.8223166247,4,4,4,4
open_n20,20,0.200000,0.500000,true,2,256,1.000e-12,0.02000,5.000000,1,0.2256965116,0.6979886062,4,4,4,4
open_n20,20,0.200000,0.500000,true,2,256,1.000e-12,0.02000,5.000000,2,0.3304728010,1.3678267410,16,16,16,16
open_n20,20,0.200000,0.500000,true,2,256,1.000e-12,0.02000,5.000000,3,0.3724827198,1.9045754240,64,60,64,64
open_n20,20,0.200000,0.500000,true,2,256,1.000e-12,0.02000,5.000000,4,0.3864463974,2.2873289879,253,194,250,256
open_n20,20,0.200000,0.500000,true,2,256,1.000e-12,0.02000,5.000000,5,0.3729303857,2.3346821169,256,248,256,1024
open_n20,20,0.200000,0.500000,true,2,256,1.000e-12,0.02000,5.000000,6,0.3536829474,2.2679434900,256,248,256,4096
open_n20,20,0.200000,0.500000,true,2,256,1.000e-12,0.02000,5.000000,7,0.3414355756,2.1956996344,256,247,256,16384
open_n20,20,0.200000,0.500000,true,2,256,1.000e-12,0.02000,5.000000,8,0.3341512186,2.1479592575,256,246,256,65536
open_n20,20,0.200000,0.500000,true,2,256,1.000e-12,0.02000,5.000000,9,0.3344071801,2.1344980452,256,245,256,262144
open_n20,20,0.200000,0.500000,true,2,256,1.000e-12,0.02000,5.000000,10,0.3378874305,2.1451999542,256,245,256,1048576
open_n20,20,0.200000,0.500000,true,2,256,1.000e-12,0.02000,5.000000,11,0.3457313188,2.1748981243,256,246,256,262144
open_n20,20,0.200000,0.500000,true,2,256,1.000e-12,0.02000,5.000000,12,0.3581124370,2.2211548464,256,246,256,65536
open_n20,20,0.200000,0.500000,true,2,256,1.000e-12,0.02000,5.000000,13,0.3802356641,2.2824310369,256,247,256,16384
open_n20,20,0.200000,0.500000,true,2,256,1.000e-12,0.02000,5.000000,14,0.4142071108,2.3539638380,256,247,256,4096
open_n20,20,0.200000,0.500000,true,2,256,1.000e-12,0.02000,5.000000,15,0.4622377864,2.4259029138,256,243,256,1024
open_n20,20,0.200000,0.500000,true,2,256,1.000e-12,0.02000,5.000000,16,0.5028670036,2.3279511427,247,157,238,256
open_n20,20,0.200000,0.500000,true,2,256,1.000e-12,0.02000,5.000000,17,0.4888991908,1.9514413511,64,50,64,64
open_n20,20,0.200000,0.500000,true,2,256,1.000e-12,0.02000,5.000000,18,0.4156081242,1.4104159276,16,16,16,16
open_n20,20,0.200000,0.500000,true,2,256,1.000e-12,0.02000,5.000000,19,0.2860698144,0.7563690482,4,4,4,4
open_n20,20,0.200000,0.500000,true,2,256,1.000e-12,0.02000,5.250000,1,0.1713193935,0.6054498816,4,4,4,4
open_n20,20,0.200000,0.500000,true,2,256,1.000e-12,0.02000,5.250000,2,0.2583244722,1.2090572022,16,16,16,16
open_n20,20,0.200000,0.500000,true,2,256,1.000e-12,0.02000,5.250000,3,0.2876137653,1.6804963705,64,58,64,64
open_n20,20,0.200000,0.500000,true,2,256,1.000e-12,0.02000,5.250000,4,0.2986409502,2.0133778290,253,186,249,256
open_n20,20,0.200000,0.500000,true,2,256,1.000e-12,0.02000,5.250000,5,0.2881461329,2.0512983756,256,246,256,1024
open_n20,20,0.200000,0.500000,true,2,256,1.000e-12,0.02000,5.250000,6,0.2748824542,1.9879641427,256,245,256,4096
open_n20,20,0.200000,0.500000,true,2,256,1.000e-12,0.02000,5.250000,7,0.2658343941,1.9222698885,256,243,256,16384
open_n20,20,0.200000,0.500000,true,2,256,1.000e-12,0.02000,5.250000,8,0.2602866495,1.8778000785,256,242,256,65536
open_n20,20,0.200000,0.500000,true,2,256,1.000e-12,0.02000,5.250000,9,0.2603254586,1.8650338728,256,241,256,262144
open_n20,20,0.200000,0.500000,true,2,256,1.000e-12,0.02000,5.250000,10,0.2631651945,1.8750647916,256,241,256,1048576
open_n20,20,0.200000,0.500000,true,2,256,1.000e-12,0.02000,5.250000,11,0.2696384352,1.9037684243,256,242,256,262144
open_n20,20,0.200000,0.500000,true,2,256,1.000e-12,0.02000,5.250000,12,0.2803766726,1.9504341786,256,243,256,65536
open_n20,20,0.200000,0.500000,true,2,256,1.000e-12,0.02000,5.250000,13,0.3006813332,2.0146905702,256,244,256,16384
open_n20,20,0.200000,0.500000,true,2,256,1.000e-12,0.02000,5.250000,14,0.3325373819,2.0969242397,256,244,256,4096
open_n20,20,0.200000,0.500000,true,2,256,1.000e-12,0.02000,5.250000,15,0.3749490876,2.1768640755,256,241,256,1024
open_n20,20,0.200000,0.500000,true,2,256,1.000e-12,0.02000,5.250000,16,0.4063782033,2.0900028049,247,150,236,256
open_n20,20,0.200000,0.500000,true,2,256,1.000e-12,0.02000,5.250000,17,0.3927353293,1.7476745587,64,49,63,64
open_n20,20,0.200000,0.500000,true,2,256,1.000e-12,0.02000,5.250000,18,0.3330607319,1.2603731265,16,16,16,16
open_n20,20,0.200000,0.500000,true,2,256,1.000e-12,0.02000,5.250000,19,0.2429936220,0.6921339102,4,4,4,4
open_n20,20,0.200000,0.500000,true,2,256,1.000e-12,0.02000,5.500000,1,0.1298697532,0.5240304014,4,4,4,4
open_n20,20,0.200000,0.500000,true,2,256,1.000e-12,0.02000,5.500000,2,0.2062847939,1.0781965500,16,16,16,16
open_n20,20,0.200000,0.500000,true,2,256,1.000e-12,0.02000,5.500000,3,0.2252910563,1.4855279932,64,56,64,64
open_n20,20,0.200000,0.500000,true,2,256,1.000e-12,0.02000,5.500000,4,0.2334507844,1.7704096531,253,178,249,256
open_n20,20,0.200000,0.500000,true,2,256,1.000e-12,0.02000,5.500000,5,0.2262687256,1.8024330039,256,242,256,1024
open_n20,20,0.200000,0.500000,true,2,256,1.000e-12,0.02000,5.500000,6,0.2169002894,1.7431422544,256,243,256,4096
open_n20,20,0.200000,0.500000,true,2,256,1.000e-12,0.02000,5.500000,7,0.2103441844,1.6845940471,256,240,256,16384
open_n20,20,0.200000,0.500000,true,2,256,1.000e-12,0.02000,5.500000,8,0.2062941059,1.6445659462,256,238,256,65536
open_n20,20,0.200000,0.500000,true,2,256,1.000e-12,0.02000,5.500000,9,0.2061819691,1.6330760809,256,236,256,262144
open_n20,20,0.200000,0.500000,true,2,256,1.000e-12,0.02000,5.500000,10,0.2085112973,1.6424735417,256,236,256,1048576
open_n20,20,0.200000,0.500000,true,2,256,1.000e-12,0.02000,5.500000,11,0.2139118349,1.6700798573,256,237,256,262144
open_n20,20,0.200000,0.500000,true,2,256,1.000e-12,0.02000,5.500000,12,0.2234331416,1.7163892944,256,239,256,65536
open_n20,20,0.200000,0.500000,true,2,256,1.000e-12,0.02000,5.500000,13,0.2422647622,1.7837245097,256,240,256,16384
open_n20,20,0.200000,0.500000,true,2,256,1.000e-12,0.02000,5.500000,14,0.2714869767,1.8721670248,256,241,256,4096
open_n20,20,0.200000,0.500000,true,2,256,1.000e-12,0.02000,5.500000,15,0.3073647840,1.9509730836,256,237,256,1024
open_n20,20,0.200000,0.500000,true,2,256,1.000e-12,0.02000,5.500000,16,0.3303489887,1.8751172420,247,144,234,256
open_n20,20,0.200000,0.500000,true,2,256,1.000e-12,0.02000,5.500000,17,0.3165959794,1.5636674287,64,48,63,64
open_n20,20,0.200000,0.500000,true,2,256,1.000e-12,0.02000,5.500000,18,0.2708506969,1.1247990838,16,16,16,16
open_n20,20,0.200000,0.500000,true,2,256,1.000e-12,0.02000,5.500000,19,0.2022720459,0.6274637436,4,4,4,4
open_n20,20,0.200000,0.500000,true,2,256,1.000e-12,0.02000,5.750000,1,0.0994498017,0.4553753707,4,4,4,4
open_n20,20,0.200000,0.500000,true,2,256,1.000e-12,0.02000,5.750000,2,0.1677830216,0.9694235163,16,16,16,16
open_n20,20,0.200000,0.500000,true,2,256,1.000e-12,0.02000,5.750000,3,0.1790789825,1.3173367284,64,55,64,64
open_n20,20,0.200000,0.500000,true,2,256,1.000e-12,0.02000,5.750000,4,0.1847355636,1.5590619056,253,169,247,256
open_n20,20,0.200000,0.500000,true,2,256,1.000e-12,0.02000,5.750000,5,0.1805203502,1.5854503554,256,238,256,1024
open_n20,20,0.200000,0.500000,true,2,256,1.000e-12,0.02000,5.750000,6,0.1737807627,1.5314641696,256,239,256,4096
open_n20,20,0.200000,0.500000,true,2,256,1.000e-12,0.02000,5.750000,7,0.1690334433,1.4793584158,256,235,256,16384
open_n20,20,0.200000,0.500000,true,2,256,1.000e-12,0.02000,5.750000,8,0.1662048416,1.4445230760,256,232,256,65536
open_n20,20,0.200000,0.500000,true,2,256,1.000e-12,0.02000,5.750000,9,0.1660377233,1.4345478185,256,229,256,262144
open_n20,20,0.200000,0.500000,true,2,256,1.000e-12,0.02000,5.750000,10,0.1679596152,1.4433887141,256,229,256,1048576
open_n20,20,0.200000,0.500000,true,2,256,1.000e-12,0.02000,5.750000,11,0.1725799773,1.4701821204,256,231,256,262144
open_n20,20,0.200000,0.500000,true,2,256,1.000e-12,0.02000,5.750000,12,0.1812427693,1.5158767237,256,233,256,65536
open_n20,20,0.200000,0.500000,true,2,256,1.000e-12,0.02000,5.750000,13,0.1987917970,1.5855563954,256,235,256,16384
open_n20,20,0.200000,0.500000,true,2,256,1.000e-12,0.02000,5.750000,14,0.2249113848,1.6750271765,256,237,256,4096
open_n20,20,0.200000,0.500000,true,2,256,1.000e-12,0.02000,5.750000,15,0.2542741664,1.7481848347,256,232,256,1024
open_n20,20,0.200000,0.500000,true,2,256,1.000e-12,0.02000,5.750000,16,0.2702453076,1.6817901156,247,136,232,256
open_n20,20,0.200000,0.500000,true,2,256,1.000e-12,0.02000,5.750000,17,0.2562605731,1.3983944709,64,46,63,64
open_n20,20,0.200000,0.500000,true,2,256,1.000e-12,0.02000,5.750000,18,0.2241742430,1.0047370702,16,16,16,16
open_n20,20,0.200000,0.500000,true,2,256,1.000e-12,0.02000,5.750000,19,0.1639643773,0.5614887810,4,4,4,4
open_n20,20,0.200000,0.500000,true,2,256,1.000e-12,0.02000,6.000000,1,0.0778657487,0.3998905311,4,4,4,4
open_n20,20,0.200000,0.500000,true,2,256,1.000e-12,0.02000,6.000000,2,0.1380493453,0.8735731220,16,16,16,16
open_n20,20,0.200000,0.500000,true,2,256,1.000e-12,0.02000,6.000000,3,0.1442585263,1.1711830420,64,54,64,64
open_n20,20,0.200000,0.500000,true,2,256,1.000e-12,0.02000,6.000000,4,0.1480577874,1.3767719630,253,160,244,256
open_n20,20,0.200000,0.500000,true,2,256,1.000e-12,0.02000,6.000000,5,0.1460302313,1.3973471055,256,232,256,1024
open_n20,20,0.200000,0.500000,true,2,256,1.000e-12,0.02000,6.000000,6,0.1412422378,1.3494727816,256,232,256,4096
open_n20,20,0.200000,0.500000,true,2,256,1.000e-12,0.02000,6.000000,7,0.1377172636,1.3026401407,256,227,256,16384
open_n20,20,0.200000,0.500000,true,2,256,1.000e-12,0.02000,6.000000,8,0.1358429062,1.2731763411,256,223,256,65536
open_n20,20,0.200000,0.500000,true,2,256,1.000e-12,0.02000,6.000000,9,0.1357160226,1.2646465547,256,220,256,262144
open_n20,20,0.200000,0.500000,true,2,256,1.000e-12,0.02000,6.000000,10,0.1373215203,1.2731028166,256,220,256,1048576
open_n20,20,0.200000,0.500000,true,2,256,1.000e-12,0.02000,6.000000,11,0.1414032337,1.2993397785,256,223,256,262144
open_n20,20,0.200000,0.500000,true,2,256,1.000e-12,0.02000,6.000000,12,0.1494897505,1.3444296917,256,225,256,65536
open_n20,20,0.200000,0.500000,true,2,256,1.000e-12,0.02000,6.000000,13,0.1657715438,1.4149448127,256,229,256,16384
open_n20,20,0.200000,0.500000,true,2,256,1.000e-12,0.02000,6.000000,14,0.1884958270,1.5007990944,256,232,256,4096
open_n20,20,0.200000,0.500000,true,2,256,1.000e-12,0.02000,6.000000,15,0.2119699696,1.5678345035,256,225,256,1024
open_n20,20,0.200000,0.500000,true,2,256,1.000e-12,0.02000,6.000000,16,0.2222369264,1.5073861941,246,128,228,256
open_n20,20,0.200000,0.500000,true,2,256,1.000e-12,0.02000,6.000000,17,0.2084504948,1.2504734683,64,45,63,64
open_n20,20,0.200000,0.500000,true,2,256,1.000e-12,0.02000,6.000000,18,0.1885382959,0.9000592980,16,15,16,16
open_n20,20,0.200000,0.500000,true,2,256,1.000e-12,0.02000,6.000000,19,0.1291007933,0.4949657686,4,4,4,4
open_n20,20,0.200000,0.500000,true,2,256,1.000e-12,0.02000,6.250000,1,0.0627932242,0.3562806605,4,4,4,4
open_n20,20,0.200000,0.500000,true,2,256,1.000e-12,0.02000,6.250000,2,0.1143013100,0.7850949101,16,16,16,16
open_n20,20,0.200000,0.500000,true,2,256,1.000e-12,0.02000,6.250000,3,0.1175302622,1.0425288293,64,53,64,64
open_n20,20,0.200000,0.500000,true,2,256,1.000e-12,0.02000,6.250000,4,0.1202009886,1.2191752626,252,151,242,256
open_n20,20,0.200000,0.500000,true,2,256,1.000e-12,0.02000,6.250000,5,0.1194953832,1.2352411809,256,222,256,1024
open_n20,20,0.200000,0.500000,true,2,256,1.000e-12,0.02000,6.250000,6,0.1162865328,1.1934466404,256,223,256,4096
open_n20,20,0.200000,0.500000,true,2,256,1.000e-12,0.02000,6.250000,7,0.1135319766,1.1508995977,256,217,256,16384
open_n20,20,0.200000,0.500000,true,2,256,1.000e-12,0.02000,6.250000,8,0.1123661396,1.1263011945,256,211,256,65536
open_n20,20,0.200000,0.500000,true,2,256,1.000e-12,0.02000,6.250000,9,0.1123421671,1.1189629240,256,208,256,262144
open_n20,20,0.200000,0.500000,true,2,256,1.000e-12,0.02000,6.250000,10,0.1137217561,1.1272348828,256,208,256,1048576
open_n20,20,0.200000,0.500000,true,2,256,1.000e-12,0.02000,6.250000,11,0.1174458791,1.1530092838,256,211,256,262144
open_n20,20,0.200000,0.500000,true,2,256,1.000e-12,0.02000,6.250000,12,0.1251603993,1.1975713055,256,215,256,65536
open_n20,20,0.200000,0.500000,true,2,256,1.000e-12,0.02000,6.250000,13,0.1400600150,1.2672185238,256,220,256,16384
open_n20,20,0.200000,0.500000,true,2,256,1.000e-12,0.02000,6.250000,14,0.1593643235,1.3464567933,256,224,256,4096
open_n20,20,0.200000,0.500000,true,2,256,1.000e-12,0.02000,6.250000,15,0.1778538840,1.4085535303,256,216,256,1024
open_n20,20,0.200000,0.500000,true,2,256,1.000e-12,0.02000,6.250000,16,0.1834157587,1.3496717630,244,119,224,256
open_n20,20,0.200000,0.500000,true,2,256,1.000e-12,0.02000,6.250000,17,0.1706954319,1.1190729819,64,44,63,64
open_n20,20,0.200000,0.500000,true,2,256,1.000e-12,0.02000,6.250000,18,0.1602756768,0.8100377028,16,15,16,16
open_n20,20,0.200000,0.500000,true,2,256,1.000e-12,0.02000,6.250000,19,0.0991992752,0.4305694834,4,4,4,4
open_n20,20,0.200000,0.500000,true,2,256,1.000e-12,0.02000,6.500000,1,0.0520950909,0.3219171861,4,4,4,4
open_n20,20,0.200000,0.500000,true,2,256,1.000e-12,0.02000,6.500000,2,0.0950977795,0.7030965234,16,16,16,16
open_n20,20,0.200000,0.500000,true,2,256,1.000e-12,0.02000,6.500000,3,0.0966927619,0.9284193751,64,51,64,64
open_n20,20,0.200000,0.500000,true,2,256,1.000e-12,0.02000,6.500000,4,0.0988096967,1.0821719300,251,143,240,256
open_n20,20,0.200000,0.500000,true,2,256,1.000e-12,0.02000,6.500000,5,0.0987579220,1.0962354960,256,210,256,1024
open_n20,20,0.200000,0.500000,true,2,256,1.000e-12,0.02000,6.500000,6,0.0968353421,1.0597339690,256,211,256,4096
open_n20,20,0.200000,0.500000,true,2,256,1.000e-12,0.02000,6.500000,7,0.0945677989,1.0210268801,256,202,256,16384
open_n20,20,0.200000,0.500000,true,2,256,1.000e-12,0.02000,6.500000,8,0.0938958815,1.0003050823,256,196,256,65536
open_n20,20,0.200000,0.500000,true,2,256,1.000e-12,0.02000,6.500000,9,0.0939900895,0.9938785067,256,192,256,262144
open_n20,20,0.200000,0.500000,true,2,256,1.000e-12,0.02000,6.500000,10,0.0952428496,1.0020866523,256,192,256,1048576
open_n20,20,0.200000,0.500000,true,2,256,1.000e-12,0.02000,6.500000,11,0.0987403667,1.0274550670,256,196,256,262144
open_n20,20,0.200000,0.500000,true,2,256,1.000e-12,0.02000,6.500000,12,0.1061962893,1.0714768328,256,202,256,65536
open_n20,20,0.200000,0.500000,true,2,256,1.000e-12,0.02000,6.500000,13,0.1195644823,1.1387554288,256,208,256,16384
open_n20,20,0.200000,0.500000,true,2,256,1.000e-12,0.02000,6.500000,14,0.1356951898,1.2103852832,256,214,256,4096
open_n20,20,0.200000,0.500000,true,2,256,1.000e-12,0.02000,6.500000,15,0.1500772538,1.2679677373,256,204,256,1024
open_n20,20,0.200000,0.500000,true,2,256,1.000e-12,0.02000,6.500000,16,0.1517677853,1.2071867399,242,110,221,256
open_n20,20,0.200000,0.500000,true,2,256,1.000e-12,0.02000,6.500000,17,0.1411039113,1.0033929656,64,42,63,64
open_n20,20,0.200000,0.500000,true,2,256,1.000e-12,0.02000,6.500000,18,0.1368208206,0.7333617188,16,15,16,16
open_n20,20,0.200000,0.500000,true,2,256,1.000e-12,0.02000,6.500000,19,0.0756618651,0.3726512819,4,4,4,4
open_n20,20,0.200000,0.500000,true,2,256,1.000e-12,0.02000,6.750000,1,0.0440625745,0.2936703968,4,4,4,4
open_n20,20,0.200000,0.500000,true,2,256,1.000e-12,0.02000,6.750000,2,0.0796098578,0.6290283943,16,16,16,16
open_n20,20,0.200000,0.500000,true,2,256,1.000e-12,0.02000,6.750000,3,0.0802842424,0.8269558601,64,50,64,64
open_n20,20,0.200000,0.500000,true,2,256,1.000e-12,0.02000,6.750000,4,0.0821422271,0.9625005256,251,134,238,256
open_n20,20,0.200000,0.500000,true,2,256,1.000e-12,0.02000,6.750000,5,0.0823894653,0.9771010414,256,196,256,1024
open_n20,20,0.200000,0.500000,true,2,256,1.000e-12,0.02000,6.750000,6,0.0814321864,0.9449283175,256,195,256,4096
open_n20,20,0.200000,0.500000,true,2,256,1.000e-12,0.02000,6.750000,7,0.0795336378,0.9100602208,256,185,256,16384
open_n20,20,0.200000,0.500000,true,2,256,1.000e-12,0.02000,6.750000,8,0.0791874068,0.8921719483,256,178,256,65536
open_n20,20,0.200000,0.500000,true,2,256,1.000e-12,0.02000,6.750000,9,0.0793784413,0.8864362643,256,174,256,262144
open_n20,20,0.200000,0.500000,true,2,256,1.000e-12,0.02000,6.750000,10,0.0806095426,0.8946511552,256,175,256,1048576
open_n20,20,0.200000,0.500000,true,2,256,1.000e-12,0.02000,6.750000,11,0.0839741310,0.9196872753,256,179,256,262144
open_n20,20,0.200000,0.500000,true,2,256,1.000e-12,0.02000,6.750000,12,0.0911861281,0.9630373675,256,186,256,65536
open_n20,20,0.200000,0.500000,true,2,256,1.000e-12,0.02000,6.750000,13,0.1029417195,1.0268381930,256,194,256,16384
open_n20,20,0.200000,0.500000,true,2,256,1.000e-12,0.02000,6.750000,14,0.1163113237,1.0913160833,256,201,256,4096
open_n20,20,0.200000,0.500000,true,2,256,1.000e-12,0.02000,6.750000,15,0.1272500402,1.1432442707,256,190,256,1024
open_n20,20,0.200000,0.500000,true,2,256,1.000e-12,0.02000,6.750000,16,0.1259504736,1.0795645305,238,102,218,256
open_n20,20,0.200000,0.500000,true,2,256,1.000e-12,0.02000,6.750000,17,0.1180779312,0.9018614400,64,41,62,64
open_n20,20,0.200000,0.500000,true,2,256,1.000e-12,0.02000,6.750000,18,0.1166459037,0.6670725210,16,15,16,16
open_n20,20,0.200000,0.500000,true,2,256,1.000e-12,0.02000,6.750000,19,0.0591429324,0.3260660672,4,4,4,4
open_n20,20,0.200000,0.500000,true,2,256,1.000e-12,0.02000,7.000000,1,0.0375194124,0.2687521782,4,4,4,4
open_n20,20,0.200000,0.500000,true,2,256,1.000e-12,0.02000,7.000000,2,0.0672094787,0.5645855726,16,16,16,16
open_n20,20,0.200000,0.500000,true,2,256,1.000e-12,0.02000,7.000000,3,0.0672910917,0.7365407884,64,48,64,64
open_n20,20,0.200000,0.500000,true,2,256,1.000e-12,0.02000,7.000000,4,0.0689207890,0.8574809852,251,124,236,256
open_n20,20,0.200000,0.500000,true,2,256,1.000e-12,0.02000,7.000000,5,0.0693713260,0.8743031798,256,180,256,1024
open_n20,20,0.200000,0.500000,true,2,256,1.000e-12,0.02000,7.000000,6,0.0690403612,0.8459763062,256,178,256,4096
open_n20,20,0.200000,0.500000,true,2,256,1.000e-12,0.02000,7.000000,7,0.0675008977,0.8150678449,256,167,256,16384
open_n20,20,0.200000,0.500000,true,2,256,1.000e-12,0.02000,7.000000,8,0.0673630041,0.7992130876,256,161,256,65536
open_n20,20,0.200000,0.500000,true,2,256,1.000e-12,0.02000,7.000000,9,0.0676212228,0.7940640211,256,156,256,262144
open_n20,20,0.200000,0.500000,true,2,256,1.000e-12,0.02000,7.000000,10,0.0689229938,0.8023879468,256,157,256,1048576
open_n20,20,0.200000,0.500000,true,2,256,1.000e-12,0.02000,7.000000,11,0.0722191300,0.8271865855,256,162,256,262144
open_n20,20,0.200000,0.500000,true,2,256,1.000e-12,0.02000,7.000000,12,0.0791196729,0.8696346119,256,170,256,65536
open_n20,20,0.200000,0.500000,true,2,256,1.000e-12,0.02000,7.000000,13,0.0893014014,0.9293319736,256,178,256,16384
open_n20,20,0.200000,0.500000,true,2,256,1.000e-12,0.02000,7.000000,14,0.1003366067,0.9875169929,256,187,256,4096
open_n20,20,0.200000,0.500000,true,2,256,1.000e-12,0.02000,7.000000,15,0.1082683125,1.0318231355,256,174,256,1024
open_n20,20,0.200000,0.500000,true,2,256,1.000e-12,0.02000,7.000000,16,0.1049987943,0.9666246649,236,96,215,256
open_n20,20,0.200000,0.500000,true,2,256,1.000e-12,0.02000,7.000000,17,0.1001375940,0.8125731434,64,40,62,64
open_n20,20,0.200000,0.500000,true,2,256,1.000e-12,0.02000,7.000000,18,0.0989876057,0.6077781743,16,15,16,16
open_n20,20,0.200000,0.500000,true,2,256,1.000e-12,0.02000,7.000000,19,0.0491247721,0.2938330051,4,4,4,4
open_n20,20,0.200000,0.500000,true,2,256,1.000e-12,0.02000,7.250000,1,0.0318015951,0.2452697068,4,4,4,4
open_n20,20,0.200000,0.500000,true,2,256,1.000e-12,0.02000,7.250000,2,0.0573224502,0.5105921476,16,16,16,16
open_n20,20,0.200000,0.500000,true,2,256,1.000e-12,0.02000,7.250000,3,0.0569722239,0.6562233671,64,47,64,64
open_n20,20,0.200000,0.500000,true,2,256,1.000e-12,0.02000,7.250000,4,0.0582475147,0.7649188107,249,113,232,256
open_n20,20,0.200000,0.500000,true,2,256,1.000e-12,0.02000,7.250000,5,0.0589194216,0.7845688958,256,162,256,1024
open_n20,20,0.200000,0.500000,true,2,256,1.000e-12,0.02000,7.250000,6,0.0589242933,0.7602711514,256,159,256,4096
open_n20,20,0.200000,0.500000,true,2,256,1.000e-12,0.02000,7.250000,7,0.0577635827,0.7332475335,256,150,256,16384
open_n20,20,0.200000,0.500000,true,2,256,1.000e-12,0.02000,7.250000,8,0.0577551929,0.7189845798,256,143,256,65536
open_n20,20,0.200000,0.500000,true,2,256,1.000e-12,0.02000,7.250000,9,0.0580660537,0.7144123730,256,139,256,262144
open_n20,20,0.200000,0.500000,true,2,256,1.000e-12,0.02000,7.250000,10,0.0594947128,0.7230290405,256,141,256,1048576
open_n20,20,0.200000,0.500000,true,2,256,1.000e-12,0.02000,7.250000,11,0.0627599693,0.7476674099,256,145,256,262144
open_n20,20,0.200000,0.500000,true,2,256,1.000e-12,0.02000,7.250000,12,0.0692391130,0.7889271919,256,154,256,65536
open_n20,20,0.200000,0.500000,true,2,256,1.000e-12,0.02000,7.250000,13,0.0779890584,0.8442694368,256,162,256,16384
open_n20,20,0.200000,0.500000,true,2,256,1.000e-12,0.02000,7.250000,14,0.0870278261,0.8966239624,256,170,256,4096
open_n20,20,0.200000,0.500000,true,2,256,1.000e-12,0.02000,7.250000,15,0.0922672279,0.9316417266,256,158,256,1024
open_n20,20,0.200000,0.500000,true,2,256,1.000e-12,0.02000,7.250000,16,0.0881128133,0.8674556898,230,89,210,256
open_n20,20,0.200000,0.500000,true,2,256,1.000e-12,0.02000,7.250000,17,0.0859257949,0.7336894535,64,39,61,64
open_n20,20,0.200000,0.500000,true,2,256,1.000e-12,0.02000,7.250000,18,0.0835530671,0.5535344770,16,15,16,16
open_n20,20,0.200000,0.500000,true,2,256,1.000e-12,0.02000,7.250000,19,0.0439725009,0.2748469575,4,4,4,4
open_n20,20,0.200000,0.500000,true,2,256,1.000e-12,0.02000,7.500000,1,0.0266490687,0.2224029111,4,4,4,4
open_n20,20,0.200000,0.500000,true,2,256,1.000e-12,0.02000,7.500000,2,0.0493984130,0.4661432042,16,15,16,16
open_n20,20,0.200000,0.500000,true,2,256,1.000e-12,0.02000,7.500000,3,0.0487523267,0.5859143555,64,45,64,64
open_n20,20,0.200000,0.500000,true,2,256,1.000e-12,0.02000,7.500000,4,0.0495253705,0.6830467037,249,103,228,256
open_n20,20,0.200000,0.500000,true,2,256,1.000e-12,0.02000,7.500000,5,0.0504193330,0.7054614000,256,144,256,1024
open_n20,20,0.200000,0.500000,true,2,256,1.000e-12,0.02000,7.500000,6,0.0505713671,0.6856682134,256,141,256,4096
open_n20,20,0.200000,0.500000,true,2,256,1.000e-12,0.02000,7.500000,7,0.0497838249,0.6622386291,256,133,256,16384
open_n20,20,0.200000,0.500000,true,2,256,1.000e-12,0.02000,7.500000,8,0.0498488418,0.6493766438,256,127,256,65536
open_n20,20,0.200000,0.500000,true,2,256,1.000e-12,0.02000,7.500000,9,0.0502184292,0.6454503992,256,123,256,262144
open_n20,20,0.200000,0.500000,true,2,256,1.000e-12,0.02000,7.500000,10,0.0517822639,0.6545255991,256,124,256,1048576
open_n20,20,0.200000,0.500000,true,2,256,1.000e-12,0.02000,7.500000,11,0.0550258510,0.6790059431,256,129,256,262144
open_n20,20,0.200000,0.500000,true,2,256,1.000e-12,0.02000,7.500000,12,0.0609800156,0.7187634802,256,137,256,65536
open_n20,20,0.200000,0.500000,true,2,256,1.000e-12,0.02000,7.500000,13,0.0684872032,0.7696933907,256,146,256,16384
open_n20,20,0.200000,0.500000,true,2,256,1.000e-12,0.02000,7.500000,14,0.0757621193,0.8161221208,256,153,256,4096
open_n20,20,0.200000,0.500000,true,2,256,1.000e-12,0.02000,7.500000,15,0.0786326384,0.8412182682,256,142,256,1024
open_n20,20,0.200000,0.500000,true,2,256,1.000e-12,0.02000,7.500000,16,0.0745682294,0.7806524411,226,82,205,256
open_n20,20,0.200000,0.500000,true,2,256,1.000e-12,0.02000,7.500000,17,0.0743184505,0.6636448189,64,37,61,64
open_n20,20,0.200000,0.500000,true,2,256,1.000e-12,0.02000,7.500000,18,0.0702940938,0.5038381512,16,14,16,16
open_n20,20,0.200000,0.500000,true,2,256,1.000e-12,0.02000,7.500000,19,0.0415313562,0.2642775718,4,4,4,4
open_n20,20,0.200000,0.500000,true,2,256,1.000e-12,0.02000,7.750000,1,0.0220563940,0.2002724376,4,4,4,4
open_n20,20,0.200000,0.500000,true,2,256,1.000e-12,0.02000,7.750000,2,0.0429399986,0.4286834257,16,15,16,16
open_n20,20,0.200000,0.500000,true,2,256,1.000e-12,0.02000,7.750000,3,0.0421562578,0.5255197878,64,43,63,64
open_n20,20,0.200000,0.500000,true,2,256,1.000e-12,0.02000,7.750000,4,0.0423608592,0.6104702372,246,93,224,256
open_n20,20,0.200000,0.500000,true,2,256,1.000e-12,0.02000,7.750000,5,0.0434049431,0.6353225344,256,126,256,1024
open_n20,20,0.200000,0.500000,true,2,256,1.000e-12,0.02000,7.750000,6,0.0436242790,0.6203310346,256,125,256,4096
open_n20,20,0.200000,0.500000,true,2,256,1.000e-12,0.02000,7.750000,7,0.0431647047,0.6002987523,256,117,256,16384
open_n20,20,0.200000,0.500000,true,2,256,1.000e-12,0.02000,7.750000,8,0.0432635412,0.5886628199,256,111,256,65536
open_n20,20,0.200000,0.500000,true,2,256,1.000e-12,0.02000,7.750000,9,0.0437115600,0.5855510896,256,108,256,262144
open_n20,20,0.200000,0.500000,true,2,256,1.000e-12,0.02000,7.750000,10,0.0453768775,0.5950845859,256,109,256,1048576
open_n20,20,0.200000,0.500000,true,2,256,1.000e-12,0.02000,7.750000,11,0.0485810180,0.6193137793,256,114,256,262144
open_n20,20,0.200000,0.500000,true,2,256,1.000e-12,0.02000,7.750000,12,0.0539520547,0.6573050437,256,121,256,65536
open_n20,20,0.200000,0.500000,true,2,256,1.000e-12,0.02000,7.750000,13,0.0603949180,0.7037970351,256,130,256,16384
open_n20,20,0.200000,0.500000,true,2,256,1.000e-12,0.02000,7.750000,14,0.0660678542,0.7439593410,256,137,256,4096
open_n20,20,0.200000,0.500000,true,2,256,1.000e-12,0.02000,7.750000,15,0.0669868509,0.7595831300,256,125,256,1024
open_n20,20,0.200000,0.500000,true,2,256,1.000e-12,0.02000,7.750000,16,0.0637021827,0.7045761125,223,75,200,256
open_n20,20,0.200000,0.500000,true,2,256,1.000e-12,0.02000,7.750000,17,0.0645121585,0.6011200797,63,34,61,64
open_n20,20,0.200000,0.500000,true,2,256,1.000e-12,0.02000,7.750000,18,0.0592405527,0.4589349171,16,13,16,16
open_n20,20,0.200000,0.500000,true,2,256,1.000e-12,0.02000,7.750000,19,0.0398905838,0.2565503641,4,4,4,4
open_n20,20,0.200000,0.500000,true,2,256,1.000e-12,0.02000,8.000000,1,0.0181263369,0.1796229275,4,4,4,4
open_n20,20,0.200000,0.500000,true,2,256,1.000e-12,0.02000,8.000000,2,0.0375538582,0.3956180405,16,15,16,16
open_n20,20,0.200000,0.500000,true,2,256,1.000e-12,0.02000,8.000000,3,0.0367884460,0.4743352992,64,40,63,64
open_n20,20,0.200000,0.500000,true,2,256,1.000e-12,0.02000,8.000000,4,0.0364732709,0.5462801113,241,84,220,256
open_n20,20,0.200000,0.500000,true,2,256,1.000e-12,0.02000,8.000000,5,0.0375400160,0.5729545477,256,110,256,1024
open_n20,20,0.200000,0.500000,true,2,256,1.000e-12,0.02000,8.000000,6,0.0378208393,0.5627088621,256,109,256,4096
open_n20,20,0.200000,0.500000,true,2,256,1.000e-12,0.02000,8.000000,7,0.0376193674,0.5461208002,256,102,256,16384
open_n20,20,0.200000,0.500000,true,2,256,1.000e-12,0.02000,8.000000,8,0.0377302522,0.5354659501,256,97,256,65536
open_n20,20,0.200000,0.500000,true,2,256,1.000e-12,0.02000,8.000000,9,0.0382805003,0.5334317063,256,94,256,262144
open_n20,20,0.200000,0.500000,true,2,256,1.000e-12,0.02000,8.000000,10,0.0399908890,0.5432565534,256,95,256,1048576
open_n20,20,0.200000,0.500000,true,2,256,1.000e-12,0.02000,8.000000,11,0.0431197754,0.5670822603,256,99,256,262144
open_n20,20,0.200000,0.500000,true,2,256,1.000e-12,0.02000,8.000000,12,0.0479077420,0.6031483392,256,107,256,65536
open_n20,20,0.200000,0.500000,true,2,256,1.000e-12,0.02000,8.000000,13,0.0534181670,0.6450843122,256,115,256,16384
open_n20,20,0.200000,0.500000,true,2,256,1.000e-12,0.02000,8.000000,14,0.0576221023,0.6787574807,256,120,256,4096
open_n20,20,0.200000,0.500000,true,2,256,1.000e-12,0.02000,8.000000,15,0.0571151133,0.6861312625,256,110,256,1024
open_n20,20,0.200000,0.500000,true,2,256,1.000e-12,0.02000,8.000000,16,0.0549307679,0.6376042753,219,68,196,256
open_n20,20,0.200000,0.500000,true,2,256,1.000e-12,0.02000,8.000000,17,0.0560198620,0.5450630234,63,32,61,64
open_n20,20,0.200000,0.500000,true,2,256,1.000e-12,0.02000,8.000000,18,0.0503653616,0.4192077288,16,13,16,16
open_n20,20,0.200000,0.500000,true,2,256,1.000e-12,0.02000,8.000000,19,0.0378332397,0.2477101223,4,4,4,4
open_n20,20,0.200000,0.500000,true,2,256,1.000e-12,0.02000,8.250000,1,0.0149544896,0.1614168823,4,4,4,4
open_n20,20,0.200000,0.500000,true,2,256,1.000e-12,0.02000,8.250000,2,0.0329702698,0.3654156880,16,15,16,16
open_n20,20,0.200000,0.500000,true,2,256,1.000e-12,0.02000,8.250000,3,0.0323347693,0.4311483461,64,38,63,64
open_n20,20,0.200000,0.500000,true,2,256,1.000e-12,0.02000,8.250000,4,0.0316351294,0.4899513755,237,76,217,256
open_n20,20,0.200000,0.500000,true,2,256,1.000e-12,0.02000,8.250000,5,0.0325913208,0.5174000523,256,96,256,1024
open_n20,20,0.200000,0.500000,true,2,256,1.000e-12,0.02000,8.250000,6,0.0329507232,0.5115681773,256,94,256,4096
open_n20,20,0.200000,0.500000,true,2,256,1.000e-12,0.02000,8.250000,7,0.0329374458,0.4985313145,256,89,256,16384
open_n20,20,0.200000,0.500000,true,2,256,1.000e-12,0.02000,8.250000,8,0.0330561965,0.4886837544,256,84,256,65536
open_n20,20,0.200000,0.500000,true,2,256,1.000e-12,0.02000,8.250000,9,0.0337276115,0.4880092793,256,83,256,262144
open_n20,20,0.200000,0.500000,true,2,256,1.000e-12,0.02000,8.250000,10,0.0354261080,0.4979344206,256,83,256,1048576
open_n20,20,0.200000,0.500000,true,2,256,1.000e-12,0.02000,8.250000,11,0.0384387010,0.5212027299,256,87,256,262144
open_n20,20,0.200000,0.500000,true,2,256,1.000e-12,0.02000,8.250000,12,0.0426866518,0.5552733328,256,93,256,65536
open_n20,20,0.200000,0.500000,true,2,256,1.000e-12,0.02000,8.250000,13,0.0473420564,0.5923545528,256,101,256,16384
open_n20,20,0.200000,0.500000,true,2,256,1.000e-12,0.02000,8.250000,14,0.0502146526,0.6196571305,256,105,256,4096
open_n20,20,0.200000,0.500000,true,2,256,1.000e-12,0.02000,8.250000,15,0.0488612802,0.6205220222,256,96,256,1024
open_n20,20,0.200000,0.500000,true,2,256,1.000e-12,0.02000,8.250000,16,0.0477662813,0.5783259227,218,62,191,256
open_n20,20,0.200000,0.500000,true,2,256,1.000e-12,0.02000,8.250000,17,0.0485889664,0.4947490574,63,29,60,64
open_n20,20,0.200000,0.500000,true,2,256,1.000e-12,0.02000,8.250000,18,0.0434901144,0.3848014923,16,12,16,16
open_n20,20,0.200000,0.500000,true,2,256,1.000e-12,0.02000,8.250000,19,0.0348692045,0.2358710687,4,4,4,4
open_n20,20,0.200000,0.500000,true,2,256,1.000e-12,0.02000,8.500000,1,0.0125568241,0.1463982795,4,4,4,4
open_n20,20,0.200000,0.500000,true,2,256,1.000e-12,0.02000,8.500000,2,0.0290207741,0.3374409704,16,14,16,16
open_n20,20,0.200000,0.500000,true,2,256,1.000e-12,0.02000,8.500000,3,0.0285598966,0.3943449695,64,36,63,64
open_n20,20,0.200000,0.500000,true,2,256,1.000e-12,0.02000,8.500000,4,0.0276470931,0.4410285511,230,68,214,256
open_n20,20,0.200000,0.500000,true,2,256,1.000e-12,0.02000,8.500000,5,0.0283967871,0.4677980154,256,84,256,1024
open_n20,20,0.200000,0.500000,true,2,256,1.000e-12,0.02000,8.500000,6,0.0288355002,0.4659288159,256,83,256,4096
open_n20,20,0.200000,0.500000,true,2,256,1.000e-12,0.02000,8.500000,7,0.0289584297,0.4563853351,256,78,256,16384
open_n20,20,0.200000,0.500000,true,2,256,1.000e-12,0.02000,8.500000,8,0.0290935546,0.4474276629,256,75,256,65536
open_n20,20,0.200000,0.500000,true,2,256,1.000e-12,0.02000,8.500000,9,0.0298911342,0.4482743261,256,73,256,262144
open_n20,20,0.200000,0.500000,true,2,256,1.000e-12,0.02000,8.500000,10,0.0315353679,0.4582508656,256,73,256,1048576
open_n20,20,0.200000,0.500000,true,2,256,1.000e-12,0.02000,8.500000,11,0.0343948885,0.4808069397,256,77,256,262144
open_n20,20,0.200000,0.500000,true,2,256,1.000e-12,0.02000,8.500000,12,0.0381606848,0.5128174806,256,83,256,65536
open_n20,20,0.200000,0.500000,true,2,256,1.000e-12,0.02000,8.500000,13,0.0420001021,0.5446618665,256,89,256,16384
open_n20,20,0.200000,0.500000,true,2,256,1.000e-12,0.02000,8.500000,14,0.0437079487,0.5660517485,256,92,256,4096
open_n20,20,0.200000,0.500000,true,2,256,1.000e-12,0.02000,8.500000,15,0.0420469507,0.5624663715,256,83,256,1024
open_n20,20,0.200000,0.500000,true,2,256,1.000e-12,0.02000,8.500000,16,0.0418194874,0.5254863484,214,55,186,256
open_n20,20,0.200000,0.500000,true,2,256,1.000e-12,0.02000,8.500000,17,0.0421003259,0.4497554129,63,27,59,64
open_n20,20,0.200000,0.500000,true,2,256,1.000e-12,0.02000,8.500000,18,0.0382636309,0.3553945825,16,11,16,16
open_n20,20,0.200000,0.500000,true,2,256,1.000e-12,0.02000,8.500000,19,0.0310396336,0.2207034825,4,4,4,4
open_n20,20,0.200000,0.500000,true,2,256,1.000e-12,0.02000,8.750000,1,0.0108443688,0.1347242281,4,4,4,4
open_n20,20,0.200000,0.500000,true,2,256,1.000e-12,0.02000,8.750000,2,0.0256005212,0.3113437575,16,13,16,16
open_n20,20,0.200000,0.500000,true,2,256,1.000e-12,0.02000,8.750000,3,0.0252972886,0.3622030202,64,34,63,64
open_n20,20,0.200000,0.500000,true,2,256,1.000e-12,0.02000,8.750000,4,0.0243355003,0.3989471231,230,61,210,256
open_n20,20,0.200000,0.500000,true,2,256,1.000e-12,0.02000,8.750000,5,0.0248364398,0.4234140789,256,74,256,1024
open_n20,20,0.200000,0.500000,true,2,256,1.000e-12,0.02000,8.750000,6,0.0253268986,0.4250120712,256,73,256,4096
open_n20,20,0.200000,0.500000,true,2,256,1.000e-12,0.02000,8.750000,7,0.0255553709,0.4186958473,256,70,256,16384
open_n20,20,0.200000,0.500000,true,2,256,1.000e-12,0.02000,8.750000,8,0.0257215980,0.4109808645,256,67,256,65536
open_n20,20,0.200000,0.500000,true,2,256,1.000e-12,0.02000,8.750000,9,0.0266298291,0.4132753996,256,66,256,262144
open_n20,20,0.200000,0.500000,true,2,256,1.000e-12,0.02000,8.750000,10,0.0281965388,0.4234218037,256,66,256,1048576
open_n20,20,0.200000,0.500000,true,2,256,1.000e-12,0.02000,8.750000,11,0.0308742761,0.4450908662,256,69,256,262144
open_n20,20,0.200000,0.500000,true,2,256,1.000e-12,0.02000,8.750000,12,0.0342073091,0.4748737609,256,74,256,65536
open_n20,20,0.200000,0.500000,true,2,256,1.000e-12,0.02000,8.750000,13,0.0372588323,0.5012752807,256,79,256,16384
open_n20,20,0.200000,0.500000,true,2,256,1.000e-12,0.02000,8.750000,14,0.0380086489,0.5174019530,256,81,256,4096
open_n20,20,0.200000,0.500000,true,2,256,1.000e-12,0.02000,8.750000,15,0.0364485002,0.5113938425,256,73,256,1024
open_n20,20,0.200000,0.500000,true,2,256,1.000e-12,0.02000,8.750000,16,0.0367917185,0.4781252577,210,50,180,256
open_n20,20,0.200000,0.500000,true,2,256,1.000e-12,0.02000,8.750000,17,0.0364916012,0.4098407609,63,26,57,64
open_n20,20,0.200000,0.500000,true,2,256,1.000e-12,0.02000,8.750000,18,0.0342246231,0.3300946139,16,10,16,16
open_n20,20,0.200000,0.500000,true,2,256,1.000e-12,0.02000,8.750000,19,0.0266849107,0.2028515704,4,4,4,4
open_n20,20,0.200000,0.500000,true,2,256,1.000e-12,0.02000,9.000000,1,0.0096442344,0.1258432577,4,4,4,4
open_n20,20,0.200000,0.500000,true,2,256,1.000e-12,0.02000,9.000000,2,0.0226385729,0.2869202830,16,13,16,16
open_n20,20,0.200000,0.500000,true,2,256,1.000e-12,0.02000,9.000000,3,0.0224369608,0.3333359978,64,31,63,64
open_n20,20,0.200000,0.500000,true,2,256,1.000e-12,0.02000,9.000000,4,0.0215561781,0.3629149755,225,54,204,256
open_n20,20,0.200000,0.500000,true,2,256,1.000e-12,0.02000,9.000000,5,0.0218124006,0.3837351411,256,65,256,1024
open_n20,20,0.200000,0.500000,true,2,256,1.000e-12,0.02000,9.000000,6,0.0223104161,0.3882140979,256,65,256,4096
open_n20,20,0.200000,0.500000,true,2,256,1.000e-12,0.02000,9.000000,7,0.0226263593,0.3847389404,256,64,256,16384
open_n20,20,0.200000,0.500000,true,2,256,1.000e-12,0.02000,9.000000,8,0.0228398584,0.3787382272,256,61,256,65536
open_n20,20,0.200000,0.500000,true,2,256,1.000e-12,0.02000,9.000000,9,0.0238233621,0.3821928755,256,60,256,262144
open_n20,20,0.200000,0.500000,true,2,256,1.000e-12,0.02000,9.000000,10,0.0253056486,0.3926761180,256,60,256,1048576
open_n20,20,0.200000,0.500000,true,2,256,1.000e-12,0.02000,9.000000,11,0.0277813473,0.4132822399,256,63,256,262144
open_n20,20,0.200000,0.500000,true,2,256,1.000e-12,0.02000,9.000000,12,0.0307125214,0.4405179202,256,67,256,65536
open_n20,20,0.200000,0.500000,true,2,256,1.000e-12,0.02000,9.000000,13,0.0330169467,0.4616446255,256,71,256,16384
open_n20,20,0.200000,0.500000,true,2,256,1.000e-12,0.02000,9.000000,14,0.0330490618,0.4732330185,256,72,256,4096
open_n20,20,0.200000,0.500000,true,2,256,1.000e-12,0.02000,9.000000,15,0.0318249669,0.4663050952,256,65,255,1024
open_n20,20,0.200000,0.500000,true,2,256,1.000e-12,0.02000,9.000000,16,0.0324625973,0.4355802172,201,45,175,256
open_n20,20,0.200000,0.500000,true,2,256,1.000e-12,0.02000,9.000000,17,0.0317130583,0.3747756930,63,24,56,64
open_n20,20,0.200000,0.500000,true,2,256,1.000e-12,0.02000,9.000000,18,0.0309141087,0.3076167650,16,9,16,16
open_n20,20,0.200000,0.500000,true,2,256,1.000e-12,0.02000,9.000000,19,0.0222639996,0.1835623752,4,4,4,4
open_n20,20,0.200000,0.500000,true,2,256,1.000e-12,0.02000,9.250000,1,0.0087532976,0.1187311420,4,4,4,4
open_n20,20,0.200000,0.500000,true,2,256,1.000e-12,0.02000,9.250000,2,0.0200804165,0.2643651961,16,13,16,16
open_n20,20,0.200000,0.500000,true,2,256,1.000e-12,0.02000,9.250000,3,0.0199116921,0.3068848688,64,29,62,64
open_n20,20,0.200000,0.500000,true,2,256,1.000e-12,0.02000,9.250000,4,0.0191944076,0.3320210165,221,48,199,256
open_n20,20,0.200000,0.500000,true,2,256,1.000e-12,0.02000,9.250000,5,0.0192395963,0.3484219780,256,57,255,1024
open_n20,20,0.200000,0.500000,true,2,256,1.000e-12,0.02000,9.250000,6,0.0197040267,0.3550650836,256,58,256,4096
open_n20,20,0.200000,0.500000,true,2,256,1.000e-12,0.02000,9.250000,7,0.0200900939,0.3540233916,256,57,256,16384
open_n20,20,0.200000,0.500000,true,2,256,1.000e-12,0.02000,9.250000,8,0.0203657372,0.3501380697,256,55,255,65536
open_n20,20,0.200000,0.500000,true,2,256,1.000e-12,0.02000,9.250000,9,0.0213779707,0.3543973494,256,54,255,262144
open_n20,20,0.200000,0.500000,true,2,256,1.000e-12,0.02000,9.250000,10,0.0227801983,0.3653126146,256,55,255,1048576
open_n20,20,0.200000,0.500000,true,2,256,1.000e-12,0.02000,9.250000,11,0.0250412076,0.3847231322,256,57,256,262144
open_n20,20,0.200000,0.500000,true,2,256,1.000e-12,0.02000,9.250000,12,0.0275843476,0.4089907621,256,60,256,65536
open_n20,20,0.200000,0.500000,true,2,256,1.000e-12,0.02000,9.250000,13,0.0292067197,0.4253652246,256,63,256,16384
open_n20,20,0.200000,0.500000,true,2,256,1.000e-12,0.02000,9.250000,14,0.0287720167,0.4332035451,256,63,256,4096
open_n20,20,0.200000,0.500000,true,2,256,1.000e-12,0.02000,9.250000,15,0.0279611539,0.4261077461,256,57,255,1024
open_n20,20,0.200000,0.500000,true,2,256,1.000e-12,0.02000,9.250000,16,0.0286767733,0.3973742770,199,41,171,256
open_n20,20,0.200000,0.500000,true,2,256,1.000e-12,0.02000,9.250000,17,0.0277046620,0.3441108470,61,23,55,64
open_n20,20,0.200000,0.500000,true,2,256,1.000e-12,0.02000,9.250000,18,0.0279758510,0.2868251959,16,9,16,16
open_n20,20,0.200000,0.500000,true,2,256,1.000e-12,0.02000,9.250000,19,0.0182290173,0.1644721605,4,4,4,4
open_n20,20,0.200000,0.500000,true,2,256,1.000e-12,0.02000,9.500000,1,0.0079959211,0.1123285678,4,4,4,4
open_n20,20,0.200000,0.500000,true,2,256,1.000e-12,0.02000,9.500000,2,0.0178777482,0.2441780583,16,13,16,16
open_n20,20,0.200000,0.500000,true,2,256,1.000e-12,0.02000,9.500000,3,0.0176823848,0.2824590318,64,26,61,64
open_n20,20,0.200000,0.500000,true,2,256,1.000e-12,0.02000,9.500000,4,0.0171600324,0.3052708425,220,42,194,256
open_n20,20,0.200000,0.500000,true,2,256,1.000e-12,0.02000,9.500000,5,0.0170441281,0.3172339842,256,50,255,1024
open_n20,20,0.200000,0.500000,true,2,256,1.000e-12,0.02000,9.500000,6,0.0174496439,0.3251865225,256,52,255,4096
open_n20,20,0.200000,0.500000,true,2,256,1.000e-12,0.02000,9.500000,7,0.0178828460,0.3262145606,256,50,255,16384
open_n20,20,0.200000,0.500000,true,2,256,1.000e-12,0.02000,9.500000,8,0.0182320059,0.3246387334,256,50,255,65536
open_n20,20,0.200000,0.500000,true,2,256,1.000e-12,0.02000,9.500000,9,0.0192275309,0.3294457558,256,49,255,262144
open_n20,20,0.200000,0.500000,true,2,256,1.000e-12,0.02000,9.500000,10,0.0205596706,0.3407728233,256,50,255,1048576
open_n20,20,0.200000,0.500000,true,2,256,1.000e-12,0.02000,9.500000,11,0.0225994617,0.3589095395,256,51,255,262144
open_n20,20,0.200000,0.500000,true,2,256,1.000e-12,0.02000,9.500000,12,0.0247583467,0.3798074751,256,54,255,65536
open_n20,20,0.200000,0.500000,true,2,256,1.000e-12,0.02000,9.500000,13,0.0257884909,0.3921516487,256,57,256,16384
open_n20,20,0.200000,0.500000,true,2,256,1.000e-12,0.02000,9.500000,14,0.0251175647,0.3971075162,256,56,255,4096
open_n20,20,0.200000,0.500000,true,2,256,1.000e-12,0.02000,9.500000,15,0.0246921999,0.3899502383,256,50,254,1024
open_n20,20,0.200000,0.500000,true,2,256,1.000e-12,0.02000,9.500000,16,0.0253322174,0.3629602844,188,37,166,256
open_n20,20,0.200000,0.500000,true,2,256,1.000e-12,0.02000,9.500000,17,0.0243839346,0.3172054316,61,22,54,64
open_n20,20,0.200000,0.500000,true,2,256,1.000e-12,0.02000,9.500000,18,0.0251999013,0.2671478366,16,9,16,16
open_n20,20,0.200000,0.500000,true,2,256,1.000e-12,0.02000,9.500000,19,0.0149303084,0.1473732059,4,4,4,4
open_n20,20,0.200000,0.500000,true,2,256,1.000e-12,0.02000,9.750000,1,0.0072588868,0.1058833967,4,4,4,4
open_n20,20,0.200000,0.500000,true,2,256,1.000e-12,0.02000,9.750000,2,0.0159821625,0.2266894137,16,12,16,16
open_n20,20,0.200000,0.500000,true,2,256,1.000e-12,0.02000,9.750000,3,0.0157242869,0.2599835976,63,24,60,64
open_n20,20,0.200000,0.500000,true,2,256,1.000e-12,0.02000,9.750000,4,0.0153817084,0.2816792987,217,38,189,256
open_n20,20,0.200000,0.500000,true,2,256,1.000e-12,0.02000,9.750000,5,0.0151639481,0.2899171365,256,44,254,1024
open_n20,20,0.200000,0.500000,true,2,256,1.000e-12,0.02000,9.750000,6,0.0155016114,0.2982545646,256,46,255,4096
open_n20,20,0.200000,0.500000,true,2,256,1.000e-12,0.02000,9.750000,7,0.0159552278,0.3010589775,256,45,255,16384
open_n20,20,0.200000,0.500000,true,2,256,1.000e-12,0.02000,9.750000,8,0.0163831292,0.3017574615,256,45,255,65536
open_n20,20,0.200000,0.500000,true,2,256,1.000e-12,0.02000,9.750000,9,0.0173276916,0.3070284823,256,45,255,262144
open_n20,20,0.200000,0.500000,true,2,256,1.000e-12,0.02000,9.750000,10,0.0185989262,0.3186427186,256,46,255,1048576
open_n20,20,0.200000,0.500000,true,2,256,1.000e-12,0.02000,9.750000,11,0.0204152778,0.3354430867,256,46,255,262144
open_n20,20,0.200000,0.500000,true,2,256,1.000e-12,0.02000,9.750000,12,0.0221919051,0.3527238683,256,49,255,65536
open_n20,20,0.200000,0.500000,true,2,256,1.000e-12,0.02000,9.750000,13,0.0227386508,0.3618099773,256,51,255,16384
open_n20,20,0.200000,0.500000,true,2,256,1.000e-12,0.02000,9.750000,14,0.0220154169,0.3647183455,256,50,255,4096
open_n20,20,0.200000,0.500000,true,2,256,1.000e-12,0.02000,9.750000,15,0.0219006558,0.3572794588,256,45,252,1024
open_n20,20,0.200000,0.500000,true,2,256,1.000e-12,0.02000,9.750000,16,0.0223688467,0.3319969357,184,34,160,256
open_n20,20,0.200000,0.500000,true,2,256,1.000e-12,0.02000,9.750000,17,0.0216425258,0.2933469996,61,20,53,64
open_n20,20,0.200000,0.500000,true,2,256,1.000e-12,0.02000,9.750000,18,0.0225080624,0.2484772117,16,9,16,16
open_n20,20,0.200000,0.500000,true,2,256,1.000e-12,0.02000,9.750000,19,0.0125428209,0.1337893345,4,4,4,4
open_n20,20,0.200000,0.500000,true,2,256,1.000e-12,0.02000,10.000000,1,0.0064959435,0.0990585270,4,4,4,4
open_n20,20,0.200000,0.500000,true,2,256,1.000e-12,0.02000,10.000000,2,0.0143425381,0.2116787226,16,12,16,16
open_n20,20,0.200000,0.500000,true,2,256,1.000e-12,0.02000,10.000000,3,0.0140160337,0.2394763988,63,22,58,64
open_n20,20,0.200000,0.500000,true,2,256,1.000e-12,0.02000,10.000000,4,0.0138039848,0.2604193283,210,33,182,256
open_n20,20,0.200000,0.500000,true,2,256,1.000e-12,0.02000,10.000000,5,0.0135478634,0.2661128224,256,39,252,1024
open_n20,20,0.200000,0.500000,true,2,256,1.000e-12,0.02000,10.000000,6,0.0138183400,0.2739776887,256,42,254,4096
open_n20,20,0.200000,0.500000,true,2,256,1.000e-12,0.02000,10.000000,7,0.0142684743,0.2783087593,256,41,254,16384
open_n20,20,0.200000,0.500000,true,2,256,1.000e-12,0.02000,10.000000,8,0.0147716299,0.2811076722,256,40,254,65536
open_n20,20,0.200000,0.500000,true,2,256,1.000e-12,0.02000,10.000000,9,0.0156468641,0.2868880780,256,41,254,262144
open_n20,20,0.200000,0.500000,true,2,256,1.000e-12,0.02000,10.000000,10,0.0168597910,0.2985898310,256,42,254,1048576
open_n20,20,0.200000,0.500000,true,2,256,1.000e-12,0.02000,10.000000,11,0.0184533232,0.3139679986,256,43,254,262144
open_n20,20,0.200000,0.500000,true,2,256,1.000e-12,0.02000,10.000000,12,0.0198554933,0.3276204090,256,44,255,65536
open_n20,20,0.200000,0.500000,true,2,256,1.000e-12,0.02000,10.000000,13,0.0200374295,0.3341840894,256,45,255,16384
open_n20,20,0.200000,0.500000,true,2,256,1.000e-12,0.02000,10.000000,14,0.0193862799,0.3356530180,256,45,254,4096
open_n20,20,0.200000,0.500000,true,2,256,1.000e-12,0.02000,10.000000,15,0.0194989750,0.3277632824,256,40,251,1024
open_n20,20,0.200000,0.500000,true,2,256,1.000e-12,0.02000,10.000000,16,0.0197541702,0.3042849516,181,31,154,256
open_n20,20,0.200000,0.500000,true,2,256,1.000e-12,0.02000,10.000000,17,0.0193548912,0.2718582153,61,18,52,64
open_n20,20,0.200000,0.500000,true,2,256,1.000e-12,0.02000,10.000000,18,0.0199108746,0.2308864393,16,9,16,16
open_n20,20,0.200000,0.500000,true,2,256,1.000e-12,0.02000,10.000000,19,0.0110321280,0.1243852734,4,4,4,4
closed_n20,20,0.200000,0.500000,false,2,256,1.000e-12,0.02000,0.000000,1,0.0000000000,0.0000000000,1,1,1,4
closed_n20,20,0.200000,0.500000,false,2,256,1.000e-12,0.02000,0.000000,2,0.0000000000,0.0000000000,1,1,1,16
closed_n20,20,0.200000,0.500000,false,2,256,1.000e-12,0.02000,0.000000,3,0.0000000000,0.0000000000,1,1,1,64
closed_n20,20,0.200000,0.500000,false,2,256,1.000e-12,0.02000,0.000000,4,0.0000000000,0.0000000000,1,1,1,256
closed_n20,20,0.200000,0.500000,false,2,256,1.000e-12,0.02000,0.000000,5,0.0000000000,0.0000000000,1,1,1,1024
closed_n20,20,0.200000,0.500000,false,2,256,1.000e-12,0.02000,0.000000,6,0.0000000000,0.0000000000,1,1,1,4096
closed_n20,20,0.200000,0.500000,false,2,256,1.000e-12,0.02000,0.000000,7,0.0000000000,0.0000000000,1,1,1,16384
closed_n20,20,0.200000,0.500000,false,2,256,1.000e-12,0.02000,0.000000,8,0.0000000000,0.0000000000,1,1,1,65536
closed_n20,20,0.200000,0.500000,false,2,256,1.000e-12,0.02000,0.000000,9,0.0000000000,0.0000000000,1,1,1,262144
closed_n20,20,0.200000,0.500000,false,2,256,1.000e-12,0.02000,0.000000,10,0.0000000000,0.0000000000,1,1,1,1048576
closed_n20,20,0.200000,0.500000,false,2,256,1.000e-12,0.02000,0.000000,11,0.0000000000,0.0000000000,1,1,1,262144
closed_n20,20,0.200000,0.500000,false,2,256,1.000e-12,0.02000,0.000000,12,0.0000000000,0.0000000000,1,1,1,65536
closed_n20,20,0.200000,0.500000,false,2,256,1.000e-12,0.02000,0.000000,13,0.0000000000,0.0000000000,1,1,1,16384
closed_n20,20,0.200000,0.500000,false,2,256,1.000e-12,0.02000,0.000000,14,0.0000000000,0.0000000000,1,1,1,4096
closed_n20,20,0.200000,0.500000,false,2,256,1.000e-12,0.02000,0.000000,15,0.0000000000,0.0000000000,1,1,1,1024
closed_n20,20,0.200000,0.500000,false,2,256,1.000e-12,0.02000,0.000000,16,0.0000000000,0.0000000000,1,1,1,256
closed_n20,20,0.200000,0.500000,false,2,256,1.000e-12,0.02000,0.000000,17,0.0000000000,0.0000000000,1,1,1,64
closed_n20,20,0.200000,0.500000,false,2,256,1.000e-12,0.02000,0.000000,18,0.0000000000,0.0000000000,1,1,1,16
closed_n20,20,0.200000,0.500000,false,2,256,1.000e-12,0.02000,0.000000,19,0.0000000000,0.0000000000,1,1,1,4
closed_n20,20,0.200000,0.500000,false,2,256,1.000e-12,0.02000,0.250000,1,0.2293160393,0.6349112384,4,4,4,4
closed_n20,20,0.200000,0.500000,false,2,256,1.000e-12,0.02000,0.250000,2,0.2258059691,0.6456450211,13,7,12,16
closed_n20,20,0.200000,0.500000,false,2,256,1.000e-12,0.02000,0.250000,3,0.2257394188,0.6455405084,14,7,13,64
closed_n20,20,0.200000,0.500000,false,2,256,1.000e-12,0.02000,0.250000,4,0.2258247337,0.6456258649,15,7,14,256
closed_n20,20,0.200000,0.500000,false,2,256,1.000e-12,0.02000,0.250000,5,0.2257393110,0.6455405274,14,7,13,1024
closed_n20,20,0.200000,0.500000,false,2,256,1.000e-12,0.02000,0.250000,6,0.2258247338,0.6456258643,15,7,14,4096
closed_n20,20,0.200000,0.500000,false,2,256,1.000e-12,0.02000,0.250000,7,0.2257393110,0.6455405274,14,7,13,16384
closed_n20,20,0.200000,0.500000,false,2,256,1.000e-12,0.02000,0.250000,8,0.2258247338,0.6456258643,15,7,14,65536
closed_n20,20,0.200000,0.500000,false,2,256,1.000e-12,0.02000,0.250000,9,0.2257393110,0.6455405274,14,7,13,262144
closed_n20,20,0.200000,0.500000,false,2,256,1.000e-12,0.02000,0.250000,10,0.2258247338,0.6456258643,15,7,14,1048576
closed_n20,20,0.200000,0.500000,false,2,256,1.000e-12,0.02000,0.250000,11,0.2257393110,0.6455405274,14,7,13,262144
closed_n20,20,0.200000,0.500000,false,2,256,1.000e-12,0.02000,0.250000,12,0.2258247338,0.6456258643,15,7,14,65536
closed_n20,20,0.200000,0.500000,false,2,256,1.000e-12,0.02000,0.250000,13,0.2257393110,0.6455405274,14,7,13,16384
closed_n20,20,0.200000,0.500000,false,2,256,1.000e-12,0.02000,0.250000,14,0.2258247338,0.6456258643,15,7,14,4096
closed_n20,20,0.200000,0.500000,false,2,256,1.000e-12,0.02000,0.250000,15,0.2257393110,0.6455405274,14,7,13,1024
closed_n20,20,0.200000,0.500000,false,2,256,1.000e-12,0.02000,0.250000,16,0.2258247337,0.6456258649,15,7,14,256
closed_n20,20,0.200000,0.500000,false,2,256,1.000e-12,0.02000,0.250000,17,0.2257394188,0.6455405084,14,7,13,64
closed_n20,20,0.200000,0.500000,false,2,256,1.000e-12,0.02000,0.250000,18,0.2258059691,0.6456450211,13,7,12,16
closed_n20,20,0.200000,0.500000,false,2,256,1.000e-12,0.02000,0.250000,19,0.2293160393,0.6349112384,4,4,4,4
closed_n20,20,0.200000,0.500000,false,2,256,1.000e-12,0.02000,0.500000,1,0.6447523215,1.1120860291,4,4,4,4
closed_n20,20,0.200000,0.500000,false,2,256,1.000e-12,0.02000,0.500000,2,0.6170654973,1.1912281253,16,12,16,16
closed_n20,20,0.200000,0.500000,false,2,256,1.000e-12,0.02000,0.500000,3,0.6173389839,1.1913419758,28,12,26,64
closed_n20,20,0.200000,0.500000,false,2,256,1.000e-12,0.02000,0.500000,4,0.6175141769,1.1914987447,32,12,26,256
closed_n20,20,0.200000,0.500000,false,2,256,1.000e-12,0.02000,0.500000,5,0.6173264466,1.1913306439,29,12,26,1024
closed_n20,20,0.200000,0.500000,false,2,256,1.000e-12,0.02000,0.500000,6,0.6175142311,1.1914987006,32,12,26,4096
closed_n20,20,0.200000,0.500000,false,2,256,1.000e-12,0.02000,0.500000,7,0.6173264458,1.1913306411,29,12,26,16384
closed_n20,20,0.200000,0.500000,false,2,256,1.000e-12,0.02000,0.500000,8,0.6175142311,1.1914987006,32,12,26,65536
closed_n20,20,0.200000,0.500000,false,2,256,1.000e-12,0.02000,0.500000,9,0.6173264458,1.1913306411,29,12,26,262144
closed_n20,20,0.200000,0.500000,false,2,256,1.000e-12,0.02000,0.500000,10,0.6175142311,1.1914987006,32,12,26,1048576
closed_n20,20,0.200000,0.500000,false,2,256,1.000e-12,0.02000,0.500000,11,0.6173264458,1.1913306411,29,12,26,262144
closed_n20,20,0.200000,0.500000,false,2,256,1.000e-12,0.02000,0.500000,12,0.6175142311,1.1914987006,32,12,26,65536
closed_n20,20,0.200000,0.500000,false,2,256,1.000e-12,0.02000,0.500000,13,0.6173264458,1.1913306411,29,12,26,16384
closed_n20,20,0.200000,0.500000,false,2,256,1.000e-12,0.02000,0.500000,14,0.6175142311,1.1914987006,32,12,26,4096
closed_n20,20,0.200000,0.500000,false,2,256,1.000e-12,0.02000,0.500000,15,0.6173264466,1.1913306439,29,12,26,1024
closed_n20,20,0.200000,0.500000,false,2,256,1.000e-12,0.02000,0.500000,16,0.6175141769,1.1914987447,32,12,26,256
closed_n20,20,0.200000,0.500000,false,2,256,1.000e-12,0.02000,0.500000,17,0.6173389839,1.1913419758,28,12,26,64
closed_n20,20,0.200000,0.500000,false,2,256,1.000e-12,0.02000,0.500000,18,0.6170654973,1.1912281253,16,12,16,16
closed_n20,20,0.200000,0.500000,false,2,256,1.000e-12,0.02000,0.500000,19,0.6447523215,1.1120860291,4,4,4,4
closed_n20,20,0.200000,0.500000,false,2,256,1.000e-12,0.02000,0.750000,1,1.0723252444,1.4544425567,4,4,4,4
closed_n20,20,0.200000,0.500000,false,2,256,1.000e-12,0.02000,0.750000,2,1.0214209900,1.6894267564,16,14,16,16
closed_n20,20,0.200000,0.500000,false,2,256,1.000e-12,0.02000,0.750000,3,1.0218580168,1.6940239556,42,20,38,64
closed_n20,20,0.200000,0.500000,false,2,256,1.000e-12,0.02000,0.750000,4,1.0219631158,1.6941661903,53,20,46,256
closed_n20,20,0.200000,0.500000,false,2,256,1.000e-12,0.02000,0.750000,5,1.0217358519,1.6939520987,48,20,43,1024
closed_n20,20,0.200000,0.500000,false,2,256,1.000e-12,0.02000,0.750000,6,1.0219622554,1.6941601853,53,20,46,4096
closed_n20,20,0.200000,0.500000,false,2,256,1.000e-12,0.02000,0.750000,7,1.0217358118,1.6939519871,48,20,43,16384
closed_n20,20,0.200000,0.500000,false,2,256,1.000e-12,0.02000,0.750000,8,1.0219622552,1.6941601836,53,20,46,65536
closed_n20,20,0.200000,0.500000,false,2,256,1.000e-12,0.02000,0.750000,9,1.0217358117,1.6939519871,48,20,43,262144
closed_n20,20,0.200000,0.500000,false,2,256,1.000e-12,0.02000,0.750000,10,1.0219622552,1.6941601836,53,20,46,1048576
closed_n20,20,0.200000,0.500000,false,2,256,1.000e-12,0.02000,0.750000,11,1.0217358117,1.6939519871,48,20,43,262144
closed_n20,20,0.200000,0.500000,false,2,256,1.000e-12,0.02000,0.750000,12,1.0219622552,1.6941601836,53,20,46,65536
closed_n20,20,0.200000,0.500000,false,2,256,1.000e-12,0.02000,0.750000,13,1.0217358118,1.6939519871,48,20,43,16384
closed_n20,20,0.200000,0.500000,false,2,256,1.000e-12,0.02000,0.750000,14,1.0219622554,1.6941601853,53,20,46,4096
closed_n20,20,0.200000,0.500000,false,2,256,1.000e-12,0.02000,0.750000,15,1.0217358519,1.6939520987,48,20,43,1024
closed_n20,20,0.200000,0.500000,false,2,256,1.000e-12,0.02000,0.750000,16,1.0219631158,1.6941661903,53,20,46,256
closed_n20,20,0.200000,0.500000,false,2,256,1.000e-12,0.02000,0.750000,17,1.0218580168,1.6940239556,42,20,38,64
closed_n20,20,0.200000,0.500000,false,2,256,1.000e-12,0.02000,0.750000,18,1.0214209900,1.6894267564,16,14,16,16
closed_n20,20,0.200000,0.500000,false,2,256,1.000e-12,0.02000,0.750000,19,1.0723252444,1.4544425567,4,4,4,4
closed_n20,20,0.200000,0.500000,false,2,256,1.000e-12,0.02000,1.000000,1,1.4267097776,1.6856525931,4,4,4,4
closed_n20,20,0.200000,0.500000,false,2,256,1.000e-12,0.02000,1.000000,2,1.4200602128,2.1490005017,16,16,16,16
closed_n20,20,0.200000,0.500000,false,2,256,1.000e-12,0.02000,1.000000,3,1.4151007227,2.1774135876,51,29,49,64
closed_n20,20,0.200000,0.500000,false,2,256,1.000e-12,0.02000,1.000000,4,1.4148979949,2.1773574907,84,30,72,256
closed_n20,20,0.200000,0.500000,false,2,256,1.000e-12,0.02000,1.000000,5,1.4146526484,2.1770638269,76,29,66,1024
closed_n20,20,0.200000,0.500000,false,2,256,1.000e-12,0.02000,1.000000,6,1.4148618712,2.1773147063,87,30,73,4096
closed_n20,20,0.200000,0.500000,false,2,256,1.000e-12,0.02000,1.000000,7,1.4146521815,2.1770615351,76,29,67,16384
closed_n20,20,0.200000,0.500000,false,2,256,1.000e-12,0.02000,1.000000,8,1.4148618464,2.1773146400,87,30,73,65536
closed_n20,20,0.200000,0.500000,false,2,256,1.000e-12,0.02000,1.000000,9,1.4146521814,2.1770615347,76,29,67,262144
closed_n20,20,0.200000,0.500000,false,2,256,1.000e-12,0.02000,1.000000,10,1.4148618463,2.1773146400,87,30,73,1048576
closed_n20,20,0.200000,0.500000,false,2,256,1.000e-12,0.02000,1.000000,11,1.4146521814,2.1770615347,76,29,67,262144
closed_n20,20,0.200000,0.500000,false,2,256,1.000e-12,0.02000,1.000000,12,1.4148618464,2.1773146400,87,30,73,65536
closed_n20,20,0.200000,0.500000,false,2,256,1.000e-12,0.02000,1.000000,13,1.4146521815,2.1770615351,76,29,67,16384
closed_n20,20,0.200000,0.500000,false,2,256,1.000e-12,0.02000,1.000000,14,1.4148618712,2.1773147063,87,30,73,4096
closed_n20,20,0.200000,0.500000,false,2,256,1.000e-12,0.02000,1.000000,15,1.4146526484,2.1770638269,76,29,66,1024
closed_n20,20,0.200000,0.500000,false,2,256,1.000e-12,0.02000,1.000000,16,1.4148979949,2.1773574907,84,30,72,256
closed_n20,20,0.200000,0.500000,false,2,256,1.000e-12,0.02000,1.000000,17,1.4151007227,2.1774135876,51,29,49,64
closed_n20,20,0.200000,0.500000,false,2,256,1.000e-12,0.02000,1.000000,18,1.4200602128,2.1490005017,16,16,16,16
closed_n20,20,0.200000,0.500000,false,2,256,1.000e-12,0.02000,1.000000,19,1.4267097776,1.6856525931,4,4,4,4
closed_n20,20,0.200000,0.500000,false,2,256,1.000e-12,0.02000,1.250000,1,1.6766601978,1.8301306814,4,4,4,4
closed_n20,20,0.200000,0.500000,false,2,256,1.000e-12,0.02000,1.250000,2,1.8118828010,2.5437289720,16,16,16,16
closed_n20,20,0.200000,0.500000,false,2,256,1.000e-12,0.02000,1.250000,3,1.8004418666,2.6447066814,58,40,57,64
closed_n20,20,0.200000,0.500000,false,2,256,1.000e-12,0.02000,1.250000,4,1.7988652501,2.6443675232,119,47,105,256
closed_n20,20,0.200000,0.500000,false,2,256,1.000e-12,0.02000,1.250000,5,1.7984515158,2.6439996657,119,46,105,1024
closed_n20,20,0.200000,0.500000,false,2,256,1.000e-12,0.02000,1.250000,6,1.7986132592,2.6442714366,134,46,114,4096
closed_n20,20,0.200000,0.500000,false,2,256,1.000e-12,0.02000,1.250000,7,1.7984435823,2.6439679242,118,46,105,16384
closed_n20,20,0.200000,0.500000,false,2,256,1.000e-12,0.02000,1.250000,8,1.7986128538,2.6442709300,134,46,114,65536
closed_n20,20,0.200000,0.500000,false,2,256,1.000e-12,0.02000,1.250000,9,1.7984435749,2.6439678917,118,46,105,262144
closed_n20,20,0.200000,0.500000,false,2,256,1.000e-12,0.02000,1.250000,10,1.7986128537,2.6442709296,134,46,114,1048576
closed_n20,20,0.200000,0.500000,false,2,256,1.000e-12,0.02000,1.250000,11,1.7984435749,2.6439678917,118,46,105,262144
closed_n20,20,0.200000,0.500000,false,2,256,1.000e-12,0.02000,1.250000,12,1.7986128538,2.6442709300,134,46,114,65536
closed_n20,20,0.200000,0.500000,false,2,256,1.000e-12,0.02000,1.250000,13,1.7984435823,2.6439679242,118,46,105,16384
closed_n20,20,0.200000,0.500000,false,2,256,1.000e-12,0.02000,1.250000,14,1.7986132592,2.6442714366,134,46,114,4096
closed_n20,20,0.200000,0.500000,false,2,256,1.000e-12,0.02000,1.250000,15,1.7984515158,2.6439996657,119,46,105,1024
closed_n20,20,0.200000,0.500000,false,2,256,1.000e-12,0.02000,1.250000,16,1.7988652501,2.6443675232,119,47,105,256
closed_n20,20,0.200000,0.500000,false,2,256,1.000e-12,0.02000,1.250000,17,1.8004418666,2.6447066814,58,40,57,64
closed_n20,20,0.200000,0.500000,false,2,256,1.000e-12,0.02000,1.250000,18,1.8118828010,2.5437289720,16,16,16,16
closed_n20,20,0.200000,0.500000,false,2,256,1.000e-12,0.02000,1.250000,19,1.6766601978,1.8301306814,4,4,4,4
closed_n20,20,0.200000,0.500000,false,2,256,1.000e-12,0.02000,1.500000,1,1.8285691320,1.9120703504,4,4,4,4
closed_n20,20,0.200000,0.500000,false,2,256,1.000e-12,0.02000,1.500000,2,2.1554412966,2.8424938442,16,16,16,16
closed_n20,20,0.200000,0.500000,false,2,256,1.000e-12,0.02000,1.500000,3,2.1769342946,3.0940377660,61,49,61,64
closed_n20,20,0.200000,0.500000,false,2,256,1.000e-12,0.02000,1.500000,4,2.1678339249,3.0967391698,155,71,142,256
closed_n20,20,0.200000,0.500000,false,2,256,1.000e-12,0.02000,1.500000,5,2.1671719347,3.0965982870,182,70,158,1024
closed_n20,20,0.200000,0.500000,false,2,256,1.000e-12,0.02000,1.500000,6,2.1672009859,3.0967790319,208,70,176,4096
closed_n20,20,0.200000,0.500000,false,2,256,1.000e-12,0.02000,1.500000,7,2.1670660463,3.0964087110,185,70,158,16384
closed_n20,20,0.200000,0.500000,false,2,256,1.000e-12,0.02000,1.500000,8,2.1671992811,3.0967754688,207,70,176,65536
closed_n20,20,0.200000,0.500000,false,2,256,1.000e-12,0.02000,1.500000,9,2.1670658169,3.0964082020,185,70,158,262144
closed_n20,20,0.200000,0.500000,false,2,256,1.000e-12,0.02000,1.500000,10,2.1671992800,3.0967754640,207,70,176,1048576
closed_n20,20,0.200000,0.500000,false,2,256,1.000e-12,0.02000,1.500000,11,2.1670658169,3.0964082020,185,70,158,262144
closed_n20,20,0.200000,0.500000,false,2,256,1.000e-12,0.02000,1.500000,12,2.1671992811,3.0967754688,207,70,176,65536
closed_n20,20,0.200000,0.500000,false,2,256,1.000e-12,0.02000,1.500000,13,2.1670660463,3.0964087110,185,70,158,16384
closed_n20,20,0.200000,0.500000,false,2,256,1.000e-12,0.02000,1.500000,14,2.1672009859,3.0967790318,208,70,176,4096
closed_n20,20,0.200000,0.500000,false,2,256,1.000e-12,0.02000,1.500000,15,2.1671719347,3.0965982870,182,70,158,1024
closed_n20,20,0.200000,0.500000,false,2,256,1.000e-12,0.02000,1.500000,16,2.1678339249,3.0967391698,155,71,142,256
closed_n20,20,0.200000,0.500000,false,2,256,1.000e-12,0.02000,1.500000,17,2.1769342946,3.0940377660,61,49,61,64
closed_n20,20,0.200000,0.500000,false,2,256,1.000e-12,0.02000,1.500000,18,2.1554412966,2.8424938442,16,16,16,16
closed_n20,20,0.200000,0.500000,false,2,256,1.000e-12,0.02000,1.500000,19,1.8285691320,1.9120703504,4,4,4,4
closed_n20,20,0.200000,0.500000,false,2,256,1.000e-12,0.02000,1.750000,1,1.9079844319,1.9533668983,4,4,4,4
closed_n20,20,0.200000,0.500000,false,2,256,1.000e-12,0.02000,1.750000,2,2.3964234590,3.0331661113,16,16,16,16
closed_n20,20,0.200000,0.500000,false,2,256,1.000e-12,0.02000,1.750000,3,2.5518887848,3.5159116717,63,54,63,64
closed_n20,20,0.200000,0.500000,false,2,256,1.000e-12,0.02000,1.750000,4,2.5210170222,3.5379260885,192,100,177,256
closed_n20,20,0.200000,0.500000,false,2,256,1.000e-12,0.02000,1.750000,5,2.5215610973,3.5392400400,256,106,236,1024
closed_n20,20,0.200000,0.500000,false,2,256,1.000e-12,0.02000,1.750000,6,2.5209428289,3.5389364280,256,106,251,4096
closed_n20,20,0.200000,0.500000,false,2,256,1.000e-12,0.02000,1.750000,7,2.5208232721,3.5385399377,256,106,240,16384
closed_n20,20,0.200000,0.500000,false,2,256,1.000e-12,0.02000,1.750000,8,2.5209459936,3.5389062884,256,106,250,65536
closed_n20,20,0.200000,0.500000,false,2,256,1.000e-12,0.02000,1.750000,9,2.5208202330,3.5385361535,256,106,240,262144
closed_n20,20,0.200000,0.500000,false,2,256,1.000e-12,0.02000,1.750000,10,2.5209460089,3.5389061995,256,106,250,1048576
closed_n20,20,0.200000,0.500000,false,2,256,1.000e-12,0.02000,1.750000,11,2.5208202330,3.5385361535,256,106,240,262144
closed_n20,20,0.200000,0.500000,false,2,256,1.000e-12,0.02000,1.750000,12,2.5209459936,3.5389062884,256,106,250,65536
closed_n20,20,0.200000,0.500000,false,2,256,1.000e-12,0.02000,1.750000,13,2.5208232721,3.5385399377,256,106,240,16384
closed_n20,20,0.200000,0.500000,false,2,256,1.000e-12,0.02000,1.750000,14,2.5209428289,3.5389364280,256,106,251,4096
closed_n20,20,0.200000,0.500000,false,2,256,1.000e-12,0.02000,1.750000,15,2.5215610973,3.5392400400,256,106,236,1024
closed_n20,20,0.200000,0.500000,false,2,256,1.000e-12,0.02000,1.750000,16,2.5210170222,3.5379260885,192,100,177,256
closed_n20,20,0.200000,0.500000,false,2,256,1.000e-12,0.02000,1.750000,17,2.5518887848,3.5159116717,63,54,63,64
closed_n20,20,0.200000,0.500000,false,2,256,1.000e-12,0.02000,1.750000,18,2.3964234590,3.0331661113,16,16,16,16
closed_n20,20,0.200000,0.500000,false,2,256,1.000e-12,0.02000,1.750000,19,1.9079844319,1.9533668983,4,4,4,4
closed_n20,20,0.200000,0.500000,false,2,256,1.000e-12,0.02000,2.000000,1,1.9426210151,1.9710693692,4,4,4,4
closed_n20,20,0.200000,0.500000,false,2,256,1.000e-12,0.02000,2.000000,2,2.5162944097,3.1285926958,16,16,16,16
closed_n20,20,0.200000,0.500000,false,2,256,1.000e-12,0.02000,2.000000,3,2.9259048432,3.8863618431,64,60,64,64
closed_n20,20,0.200000,0.500000,false,2,256,1.000e-12,0.02000,2.000000,4,2.8640132768,3.9673598998,216,129,206,256
closed_n20,20,0.200000,0.500000,false,2,256,1.000e-12,0.02000,2.000000,5,2.8705854676,3.9731762056,256,152,256,1024
closed_n20,20,0.200000,0.500000,false,2,256,1.000e-12,0.02000,2.000000,6,2.8676094625,3.9715892472,256,150,256,4096
closed_n20,20,0.200000,0.500000,false,2,256,1.000e-12,0.02000,2.000000,7,2.8675221068,3.9712209930,256,150,256,16384
closed_n20,20,0.200000,0.500000,false,2,256,1.000e-12,0.02000,2.000000,8,2.8676486170,3.9714363875,256,150,256,65536
closed_n20,20,0.200000,0.500000,false,2,256,1.000e-12,0.02000,2.000000,9,2.8675001994,3.9712013631,256,150,256,262144
closed_n20,20,0.200000,0.500000,false,2,256,1.000e-12,0.02000,2.000000,10,2.8676487898,3.9714355829,256,150,256,1048576
closed_n20,20,0.200000,0.500000,false,2,256,1.000e-12,0.02000,2.000000,11,2.8675001994,3.9712013631,256,150,256,262144
closed_n20,20,0.200000,0.500000,false,2,256,1.000e-12,0.02000,2.000000,12,2.8676486170,3.9714363875,256,150,256,65536
closed_n20,20,0.200000,0.500000,false,2,256,1.000e-12,0.02000,2.000000,13,2.8675221068,3.9712209929,256,150,256,16384
closed_n20,20,0.200000,0.500000,false,2,256,1.000e-12,0.02000,2.000000,14,2.8676094625,3.9715892471,256,150,256,4096
closed_n20,20,0.200000,0.500000,false,2,256,1.000e-12,0.02000,2.000000,15,2.8705854676,3.9731762055,256,152,256,1024
closed_n20,20,0.200000,0.500000,false,2,256,1.000e-12,0.02000,2.000000,16,2.8640132768,3.9673598998,216,129,206,256
closed_n20,20,0.200000,0.500000,false,2,256,1.000e-12,0.02000,2.000000,17,2.9259048432,3.8863618431,64,60,64,64
closed_n20,20,0.200000,0.500000,false,2,256,1.000e-12,0.02000,2.000000,18,2.5162944097,3.1285926958,16,16,16,16
closed_n20,20,0.200000,0.500000,false,2,256,1.000e-12,0.02000,2.000000,19,1.9426210151,1.9710693692,4,4,4,4
closed_n20,20,0.200000,0.500000,false,2,256,1.000e-12,0.02000,2.250000,1,1.9519870862,1.9758250386,4,4,4,4
closed_n20,20,0.200000,0.500000,false,2,256,1.000e-12,0.02000,2.250000,2,2.5439285701,3.1596118020,16,16,16,16
closed_n20,20,0.200000,0.500000,false,2,256,1.000e-12,0.02000,2.250000,3,3.2672630479,4.1763926808,64,61,64,64
closed_n20,20,0.200000,0.500000,false,2,256,1.000e-12,0.02000,2.250000,4,3.1973685651,4.3774147031,231,157,225,256
closed_n20,20,0.200000,0.500000,false,2,256,1.000e-12,0.02000,2.250000,5,3.2183298834,4.3954705812,256,206,256,1024
closed_n20,20,0.200000,0.500000,false,2,256,1.000e-12,0.02000,2.250000,6,3.2097458328,4.3918612447,256,205,256,4096
closed_n20,20,0.200000,0.500000,false,2,256,1.000e-12,0.02000,2.250000,7,3.2097333893,4.3913586556,256,205,256,16384
closed_n20,20,0.200000,0.500000,false,2,256,1.000e-12,0.02000,2.250000,8,3.2098079761,4.3913039460,256,204,256,65536
closed_n20,20,0.200000,0.500000,false,2,256,1.000e-12,0.02000,2.250000,9,3.2096315968,4.3912764537,256,205,256,262144
closed_n20,20,0.200000,0.500000,false,2,256,1.000e-12,0.02000,2.250000,10,3.2098081110,4.3912991475,256,204,256,1048576
closed_n20,20,0.200000,0.500000,false,2,256,1.000e-12,0.02000,2.250000,11,3.2096315968,4.3912764536,256,205,256,262144
closed_n20,20,0.200000,0.500000,false,2,256,1.000e-12,0.02000,2.250000,12,3.2098079760,4.3913039456,256,204,256,65536
closed_n20,20,0.200000,0.500000,false,2,256,1.000e-12,0.02000,2.250000,13,3.2097333892,4.3913586544,256,205,256,16384
closed_n20,20,0.200000,0.500000,false,2,256,1.000e-12,0.02000,2.250000,14,3.2097458328,4.3918612444,256,205,256,4096
closed_n20,20,0.200000,0.500000,false,2,256,1.000e-12,0.02000,2.250000,15,3.2183298834,4.3954705800,256,206,256,1024
closed_n20,20,0.200000,0.500000,false,2,256,1.000e-12,0.02000,2.250000,16,3.1973685651,4.3774147028,231,157,225,256
closed_n20,20,0.200000,0.500000,false,2,256,1.000e-12,0.02000,2.250000,17,3.2672630479,4.1763926807,64,61,64,64
closed_n20,20,0.200000,0.500000,false,2,256,1.000e-12,0.02000,2.250000,18,2.5439285701,3.1596118020,16,16,16,16
closed_n20,20,0.200000,0.500000,false,2,256,1.000e-12,0.02000,2.250000,19,1.9519870862,1.9758250386,4,4,4,4
closed_n20,20,0.200000,0.500000,false,2,256,1.000e-12,0.02000,2.500000,1,1.9455208156,1.9725430774,4,4,4,4
closed_n20,20,0.200000,0.500000,false,2,256,1.000e-12,0.02000,2.500000,2,2.5300061500,3.1605868527,16,16,16,16
closed_n20,20,0.200000,0.500000,false,2,256,1.000e-12,0.02000,2.500000,3,3.5275900622,4.3697614642,64,62,64,64
closed_n20,20,0.200000,0.500000,false,2,256,1.000e-12,0.02000,2.500000,4,3.5137826148,4.7524939893,242,180,237,256
closed_n20,20,0.200000,0.500000,false,2,256,1.000e-12,0.02000,2.500000,5,3.5627339206,4.8009205327,256,235,256,1024
closed_n20,20,0.200000,0.500000,false,2,256,1.000e-12,0.02000,2.500000,6,3.5449231094,4.7949534954,256,233,256,4096
closed_n20,20,0.200000,0.500000,false,2,256,1.000e-12,0.02000,2.500000,7,3.5448082885,4.7941386149,256,234,256,16384
closed_n20,20,0.200000,0.500000,false,2,256,1.000e-12,0.02000,2.500000,8,3.5446345060,4.7934850189,256,233,256,65536
closed_n20,20,0.200000,0.500000,false,2,256,1.000e-12,0.02000,2.500000,9,3.5444535397,4.7938454102,256,234,256,262144
closed_n20,20,0.200000,0.500000,false,2,256,1.000e-12,0.02000,2.500000,10,3.5446287091,4.7934723687,256,233,256,1048576
closed_n20,20,0.200000,0.500000,false,2,256,1.000e-12,0.02000,2.500000,11,3.5444535410,4.7938454132,256,234,256,262144
closed_n20,20,0.200000,0.500000,false,2,256,1.000e-12,0.02000,2.500000,12,3.5446345053,4.7934851429,256,233,256,65536
closed_n20,20,0.200000,0.500000,false,2,256,1.000e-12,0.02000,2.500000,13,3.5448082750,4.7941386379,256,234,256,16384
closed_n20,20,0.200000,0.500000,false,2,256,1.000e-12,0.02000,2.500000,14,3.5449229609,4.7949336560,256,233,256,4096
closed_n20,20,0.200000,0.500000,false,2,256,1.000e-12,0.02000,2.500000,15,3.5627339056,4.8009205524,256,235,256,1024
closed_n20,20,0.200000,0.500000,false,2,256,1.000e-12,0.02000,2.500000,16,3.5137826110,4.7524940021,242,180,237,256
closed_n20,20,0.200000,0.500000,false,2,256,1.000e-12,0.02000,2.500000,17,3.5275900633,4.3697614707,64,62,64,64
closed_n20,20,0.200000,0.500000,false,2,256,1.000e-12,0.02000,2.500000,18,2.5300061519,3.1605868549,16,16,16,16
closed_n20,20,0.200000,0.500000,false,2,256,1.000e-12,0.02000,2.500000,19,1.9455208159,1.9725430775,4,4,4,4
closed_n20,20,0.200000,0.500000,false,2,256,1.000e-12,0.02000,2.750000,1,1.9267642529,1.9629875698,4,4,4,4
closed_n20,20,0.200000,0.500000,false,2,256,1.000e-12,0.02000,2.750000,2,2.5161505656,3.1559511324,16,16,16,16
closed_n20,20,0.200000,0.500000,false,2,256,1.000e-12,0.02000,2.750000,3,3.6824904885,4.4724483390,64,63,64,64
closed_n20,20,0.200000,0.500000,false,2,256,1.000e-12,0.02000,2.750000,4,3.7957498589,5.0697749826,248,198,245,256
closed_n20,20,0.200000,0.500000,false,2,256,1.000e-12,0.02000,2.750000,5,3.9006741966,5.1810693004,256,244,256,1024
closed_n20,20,0.200000,0.500000,false,2,256,1.000e-12,0.02000,2.750000,6,3.8716453108,5.1745823313,256,246,256,4096
closed_n20,20,0.200000,0.500000,false,2,256,1.000e-12,0.02000,2.750000,7,3.8709825082,5.1728388055,256,245,256,16384
closed_n20,20,0.200000,0.500000,false,2,256,1.000e-12,0.02000,2.750000,8,3.8700767337,5.1718088182,256,246,256,65536
closed_n20,20,0.200000,0.500000,false,2,256,1.000e-12,0.02000,2.750000,9,3.8699047941,5.1719347622,256,245,256,262144
closed_n20,20,0.200000,0.500000,false,2,256,1.000e-12,0.02000,2.750000,10,3.8700406459,5.1718285851,256,246,256,1048576
closed_n20,20,0.200000,0.500000,false,2,256,1.000e-12,0.02000,2.750000,11,3.8699048078,5.1719349557,256,245,256,262144
closed_n20,20,0.200000,0.500000,false,2,256,1.000e-12,0.02000,2.750000,12,3.8700779690,5.1718600997,256,246,256,65536
closed_n20,20,0.200000,0.500000,false,2,256,1.000e-12,0.02000,2.750000,13,3.8709827184,5.1728382028,256,245,256,16384
closed_n20,20,0.200000,0.500000,false,2,256,1.000e-12,0.02000,2.750000,14,3.8716431473,5.1745652664,256,246,256,4096
closed_n20,20,0.200000,0.500000,false,2,256,1.000e-12,0.02000,2.750000,15,3.9006779789,5.1812448172,256,245,256,1024
closed_n20,20,0.200000,0.500000,false,2,256,1.000e-12,0.02000,2.750000,16,3.7957499291,5.0697750547,248,198,245,256
closed_n20,20,0.200000,0.500000,false,2,256,1.000e-12,0.02000,2.750000,17,3.6824905138,4.4724483549,64,63,64,64
closed_n20,20,0.200000,0.500000,false,2,256,1.000e-12,0.02000,2.750000,18,2.5161505856,3.1559511422,16,16,16,16
closed_n20,20,0.200000,0.500000,false,2,256,1.000e-12,0.02000,2.750000,19,1.9267642537,1.9629875702,4,4,4,4
closed_n20,20,0.200000,0.500000,false,2,256,1.000e-12,0.02000,3.000000,1,1.8988700914,1.9486775207,4,4,4,4
closed_n20,20,0.200000,0.500000,false,2,256,1.000e-12,0.02000,3.000000,2,2.5215140503,3.1567723629,16,16,16,16
closed_n20,20,0.200000,0.500000,false,2,256,1.000e-12,0.02000,3.000000,3,3.7486955262,4.5098207374,64,63,64,64
closed_n20,20,0.200000,0.500000,false,2,256,1.000e-12,0.02000,3.000000,4,4.0150921691,5.3067603774,250,209,248,256
closed_n20,20,0.200000,0.500000,false,2,256,1.000e-12,0.02000,3.000000,5,4.2275233638,5.5265225169,256,252,256,1024
closed_n20,20,0.200000,0.500000,false,2,256,1.000e-12,0.02000,3.000000,6,4.1883721657,5.5232932776,256,253,256,4096
closed_n20,20,0.200000,0.500000,false,2,256,1.000e-12,0.02000,3.000000,7,4.1881190904,5.5220994012,256,253,256,16384
closed_n20,20,0.200000,0.500000,false,2,256,1.000e-12,0.02000,3.000000,8,4.1852825450,5.5204480245,256,253,256,65536
closed_n20,20,0.200000,0.500000,false,2,256,1.000e-12,0.02000,3.000000,9,4.1850176437,5.5196758883,256,253,256,262144
closed_n20,20,0.200000,0.500000,false,2,256,1.000e-12,0.02000,3.000000,10,4.1851557260,5.5202515368,256,253,256,1048576
closed_n20,20,0.200000,0.500000,false,2,256,1.000e-12,0.02000,3.000000,11,4.1850032450,5.5194709777,256,253,256,262144
closed_n20,20,0.200000,0.500000,false,2,256,1.000e-12,0.02000,3.000000,12,4.1852875586,5.5204756373,256,253,256,65536
closed_n20,20,0.200000,0.500000,false,2,256,1.000e-12,0.02000,3.000000,13,4.1881113906,5.5220102607,256,253,256,16384
closed_n20,20,0.200000,0.500000,false,2,256,1.000e-12,0.02000,3.000000,14,4.1883792155,5.5234569145,256,253,256,4096
closed_n20,20,0.200000,0.500000,false,2,256,1.000e-12,0.02000,3.000000,15,4.2275501915,5.5268252758,256,252,256,1024
closed_n20,20,0.200000,0.500000,false,2,256,1.000e-12,0.02000,3.000000,16,4.0150914844,5.3067590349,250,209,248,256
closed_n20,20,0.200000,0.500000,false,2,256,1.000e-12,0.02000,3.000000,17,3.7486955168,4.5098207226,64,63,64,64
closed_n20,20,0.200000,0.500000,false,2,256,1.000e-12,0.02000,3.000000,18,2.5215140106,3.1567723175,16,16,16,16
closed_n20,20,0.200000,0.500000,false,2,256,1.000e-12,0.02000,3.000000,19,1.8988700849,1.9486775174,4,4,4,4
closed_n20,20,0.200000,0.500000,false,2,256,1.000e-12,0.02000,3.250000,1,1.8676684082,1.9325270320,4,4,4,4
closed_n20,20,0.200000,0.500000,false,2,256,1.000e-12,0.02000,3.250000,2,2.5445506411,3.1641921616,16,16,16,16
closed_n20,20,0.200000,0.500000,false,2,256,1.000e-12,0.02000,3.250000,3,3.7662601828,4.5152023642,64,63,64,64
closed_n20,20,0.200000,0.500000,false,2,256,1.000e-12,0.02000,3.250000,4,4.1500011488,5.4540907380,251,216,250,256
closed_n20,20,0.200000,0.500000,false,2,256,1.000e-12,0.02000,3.250000,5,4.5331850058,5.8238604703,256,255,256,1024
closed_n20,20,0.200000,0.500000,false,2,256,1.000e-12,0.02000,3.250000,6,4.4903329800,5.8323727311,256,256,256,4096
closed_n20,20,0.200000,0.500000,false,2,256,1.000e-12,0.02000,3.250000,7,4.4971394498,5.8355845537,256,255,256,16384
closed_n20,20,0.200000,0.500000,false,2,256,1.000e-12,0.02000,3.250000,8,4.4894230732,5.8323455319,256,255,256,65536
closed_n20,20,0.200000,0.500000,false,2,256,1.000e-12,0.02000,3.250000,9,4.4889708625,5.8300250941,256,255,256,262144
closed_n20,20,0.200000,0.500000,false,2,256,1.000e-12,0.02000,3.250000,10,4.4891935538,5.8320875446,256,255,256,1048576
closed_n20,20,0.200000,0.500000,false,2,256,1.000e-12,0.02000,3.250000,11,4.4889302719,5.8297593935,256,255,256,262144
closed_n20,20,0.200000,0.500000,false,2,256,1.000e-12,0.02000,3.250000,12,4.4894487456,5.8325831637,256,255,256,65536
closed_n20,20,0.200000,0.500000,false,2,256,1.000e-12,0.02000,3.250000,13,4.4971372247,5.8356227221,256,255,256,16384
closed_n20,20,0.200000,0.500000,false,2,256,1.000e-12,0.02000,3.250000,14,4.4903937003,5.8328054382,256,256,256,4096
closed_n20,20,0.200000,0.500000,false,2,256,1.000e-12,0.02000,3.250000,15,4.5332071810,5.8238954075,256,255,256,1024
closed_n20,20,0.200000,0.500000,false,2,256,1.000e-12,0.02000,3.250000,16,4.1500011255,5.4540911905,252,216,250,256
closed_n20,20,0.200000,0.500000,false,2,256,1.000e-12,0.02000,3.250000,17,3.7662601573,4.5152024219,64,63,64,64
closed_n20,20,0.200000,0.500000,false,2,256,1.000e-12,0.02000,3.250000,18,2.5445504416,3.1641920307,16,16,16,16
closed_n20,20,0.200000,0.500000,false,2,256,1.000e-12,0.02000,3.250000,19,1.8676683515,1.9325270052,4,4,4,4
closed_n20,20,0.200000,0.500000,false,2,256,1.000e-12,0.02000,3.500000,1,1.8410739031,1.9186388926,4,4,4,4
closed_n20,20,0.200000,0.500000,false,2,256,1.000e-12,0.02000,3.500000,2,2.5722875643,3.1740915718,16,16,16,16
closed_n20,20,0.200000,0.500000,false,2,256,1.000e-12,0.02000,3.500000,3,3.7711430642,4.5158052311,64,63,64,64
closed_n20,20,0.200000,0.500000,false,2,256,1.000e-12,0.02000,3.500000,4,4.2081396611,5.5246877186,252,221,251,256
closed_n20,20,0.200000,0.500000,false,2,256,1.000e-12,0.02000,3.500000,5,4.7993878859,6.0599731396,256,256,256,1024
closed_n20,20,0.200000,0.500000,false,2,256,1.000e-12,0.02000,3.500000,6,4.7682747745,6.0944134902,256,256,256,4096
closed_n20,20,0.200000,0.500000,false,2,256,1.000e-12,0.02000,3.500000,7,4.7988280962,6.1114566763,256,256,256,16384
closed_n20,20,0.200000,0.500000,false,2,256,1.000e-12,0.02000,3.500000,8,4.7806869049,6.1028858571,256,256,256,65536
closed_n20,20,0.200000,0.500000,false,2,256,1.000e-12,0.02000,3.500000,9,4.7804560774,6.1009512563,256,256,256,262144
closed_n20,20,0.200000,0.500000,false,2,256,1.000e-12,0.02000,3.500000,10,4.7804697990,6.1020108028,256,256,256,1048576
closed_n20,20,0.200000,0.500000,false,2,256,1.000e-12,0.02000,3.500000,11,4.7803444404,6.1004737006,256,256,256,262144
closed_n20,20,0.200000,0.500000,false,2,256,1.000e-12,0.02000,3.500000,12,4.7805640350,6.1022960412,256,256,256,65536
closed_n20,20,0.200000,0.500000,false,2,256,1.000e-12,0.02000,3.500000,13,4.7988453547,6.1116430109,256,256,256,16384
closed_n20,20,0.200000,0.500000,false,2,256,1.000e-12,0.02000,3.500000,14,4.7682876691,6.0938839328,256,256,256,4096
closed_n20,20,0.200000,0.500000,false,2,256,1.000e-12,0.02000,3.500000,15,4.7993119010,6.0597515109,256,256,256,1024
closed_n20,20,0.200000,0.500000,false,2,256,1.000e-12,0.02000,3.500000,16,4.2081409462,5.5246925635,252,221,251,256
closed_n20,20,0.200000,0.500000,false,2,256,1.000e-12,0.02000,3.500000,17,3.7711398318,4.5158024068,64,63,64,64
closed_n20,20,0.200000,0.500000,false,2,256,1.000e-12,0.02000,3.500000,18,2.5722855839,3.1740903284,16,16,16,16
closed_n20,20,0.200000,0.500000,false,2,256,1.000e-12,0.02000,3.500000,19,1.8410736513,1.9186387761,4,4,4,4
closed_n20,20,0.200000,0.500000,false,2,256,1.000e-12,0.02000,3.750000,1,1.8260016707,1.9107169216,4,4,4,4
closed_n20,20,0.200000,0.500000,false,2,256,1.000e-12,0.02000,3.750000,2,2.5922757149,3.1819993374,16,16,16,16
closed_n20,20,0.200000,0.500000,false,2,256,1.000e-12,0.02000,3.750000,3,3.7807532094,4.5237569620,64,63,64,64
closed_n20,20,0.200000,0.500000,false,2,256,1.000e-12,0.02000,3.750000,4,4.2253805290,5.5492364200,252,223,251,256
closed_n20,20,0.200000,0.500000,false,2,256,1.000e-12,0.02000,3.750000,5,5.0040024040,6.2256662411,256,256,256,1024
closed_n20,20,0.200000,0.500000,false,2,256,1.000e-12,0.02000,3.750000,6,5.0095095974,6.3061087146,256,256,256,4096
closed_n20,20,0.200000,0.500000,false,2,256,1.000e-12,0.02000,3.750000,7,5.0895005714,6.3459840816,256,256,256,16384
closed_n20,20,0.200000,0.500000,false,2,256,1.000e-12,0.02000,3.750000,8,5.0549709001,6.3328914495,256,256,256,65536
closed_n20,20,0.200000,0.500000,false,2,256,1.000e-12,0.02000,3.750000,9,5.0560511161,6.3308897912,256,256,256,262144
closed_n20,20,0.200000,0.500000,false,2,256,1.000e-12,0.02000,3.750000,10,5.0551194874,6.3317245599,256,256,256,1048576
closed_n20,20,0.200000,0.500000,false,2,256,1.000e-12,0.02000,3.750000,11,5.0559007774,6.3305838875,256,256,256,262144
closed_n20,20,0.200000,0.500000,false,2,256,1.000e-12,0.02000,3.750000,12,5.0547446053,6.3323927582,256,256,256,65536
closed_n20,20,0.200000,0.500000,false,2,256,1.000e-12,0.02000,3.750000,13,5.0896489009,6.3465464194,256,256,256,16384
closed_n20,20,0.200000,0.500000,false,2,256,1.000e-12,0.02000,3.750000,14,5.0093301550,6.3055493823,256,256,256,4096
closed_n20,20,0.200000,0.500000,false,2,256,1.000e-12,0.02000,3.750000,15,5.0041169018,6.2264322432,256,256,256,1024
closed_n20,20,0.200000,0.500000,false,2,256,1.000e-12,0.02000,3.750000,16,4.2253871422,5.5492541996,252,223,252,256
closed_n20,20,0.200000,0.500000,false,2,256,1.000e-12,0.02000,3.750000,17,3.7807499579,4.5237549974,64,63,64,64
closed_n20,20,0.200000,0.500000,false,2,256,1.000e-12,0.02000,3.750000,18,2.5922753166,3.1819992944,16,16,16,16
closed_n20,20,0.200000,0.500000,false,2,256,1.000e-12,0.02000,3.750000,19,1.8260013536,1.9107167719,4,4,4,4
closed_n20,20,0.200000,0.500000,false,2,256,1.000e-12,0.02000,4.000000,1,1.8252753543,1.9103340716,4,4,4,4
closed_n20,20,0.200000,0.500000,false,2,256,1.000e-12,0.02000,4.000000,2,2.6004390729,3.1862527253,16,16,16,16
closed_n20,20,0.200000,0.500000,false,2,256,1.000e-12,0.02000,4.000000,3,3.7943496130,4.5371283076,64,63,64,64
closed_n20,20,0.200000,0.500000,false,2,256,1.000e-12,0.02000,4.000000,4,4.2382680655,5.5566384242,253,223,252,256
closed_n20,20,0.200000,0.500000,false,2,256,1.000e-12,0.02000,4.000000,5,5.1355221569,6.3249519157,256,256,256,1024
closed_n20,20,0.200000,0.500000,false,2,256,1.000e-12,0.02000,4.000000,6,5.2018124184,6.4654965253,256,256,256,4096
closed_n20,20,0.200000,0.500000,false,2,256,1.000e-12,0.02000,4.000000,7,5.3584696533,6.5390564791,256,256,256,16384
closed_n20,20,0.200000,0.500000,false,2,256,1.000e-12,0.02000,4.000000,8,5.3072282014,6.5257548620,256,256,256,65536
closed_n20,20,0.200000,0.500000,false,2,256,1.000e-12,0.02000,4.000000,9,5.3095988182,6.5201726059,256,256,256,262144
closed_n20,20,0.200000,0.500000,false,2,256,1.000e-12,0.02000,4.000000,10,5.3076687201,6.5227695216,256,256,256,1048576
closed_n20,20,0.200000,0.500000,false,2,256,1.000e-12,0.02000,4.000000,11,5.3098376967,6.5210437006,256,256,256,262144
closed_n20,20,0.200000,0.500000,false,2,256,1.000e-12,0.02000,4.000000,12,5.3066213119,6.5245121362,256,256,256,65536
closed_n20,20,0.200000,0.500000,false,2,256,1.000e-12,0.02000,4.000000,13,5.3586284851,6.5391165192,256,256,256,16384
closed_n20,20,0.200000,0.500000,false,2,256,1.000e-12,0.02000,4.000000,14,5.2014314018,6.4651248930,256,256,256,4096
closed_n20,20,0.200000,0.500000,false,2,256,1.000e-12,0.02000,4.000000,15,5.1356867455,6.3250592841,256,256,256,1024
closed_n20,20,0.200000,0.500000,false,2,256,1.000e-12,0.02000,4.000000,16,4.2382949750,5.5566775771,253,223,252,256
closed_n20,20,0.200000,0.500000,false,2,256,1.000e-12,0.02000,4.000000,17,3.7943427779,4.5371248706,64,63,64,64
closed_n20,20,0.200000,0.500000,false,2,256,1.000e-12,0.02000,4.000000,18,2.6004377570,3.1862527616,16,16,16,16
closed_n20,20,0.200000,0.500000,false,2,256,1.000e-12,0.02000,4.000000,19,1.8252748969,1.9103338399,4,4,4,4
closed_n20,20,0.200000,0.500000,false,2,256,1.000e-12,0.02000,4.250000,1,1.8367030842,1.9163447583,4,4,4,4
closed_n20,20,0.200000,0.500000,false,2,256,1.000e-12,0.02000,4.250000,2,2.6010835036,3.1882232548,16,16,16,16
closed_n20,20,0.200000,0.500000,false,2,256,1.000e-12,0.02000,4.250000,3,3.8019489763,4.5476763234,64,63,64,64
closed_n20,20,0.200000,0.500000,false,2,256,1.000e-12,0.02000,4.250000,4,4.2645408028,5.5607848398,254,221,253,256
closed_n20,20,0.200000,0.500000,false,2,256,1.000e-12,0.02000,4.250000,5,5.2026730371,6.3680329692,256,256,256,1024
closed_n20,20,0.200000,0.500000,false,2,256,1.000e-12,0.02000,4.250000,6,5.3371199067,6.5714140442,256,256,256,4096
closed_n20,20,0.200000,0.500000,false,2,256,1.000e-12,0.02000,4.250000,7,5.5921555758,6.6900870540,256,256,256,16384
closed_n20,20,0.200000,0.500000,false,2,256,1.000e-12,0.02000,4.250000,8,5.5310283223,6.6794821473,256,256,256,65536
closed_n20,20,0.200000,0.500000,false,2,256,1.000e-12,0.02000,4.250000,9,5.5360166041,6.6733868770,256,256,256,262144
closed_n20,20,0.200000,0.500000,false,2,256,1.000e-12,0.02000,4.250000,10,5.5319408111,6.6755239867,256,256,256,1048576
closed_n20,20,0.200000,0.500000,false,2,256,1.000e-12,0.02000,4.250000,11,5.5372407330,6.6753217720,256,256,256,262144
closed_n20,20,0.200000,0.500000,false,2,256,1.000e-12,0.02000,4.250000,12,5.5301187453,6.6783846053,256,256,256,65536
closed_n20,20,0.200000,0.500000,false,2,256,1.000e-12,0.02000,4.250000,13,5.5923458737,6.6898684943,256,256,256,16384
closed_n20,20,0.200000,0.500000,false,2,256,1.000e-12,0.02000,4.250000,14,5.3366716481,6.5712579511,256,256,256,4096
closed_n20,20,0.200000,0.500000,false,2,256,1.000e-12,0.02000,4.250000,15,5.2027908221,6.3677644995,256,256,256,1024
closed_n20,20,0.200000,0.500000,false,2,256,1.000e-12,0.02000,4.250000,16,4.2646354537,5.5608833232,254,221,253,256
closed_n20,20,0.200000,0.500000,false,2,256,1.000e-12,0.02000,4.250000,17,3.8019423989,4.5476709120,64,63,64,64
closed_n20,20,0.200000,0.500000,false,2,256,1.000e-12,0.02000,4.250000,18,2.6010782834,3.1882202722,16,16,16,16
closed_n20,20,0.200000,0.500000,false,2,256,1.000e-12,0.02000,4.250000,19,1.8367032124,1.9163448287,4,4,4,4
closed_n20,20,0.200000,0.500000,false,2,256,1.000e-12,0.02000,4.500000,1,1.8547359728,1.9257860039,4,4,4,4
closed_n20,20,0.200000,0.500000,false,2,256,1.000e-12,0.02000,4.500000,2,2.6012639049,3.1903142683,16,16,16,16
closed_n20,20,0.200000,0.500000,false,2,256,1.000e-12,0.02000,4.500000,3,3.7956382499,4.5487776325,64,63,64,64
closed_n20,20,0.200000,0.500000,false,2,256,1.000e-12,0.02000,4.500000,4,4.3050459714,5.5657236475,254,218,254,256
closed_n20,20,0.200000,0.500000,false,2,256,1.000e-12,0.02000,4.500000,5,5.2297423224,6.3753278877,256,256,256,1024
closed_n20,20,0.200000,0.500000,false,2,256,1.000e-12,0.02000,4.500000,6,5.4188270917,6.6343676365,256,256,256,4096
closed_n20,20,0.200000,0.500000,false,2,256,1.000e-12,0.02000,4.500000,7,5.7779119279,6.7995973115,256,256,256,16384
closed_n20,20,0.200000,0.500000,false,2,256,1.000e-12,0.02000,4.500000,8,5.7217444814,6.8021096931,256,256,256,65536
closed_n20,20,0.200000,0.500000,false,2,256,1.000e-12,0.02000,4.500000,9,5.7354714819,6.7996488955,256,256,256,262144
closed_n20,20,0.200000,0.500000,false,2,256,1.000e-12,0.02000,4.500000,10,5.7270964624,6.8006457203,256,256,256,1048576
closed_n20,20,0.200000,0.500000,false,2,256,1.000e-12,0.02000,4.500000,11,5.7373948645,6.8016102750,256,256,256,262144
closed_n20,20,0.200000,0.500000,false,2,256,1.000e-12,0.02000,4.500000,12,5.7208557229,6.8013263923,256,256,256,65536
closed_n20,20,0.200000,0.500000,false,2,256,1.000e-12,0.02000,4.500000,13,5.7780745820,6.7987908510,256,256,256,16384
closed_n20,20,0.200000,0.500000,false,2,256,1.000e-12,0.02000,4.500000,14,5.4183746833,6.6342459378,256,256,256,4096
closed_n20,20,0.200000,0.500000,false,2,256,1.000e-12,0.02000,4.500000,15,5.2297418060,6.3748084201,256,256,256,1024
closed_n20,20,0.200000,0.500000,false,2,256,1.000e-12,0.02000,4.500000,16,4.3052375911,5.5659262292,254,218,254,256
closed_n20,20,0.200000,0.500000,false,2,256,1.000e-12,0.02000,4.500000,17,3.7956425576,4.5487753894,64,63,64,64
closed_n20,20,0.200000,0.500000,false,2,256,1.000e-12,0.02000,4.500000,18,2.6012529589,3.1903076892,16,16,16,16
closed_n20,20,0.200000,0.500000,false,2,256,1.000e-12,0.02000,4.500000,19,1.8547371535,1.9257865985,4,4,4,4
closed_n20,20,0.200000,0.500000,false,2,256,1.000e-12,0.02000,4.750000,1,1.8732472017,1.9354220579,4,4,4,4
closed_n20,20,0.200000,0.500000,false,2,256,1.000e-12,0.02000,4.750000,2,2.6047310267,3.1934765087,16,16,16,16
closed_n20,20,0.200000,0.500000,false,2,256,1.000e-12,0.02000,4.750000,3,3.7768163687,4.5396831036,64,63,64,64
closed_n20,20,0.200000,0.500000,false,2,256,1.000e-12,0.02000,4.750000,4,4.3491438918,5.5707871673,254,215,254,256
closed_n20,20,0.200000,0.500000,false,2,256,1.000e-12,0.02000,4.750000,5,5.2409210855,6.3693056856,256,256,256,1024
closed_n20,20,0.200000,0.500000,false,2,256,1.000e-12,0.02000,4.750000,6,5.4633453152,6.6688486931,256,256,256,4096
closed_n20,20,0.200000,0.500000,false,2,256,1.000e-12,0.02000,4.750000,7,5.9135106088,6.8756688974,256,256,256,16384
closed_n20,20,0.200000,0.500000,false,2,256,1.000e-12,0.02000,4.750000,8,5.8777860377,6.9007435685,256,256,256,65536
closed_n20,20,0.200000,0.500000,false,2,256,1.000e-12,0.02000,4.750000,9,5.9133214536,6.9056129625,256,256,256,262144
closed_n20,20,0.200000,0.500000,false,2,256,1.000e-12,0.02000,4.750000,10,5.8976782136,6.9063958964,256,256,256,1048576
closed_n20,20,0.200000,0.500000,false,2,256,1.000e-12,0.02000,4.750000,11,5.9154178188,6.9071671131,256,256,256,262144
closed_n20,20,0.200000,0.500000,false,2,256,1.000e-12,0.02000,4.750000,12,5.8771483424,6.9004636549,256,256,256,65536
closed_n20,20,0.200000,0.500000,false,2,256,1.000e-12,0.02000,4.750000,13,5.9132218060,6.8741499159,256,256,256,16384
closed_n20,20,0.200000,0.500000,false,2,256,1.000e-12,0.02000,4.750000,14,5.4630142334,6.6689122781,256,256,256,4096
closed_n20,20,0.200000,0.500000,false,2,256,1.000e-12,0.02000,4.750000,15,5.2407558571,6.3687802522,256,256,256,1024
closed_n20,20,0.200000,0.500000,false,2,256,1.000e-12,0.02000,4.750000,16,4.3493950765,5.5710483096,254,215,254,256
closed_n20,20,0.200000,0.500000,false,2,256,1.000e-12,0.02000,4.750000,17,3.7768561409,4.5396991158,64,63,64,64
closed_n20,20,0.200000,0.500000,false,2,256,1.000e-12,0.02000,4.750000,18,2.6047146409,3.1934675044,16,16,16,16
closed_n20,20,0.200000,0.500000,false,2,256,1.000e-12,0.02000,4.750000,19,1.8732493551,1.9354230952,4,4,4,4
closed_n20,20,0.200000,0.500000,false,2,256,1.000e-12,0.02000,5.000000,1,1.8876465367,1.9428772680,4,4,4,4
closed_n20,20,0.200000,0.500000,false,2,256,1.000e-12,0.02000,5.000000,2,2.6098453596,3.1962836951,16,16,16,16
closed_n20,20,0.200000,0.500000,false,2,256,1.000e-12,0.02000,5.000000,3,3.7557203844,4.5254045032,64,63,64,64
closed_n20,20,0.200000,0.500000,false,2,256,1.000e-12,0.02000,5.000000,4,4.3815391017,5.5733592702,254,211,254,256
closed_n20,20,0.200000,0.500000,false,2,256,1.000e-12,0.02000,5.000000,5,5.2505930694,6.3677778211,256,256,256,1024
closed_n20,20,0.200000,0.500000,false,2,256,1.000e-12,0.02000,5.000000,6,5.4923469160,6.6871926157,256,256,256,4096
closed_n20,20,0.200000,0.500000,false,2,256,1.000e-12,0.02000,5.000000,7,6.0037232462,6.9239499848,256,256,256,16384
closed_n20,20,0.200000,0.500000,false,2,256,1.000e-12,0.02000,5.000000,8,6.0010149877,6.9794506288,256,256,256,65536
closed_n20,20,0.200000,0.500000,false,2,256,1.000e-12,0.02000,5.000000,9,6.0749200827,6.9972102949,256,256,256,262144
closed_n20,20,0.200000,0.500000,false,2,256,1.000e-12,0.02000,5.000000,10,6.0502269544,6.9981510179,256,256,256,1048576
closed_n20,20,0.200000,0.500000,false,2,256,1.000e-12,0.02000,5.000000,11,6.0770517455,6.9983720706,256,256,256,262144
closed_n20,20,0.200000,0.500000,false,2,256,1.000e-12,0.02000,5.000000,12,6.0004250364,6.9794454372,256,256,256,65536
closed_n20,20,0.200000,0.500000,false,2,256,1.000e-12,0.02000,5.000000,13,6.0030410001,6.9222601547,256,256,256,16384
closed_n20,20,0.200000,0.500000,false,2,256,1.000e-12,0.02000,5.000000,14,5.4922728612,6.6873209330,256,256,256,4096
closed_n20,20,0.200000,0.500000,false,2,256,1.000e-12,0.02000,5.000000,15,5.2502570254,6.3674022944,256,256,256,1024
closed_n20,20,0.200000,0.500000,false,2,256,1.000e-12,0.02000,5.000000,16,4.3817421459,5.5735684280,255,211,254,256
closed_n20,20,0.200000,0.500000,false,2,256,1.000e-12,0.02000,5.000000,17,3.7558257019,4.5254618582,64,63,64,64
closed_n20,20,0.200000,0.500000,false,2,256,1.000e-12,0.02000,5.000000,18,2.6098276077,3.1962737646,16,16,16,16
closed_n20,20,0.200000,0.500000,false,2,256,1.000e-12,0.02000,5.000000,19,1.8876485801,1.9428780955,4,4,4,4
closed_n20,20,0.200000,0.500000,false,2,256,1.000e-12,0.02000,5.250000,1,1.8955224573,1.9469348534,4,4,4,4
closed_n20,20,0.200000,0.500000,false,2,256,1.000e-12,0.02000,5.250000,2,2.6122521155,3.1962884066,16,16,16,16
closed_n20,20,0.200000,0.500000,false,2,256,1.000e-12,0.02000,5.250000,3,3.7443766627,4.5132530563,64,63,64,64
closed_n20,20,0.200000,0.500000,false,2,256,1.000e-12,0.02000,5.250000,4,4.3923828768,5.5736529155,255,209,255,256
closed_n20,20,0.200000,0.500000,false,2,256,1.000e-12,0.02000,5.250000,5,5.2621875437,6.3756481608,256,256,256,1024
closed_n20,20,0.200000,0.500000,false,2,256,1.000e-12,0.02000,5.250000,6,5.5217042083,6.7028831174,256,256,256,4096
closed_n20,20,0.200000,0.500000,false,2,256,1.000e-12,0.02000,5.250000,7,6.0609057626,6.9559068000,256,256,256,16384
closed_n20,20,0.200000,0.500000,false,2,256,1.000e-12,0.02000,5.250000,8,6.0928173302,7.0373436697,256,256,256,65536
closed_n20,20,0.200000,0.500000,false,2,256,1.000e-12,0.02000,5.250000,9,6.2265542225,7.0820095311,256,256,256,262144
closed_n20,20,0.200000,0.500000,false,2,256,1.000e-12,0.02000,5.250000,10,6.1871495424,7.0780942013,256,256,256,1048576
closed_n20,20,0.200000,0.500000,false,2,256,1.000e-12,0.02000,5.250000,11,6.2288005170,7.0828139527,256,256,256,262144
closed_n20,20,0.200000,0.500000,false,2,256,1.000e-12,0.02000,5.250000,12,6.0925482290,7.0378082334,256,256,256,65536
closed_n20,20,0.200000,0.500000,false,2,256,1.000e-12,0.02000,5.250000,13,6.0600662905,6.9541691104,256,256,256,16384
closed_n20,20,0.200000,0.500000,false,2,256,1.000e-12,0.02000,5.250000,14,5.5217593925,6.7027718744,256,256,256,4096
closed_n20,20,0.200000,0.500000,false,2,256,1.000e-12,0.02000,5.250000,15,5.2617584038,6.3755498280,256,256,256,1024
closed_n20,20,0.200000,0.500000,false,2,256,1.000e-12,0.02000,5.250000,16,4.3923995014,5.5736931381,255,209,255,256
closed_n20,20,0.200000,0.500000,false,2,256,1.000e-12,0.02000,5.250000,17,3.7445651143,4.5133704380,64,63,64,64
closed_n20,20,0.200000,0.500000,false,2,256,1.000e-12,0.02000,5.250000,18,2.6122412970,3.1962779430,16,16,16,16
closed_n20,20,0.200000,0.500000,false,2,256,1.000e-12,0.02000,5.250000,19,1.8955246885,1.9469355608,4,4,4,4
closed_n20,20,0.200000,0.500000,false,2,256,1.000e-12,0.02000,5.500000,1,1.8962274350,1.9472813502,4,4,4,4
closed_n20,20,0.200000,0.500000,false,2,256,1.000e-12,0.02000,5.500000,2,2.6092704632,3.1921737405,16,16,16,16
closed_n20,20,0.200000,0.500000,false,2,256,1.000e-12,0.02000,5.500000,3,3.7484271202,4.5081289633,64,63,64,64
closed_n20,20,0.200000,0.500000,false,2,256,1.000e-12,0.02000,5.500000,4,4.3828807145,5.5696337036,255,214,255,256
closed_n20,20,0.200000,0.500000,false,2,256,1.000e-12,0.02000,5.500000,5,5.2700734968,6.3859599796,256,256,256,1024
closed_n20,20,0.200000,0.500000,false,2,256,1.000e-12,0.02000,5.500000,6,5.5541550481,6.7224841217,256,256,256,4096
closed_n20,20,0.200000,0.500000,false,2,256,1.000e-12,0.02000,5.500000,7,6.1014270997,6.9822579999,256,256,256,16384
closed_n20,20,0.200000,0.500000,false,2,256,1.000e-12,0.02000,5.500000,8,6.1578211683,7.0787555149,256,256,256,65536
closed_n20,20,0.200000,0.500000,false,2,256,1.000e-12,0.02000,5.500000,9,6.3717112999,7.1622353239,256,256,256,262144
closed_n20,20,0.200000,0.500000,false,2,256,1.000e-12,0.02000,5.500000,10,6.3084232140,7.1489186414,256,256,256,1048576
closed_n20,20,0.200000,0.500000,false,2,256,1.000e-12,0.02000,5.500000,11,6.3736541266,7.1626085120,256,256,256,262144
closed_n20,20,0.200000,0.500000,false,2,256,1.000e-12,0.02000,5.500000,12,6.1579844368,7.0793067662,256,256,256,65536
closed_n20,20,0.200000,0.500000,false,2,256,1.000e-12,0.02000,5.500000,13,6.1004468877,6.9805902863,256,256,256,16384
closed_n20,20,0.200000,0.500000,false,2,256,1.000e-12,0.02000,5.500000,14,5.5541825317,6.7219767081,256,256,256,4096
closed_n20,20,0.200000,0.500000,false,2,256,1.000e-12,0.02000,5.500000,15,5.2696831923,6.3860862164,256,256,256,1024
closed_n20,20,0.200000,0.500000,false,2,256,1.000e-12,0.02000,5.500000,16,4.3825808051,5.5694372536,255,214,255,256
closed_n20,20,0.200000,0.500000,false,2,256,1.000e-12,0.02000,5.500000,17,3.7486848755,4.5082946880,64,63,64,64
closed_n20,20,0.200000,0.500000,false,2,256,1.000e-12,0.02000,5.500000,18,2.6092875346,3.1921665632,16,16,16,16
closed_n20,20,0.200000,0.500000,false,2,256,1.000e-12,0.02000,5.500000,19,1.8962310045,1.9472825142,4,4,4,4
closed_n20,20,0.200000,0.500000,false,2,256,1.000e-12,0.02000,5.750000,1,1.8903129808,1.9441976891,4,4,4,4
closed_n20,20,0.200000,0.500000,false,2,256,1.000e-12,0.02000,5.750000,2,2.6019915086,3.1847460469,16,16,16,16
closed_n20,20,0.200000,0.500000,false,2,256,1.000e-12,0.02000,5.750000,3,3.7639745657,4.5097181930,64,63,64,64
closed_n20,20,0.200000,0.500000,false,2,256,1.000e-12,0.02000,5.750000,4,4.3628655759,5.5576236966,255,217,255,256
closed_n20,20,0.200000,0.500000,false,2,256,1.000e-12,0.02000,5.750000,5,5.2650694786,6.3916197491,256,256,256,1024
closed_n20,20,0.200000,0.500000,false,2,256,1.000e-12,0.02000,5.750000,6,5.5832125529,6.7404272323,256,256,256,4096
closed_n20,20,0.200000,0.500000,false,2,256,1.000e-12,0.02000,5.750000,7,6.1369448291,7.0070482033,256,256,256,16384
closed_n20,20,0.200000,0.500000,false,2,256,1.000e-12,0.02000,5.750000,8,6.2069165563,7.1119172511,256,256,256,65536
closed_n20,20,0.200000,0.500000,false,2,256,1.000e-12,0.02000,5.750000,9,6.5031878761,7.2328978374,256,256,256,262144
closed_n20,20,0.200000,0.500000,false,2,256,1.000e-12,0.02000,5.750000,10,6.4141841839,7.2122809136,256,256,256,1048576
closed_n20,20,0.200000,0.500000,false,2,256,1.000e-12,0.02000,5.750000,11,6.5047046846,7.2332310907,256,256,256,262144
closed_n20,20,0.200000,0.500000,false,2,256,1.000e-12,0.02000,5.750000,12,6.2074994670,7.1122886793,256,256,256,65536
closed_n20,20,0.200000,0.500000,false,2,256,1.000e-12,0.02000,5.750000,13,6.1359374833,7.0057774925,256,256,256,16384
closed_n20,20,0.200000,0.500000,false,2,256,1.000e-12,0.02000,5.750000,14,5.5830866460,6.7395090410,256,256,256,4096
closed_n20,20,0.200000,0.500000,false,2,256,1.000e-12,0.02000,5.750000,15,5.2648742049,6.3919864155,256,256,256,1024
closed_n20,20,0.200000,0.500000,false,2,256,1.000e-12,0.02000,5.750000,16,4.3621779774,5.5571447588,255,218,255,256
closed_n20,20,0.200000,0.500000,false,2,256,1.000e-12,0.02000,5.750000,17,3.7642485242,4.5098859890,64,63,64,64
closed_n20,20,0.200000,0.500000,false,2,256,1.000e-12,0.02000,5.750000,18,2.6020701309,3.1847591150,16,16,16,16
closed_n20,20,0.200000,0.500000,false,2,256,1.000e-12,0.02000,5.750000,19,1.8903192420,1.9442001430,4,4,4,4
closed_n20,20,0.200000,0.500000,false,2,256,1.000e-12,0.02000,6.000000,1,1.8793076771,1.9384502726,4,4,4,4
closed_n20,20,0.200000,0.500000,false,2,256,1.000e-12,0.02000,6.000000,2,2.5939177717,3.1762427097,16,16,16,16
closed_n20,20,0.200000,0.500000,false,2,256,1.000e-12,0.02000,6.000000,3,3.7814910667,4.5136829064,64,63,64,64
closed_n20,20,0.200000,0.500000,false,2,256,1.000e-12,0.02000,6.000000,4,4.3435987914,5.5407413660,255,219,255,256
closed_n20,20,0.200000,0.500000,false,2,256,1.000e-12,0.02000,6.000000,5,5.2418952502,6.3870829199,256,256,256,1024
closed_n20,20,0.200000,0.500000,false,2,256,1.000e-12,0.02000,6.000000,6,5.6025076456,6.7504271362,256,256,256,4096
closed_n20,20,0.200000,0.500000,false,2,256,1.000e-12,0.02000,6.000000,7,6.1720924028,7.0315400707,256,256,256,16384
closed_n20,20,0.200000,0.500000,false,2,256,1.000e-12,0.02000,6.000000,8,6.2523029125,7.1431641542,256,256,256,65536
closed_n20,20,0.200000,0.500000,false,2,256,1.000e-12,0.02000,6.000000,9,6.6101739150,7.2890092876,256,256,256,262144
closed_n20,20,0.200000,0.500000,false,2,256,1.000e-12,0.02000,6.000000,10,6.5055697234,7.2677420946,256,256,256,1048576
closed_n20,20,0.200000,0.500000,false,2,256,1.000e-12,0.02000,6.000000,11,6.6113248353,7.2893348808,256,256,256,262144
closed_n20,20,0.200000,0.500000,false,2,256,1.000e-12,0.02000,6.000000,12,6.2532171351,7.1432612540,256,256,256,65536
closed_n20,20,0.200000,0.500000,false,2,256,1.000e-12,0.02000,6.000000,13,6.1712073038,7.0307314746,256,256,256,16384
closed_n20,20,0.200000,0.500000,false,2,256,1.000e-12,0.02000,6.000000,14,5.6021884747,6.7493647535,256,256,256,4096
closed_n20,20,0.200000,0.500000,false,2,256,1.000e-12,0.02000,6.000000,15,5.2419611844,6.3876315293,256,256,256,1024
closed_n20,20,0.200000,0.500000,false,2,256,1.000e-12,0.02000,6.000000,16,4.3425631925,5.5400106562,256,220,256,256
closed_n20,20,0.200000,0.500000,false,2,256,1.000e-12,0.02000,6.000000,17,3.7817132091,4.5138132621,64,63,64,64
closed_n20,20,0.200000,0.500000,false,2,256,1.000e-12,0.02000,6.000000,18,2.5940934988,3.1763103519,16,16,16,16
closed_n20,20,0.200000,0.500000,false,2,256,1.000e-12,0.02000,6.000000,19,1.8793170651,1.9384546782,4,4,4,4
closed_n20,20,0.200000,0.500000,false,2,256,1.000e-12,0.02000,6.250000,1,1.8656976662,1.9313024475,4,4,4,4
closed_n20,20,0.200000,0.500000,false,2,256,1.000e-12,0.02000,6.250000,2,2.5878936960,3.1687011168,16,16,16,16
closed_n20,20,0.200000,0.500000,false,2,256,1.000e-12,0.02000,6.250000,3,3.7925086352,4.5151848592,64,63,64,64
closed_n20,20,0.200000,0.500000,false,2,256,1.000e-12,0.02000,6.250000,4,4.3305692867,5.5239497500,255,221,255,256
closed_n20,20,0.200000,0.500000,false,2,256,1.000e-12,0.02000,6.250000,5,5.2039441371,6.3701492822,256,256,256,1024
closed_n20,20,0.200000,0.500000,false,2,256,1.000e-12,0.02000,6.250000,6,5.6090985370,6.7523806543,256,256,256,4096
closed_n20,20,0.200000,0.500000,false,2,256,1.000e-12,0.02000,6.250000,7,6.2051871674,7.0562649036,256,256,256,16384
closed_n20,20,0.200000,0.500000,false,2,256,1.000e-12,0.02000,6.250000,8,6.3033929245,7.1752349299,256,256,256,65536
closed_n20,20,0.200000,0.500000,false,2,256,1.000e-12,0.02000,6.250000,9,6.6880268124,7.3289125103,256,256,256,262144
closed_n20,20,0.200000,0.500000,false,2,256,1.000e-12,0.02000,6.250000,10,6.5816327803,7.3131807357,256,256,256,1048576
closed_n20,20,0.200000,0.500000,false,2,256,1.000e-12,0.02000,6.250000,11,6.6886115449,7.3290111353,256,256,256,262144
closed_n20,20,0.200000,0.500000,false,2,256,1.000e-12,0.02000,6.250000,12,6.3044761958,7.1751272548,256,256,256,65536
closed_n20,20,0.200000,0.500000,false,2,256,1.000e-12,0.02000,6.250000,13,6.2045070536,7.0557259639,256,256,256,16384
closed_n20,20,0.200000,0.500000,false,2,256,1.000e-12,0.02000,6.250000,14,5.6085441154,6.7513522600,256,256,256,4096
closed_n20,20,0.200000,0.500000,false,2,256,1.000e-12,0.02000,6.250000,15,5.2041972973,6.3706967522,256,256,256,1024
closed_n20,20,0.200000,0.500000,false,2,256,1.000e-12,0.02000,6.250000,16,4.3293624796,5.5230795382,256,223,256,256
closed_n20,20,0.200000,0.500000,false,2,256,1.000e-12,0.02000,6.250000,17,3.7926314242,4.5152922180,64,63,64,64
closed_n20,20,0.200000,0.500000,false,2,256,1.000e-12,0.02000,6.250000,18,2.5881792470,3.1688591208,16,16,16,16
closed_n20,20,0.200000,0.500000,false,2,256,1.000e-12,0.02000,6.250000,19,1.8657093294,1.9313092054,4,4,4,4
closed_n20,20,0.200000,0.500000,false,2,256,1.000e-12,0.02000,6.500000,1,1.8526397550,1.9243926048,4,4,4,4
closed_n20,20,0.200000,0.500000,false,2,256,1.000e-12,0.02000,6.500000,2,2.5840378404,3.1626405686,16,16,16,16
closed_n20,20,0.200000,0.500000,false,2,256,1.000e-12,0.02000,6.500000,3,3.7935449358,4.5115520554,64,63,64,64
closed_n20,20,0.200000,0.500000,false,2,256,1.000e-12,0.02000,6.500000,4,4.3211587940,5.5095309512,255,224,255,256
closed_n20,20,0.200000,0.500000,false,2,256,1.000e-12,0.02000,6.500000,5,5.1620547368,6.3445690054,256,256,256,1024
closed_n20,20,0.200000,0.500000,false,2,256,1.000e-12,0.02000,6.500000,6,5.6027211528,6.7486385619,256,256,256,4096
closed_n20,20,0.200000,0.500000,false,2,256,1.000e-12,0.02000,6.500000,7,6.2302216552,7.0790325316,256,256,256,16384
closed_n20,20,0.200000,0.500000,false,2,256,1.000e-12,0.02000,6.500000,8,6.3629601804,7.2080257000,256,256,256,65536
closed_n20,20,0.200000,0.500000,false,2,256,1.000e-12,0.02000,6.500000,9,6.7409957519,7.3554725937,256,256,256,262144
closed_n20,20,0.200000,0.500000,false,2,256,1.000e-12,0.02000,6.500000,10,6.6406969672,7.3480794929,256,256,256,1048576
closed_n20,20,0.200000,0.500000,false,2,256,1.000e-12,0.02000,6.500000,11,6.7409058041,7.3552905236,256,256,256,262144
closed_n20,20,0.200000,0.500000,false,2,256,1.000e-12,0.02000,6.500000,12,6.3636742463,7.2076323658,256,256,256,65536
closed_n20,20,0.200000,0.500000,false,2,256,1.000e-12,0.02000,6.500000,13,6.2298535105,7.0786557311,256,256,256,16384
closed_n20,20,0.200000,0.500000,false,2,256,1.000e-12,0.02000,6.500000,14,5.6018267370,6.7476153935,256,256,256,4096
closed_n20,20,0.200000,0.500000,false,2,256,1.000e-12,0.02000,6.500000,15,5.1623971256,6.3450052301,256,256,256,1024
closed_n20,20,0.200000,0.500000,false,2,256,1.000e-12,0.02000,6.500000,16,4.3200435755,5.5086956460,256,225,256,256
closed_n20,20,0.200000,0.500000,false,2,256,1.000e-12,0.02000,6.500000,17,3.7935577742,4.5116989599,64,63,64,64
closed_n20,20,0.200000,0.500000,false,2,256,1.000e-12,0.02000,6.500000,18,2.5843971091,3.1628899171,16,16,16,16
closed_n20,20,0.200000,0.500000,false,2,256,1.000e-12,0.02000,6.500000,19,1.8526518210,1.9244019973,4,4,4,4
closed_n20,20,0.200000,0.500000,false,2,256,1.000e-12,0.02000,6.750000,1,1.8431566374,1.9193261058,4,4,4,4
closed_n20,20,0.200000,0.500000,false,2,256,1.000e-12,0.02000,6.750000,2,2.5802611481,3.1570720463,16,16,16,16
closed_n20,20,0.200000,0.500000,false,2,256,1.000e-12,0.02000,6.750000,3,3.7855781091,4.5028270536,64,63,64,64
closed_n20,20,0.200000,0.500000,false,2,256,1.000e-12,0.02000,6.750000,4,4.3086359916,5.4969927926,255,225,255,256
closed_n20,20,0.200000,0.500000,false,2,256,1.000e-12,0.02000,6.750000,5,5.1286830919,6.3179933798,256,256,256,1024
closed_n20,20,0.200000,0.500000,false,2,256,1.000e-12,0.02000,6.750000,6,5.5869983462,6.7406873026,256,256,256,4096
closed_n20,20,0.200000,0.500000,false,2,256,1.000e-12,0.02000,6.750000,7,6.2415367384,7.0956059706,256,256,256,16384
closed_n20,20,0.200000,0.500000,false,2,256,1.000e-12,0.02000,6.750000,8,6.4261894384,7.2401068993,256,256,256,65536
closed_n20,20,0.200000,0.500000,false,2,256,1.000e-12,0.02000,6.750000,9,6.7782869583,7.3744963650,256,256,256,262144
closed_n20,20,0.200000,0.500000,false,2,256,1.000e-12,0.02000,6.750000,10,6.6873509501,7.3751747675,256,256,256,1048576
closed_n20,20,0.200000,0.500000,false,2,256,1.000e-12,0.02000,6.750000,11,6.7776446391,7.3740830456,256,256,256,262144
closed_n20,20,0.200000,0.500000,false,2,256,1.000e-12,0.02000,6.750000,12,6.4258698239,7.2392316291,256,256,256,65536
closed_n20,20,0.200000,0.500000,false,2,256,1.000e-12,0.02000,6.750000,13,6.2416613192,7.0954797344,256,256,256,16384
closed_n20,20,0.200000,0.500000,false,2,256,1.000e-12,0.02000,6.750000,14,5.5857702211,6.7396344909,256,256,256,4096
closed_n20,20,0.200000,0.500000,false,2,256,1.000e-12,0.02000,6.750000,15,5.1291183886,6.3184313749,256,256,256,1024
closed_n20,20,0.200000,0.500000,false,2,256,1.000e-12,0.02000,6.750000,16,4.3078439052,5.4963663173,256,226,256,256
closed_n20,20,0.200000,0.500000,false,2,256,1.000e-12,0.02000,6.750000,17,3.7854972648,4.5030685474,64,63,64,64
closed_n20,20,0.200000,0.500000,false,2,256,1.000e-12,0.02000,6.750000,18,2.5805995387,3.1573471480,16,16,16,16
closed_n20,20,0.200000,0.500000,false,2,256,1.000e-12,0.02000,6.750000,19,1.8431663098,1.9193378875,4,4,4,4
closed_n20,20,0.200000,0.500000,false,2,256,1.000e-12,0.02000,7.000000,1,1.8390798614,1.9171023419,4,4,4,4
closed_n20,20,0.200000,0.500000,false,2,256,1.000e-12,0.02000,7.000000,2,2.5743916909,3.1506138277,16,16,16,16
closed_n20,20,0.200000,0.500000,false,2,256,1.000e-12,0.02000,7.000000,3,3.7707397711,4.4905823643,64,62,64,64
closed_n20,20,0.200000,0.500000,false,2,256,1.000e-12,0.02000,7.000000,4,4.2880557529,5.4848154704,255,227,255,256
closed_n20,20,0.200000,0.500000,false,2,256,1.000e-12,0.02000,7.000000,5,5.1107176083,6.2975771746,256,256,256,1024
closed_n20,20,0.200000,0.500000,false,2,256,1.000e-12,0.02000,7.000000,6,5.5687448373,6.7305186324,256,256,256,4096
closed_n20,20,0.200000,0.500000,false,2,256,1.000e-12,0.02000,7.000000,7,6.2385547636,7.1033246684,256,256,256,16384
closed_n20,20,0.200000,0.500000,false,2,256,1.000e-12,0.02000,7.000000,8,6.4825290546,7.2685063362,256,256,256,65536
closed_n20,20,0.200000,0.500000,false,2,256,1.000e-12,0.02000,7.000000,9,6.8087177858,7.3916457342,256,256,256,262144
closed_n20,20,0.200000,0.500000,false,2,256,1.000e-12,0.02000,7.000000,10,6.7302679962,7.3986775370,256,256,256,1048576
closed_n20,20,0.200000,0.500000,false,2,256,1.000e-12,0.02000,7.000000,11,6.8078304800,7.3911638016,256,256,256,262144
closed_n20,20,0.200000,0.500000,false,2,256,1.000e-12,0.02000,7.000000,12,6.4809268870,7.2670858014,256,256,256,65536
closed_n20,20,0.200000,0.500000,false,2,256,1.000e-12,0.02000,7.000000,13,6.2392601053,7.1034813239,256,256,256,16384
closed_n20,20,0.200000,0.500000,false,2,256,1.000e-12,0.02000,7.000000,14,5.5674817725,6.7294658616,256,256,256,4096
closed_n20,20,0.200000,0.500000,false,2,256,1.000e-12,0.02000,7.000000,15,5.1113046083,6.2982246191,256,256,256,1024
closed_n20,20,0.200000,0.500000,false,2,256,1.000e-12,0.02000,7.000000,16,4.2876959250,5.4845463404,256,228,256,256
closed_n20,20,0.200000,0.500000,false,2,256,1.000e-12,0.02000,7.000000,17,3.7705948381,4.4909343802,64,62,64,64
closed_n20,20,0.200000,0.500000,false,2,256,1.000e-12,0.02000,7.000000,18,2.5745783861,3.1507894634,16,16,16,16
closed_n20,20,0.200000,0.500000,false,2,256,1.000e-12,0.02000,7.000000,19,1.8390837297,1.9171149463,4,4,4,4
closed_n20,20,0.200000,0.500000,false,2,256,1.000e-12,0.02000,7.250000,1,1.8403590441,1.9177182303,4,4,4,4
closed_n20,20,0.200000,0.500000,false,2,256,1.000e-12,0.02000,7.250000,2,2.5658309981,3.1426144461,16,16,16,16
closed_n20,20,0.200000,0.500000,false,2,256,1.000e-12,0.02000,7.250000,3,3.7495465232,4.4762092756,64,62,64,64
closed_n20,20,0.200000,0.500000,false,2,256,1.000e-12,0.02000,7.250000,4,4.2593468862,5.4712942150,255,227,255,256
closed_n20,20,0.200000,0.500000,false,2,256,1.000e-12,0.02000,7.250000,5,5.1052780819,6.2854925615,256,256,256,1024
closed_n20,20,0.200000,0.500000,false,2,256,1.000e-12,0.02000,7.250000,6,5.5531303895,6.7209390835,256,256,256,4096
closed_n20,20,0.200000,0.500000,false,2,256,1.000e-12,0.02000,7.250000,7,6.2266623078,7.1027686011,256,256,256,16384
closed_n20,20,0.200000,0.500000,false,2,256,1.000e-12,0.02000,7.250000,8,6.5206123784,7.2891801983,256,256,256,65536
closed_n20,20,0.200000,0.500000,false,2,256,1.000e-12,0.02000,7.250000,9,6.8375738866,7.4101063384,256,256,256,262144
closed_n20,20,0.200000,0.500000,false,2,256,1.000e-12,0.02000,7.250000,10,6.7749676029,7.4228074303,256,256,256,1048576
closed_n20,20,0.200000,0.500000,false,2,256,1.000e-12,0.02000,7.250000,11,6.8368112986,7.4098077355,256,256,256,262144
closed_n20,20,0.200000,0.500000,false,2,256,1.000e-12,0.02000,7.250000,12,6.5181448747,7.2874827137,256,256,256,65536
closed_n20,20,0.200000,0.500000,false,2,256,1.000e-12,0.02000,7.250000,13,6.2277006860,7.1030119519,256,256,256,16384
closed_n20,20,0.200000,0.500000,false,2,256,1.000e-12,0.02000,7.250000,14,5.5523145799,6.7200033431,256,256,256,4096
closed_n20,20,0.200000,0.500000,false,2,256,1.000e-12,0.02000,7.250000,15,5.1059912021,6.2863623088,256,256,256,1024
closed_n20,20,0.200000,0.500000,false,2,256,1.000e-12,0.02000,7.250000,16,4.2594058265,5.4715299707,256,229,256,256
closed_n20,20,0.200000,0.500000,false,2,256,1.000e-12,0.02000,7.250000,17,3.7493696436,4.4766684688,64,63,64,64
closed_n20,20,0.200000,0.500000,false,2,256,1.000e-12,0.02000,7.250000,18,2.5657523256,3.1425612614,16,16,16,16
closed_n20,20,0.200000,0.500000,false,2,256,1.000e-12,0.02000,7.250000,19,1.8403553459,1.9177292600,4,4,4,4
closed_n20,20,0.200000,0.500000,false,2,256,1.000e-12,0.02000,7.500000,1,1.8451745585,1.9202142836,4,4,4,4
closed_n20,20,0.200000,0.500000,false,2,256,1.000e-12,0.02000,7.500000,2,2.5555676983,3.1334456575,16,16,16,16
closed_n20,20,0.200000,0.500000,false,2,256,1.000e-12,0.02000,7.500000,3,3.7210406346,4.4599300353,64,62,64,64
closed_n20,20,0.200000,0.500000,false,2,256,1.000e-12,0.02000,7.500000,4,4.2268445246,5.4552581682,255,228,255,256
closed_n20,20,0.200000,0.500000,false,2,256,1.000e-12,0.02000,7.500000,5,5.1027001113,6.2785134827,256,256,256,1024
closed_n20,20,0.200000,0.500000,false,2,256,1.000e-12,0.02000,7.500000,6,5.5409920337,6.7130054243,256,256,256,4096
closed_n20,20,0.200000,0.500000,false,2,256,1.000e-12,0.02000,7.500000,7,6.2140324255,7.0970592101,256,256,256,16384
closed_n20,20,0.200000,0.500000,false,2,256,1.000e-12,0.02000,7.500000,8,6.5341923955,7.2990910265,256,256,256,65536
closed_n20,20,0.200000,0.500000,false,2,256,1.000e-12,0.02000,7.500000,9,6.8649501243,7.4296315457,256,256,256,262144
closed_n20,20,0.200000,0.500000,false,2,256,1.000e-12,0.02000,7.500000,10,6.8205024803,7.4476678118,256,256,256,1048576
closed_n20,20,0.200000,0.500000,false,2,256,1.000e-12,0.02000,7.500000,11,6.8646036009,7.4296485590,256,256,256,262144
closed_n20,20,0.200000,0.500000,false,2,256,1.000e-12,0.02000,7.500000,12,6.5316653523,7.2975456318,256,256,256,65536
closed_n20,20,0.200000,0.500000,false,2,256,1.000e-12,0.02000,7.500000,13,6.2149819741,7.0972570195,256,256,256,16384
closed_n20,20,0.200000,0.500000,false,2,256,1.000e-12,0.02000,7.500000,14,5.5409979252,6.7123156487,256,256,256,4096
closed_n20,20,0.200000,0.500000,false,2,256,1.000e-12,0.02000,7.500000,15,5.1034594623,6.2794685394,256,256,256,1024
closed_n20,20,0.200000,0.500000,false,2,256,1.000e-12,0.02000,7.500000,16,4.2272101583,5.4560628495,256,230,256,256
closed_n20,20,0.200000,0.500000,false,2,256,1.000e-12,0.02000,7.500000,17,3.7208485637,4.4604847648,64,63,64,64
closed_n20,20,0.200000,0.500000,false,2,256,1.000e-12,0.02000,7.500000,18,2.5551910797,3.1331086289,16,16,16,16
closed_n20,20,0.200000,0.500000,false,2,256,1.000e-12,0.02000,7.500000,19,1.8451640085,1.9202211800,4,4,4,4
closed_n20,20,0.200000,0.500000,false,2,256,1.000e-12,0.02000,7.750000,1,1.8507422113,1.9231124075,4,4,4,4
closed_n20,20,0.200000,0.500000,false,2,256,1.000e-12,0.02000,7.750000,2,2.5448993598,3.1240473642,16,16,16,16
closed_n20,20,0.200000,0.500000,false,2,256,1.000e-12,0.02000,7.750000,3,3.6852512483,4.4410769181,64,63,64,64
closed_n20,20,0.200000,0.500000,false,2,256,1.000e-12,0.02000,7.750000,4,4.1962615464,5.4373814909,255,230,255,256
closed_n20,20,0.200000,0.500000,false,2,256,1.000e-12,0.02000,7.750000,5,5.0939699370,6.2722043852,256,256,256,1024
closed_n20,20,0.200000,0.500000,false,2,256,1.000e-12,0.02000,7.750000,6,5.5308750419,6.7059900866,256,256,256,4096
closed_n20,20,0.200000,0.500000,false,2,256,1.000e-12,0.02000,7.750000,7,6.2068898388,7.0901350833,256,256,256,16384
closed_n20,20,0.200000,0.500000,false,2,256,1.000e-12,0.02000,7.750000,8,6.5250505120,7.2981374708,256,256,256,65536
closed_n20,20,0.200000,0.500000,false,2,256,1.000e-12,0.02000,7.750000,9,6.8862951832,7.4473684161,256,256,256,262144
closed_n20,20,0.200000,0.500000,false,2,256,1.000e-12,0.02000,7.750000,10,6.8617993818,7.4701334458,256,256,256,1048576
closed_n20,20,0.200000,0.500000,false,2,256,1.000e-12,0.02000,7.750000,11,6.8864620887,7.4476601373,256,256,256,262144
closed_n20,20,0.200000,0.500000,false,2,256,1.000e-12,0.02000,7.750000,12,6.5231765783,7.2970565717,256,256,256,65536
closed_n20,20,0.200000,0.500000,false,2,256,1.000e-12,0.02000,7.750000,13,6.2074909994,7.0903525701,256,256,256,16384
closed_n20,20,0.200000,0.500000,false,2,256,1.000e-12,0.02000,7.750000,14,5.5317498253,6.7055632459,256,256,256,4096
closed_n20,20,0.200000,0.500000,false,2,256,1.000e-12,0.02000,7.750000,15,5.0947996733,6.2730914659,256,256,256,1024
closed_n20,20,0.200000,0.500000,false,2,256,1.000e-12,0.02000,7.750000,16,4.1967149228,5.4385689128,256,231,256,256
closed_n20,20,0.200000,0.500000,false,2,256,1.000e-12,0.02000,7.750000,17,3.6850381745,4.4416959543,64,63,64,64
closed_n20,20,0.200000,0.500000,false,2,256,1.000e-12,0.02000,7.750000,18,2.5443099092,3.1234971193,16,16,16,16
closed_n20,20,0.200000,0.500000,false,2,256,1.000e-12,0.02000,7.750000,19,1.8507260720,1.9231124520,4,4,4,4
closed_n20,20,0.200000,0.500000,false,2,256,1.000e-12,0.02000,8.000000,1,1.8542924113,1.9249474178,4,4,4,4
closed_n20,20,0.200000,0.500000,false,2,256,1.000e-12,0.02000,8.000000,2,2.5341265132,3.1153039318,16,16,16,16
closed_n20,20,0.200000,0.500000,false,2,256,1.000e-12,0.02000,8.000000,3,3.6453889047,4.4194458808,64,63,64,64
closed_n20,20,0.200000,0.500000,false,2,256,1.000e-12,0.02000,8.000000,4,4.1710282960,5.4202828822,255,231,255,256
closed_n20,20,0.200000,0.500000,false,2,256,1.000e-12,0.02000,8.000000,5,5.0753557848,6.2638893548,256,256,256,1024
closed_n20,20,0.200000,0.500000,false,2,256,1.000e-12,0.02000,8.000000,6,5.5219026059,6.6998123262,256,256,256,4096
closed_n20,20,0.200000,0.500000,false,2,256,1.000e-12,0.02000,8.000000,7,6.2058332298,7.0845823296,256,256,256,16384
closed_n20,20,0.200000,0.500000,false,2,256,1.000e-12,0.02000,8.000000,8,6.5015234867,7.2893845603,256,256,256,65536
closed_n20,20,0.200000,0.500000,false,2,256,1.000e-12,0.02000,8.000000,9,6.8955448688,7.4599319077,256,256,256,262144
closed_n20,20,0.200000,0.500000,false,2,256,1.000e-12,0.02000,8.000000,10,6.8921233387,7.4869364190,256,256,256,1048576
closed_n20,20,0.200000,0.500000,false,2,256,1.000e-12,0.02000,8.000000,11,6.8961325119,7.4603970041,256,256,256,262144
closed_n20,20,0.200000,0.500000,false,2,256,1.000e-12,0.02000,8.000000,12,6.5007192964,7.2889385434,256,256,256,65536
closed_n20,20,0.200000,0.500000,false,2,256,1.000e-12,0.02000,8.000000,13,6.2060839743,7.0848866510,256,256,256,16384
closed_n20,20,0.200000,0.500000,false,2,256,1.000e-12,0.02000,8.000000,14,5.5233411148,6.6996421440,256,256,256,4096
closed_n20,20,0.200000,0.500000,false,2,256,1.000e-12,0.02000,8.000000,15,5.0764295509,6.2645877318,256,256,256,1024
closed_n20,20,0.200000,0.500000,false,2,256,1.000e-12,0.02000,8.000000,16,4.1712959048,5.4214620232,256,233,256,256
closed_n20,20,0.200000,0.500000,false,2,256,1.000e-12,0.02000,8.000000,17,3.6451448293,4.4201040110,64,63,64,64
closed_n20,20,0.200000,0.500000,false,2,256,1.000e-12,0.02000,8.000000,18,2.5335100480,3.1147194811,16,16,16,16
closed_n20,20,0.200000,0.500000,false,2,256,1.000e-12,0.02000,8.000000,19,1.8542692290,1.9249368596,4,4,4,4
closed_n20,20,0.200000,0.500000,false,2,256,1.000e-12,0.02000,8.250000,1,1.8537669904,1.9246331707,4,4,4,4
closed_n20,20,0.200000,0.500000,false,2,256,1.000e-12,0.02000,8.250000,2,2.5223576639,3.1075496278,16,16,16,16
closed_n20,20,0.200000,0.500000,false,2,256,1.000e-12,0.02000,8.250000,3,3.6075763319,4.3965359256,64,63,64,64
closed_n20,20,0.200000,0.500000,false,2,256,1.000e-12,0.02000,8.250000,4,4.1512367626,5.4065179986,255,232,255,256
closed_n20,20,0.200000,0.500000,false,2,256,1.000e-12,0.02000,8.250000,5,5.0484527921,6.2529742637,256,256,256,1024
closed_n20,20,0.200000,0.500000,false,2,256,1.000e-12,0.02000,8.250000,6,5.5145992484,6.6953687661,256,256,256,4096
closed_n20,20,0.200000,0.500000,false,2,256,1.000e-12,0.02000,8.250000,7,6.2059736149,7.0804898641,256,256,256,16384
closed_n20,20,0.200000,0.500000,false,2,256,1.000e-12,0.02000,8.250000,8,6.4741962727,7.2776282858,256,256,256,65536
closed_n20,20,0.200000,0.500000,false,2,256,1.000e-12,0.02000,8.250000,9,6.8885542473,7.4651272831,256,256,256,262144
closed_n20,20,0.200000,0.500000,false,2,256,1.000e-12,0.02000,8.250000,10,6.9048149337,7.4956655952,256,256,256,1048576
closed_n20,20,0.200000,0.500000,false,2,256,1.000e-12,0.02000,8.250000,11,6.8893855895,7.4656542410,256,256,256,262144
closed_n20,20,0.200000,0.500000,false,2,256,1.000e-12,0.02000,8.250000,12,6.4746635700,7.2779621800,256,256,256,65536
closed_n20,20,0.200000,0.500000,false,2,256,1.000e-12,0.02000,8.250000,13,6.2061429897,7.0809753653,256,256,256,16384
closed_n20,20,0.200000,0.500000,false,2,256,1.000e-12,0.02000,8.250000,14,5.5160728815,6.6954163274,256,256,256,4096
closed_n20,20,0.200000,0.500000,false,2,256,1.000e-12,0.02000,8.250000,15,5.0500036884,6.2535384351,256,256,256,1024
closed_n20,20,0.200000,0.500000,false,2,256,1.000e-12,0.02000,8.250000,16,4.1511511436,5.4074009106,256,233,256,256
closed_n20,20,0.200000,0.500000,false,2,256,1.000e-12,0.02000,8.250000,17,3.6072972447,4.3972388320,64,63,64,64
closed_n20,20,0.200000,0.500000,false,2,256,1.000e-12,0.02000,8.250000,18,2.5219261196,3.1071251262,16,16,16,16
closed_n20,20,0.200000,0.500000,false,2,256,1.000e-12,0.02000,8.250000,19,1.8537315424,1.9246068741,4,4,4,4
closed_n20,20,0.200000,0.500000,false,2,256,1.000e-12,0.02000,8.500000,1,1.8481346262,1.9216173769,4,4,4,4
closed_n20,20,0.200000,0.500000,false,2,256,1.000e-12,0.02000,8.500000,2,2.5085705735,3.1003026342,16,16,16,16
closed_n20,20,0.200000,0.500000,false,2,256,1.000e-12,0.02000,8.500000,3,3.5777007111,4.3752661159,64,63,64,64
closed_n20,20,0.200000,0.500000,false,2,256,1.000e-12,0.02000,8.500000,4,4.1355141035,5.3971609306,255,233,255,256
closed_n20,20,0.200000,0.500000,false,2,256,1.000e-12,0.02000,8.500000,5,5.0182045853,6.2407116481,256,256,256,1024
closed_n20,20,0.200000,0.500000,false,2,256,1.000e-12,0.02000,8.500000,6,5.5104310190,6.6933461202,256,256,256,4096
closed_n20,20,0.200000,0.500000,false,2,256,1.000e-12,0.02000,8.500000,7,6.2008356878,7.0763708520,256,256,256,16384
closed_n20,20,0.200000,0.500000,false,2,256,1.000e-12,0.02000,8.500000,8,6.4513891279,7.2673703001,256,256,256,65536
closed_n20,20,0.200000,0.500000,false,2,256,1.000e-12,0.02000,8.500000,9,6.8648602436,7.4626102084,256,256,256,262144
closed_n20,20,0.200000,0.500000,false,2,256,1.000e-12,0.02000,8.500000,10,6.8947656429,7.4946036119,256,256,256,1048576
closed_n20,20,0.200000,0.500000,false,2,256,1.000e-12,0.02000,8.500000,11,6.8657986239,7.4630962619,256,256,256,262144
closed_n20,20,0.200000,0.500000,false,2,256,1.000e-12,0.02000,8.500000,12,6.4530939772,7.2685325558,256,256,256,65536
closed_n20,20,0.200000,0.500000,false,2,256,1.000e-12,0.02000,8.500000,13,6.2013453871,7.0772326298,256,256,256,16384
closed_n20,20,0.200000,0.500000,false,2,256,1.000e-12,0.02000,8.500000,14,5.5114461726,6.6935041356,256,256,256,4096
closed_n20,20,0.200000,0.500000,false,2,256,1.000e-12,0.02000,8.500000,15,5.0203585597,6.2414303609,256,256,256,1024
closed_n20,20,0.200000,0.500000,false,2,256,1.000e-12,0.02000,8.500000,16,4.1351509400,5.3978440480,256,234,256,256
closed_n20,20,0.200000,0.500000,false,2,256,1.000e-12,0.02000,8.500000,17,3.5773632780,4.3760084415,64,63,64,64
closed_n20,20,0.200000,0.500000,false,2,256,1.000e-12,0.02000,8.500000,18,2.5084617090,3.1001330040,16,16,16,16
closed_n20,20,0.200000,0.500000,false,2,256,1.000e-12,0.02000,8.500000,19,1.8480800809,1.9215698531,4,4,4,4
closed_n20,20,0.200000,0.500000,false,2,256,1.000e-12,0.02000,8.750000,1,1.8375106330,1.9159387803,4,4,4,4
closed_n20,20,0.200000,0.500000,false,2,256,1.000e-12,0.02000,8.750000,2,2.4930686259,3.0926842751,16,16,16,16
closed_n20,20,0.200000,0.500000,false,2,256,1.000e-12,0.02000,8.750000,3,3.5573433615,4.3579423493,64,63,64,64
closed_n20,20,0.200000,0.500000,false,2,256,1.000e-12,0.02000,8.750000,4,4.1225829437,5.3919758846,255,234,255,256
closed_n20,20,0.200000,0.500000,false,2,256,1.000e-12,0.02000,8.750000,5,4.9900490702,6.2296993615,256,256,256,1024
closed_n20,20,0.200000,0.500000,false,2,256,1.000e-12,0.02000,8.750000,6,5.5105281490,6.6942342504,256,256,256,4096
closed_n20,20,0.200000,0.500000,false,2,256,1.000e-12,0.02000,8.750000,7,6.1864293412,7.0709160265,256,256,256,16384
closed_n20,20,0.200000,0.500000,false,2,256,1.000e-12,0.02000,8.750000,8,6.4364577684,7.2612544446,256,256,256,65536
closed_n20,20,0.200000,0.500000,false,2,256,1.000e-12,0.02000,8.750000,9,6.8275365482,7.4536727138,256,256,256,262144
closed_n20,20,0.200000,0.500000,false,2,256,1.000e-12,0.02000,8.750000,10,6.8607543276,7.4836321394,256,256,256,1048576
closed_n20,20,0.200000,0.500000,false,2,256,1.000e-12,0.02000,8.750000,11,6.8285180690,7.4540512191,256,256,256,262144
closed_n20,20,0.200000,0.500000,false,2,256,1.000e-12,0.02000,8.750000,12,6.4390334204,7.2630354213,256,256,256,65536
closed_n20,20,0.200000,0.500000,false,2,256,1.000e-12,0.02000,8.750000,13,6.1875797010,7.0722856396,256,256,256,16384
closed_n20,20,0.200000,0.500000,false,2,256,1.000e-12,0.02000,8.750000,14,5.5109412118,6.6944954580,256,256,256,4096
closed_n20,20,0.200000,0.500000,false,2,256,1.000e-12,0.02000,8.750000,15,4.9926713633,6.2307974317,256,256,256,1024
closed_n20,20,0.200000,0.500000,false,2,256,1.000e-12,0.02000,8.750000,16,4.1222302812,5.3927410196,256,235,256,256
closed_n20,20,0.200000,0.500000,false,2,256,1.000e-12,0.02000,8.750000,17,3.5568840657,4.3586263202,64,63,64,64
closed_n20,20,0.200000,0.500000,false,2,256,1.000e-12,0.02000,8.750000,18,2.4932812248,3.0927263894,16,16,16,16
closed_n20,20,0.200000,0.500000,false,2,256,1.000e-12,0.02000,8.750000,19,1.8374327076,1.9158666358,4,4,4,4
closed_n20,20,0.200000,0.500000,false,2,256,1.000e-12,0.02000,9.000000,1,1.8232388067,1.9082812440,4,4,4,4
closed_n20,20,0.200000,0.500000,false,2,256,1.000e-12,0.02000,9.000000,2,2.4781741012,3.0846440380,16,16,16,16
closed_n20,20,0.200000,0.500000,false,2,256,1.000e-12,0.02000,9.000000,3,3.5421168455,4.3441785141,64,63,64,64
closed_n20,20,0.200000,0.500000,false,2,256,1.000e-12,0.02000,9.000000,4,4.1116014002,5.3897177249,255,236,255,256
closed_n20,20,0.200000,0.500000,false,2,256,1.000e-12,0.02000,9.000000,5,4.9666560655,6.2221633715,256,256,256,1024
closed_n20,20,0.200000,0.500000,false,2,256,1.000e-12,0.02000,9.000000,6,5.5138028892,6.6975583297,256,256,256,4096
closed_n20,20,0.200000,0.500000,false,2,256,1.000e-12,0.02000,9.000000,7,6.1624394801,7.0636838182,256,256,256,16384
closed_n20,20,0.200000,0.500000,false,2,256,1.000e-12,0.02000,9.000000,8,6.4278758405,7.2596442292,256,256,256,65536
closed_n20,20,0.200000,0.500000,false,2,256,1.000e-12,0.02000,9.000000,9,6.7818168728,7.4405273879,256,256,256,262144
closed_n20,20,0.200000,0.500000,false,2,256,1.000e-12,0.02000,9.000000,10,6.8081973736,7.4654002958,256,256,256,1048576
closed_n20,20,0.200000,0.500000,false,2,256,1.000e-12,0.02000,9.000000,11,6.7828277978,7.4407970870,256,256,256,262144
closed_n20,20,0.200000,0.500000,false,2,256,1.000e-12,0.02000,9.000000,12,6.4307520298,7.2616327718,256,256,256,65536
closed_n20,20,0.200000,0.500000,false,2,256,1.000e-12,0.02000,9.000000,13,6.1642226103,7.0654882262,256,256,256,16384
closed_n20,20,0.200000,0.500000,false,2,256,1.000e-12,0.02000,9.000000,14,5.5140372129,6.6981934930,256,256,256,4096
closed_n20,20,0.200000,0.500000,false,2,256,1.000e-12,0.02000,9.000000,15,4.9693818767,6.2235167207,256,256,256,1024
closed_n20,20,0.200000,0.500000,false,2,256,1.000e-12,0.02000,9.000000,16,4.1116040683,5.3907232239,256,236,256,256
closed_n20,20,0.200000,0.500000,false,2,256,1.000e-12,0.02000,9.000000,17,3.5414751028,4.3446207579,64,63,64,64
closed_n20,20,0.200000,0.500000,false,2,256,1.000e-12,0.02000,9.000000,18,2.4785674998,3.0847692438,16,16,16,16
closed_n20,20,0.200000,0.500000,false,2,256,1.000e-12,0.02000,9.000000,19,1.8231408579,1.9081867815,4,4,4,4
closed_n20,20,0.200000,0.500000,false,2,256,1.000e-12,0.02000,9.250000,1,1.8078511558,1.8999812980,4,4,4,4
closed_n20,20,0.200000,0.500000,false,2,256,1.000e-12,0.02000,9.250000,2,2.4676034350,3.0778486494,16,16,16,16
closed_n20,20,0.200000,0.500000,false,2,256,1.000e-12,0.02000,9.250000,3,3.5240557027,4.3309474199,64,63,64,64
closed_n20,20,0.200000,0.500000,false,2,256,1.000e-12,0.02000,9.250000,4,4.1027060147,5.3888178162,256,237,255,256
closed_n20,20,0.200000,0.500000,false,2,256,1.000e-12,0.02000,9.250000,5,4.9461682677,6.2176526299,256,256,256,1024
closed_n20,20,0.200000,0.500000,false,2,256,1.000e-12,0.02000,9.250000,6,5.5171779762,6.7012942921,256,256,256,4096
closed_n20,20,0.200000,0.500000,false,2,256,1.000e-12,0.02000,9.250000,7,6.1305992270,7.0548584481,256,256,256,16384
closed_n20,20,0.200000,0.500000,false,2,256,1.000e-12,0.02000,9.250000,8,6.4219167685,7.2612974679,256,256,256,65536
closed_n20,20,0.200000,0.500000,false,2,256,1.000e-12,0.02000,9.250000,9,6.7331647383,7.4254815507,256,256,256,262144
closed_n20,20,0.200000,0.500000,false,2,256,1.000e-12,0.02000,9.250000,10,6.7497020945,7.4452537855,256,256,256,1048576
closed_n20,20,0.200000,0.500000,false,2,256,1.000e-12,0.02000,9.250000,11,6.7342647511,7.4257272657,256,256,256,262144
closed_n20,20,0.200000,0.500000,false,2,256,1.000e-12,0.02000,9.250000,12,6.4246766999,7.2631441302,256,256,256,65536
closed_n20,20,0.200000,0.500000,false,2,256,1.000e-12,0.02000,9.250000,13,6.1326989545,7.0568479564,256,256,256,16384
closed_n20,20,0.200000,0.500000,false,2,256,1.000e-12,0.02000,9.250000,14,5.5180183541,6.7026469943,256,256,256,4096
closed_n20,20,0.200000,0.500000,false,2,256,1.000e-12,0.02000,9.250000,15,4.9486279400,6.2190757212,256,256,256,1024
closed_n20,20,0.200000,0.500000,false,2,256,1.000e-12,0.02000,9.250000,16,4.1033045107,5.3900703477,256,237,256,256
closed_n20,20,0.200000,0.500000,false,2,256,1.000e-12,0.02000,9.250000,17,3.5232792736,4.3310354495,64,63,64,64
closed_n20,20,0.200000,0.500000,false,2,256,1.000e-12,0.02000,9.250000,18,2.4679455696,3.0779159635,16,16,16,16
closed_n20,20,0.200000,0.500000,false,2,256,1.000e-12,0.02000,9.250000,19,1.8077490002,1.8998763044,4,4,4,4
closed_n20,20,0.200000,0.500000,false,2,256,1.000e-12,0.02000,9.500000,1,1.7946600548,1.8928394706,4,4,4,4
closed_n20,20,0.200000,0.500000,false,2,256,1.000e-12,0.02000,9.500000,2,2.4650439921,3.0752361523,16,16,16,16
closed_n20,20,0.200000,0.500000,false,2,256,1.000e-12,0.02000,9.500000,3,3.4962017392,4.3147911608,64,63,64,64
closed_n20,20,0.200000,0.500000,false,2,256,1.000e-12,0.02000,9.500000,4,4.0974669690,5.3886999691,256,238,256,256
closed_n20,20,0.200000,0.500000,false,2,256,1.000e-12,0.02000,9.500000,5,4.9234628062,6.2132854683,256,256,256,1024
closed_n20,20,0.200000,0.500000,false,2,256,1.000e-12,0.02000,9.500000,6,5.5181007194,6.7037316713,256,256,256,4096
closed_n20,20,0.200000,0.500000,false,2,256,1.000e-12,0.02000,9.500000,7,6.0923558316,7.0448573508,256,256,256,16384
closed_n20,20,0.200000,0.500000,false,2,256,1.000e-12,0.02000,9.500000,8,6.4158562994,7.2644769742,256,256,256,65536
closed_n20,20,0.200000,0.500000,false,2,256,1.000e-12,0.02000,9.500000,9,6.6851744532,7.4101504931,256,256,256,262144
closed_n20,20,0.200000,0.500000,false,2,256,1.000e-12,0.02000,9.500000,10,6.7006965072,7.4292842745,256,256,256,1048576
closed_n20,20,0.200000,0.500000,false,2,256,1.000e-12,0.02000,9.500000,11,6.6865201276,7.4105147800,256,256,256,262144
closed_n20,20,0.200000,0.500000,false,2,256,1.000e-12,0.02000,9.500000,12,6.4184239569,7.2660326466,256,256,256,65536
closed_n20,20,0.200000,0.500000,false,2,256,1.000e-12,0.02000,9.500000,13,6.0943102823,7.0467271095,256,256,256,16384
closed_n20,20,0.200000,0.500000,false,2,256,1.000e-12,0.02000,9.500000,14,5.5201134501,6.7058977527,256,256,256,4096
closed_n20,20,0.200000,0.500000,false,2,256,1.000e-12,0.02000,9.500000,15,4.9254700220,6.2148626996,256,256,256,1024
closed_n20,20,0.200000,0.500000,false,2,256,1.000e-12,0.02000,9.500000,16,4.0986760022,5.3900791861,256,239,256,256
closed_n20,20,0.200000,0.500000,false,2,256,1.000e-12,0.02000,9.500000,17,3.4955149742,4.3146257440,64,63,64,64
closed_n20,20,0.200000,0.500000,false,2,256,1.000e-12,0.02000,9.500000,18,2.4651062818,3.0751487058,16,16,16,16
closed_n20,20,0.200000,0.500000,false,2,256,1.000e-12,0.02000,9.500000,19,1.7945825666,1.8927461167,4,4,4,4
closed_n20,20,0.200000,0.500000,false,2,256,1.000e-12,0.02000,9.750000,1,1.7868694134,1.8886378151,4,4,4,4
closed_n20,20,0.200000,0.500000,false,2,256,1.000e-12,0.02000,9.750000,2,2.4727698556,3.0795476600,16,16,16,16
closed_n20,20,0.200000,0.500000,false,2,256,1.000e-12,0.02000,9.750000,3,3.4562571185,4.2942303301,64,63,64,64
closed_n20,20,0.200000,0.500000,false,2,256,1.000e-12,0.02000,9.750000,4,4.0981202346,5.3903481794,256,240,256,256
closed_n20,20,0.200000,0.500000,false,2,256,1.000e-12,0.02000,9.750000,5,4.8932244181,6.2061282201,256,256,256,1024
closed_n20,20,0.200000,0.500000,false,2,256,1.000e-12,0.02000,9.750000,6,5.5161835351,6.7047498110,256,256,256,4096
closed_n20,20,0.200000,0.500000,false,2,256,1.000e-12,0.02000,9.750000,7,6.0478150494,7.0338661084,256,256,256,16384
closed_n20,20,0.200000,0.500000,false,2,256,1.000e-12,0.02000,9.750000,8,6.4092204289,7.2677463785,256,256,256,65536
closed_n20,20,0.200000,0.500000,false,2,256,1.000e-12,0.02000,9.750000,9,6.6385104312,7.3951311484,256,256,256,262144
closed_n20,20,0.200000,0.500000,false,2,256,1.000e-12,0.02000,9.750000,10,6.6716430287,7.4211781845,256,256,256,1048576
closed_n20,20,0.200000,0.500000,false,2,256,1.000e-12,0.02000,9.750000,11,6.6402989135,7.3957255917,256,256,256,262144
closed_n20,20,0.200000,0.500000,false,2,256,1.000e-12,0.02000,9.750000,12,6.4116921527,7.2690027247,256,256,256,65536
closed_n20,20,0.200000,0.500000,false,2,256,1.000e-12,0.02000,9.750000,13,6.0493469463,7.0354294463,256,256,256,16384
closed_n20,20,0.200000,0.500000,false,2,256,1.000e-12,0.02000,9.750000,14,5.5193295356,6.7075443452,256,256,256,4096
closed_n20,20,0.200000,0.500000,false,2,256,1.000e-12,0.02000,9.750000,15,4.8948230282,6.2079864957,256,256,256,1024
closed_n20,20,0.200000,0.500000,false,2,256,1.000e-12,0.02000,9.750000,16,4.0996868347,5.3916446881,256,240,256,256
closed_n20,20,0.200000,0.500000,false,2,256,1.000e-12,0.02000,9.750000,17,3.4560071983,4.2941239825,64,63,64,64
closed_n20,20,0.200000,0.500000,false,2,256,1.000e-12,0.02000,9.750000,18,2.4724391618,3.0792888264,16,16,16,16
closed_n20,20,0.200000,0.500000,false,2,256,1.000e-12,0.02000,9.750000,19,1.7868503432,1.8885831673,4,4,4,4
closed_n20,20,0.200000,0.500000,false,2,256,1.000e-12,0.02000,10.000000,1,1.7864619684,1.8884881945,4,4,4,4
closed_n20,20,0.200000,0.500000,false,2,256,1.000e-12,0.02000,10.000000,2,2.4905309292,3.0915257496,16,16,16,16
closed_n20,20,0.200000,0.500000,false,2,256,1.000e-12,0.02000,10.000000,3,3.4076810907,4.2710052616,64,63,64,64
closed_n20,20,0.200000,0.500000,false,2,256,1.000e-12,0.02000,10.000000,4,4.1057501753,5.3955014001,256,241,256,256
closed_n20,20,0.200000,0.500000,false,2,256,1.000e-12,0.02000,10.000000,5,4.8533537263,6.1949788447,256,256,256,1024
closed_n20,20,0.200000,0.500000,false,2,256,1.000e-12,0.02000,10.000000,6,5.5127759780,6.7052851726,256,256,256,4096
closed_n20,20,0.200000,0.500000,false,2,256,1.000e-12,0.02000,10.000000,7,5.9969102427,7.0217793879,256,256,256,16384
closed_n20,20,0.200000,0.500000,false,2,256,1.000e-12,0.02000,10.000000,8,6.4027529501,7.2702378260,256,256,256,65536
closed_n20,20,0.200000,0.500000,false,2,256,1.000e-12,0.02000,10.000000,9,6.5921921332,7.3804535040,256,256,256,262144
closed_n20,20,0.200000,0.500000,false,2,256,1.000e-12,0.02000,10.000000,10,6.6631195436,7.4205634722,256,256,256,1048576
closed_n20,20,0.200000,0.500000,false,2,256,1.000e-12,0.02000,10.000000,11,6.5945442351,7.3813205430,256,256,256,262144
closed_n20,20,0.200000,0.500000,false,2,256,1.000e-12,0.02000,10.000000,12,6.4051836155,7.2712448591,256,256,256,65536
closed_n20,20,0.200000,0.500000,false,2,256,1.000e-12,0.02000,10.000000,13,5.9982039542,7.0231178253,256,256,256,16384
closed_n20,20,0.200000,0.500000,false,2,256,1.000e-12,0.02000,10.000000,14,5.5164863942,6.7083628436,256,256,256,4096
closed_n20,20,0.200000,0.500000,false,2,256,1.000e-12,0.02000,10.000000,15,4.8548530715,6.1971130281,256,256,256,1024
closed_n20,20,0.200000,0.500000,false,2,256,1.000e-12,0.02000,10.000000,16,4.1072753730,5.3965647368,256,241,256,256
closed_n20,20,0.200000,0.500000,false,2,256,1.000e-12,0.02000,10.000000,17,3.4081899030,4.2713654355,64,63,64,64
closed_n20,20,0.200000,0.500000,false,2,256,1.000e-12,0.02000,10.000000,18,2.4898597719,3.0911671592,16,16,16,16
closed_n20,20,0.200000,0.500000,false,2,256,1.000e-12,0.02000,10.000000,19,1.7865235642,1.8884928563,4,4,4,4
