layer,index,s,s_over_s1,log10_s_over_s1
1.0,1.0,29.18592724510183,1.0,0.0
1.0,2.0,0.18051782588906504,0.00618509819383452,-2.208653401176013
1.0,3.0,0.1805178258890538,0.0061850981938341345,-2.20865340117604
1.0,4.0,0.06873301328386923,0.0023550052978153864,-2.6280081115459555
1.0,5.0,0.06707495973476979,0.002298195262788053,-2.6386130748867456
1.0,6.0,0.05290293160637023,0.001812617812759358,-2.7416937564709114
1.0,7.0,0.05290293160636354,0.0018126178127591288,-2.7416937564709665
1.0,8.0,0.0529029316063567,0.0018126178127588943,-2.7416937564710224
1.0,9.0,0.05290293160635193,0.0018126178127587309,-2.7416937564710615
1.0,10.0,0.05290293160634509,0.0018126178127584967,-2.741693756471118
1.0,11.0,0.05290293160633894,0.0018126178127582857,-2.7416937564711685
1.0,12.0,0.05290293160633799,0.0018126178127582532,-2.741693756471176
1.0,13.0,0.05290293160632904,0.0018126178127579468,-2.7416937564712494
1.0,14.0,2.7450404819807693e-14,9.405356420332542e-16,-15.026624742011457
1.0,15.0,2.586445994170738e-14,8.861962727618366e-16,-15.052470080892503
1.0,16.0,1.438696506139326e-14,4.929418531257311e-16,-15.307204306596962
1.0,17.0,1.3154752095003693e-14,4.507224315517133e-16,-15.346090827425565
1.0,18.0,9.259144767920472e-15,3.1724689403090326e-16,-15.498602621122439
1.0,19.0,7.961708617530275e-15,2.7279272474944106e-16,-15.564167216285735
1.0,20.0,7.199900991122867e-15,2.4669084283869035e-16,-15.607846971217345
1.0,21.0,5.680767202465866e-15,1.9464062781898592e-16,-15.71076650324554
1.0,22.0,4.035008277289237e-15,1.382518445757593e-16,-15.859329065565907
1.0,23.0,3.72508535431872e-15,1.2763292812442298e-16,-15.894037267167533
1.0,24.0,3.381689617758599e-15,1.1586712970807312e-16,-15.936039751362545
1.0,25.0,3.357643996192132e-15,1.1504325245502122e-16,-15.939138848594528
1.0,26.0,3.347851479642573e-15,1.1470773059658164e-16,-15.940407312331494
1.0,27.0,3.255424737508013e-15,1.115409049768792e-16,-15.952565836221806
1.0,28.0,3.237109923907731e-15,1.1091338290274822e-16,-15.955016048349004
1.0,29.0,3.187801894871417e-15,1.092239375538913e-16,-15.961682171079154
1.0,30.0,3.1808338491891206e-15,1.0898519078995335e-16,-15.962632511189227
1.0,31.0,3.158370671133635e-15,1.0821553293852238e-16,-15.965710397405754
1.0,32.0,3.1472256607973866e-15,1.078336704661516e-16,-15.967245611927984
1.0,33.0,3.1334845196870685e-15,1.0736285653603656e-16,-15.969145942021076
1.0,34.0,3.0985869002211216e-15,1.0616715632158462e-16,-15.974009815028465
1.0,35.0,3.0660938434363998e-15,1.0505384385041155e-16,-15.978588052420502
1.0,36.0,3.0524561651491478e-15,1.0458657487613077e-16,-15.980524059554872
1.0,37.0,3.0373583854447058e-15,1.0406927831818175e-16,-15.982677457098873
1.0,38.0,3.0343705697592495e-15,1.0396690652576395e-16,-15.983104878012899
1.0,39.0,3.0266174307848128e-15,1.0370126004109598e-16,-15.984215966604495
1.0,40.0,3.024846887450289e-15,1.0364059575862674e-16,-15.984470099218242
1.0,41.0,3.0246468062575363e-15,1.0363374035906816e-16,-15.984498826963861
1.0,42.0,3.0203798670509555e-15,1.0348754184460098e-16,-15.985111928794488
1.0,43.0,3.0200333713646892e-15,1.0347566983233437e-16,-15.985161753585864
1.0,44.0,3.0193254114525632e-15,1.0345141293940853e-16,-15.98526357336366
1.0,45.0,3.017517640605494e-15,1.033894731273927e-16,-15.985523677832214
1.0,46.0,3.0113386540382874e-15,1.0317776196552637e-16,-15.986413896665885
1.0,47.0,3.011189131734128e-15,1.0317263886962801e-16,-15.986435461269302
1.0,48.0,3.002875177016583e-15,1.0288777710567839e-16,-15.987636215624883
1.0,49.0,3.002204293798117e-15,1.0286479057477834e-16,-15.987733253768146
1.0,50.0,3.00035457493713e-15,1.0280141349426096e-16,-15.988000913856917
1.0,51.0,2.99732652139e-15,1.0269766302843884e-16,-15.988439439025907
1.0,52.0,2.9853059302936652e-15,1.0228580045524093e-16,-15.990184651839726
1.0,53.0,2.974646062912769e-15,1.01920560478749e-16,-15.991738196741862
1.0,54.0,2.973596870770055e-15,1.0188461191580278e-16,-15.991891404459786
1.0,55.0,2.9729118850599066e-15,1.0186114218998609e-16,-15.991991458298981
1.0,56.0,2.9652716076840754e-15,1.0159936269222786e-16,-15.993109016265848
1.0,57.0,2.9595114354781637e-15,1.0140200140377065e-16,-15.993953473108839
1.0,58.0,2.9481292604559787e-15,1.010120129368428e-16,-15.995626974316933
1.0,59.0,2.947774692277647e-15,1.0099986433606838e-16,-15.995679209565242
1.0,60.0,2.9466843333886222e-15,1.0096250527326158e-16,-15.995839881427457
1.0,61.0,2.9332104899515577e-15,1.005008497869064e-16,-15.997830266042458
1.0,62.0,2.928080610318263e-15,1.0032508426846958e-16,-15.998590466806524
1.0,63.0,2.9248326978233566e-15,1.0021380075612368e-16,-15.99907246629798
1.0,64.0,2.9241632284743465e-15,1.0019086266875754e-16,-15.999171883992576
1.0,65.0,2.9237283732155085e-15,1.0017596318466077e-16,-15.999236473165068
1.0,66.0,2.919518062740302e-15,1.000317049454125e-16,-15.999862328994688
1.0,67.0,2.9175135189895695e-15,9.996302308603902e-17,-16.000160618394602
1.0,68.0,2.917495033976286e-15,9.996238973239813e-17,-16.000163370040706
1.0,69.0,2.9163175218990238e-15,9.992204453221403e-17,-16.00033868832513
1.0,70.0,2.9163135723151427e-15,9.992190920727308e-17,-16.000339276492788
1.0,71.0,2.9162785475160095e-15,9.992070914949047e-17,-16.00034449238194
1.0,72.0,2.9162739290251664e-15,9.992055090573126e-17,-16.000345180171756
1.0,73.0,2.916271183634147e-15,9.992045684015656e-17,-16.000345589018373
1.0,74.0,2.9162692550732604e-15,9.992039076170477e-17,-16.00034587622199
1.0,75.0,2.916267762212227e-15,9.992033961167548e-17,-16.000346098540785
1.0,76.0,2.916263438252214e-15,9.992019145945209e-17,-16.00034674247115
1.0,77.0,2.91625879837377e-15,9.992003248288763e-17,-16.00034743344961
1.0,78.0,2.916258135143672e-15,9.992000975857627e-17,-16.00034753221903
1.0,79.0,2.916258072479934e-15,9.992000761152308e-17,-16.00034754155103
1.0,80.0,2.9162577133763454e-15,9.991999530752515e-17,-16.000347595029396
1.0,81.0,2.916257313837858e-15,9.991998161810271e-17,-16.00034765452941
1.0,82.0,2.916257157655354e-15,9.99199762668078e-17,-16.0003476777884
1.0,83.0,2.916256511393792e-15,9.991995412389088e-17,-16.000347774030896
1.0,84.0,2.916256437535095e-15,9.991995159326384e-17,-16.000347785030073
1.0,85.0,2.9162562974561007e-15,9.99199467937249e-17,-16.000347805890904
1.0,86.0,2.916255749585687e-15,9.991992802199257e-17,-16.000347887480824
1.0,87.0,2.91625547951783e-15,9.991991876863376e-17,-16.00034792769986
1.0,88.0,2.9162553450444332e-15,9.991991416115991e-17,-16.0003479477259
1.0,89.0,2.9162552317258784e-15,9.991991027851627e-17,-16.000347964601524
1.0,90.0,2.916254498973025e-15,9.99198851721406e-17,-16.00034807372454
1.0,91.0,2.916253224388692e-15,9.991984150094517e-17,-16.00034826353824
1.0,92.0,2.916253066322525e-15,9.991983608511015e-17,-16.00034828707778
1.0,93.0,2.916252398680824e-15,9.991981320964364e-17,-16.000348386504385
1.0,94.0,2.9162517704732235e-15,9.99197916853112e-17,-16.000348480058403
1.0,95.0,2.9162517457859773e-15,9.991979083944991e-17,-16.00034848373488
1.0,96.0,2.9162509048127306e-15,9.991976202510937e-17,-16.00034860897444
1.0,97.0,2.9162508919668565e-15,9.991976158497005e-17,-16.000348610887478
1.0,98.0,2.9162507080342717e-15,9.991975528287167e-17,-16.000348638279124
1.0,99.0,2.9162504770521904e-15,9.991974736871223e-17,-16.000348672677486
1.0,100.0,2.9162500564512583e-15,9.99197329576254e-17,-16.00034873531431
1.0,101.0,2.916249925379688e-15,9.991972846670861e-17,-16.000348754833784
1.0,102.0,2.9162498283636682e-15,9.991972514264017e-17,-16.00034876928163
1.0,103.0,2.9162497131874466e-15,9.991972119634713e-17,-16.00034878643393
1.0,104.0,2.9162496785406737e-15,9.99197200092417e-17,-16.000348791593606
1.0,105.0,2.9162495614584047e-15,9.991971599764159e-17,-16.000348809029763
1.0,106.0,2.9162495542451442e-15,9.991971575049301e-17,-16.000348810103976
1.0,107.0,2.9162492168691698e-15,9.991970419095023e-17,-16.000348860346772
1.0,108.0,2.9162478838095083e-15,9.991965851620944e-17,-16.0003490588691
1.0,109.0,2.9162478328810786e-15,9.991965677124416e-17,-16.000349066453484
1.0,110.0,2.9162476373264195e-15,9.991965007093763e-17,-16.000349095575945
1.0,111.0,2.9162474841709266e-15,9.991964482335746e-17,-16.00034911838422
1.0,112.0,2.9162473605538144e-15,9.991964058785344e-17,-16.000349136793577
1.0,113.0,2.916247346977646e-15,9.991964012269199e-17,-16.00034913881537
1.0,114.0,2.9162472421574672e-15,9.991963653122896e-17,-16.00034915442544
1.0,115.0,2.916247096047416e-15,9.991963152504738e-17,-16.0003491761845
1.0,116.0,2.916246981754761e-15,9.991962760902806e-17,-16.000349193205235
1.0,117.0,2.9162466956708337e-15,9.991961780690922e-17,-16.00034923580954
1.0,118.0,2.9162466103199058e-15,9.991961488252285e-17,-16.000349248520205
1.0,119.0,2.9162463857192115e-15,9.991960718700944e-17,-16.000349281968283
1.0,120.0,2.9162462628002285e-15,9.991960297542548e-17,-16.000349300273676
1.0,121.0,2.9162460593770814e-15,9.991959600552025e-17,-16.000349330567946
1.0,122.0,2.9162458222060554e-15,9.991958787930846e-17,-16.000349365888038
1.0,123.0,2.9162456601710633e-15,9.991958232748923e-17,-16.000349390018688
1.0,124.0,2.916245549535337e-15,9.991957853676758e-17,-16.00034940649483
1.0,125.0,2.9162455406568557e-15,9.99195782325634e-17,-16.000349407817037
1.0,126.0,2.9162452675035724e-15,9.991956887348836e-17,-16.0003494484957
1.0,127.0,2.9162449835192668e-15,9.991955914330904e-17,-16.00034949078735
1.0,128.0,2.91624495772538e-15,9.991955825953082e-17,-16.00034949462864
1.0,129.0,2.916244903679533e-15,9.991955640775318e-17,-16.00034950267728
1.0,130.0,2.916244443976113e-15,9.991954065689436e-17,-16.00034957113747
1.0,131.0,2.916244376803251e-15,9.991953835534466e-17,-16.000349581141023
1.0,132.0,2.9162442726398637e-15,9.991953478638533e-17,-16.000349596653297
1.0,133.0,2.916244156103886e-15,9.991953079350285e-17,-16.00034961400813
1.0,134.0,2.916243962185244e-15,9.991952414925131e-17,-16.000349642886988
1.0,135.0,2.916243883747903e-15,9.991952146174578e-17,-16.000349654568076
1.0,136.0,2.9162436884862457e-15,9.991951477147838e-17,-16.00034968364694
1.0,137.0,2.9162435561624512e-15,9.991951023765654e-17,-16.000349703352942
1.0,138.0,2.9162435149613442e-15,9.991950882597938e-17,-16.000349709488717
1.0,139.0,2.9162434938318307e-15,9.991950810201699e-17,-16.000349712635376
1.0,140.0,2.9162434148894593e-15,9.991950539720756e-17,-16.00034972439168
1.0,141.0,2.9162433465109396e-15,9.99195030543483e-17,-16.000349734574783
1.0,142.0,2.9162432964338553e-15,9.991950133855274e-17,-16.00034974203239
1.0,143.0,2.916243291353121e-15,9.991950116447109e-17,-16.00034974278903
1.0,144.0,2.916243095852884e-15,9.991949446602923e-17,-16.00034977190343
1.0,145.0,2.9162429151843182e-15,9.991948827576622e-17,-16.00034979880906
1.0,146.0,2.9162427265653065e-15,9.991948181309638e-17,-16.000349826898695
1.0,147.0,2.916242516323956e-15,9.991947460957844e-17,-16.000349858208388
1.0,148.0,2.9162422820179214e-15,9.991946658153011e-17,-16.00034989310186
1.0,149.0,2.9162420813396655e-15,9.991945970567332e-17,-16.000349922987393
1.0,150.0,2.916241965368639e-15,9.991945573214781e-17,-16.000349940258108
1.0,151.0,2.9162419637719403e-15,9.991945567743998e-17,-16.00034994049589
1.0,152.0,2.916241879085553e-15,9.991945277582283e-17,-16.000349953107612
1.0,153.0,2.9162417039240067e-15,9.991944677424731e-17,-16.000349979193135
1.0,154.0,2.9162416786084816e-15,9.991944590685924e-17,-16.00034998296319
1.0,155.0,2.916241610924771e-15,9.991944358780628e-17,-16.000349993042832
1.0,156.0,2.916241524535982e-15,9.99194406278596e-17,-16.00035000590808
1.0,157.0,2.916241514441761e-15,9.991944028200041e-17,-16.00035000741134
1.0,158.0,2.916241480241232e-15,9.991943911018466e-17,-16.000350012504573
1.0,159.0,2.9162413218497806e-15,9.99194336832044e-17,-16.00035003609265
1.0,160.0,2.9162412880569094e-15,9.991943252535627e-17,-16.000350041125177
1.0,161.0,2.916241247212982e-15,9.991943112591718e-17,-16.000350047207764
1.0,162.0,2.9162411718098193e-15,9.991942854237197e-17,-16.000350058437004
1.0,163.0,2.9162411670373875e-15,9.991942837885371e-17,-16.000350059147728
1.0,164.0,2.916241158438289e-15,9.991942808422204e-17,-16.000350060428328
1.0,165.0,2.916240871431382e-15,9.991941825047906e-17,-16.000350103170174
1.0,166.0,2.9162407558232474e-15,9.991941428938735e-17,-16.000350120386848
1.0,167.0,2.9162407026070296e-15,9.991941246603538e-17,-16.000350128311954
1.0,168.0,2.916240686208724e-15,9.991941190417879e-17,-16.000350130754033
1.0,169.0,2.916240315809931e-15,9.991939921317227e-17,-16.00035018591483
1.0,170.0,2.9162402722280853e-15,9.991939771992365e-17,-16.000350192405158
1.0,171.0,2.9162402227004706e-15,9.991939602295462e-17,-16.000350199780947
1.0,172.0,2.9162401075525687e-15,9.991939207763189e-17,-16.00035021692909
1.0,173.0,2.916239798269917e-15,9.991938148065312e-17,-16.000350262988313
1.0,174.0,2.9162397086192243e-15,9.991937840894352e-17,-16.00035027633934
1.0,175.0,2.9162396721115813e-15,9.991937715807893e-17,-16.00035028177616
1.0,176.0,2.9162396309733616e-15,9.991937574855648e-17,-16.000350287902577
1.0,177.0,2.916239396384609e-15,9.991936771082136e-17,-16.000350322838184
1.0,178.0,2.916239366785345e-15,9.991936669665915e-17,-16.00035032724619
1.0,179.0,2.916239339445754e-15,9.991936575992034e-17,-16.000350331317676
1.0,180.0,2.916239265402889e-15,9.991936322298313e-17,-16.000350342344348
1.0,181.0,2.916239223472439e-15,9.991936178631643e-17,-16.000350348588746
1.0,182.0,2.9162391663182067e-15,9.991935982803591e-17,-16.000350357100317
1.0,183.0,2.91623903270418e-15,9.991935525000673e-17,-16.00035037699849
1.0,184.0,2.9162390017780625e-15,9.991935419038244e-17,-16.000350381604093
1.0,185.0,2.916238920187014e-15,9.991935139482115e-17,-16.00035039375486
1.0,186.0,2.9162388761699537e-15,9.991934988666073e-17,-16.000350400310005
1.0,187.0,2.9162387935982857e-15,9.991934705750038e-17,-16.00035041260681
1.0,188.0,2.916238610636455e-15,9.991934078866304e-17,-16.000350439854003
1.0,189.0,2.916238394075447e-15,9.99193333686141e-17,-16.00035047210488
1.0,190.0,2.9162383530708522e-15,9.991933196367006e-17,-16.0003504782114
1.0,191.0,2.9162383372800207e-15,9.991933142262741e-17,-16.000350480563014
1.0,192.0,2.9162381875759142e-15,9.99193262933024e-17,-16.000350502857376
1.0,193.0,2.916238154156686e-15,9.991932514825644e-17,-16.000350507834263
1.0,194.0,2.916238062916456e-15,9.991932202208439e-17,-16.000350521422018
1.0,195.0,2.9162379319885292e-15,9.991931753608928e-17,-16.000350540920177
1.0,196.0,2.9162375110751278e-15,9.991930311429627e-17,-16.000350603603806
1.0,197.0,2.916237484888353e-15,9.991930221705649e-17,-16.000350607503616
1.0,198.0,2.916237439068652e-15,9.991930064713205e-17,-16.000350614327218
1.0,199.0,2.9162374023931664e-15,9.991929939051664e-17,-16.00035061978904
1.0,200.0,2.916237395783102e-15,9.991929916403543e-17,-16.00035062077343
1.0,201.0,2.9162373783425905e-15,9.991929856646964e-17,-16.000350623370718
1.0,202.0,2.916237297035853e-15,9.991929578064972e-17,-16.000350635479155
1.0,203.0,2.9162372214202194e-15,9.991929318982459e-17,-16.000350646740053
1.0,204.0,2.9162371944077654e-15,9.99192922642945e-17,-16.000350650762826
1.0,205.0,2.9162370937967153e-15,9.991928881704922e-17,-16.000350665746115
1.0,206.0,2.9162369409445343e-15,9.991928357986145e-17,-16.000350688509304
1.0,207.0,2.9162368641071534e-15,9.991928094717549e-17,-16.00035069995215
1.0,208.0,2.916236568911882e-15,9.991927083287387e-17,-16.000350743913494
1.0,209.0,2.916236030944116e-15,9.991925240043685e-17,-16.000350824029233
1.0,210.0,2.916235997458582e-15,9.991925125311902e-17,-16.000350829015996
1.0,211.0,2.9162357804881477e-15,9.99192438190419e-17,-16.000350861327878
1.0,212.0,2.916235768728199e-15,9.991924341610975e-17,-16.000350863079202
1.0,213.0,2.9162355400614273e-15,9.991923558127997e-17,-16.00035089713294
1.0,214.0,2.9162351359468756e-15,9.991922173506744e-17,-16.000350957314886
1.0,215.0,2.916234534410288e-15,9.991920112456626e-17,-16.000351046897528
1.0,216.0,2.916234512979575e-15,9.991920039028386e-17,-16.000351050089055
1.0,217.0,2.9162340067641952e-15,9.991918304578164e-17,-16.00035112547619
1.0,218.0,2.916233597007844e-15,9.991916900626363e-17,-16.00035118649836
1.0,219.0,2.916233105262199e-15,9.991915215753922e-17,-16.000351259730643
1.0,220.0,2.9162330782356076e-15,9.991915123152473e-17,-16.000351263755526
1.0,221.0,2.9162328852773745e-15,9.991914462017977e-17,-16.000351292491466
1.0,222.0,2.916232353250495e-15,9.991912639129586e-17,-16.000351371722573
1.0,223.0,2.9162323154981053e-15,9.991912509778239e-17,-16.000351377344778
1.0,224.0,2.916232246731054e-15,9.991912274161085e-17,-16.000351387585784
1.0,225.0,2.916232063374644e-15,9.9919116459254e-17,-16.0003514148918
1.0,226.0,2.9162319961121326e-15,9.991911415463263e-17,-16.000351424908743
1.0,227.0,2.9162318135791323e-15,9.991910790048834e-17,-16.000351452092136
1.0,228.0,2.9162317338966626e-15,9.991910517032086e-17,-16.0003514639587
1.0,229.0,2.91623172553393e-15,9.991910488378781e-17,-16.000351465204105
1.0,230.0,2.9162316459527544e-15,9.991910215709097e-17,-16.000351477055588
1.0,231.0,2.916231191026968e-15,9.991908656992863e-17,-16.000351544804587
1.0,232.0,2.9162302810384944e-15,9.991905539091327e-17,-16.000351680323003
1.0,233.0,2.916229498091352e-15,9.991902856472625e-17,-16.00035179692205
1.0,234.0,2.916229489445376e-15,9.991902826848842e-17,-16.000351798209635
1.0,235.0,2.9162292651660246e-15,9.991902058398522e-17,-16.000351831610054
1.0,236.0,2.916228742956611e-15,9.991900269147801e-17,-16.000351909379212
1.0,237.0,2.916227965391735e-15,9.991897604970407e-17,-16.000352025176774
1.0,238.0,2.9162278617645793e-15,9.991897249911769e-17,-16.00035204060928
1.0,239.0,2.9162276348056397e-15,9.991896472280352e-17,-16.00035207440877
1.0,240.0,2.9162273643916562e-15,9.991895545758535e-17,-16.000352114679735
1.0,241.0,2.916227097775414e-15,9.991894632248951e-17,-16.000352154385133
1.0,242.0,2.916226511481783e-15,9.991892623425911e-17,-16.00035224169799
1.0,243.0,2.9162259427076633e-15,9.991890674630127e-17,-16.000352326401796
1.0,244.0,2.9162258235714483e-15,9.991890266432662e-17,-16.000352344143977
1.0,245.0,2.9162255103959708e-15,9.99188919339676e-17,-16.000352390783156
1.0,246.0,2.9162253991088133e-15,9.991888812092591e-17,-16.00035240735643
1.0,247.0,2.9162235017966797e-15,9.99188231131529e-17,-16.00035268991088
1.0,248.0,2.9162233371498003e-15,9.991881747184235e-17,-16.000352714430683
1.0,249.0,2.916217410777707e-15,9.99186144160325e-17,-16.000353597008257
1.0,250.0,2.916213475734242e-15,9.991847958929109e-17,-16.000354183030687
1.0,251.0,2.9162098182243397e-15,9.991835427170664e-17,-16.000354727722417
1.0,252.0,2.916209090835517e-15,9.991832934911925e-17,-16.000354836048295
1.0,253.0,2.916205462301702e-15,9.991820502434502e-17,-16.000355376425595
1.0,254.0,2.916198229874109e-15,9.991795721904036e-17,-16.000356453512698
1.0,255.0,2.9161940353130683e-15,9.991781350042537e-17,-16.000357078187662
1.0,256.0,1.8134814684107365e-15,6.213547553864634e-17,-16.20666037354866
2.0,1.0,26.69548335773749,1.0,0.0
2.0,2.0,0.342003566758926,0.012811289541974103,-1.8924071534109221
2.0,3.0,0.3390004307363772,0.012698793507258988,-1.896237538731447
2.0,4.0,0.23917105978876235,0.00895923316254322,-2.047729160820917
2.0,5.0,0.227431544964498,0.008519476569004645,-2.06958708717885
2.0,6.0,0.12832977295815365,0.0048071717315790125,-2.3181103628422433
2.0,7.0,0.1283297729581452,0.004807171731578697,-2.3181103628422717
2.0,8.0,0.12726864405349195,0.00476742235186403,-2.3217163716813487
2.0,9.0,0.12726864405348257,0.004767422351863679,-2.3217163716813807
2.0,10.0,0.1261063005718154,0.0047238815226495765,-2.3257010032483536
2.0,11.0,0.1261063005718108,0.004723881522649404,-2.3257010032483696
2.0,12.0,0.1248791080497307,0.004677911479491357,-2.329948000639772
2.0,13.0,0.12487910804972853,0.004677911479491276,-2.3299480006397797
2.0,14.0,0.026791351483613727,0.0010035911740046636,-2.9984431667057
2.0,15.0,0.026437283805364826,0.0009903279686337715,-3.004220955523599
2.0,16.0,0.0054667854743156614,0.00020478316129575358,-3.6887057569588513
2.0,17.0,0.00546678547431515,0.00020478316129573439,-3.688705756958892
2.0,18.0,0.00537884582163026,0.00020148898409330507,-3.6957486928393433
2.0,19.0,0.005378845821629392,0.00020148898409327258,-3.6957486928394134
2.0,20.0,0.0053150494289352,0.00019909920182788795,-3.700930481019495
2.0,21.0,0.005192801556216873,0.0001945198551616327,-3.7110360624769174
2.0,22.0,0.004094504421654984,0.00015337817138524377,-3.814236444308154
2.0,23.0,0.004094504421654835,0.0001533781713852382,-3.81423644430817
2.0,24.0,0.004043575638916254,0.00015147040361583312,-3.8196722173398814
2.0,25.0,0.004043575638915071,0.0001514704036157888,-3.8196722173400084
2.0,26.0,0.003941874904074323,0.00014766074287738263,-3.830734950983739
2.0,27.0,0.0039418749040740575,0.0001476607428773727,-3.8307349509837683
2.0,28.0,0.0036790762096357912,0.00013781642985570582,-3.860699004704665
2.0,29.0,0.003650756452977967,0.00013675558535709457,-3.8640549272231963
2.0,30.0,0.0034347563069916575,0.00012866432350984642,-3.8905418590842547
2.0,31.0,0.003434756306991125,0.00012866432350982647,-3.890541859084322
2.0,32.0,0.0026018927199385677,9.746565308713274e-5,-4.011148402791098
2.0,33.0,0.00260189271993698,9.746565308707326e-5,-4.011148402791362
2.0,34.0,0.0025318416552442,9.484157380916515e-5,-4.0230012479143795
2.0,35.0,0.002531841655242446,9.484157380909945e-5,-4.02300124791468
2.0,36.0,0.001938859868544203,7.262876054957209e-5,-4.138891367253646
2.0,37.0,0.0019388598685441982,7.262876054957191e-5,-4.138891367253648
2.0,38.0,0.0018569586051147152,6.956077851186349e-5,-4.157635566095513
2.0,39.0,0.00185695860511389,6.956077851183256e-5,-4.157635566095705
2.0,40.0,0.0015930025699072165,5.9673112060190374e-5,-4.224221312326431
2.0,41.0,0.0015666396982376672,5.868557153446664e-5,-4.23146866149866
2.0,42.0,0.0015590248298215452,5.840032221666716e-5,-4.233584756714065
2.0,43.0,0.0015372023634258965,5.7582863094342495e-5,-4.2397067452383945
2.0,44.0,0.0014257448478791023,5.340771803129238e-5,-4.272395977874145
2.0,45.0,0.001384396580798161,5.185883178237729e-5,-4.2851772707556695
2.0,46.0,0.0010999974976188807,4.120537856079143e-5,-4.385046091568471
2.0,47.0,0.0010743480157908204,4.024456127629652e-5,-4.395292802682171
2.0,48.0,0.0009380366131938355,3.51384015274611e-5,-4.454217998776777
2.0,49.0,0.0009132121563949969,3.4208489284772924e-5,-4.465866104703387
2.0,50.0,0.0009121110098602998,3.416724086383441e-5,-4.466390090735712
2.0,51.0,0.000912111009858461,3.416724086376553e-5,-4.466390090736588
2.0,52.0,0.0008960773144594906,3.3566626325938735e-5,-4.474092306105451
2.0,53.0,0.0008876988483675005,3.3252773005520704e-5,-4.4781721322923
2.0,54.0,0.0008876988483667296,3.325277300549183e-5,-4.478172132292677
2.0,55.0,0.0008471189424728069,3.173266919803779e-5,-4.498493395620241
2.0,56.0,0.0008471189424717907,3.173266919799972e-5,-4.498493395620763
2.0,57.0,0.0008372470861889975,3.136287419745586e-5,-4.503584143981973
2.0,58.0,0.0008349834905586462,3.127808099105395e-5,-4.504759900131428
2.0,59.0,0.0008349834905580231,3.1278080991030615e-5,-4.504759900131752
2.0,60.0,0.0008315416291766525,3.114915051484304e-5,-4.506553792720596
2.0,61.0,0.0007833149835294923,2.9342603504590758e-5,-4.532501354790139
2.0,62.0,0.0007563231250568971,2.8331501434967736e-5,-4.547730409325558
2.0,63.0,0.0007161453250420898,2.682646032084376e-5,-4.571436627534534
2.0,64.0,0.0006483190620647217,2.4285721047894463e-5,-4.614648997709866
2.0,65.0,0.0006483190620646007,2.428572104788993e-5,-4.6146489977099465
2.0,66.0,0.0006465924107659941,2.422104151856775e-5,-4.615807185881591
2.0,67.0,0.0006465924107654921,2.4221041518548945e-5,-4.615807185881929
2.0,68.0,0.0006293769464340499,2.3576158483439845e-5,-4.627526957737871
2.0,69.0,0.0006293769464338476,2.3576158483432265e-5,-4.62752695773801
2.0,70.0,0.0006286634388166778,2.3549430830382933e-5,-4.628019584934706
2.0,71.0,0.0006286634388159249,2.354943083035473e-5,-4.628019584935227
2.0,72.0,0.0005116222053374691,1.9165122372252502e-5,-4.717488403363747
2.0,73.0,0.0005116222053374667,1.9165122372252414e-5,-4.717488403363749
2.0,74.0,0.0005009790296780526,1.876643411788412e-5,-4.726618241499512
2.0,75.0,0.0005009790296771514,1.8766434117850364e-5,-4.726618241500294
2.0,76.0,0.0004985464514330563,1.8675310903803367e-5,-4.7287321593823215
2.0,77.0,0.000498546451431831,1.867531090375747e-5,-4.728732159383389
2.0,78.0,0.0004929514959193499,1.846572655431884e-5,-4.733633599882822
2.0,79.0,0.0004776670649214919,1.7893179101514323e-5,-4.747312490981786
2.0,80.0,0.00047766706492056093,1.789317910147945e-5,-4.747312490982632
2.0,81.0,0.0004125727346545443,1.5454776717311736e-5,-4.810937265019305
2.0,82.0,0.00039961179214481764,1.4969266028629262e-5,-4.824799493413177
2.0,83.0,0.00039961179214431213,1.4969266028610326e-5,-4.824799493413726
2.0,84.0,0.0003863519503150563,1.4472558714808774e-5,-4.8394546798357325
2.0,85.0,0.0003863519503145662,1.4472558714790414e-5,-4.839454679836283
2.0,86.0,0.0002521949619081295,9.447102287999315e-6,-5.0247013823178515
2.0,87.0,0.00025219496190710244,9.447102287960843e-6,-5.024701382319621
2.0,88.0,0.0002383553470629307,8.928676955154107e-6,-5.049212889783909
2.0,89.0,0.0002306868178303235,8.641417528911707e-6,-5.06341501047385
2.0,90.0,0.00022350513480271867,8.372395127954756e-6,-5.077150283696821
2.0,91.0,0.00022350513480127044,8.372395127900507e-6,-5.077150283699635
2.0,92.0,0.0002022775887921535,7.577221437855135e-6,-5.120490020678073
2.0,93.0,0.00020227758879125512,7.577221437821482e-6,-5.120490020680001
2.0,94.0,0.00019816339829541922,7.42310583554139e-6,-5.1294143474139124
2.0,95.0,0.00019816339829470996,7.423105835514822e-6,-5.129414347415467
2.0,96.0,0.00016079912000721544,6.0234578955697765e-6,-5.220154121063115
2.0,97.0,0.0001539985160288345,5.76871053298232e-6,-5.238921252874499
2.0,98.0,0.00014029561143244433,5.255406300473697e-6,-5.279393702617161
2.0,99.0,0.00014029561143152975,5.255406300439437e-6,-5.279393702619991
2.0,100.0,0.00013668139504300182,5.120019488367336e-6,-5.290728385962785
2.0,101.0,0.00013668139504168403,5.120019488317972e-6,-5.290728385966972
2.0,102.0,0.00011596902100540678,4.344143893232561e-6,-5.362095797829454
2.0,103.0,0.00011596902100489723,4.344143893213474e-6,-5.362095797831363
2.0,104.0,0.00010902339055621068,4.0839639086216825e-6,-5.38891810457624
2.0,105.0,0.00010843353664787057,4.061868264184919e-6,-5.39127416588082
2.0,106.0,0.00010843353664783215,4.06186826418348e-6,-5.391274165880975
2.0,107.0,9.114188205638453e-5,3.414131178485207e-6,-5.466719796344368
2.0,108.0,8.016587999557466e-5,3.0029754067869e-6,-5.522448224491154
2.0,109.0,6.187657517811477e-5,2.3178668222233296e-6,-5.634911520932863
2.0,110.0,5.6502107821090274e-5,2.1165418533136826e-6,-5.674373139198728
2.0,111.0,5.650210782092164e-5,2.1165418533073655e-6,-5.674373139200025
2.0,112.0,5.5017912208661844e-5,2.0609445976828626e-6,-5.685933682769073
2.0,113.0,5.501791220799877e-5,2.0609445976580242e-6,-5.685933682774307
2.0,114.0,5.4541750059747695e-5,2.0431077920130323e-6,-5.6897087198866325
2.0,115.0,5.454175005966092e-5,2.043107792009782e-6,-5.6897087198873235
2.0,116.0,4.784144784881835e-5,1.7921176855167096e-6,-5.746633474309882
2.0,117.0,4.6903066044009584e-5,1.7569663532769513e-6,-5.755236555366443
2.0,118.0,4.690306604325707e-5,1.7569663532487627e-6,-5.75523655537341
2.0,119.0,4.547348909453091e-5,1.703415086558107e-6,-5.768679510677488
2.0,120.0,4.179313231906893e-5,1.5655506873208758e-6,-5.805332866809508
2.0,121.0,4.028404270913994e-5,1.5090209144860418e-6,-5.821304741017693
2.0,122.0,3.782198828073343e-5,1.4167935367153036e-6,-5.848693433025831
2.0,123.0,3.702770585127759e-5,1.387040097947707e-6,-5.857910983724331
2.0,124.0,3.6278783393486665e-5,1.3589858219582125e-6,-5.866785074155977
2.0,125.0,3.462919204679594e-5,1.297192921466954e-6,-5.886995429854315
2.0,126.0,3.4629192046084944e-5,1.2971929214403202e-6,-5.886995429863231
2.0,127.0,3.30718506926721e-5,1.2388556614423116e-6,-5.906979290145902
2.0,128.0,3.3071850692351654e-5,1.2388556614303079e-6,-5.90697929015011
2.0,129.0,3.268426771074639e-5,1.2243369888739284e-6,-5.912099029686044
2.0,130.0,3.268426771048262e-5,1.224336988864048e-6,-5.912099029689549
2.0,131.0,3.0096104546852693e-5,1.127385638369779e-6,-5.947927501905828
2.0,132.0,3.0096104545806485e-5,1.1273856383305885e-6,-5.947927501920925
2.0,133.0,2.9407671418486928e-5,1.1015972636421034e-6,-5.957977151533459
2.0,134.0,2.784061831351413e-5,1.0428962060896616e-6,-5.981758912441718
2.0,135.0,2.7840618313209546e-5,1.042896206078252e-6,-5.98175891244647
2.0,136.0,2.7399369770015327e-5,1.0263672473296431e-6,-5.988697215295403
2.0,137.0,2.739936976952736e-5,1.0263672473113641e-6,-5.988697215303137
2.0,138.0,2.5949310929319e-5,9.720487387915298e-7,-6.012311958882832
2.0,139.0,2.5949310928794235e-5,9.720487387718723e-7,-6.012311958891615
2.0,140.0,2.5193919517238855e-5,9.43752138877702e-7,-6.0251420510960205
2.0,141.0,2.2629728546165084e-5,8.476987752164459e-7,-6.071758444325436
2.0,142.0,2.2445766522567976e-5,8.408076460643008e-7,-6.075303347612027
2.0,143.0,2.2223651049118717e-5,8.324873069839866e-7,-6.079622379501928
2.0,144.0,2.2223651048840775e-5,8.324873069735751e-7,-6.07962237950736
2.0,145.0,2.0522659118544494e-5,7.687689652787707e-7,-6.1142041571816375
2.0,146.0,2.052265911801529e-5,7.68768965258947e-7,-6.1142041571928365
2.0,147.0,2.0054654671700875e-5,7.512377432150214e-7,-6.124222600643122
2.0,148.0,1.9580728370986614e-5,7.334846913461593e-7,-6.1346089459424
2.0,149.0,1.9580728370439912e-5,7.3348469132568e-7,-6.134608945954526
2.0,150.0,1.8438742342243403e-5,6.907064425525402e-7,-6.160706493100602
2.0,151.0,1.644233780594129e-5,6.159220863545667e-7,-6.210474222261536
2.0,152.0,1.6442337805779845e-5,6.159220863485191e-7,-6.210474222265801
2.0,153.0,1.5673073018783284e-5,5.87105796465774e-7,-6.23128363183376
2.0,154.0,1.533793636965653e-5,5.745517383640459e-7,-6.240670857011762
2.0,155.0,1.533793636914964e-5,5.74551738345058e-7,-6.240670857026115
2.0,156.0,1.5094262917976967e-5,5.654238477611984e-7,-6.247625878314346
2.0,157.0,1.5094262917618191e-5,5.654238477477588e-7,-6.247625878324668
2.0,158.0,1.4370465400564845e-5,5.38310739985147e-7,-6.268966955369608
2.0,159.0,1.4370465400187762e-5,5.383107399710216e-7,-6.268966955381004
2.0,160.0,1.3735602312554724e-5,5.145290732701253e-7,-6.288590080563248
2.0,161.0,1.328817350527592e-5,4.977686047937558e-7,-6.302972498637041
2.0,162.0,1.2188282661457958e-5,4.56567221433182e-7,-6.3404952712550955
2.0,163.0,1.2188282661322668e-5,4.565672214281141e-7,-6.340495271259916
2.0,164.0,1.1606196745207625e-5,4.3476256225357513e-7,-6.361747860415331
2.0,165.0,1.1606196744515846e-5,4.347625622276615e-7,-6.361747860441217
2.0,166.0,1.1262820544332308e-5,4.2189985449609257e-7,-6.374790624396633
2.0,167.0,1.1236093741179197e-5,4.208986812715829e-7,-6.375822434948988
2.0,168.0,1.0441342956217526e-5,3.9112769813142113e-7,-6.407681427924891
2.0,169.0,1.0441342955371298e-5,3.911276980997219e-7,-6.407681427960089
2.0,170.0,1.0198649123146554e-5,3.8203650357170067e-7,-6.417895138286343
2.0,171.0,1.0198649122546602e-5,3.8203650354922677e-7,-6.417895138311891
2.0,172.0,1.0157080745458831e-5,3.804793720850488e-7,-6.41966888378823
2.0,173.0,1.0157080744542455e-5,3.8047937205072184e-7,-6.419668883827413
2.0,174.0,9.666535228093046e-6,3.6210377233313035e-7,-6.441166950756232
2.0,175.0,9.666535227650168e-6,3.621037723165403e-7,-6.441166950776129
2.0,176.0,9.026039785993483e-6,3.381111203359182e-7,-6.470940545232145
2.0,177.0,9.02603978573292e-6,3.3811112032615765e-7,-6.470940545244683
2.0,178.0,8.735248251059177e-6,3.272182089382296e-7,-6.485162536842529
2.0,179.0,8.562963924109582e-6,3.2076452070037793e-7,-6.493813674415836
2.0,180.0,8.562963923525177e-6,3.207645206784864e-7,-6.493813674445476
2.0,181.0,8.542686072189828e-6,3.200049220953249e-7,-6.494843341610097
2.0,182.0,8.542686071823897e-6,3.200049220816173e-7,-6.4948433416287
2.0,183.0,8.21103208694792e-6,3.0758132291199035e-7,-6.512040039490003
2.0,184.0,7.827144042557594e-6,2.932010609311164e-7,-6.53283446255855
2.0,185.0,7.82714404236831e-6,2.9320106092402595e-7,-6.532834462569053
2.0,186.0,7.64310842050979e-6,2.863071748163155e-7,-6.543167768485244
2.0,187.0,7.643108420140363e-6,2.86307174802477e-7,-6.543167768506235
2.0,188.0,6.92221238647027e-6,2.5930275521547797e-7,-6.586192868620076
2.0,189.0,6.894928175894481e-6,2.582807017763189e-7,-6.587908042239991
2.0,190.0,6.657427067657832e-6,2.493840241977947e-7,-6.603131371326487
2.0,191.0,6.657427067537679e-6,2.4938402419329383e-7,-6.603131371334325
2.0,192.0,6.503125192942721e-6,2.436039499939542e-7,-6.613315673975658
2.0,193.0,6.503125192573437e-6,2.43603949980121e-7,-6.613315674000319
2.0,194.0,6.3034009938985344e-6,2.3612237731112443e-7,-6.626862852894915
2.0,195.0,6.303400993437775e-6,2.3612237729386457e-7,-6.626862852926661
2.0,196.0,6.097141793763499e-6,2.2839600662245688e-7,-6.641311493758032
2.0,197.0,6.019641338733984e-6,2.254928767562186e-7,-6.6468671727852655
2.0,198.0,5.689628504974356e-6,2.1313075432010332e-7,-6.671353877982575
2.0,199.0,5.6896285046689305e-6,2.1313075430866223e-7,-6.671353878005889
2.0,200.0,5.288634780474478e-6,1.9810972176840567e-7,-6.703094211958797
2.0,201.0,5.288634780082168e-6,1.9810972175370991e-7,-6.703094211991012
2.0,202.0,5.243744910886869e-6,1.9642816878859801e-7,-6.706796232067237
2.0,203.0,4.5542128267127995e-6,1.705986277035435e-7,-6.7680244666220455
2.0,204.0,4.554212826090253e-6,1.705986276802232e-7,-6.768024466681412
2.0,205.0,4.479160639506296e-6,1.6778720877545165e-7,-6.775241150598981
2.0,206.0,4.396175189842195e-6,1.6467861364150934e-7,-6.7833627977978015
2.0,207.0,4.301047686754231e-6,1.6111518301119666e-7,-6.792863531043991
2.0,208.0,4.301047686430464e-6,1.6111518299906853e-7,-6.792863531076683
2.0,209.0,3.7617823786744804e-6,1.4091456327139906e-7,-6.851044121002992
2.0,210.0,3.1770372475201476e-6,1.1901029117718922e-7,-6.924415482235883
2.0,211.0,3.0432825167763216e-6,1.139999031294651e-7,-6.943095517701743
2.0,212.0,3.0432825161955154e-6,1.1399990310770837e-7,-6.943095517784628
2.0,213.0,2.820016982625641e-6,1.0563648332699246e-7,-6.9761860650295135
2.0,214.0,2.718309543743802e-6,1.0182657145842313e-7,-6.992138878855955
2.0,215.0,2.7183095432135348e-6,1.0182657143855958e-7,-6.992138878940674
2.0,216.0,2.6642972576817846e-6,9.980329713376617e-8,-7.000855110983694
2.0,217.0,2.647454423468897e-6,9.91723726441369e-8,-7.0036092963871415
2.0,218.0,2.647454422908114e-6,9.917237262313021e-8,-7.003609296479134
2.0,219.0,2.3276143550080723e-6,8.719131711595063e-8,-7.059526761814979
2.0,220.0,2.3276143548571166e-6,8.719131711029591e-8,-7.059526761843145
2.0,221.0,1.9673320035272047e-6,7.36953130671443e-8,-7.132560131866903
2.0,222.0,1.967332003369986e-6,7.369531306125496e-8,-7.132560131901609
2.0,223.0,1.9128869468366617e-6,7.165582736235512e-8,-7.144748485121422
2.0,224.0,1.912886946608478e-6,7.165582735380747e-8,-7.144748485173228
2.0,225.0,1.7385126371086084e-6,6.512384937224646e-8,-7.186259936870132
2.0,226.0,1.6250099058979023e-6,6.08720915115742e-8,-7.215581776013862
2.0,227.0,1.6250099057801088e-6,6.08720915071617e-8,-7.215581776045343
2.0,228.0,1.5748664216102445e-6,5.899374064541075e-8,-7.229194065431878
2.0,229.0,1.4934521687419844e-6,5.5944001789692944e-8,-7.252246470874392
2.0,230.0,1.493452168536858e-6,5.594400178200901e-8,-7.252246470934043
2.0,231.0,1.2267907751367053e-6,4.595499391027618e-8,-7.3376672871107536
2.0,232.0,1.2267907745284035e-6,4.595499388748948e-8,-7.337667287326098
2.0,233.0,1.216950971781354e-6,4.558639959701759e-8,-7.3411647069183275
2.0,234.0,1.2169509714480085e-6,4.558639958453062e-8,-7.341164707037289
2.0,235.0,1.1796223544350923e-6,4.4188087498823555e-8,-7.354694794696625
2.0,236.0,1.1796223542341018e-6,4.418808749129455e-8,-7.354694794770623
2.0,237.0,1.1046765559798201e-6,4.1380653842315156e-8,-7.383202651469556
2.0,238.0,1.1046765554792711e-6,4.1380653823564824e-8,-7.383202651666343
2.0,239.0,9.401026863926834e-7,3.5215795638336007e-8,-7.453262495048579
2.0,240.0,9.401026859803188e-7,3.5215795622889024e-8,-7.453262495239077
2.0,241.0,6.396789802465216e-7,2.3962067727877095e-8,-7.620475708650803
2.0,242.0,6.396789799559305e-7,2.3962067716991693e-8,-7.620475708848093
2.0,243.0,2.792759556962259e-7,1.046154332378027e-8,-7.980404242088268
2.0,244.0,2.79275955490825e-7,1.0461543316086049e-8,-7.980404242407681
2.0,245.0,2.643375072815303e-7,9.901956212563352e-9,-8.004278998493746
2.0,246.0,2.643375069407055e-7,9.901956199796217e-9,-8.004278999053705
2.0,247.0,2.2382634126107618e-7,8.384427367792976e-9,-8.076526593105589
2.0,248.0,2.2382634089396074e-7,8.38442735404101e-9,-8.07652659381791
2.0,249.0,1.3637598943540126e-7,5.108579140818354e-9,-8.29169987425038
2.0,250.0,1.3637598887210537e-7,5.108579119717561e-9,-8.291699876044216
2.0,251.0,1.5142220649284756e-8,5.672203213693036e-10,-9.24624821840951
2.0,252.0,1.514222038721465e-8,5.672203115522833e-10,-9.246248225925951
2.0,253.0,1.2130373134895104e-8,4.5439795834898055e-10,-9.34256362861694
2.0,254.0,1.213037277904638e-8,4.543979450190581e-10,-9.34256364135712
2.0,255.0,3.456855715453419e-9,1.294921567491107e-10,-9.887756535704254
2.0,256.0,3.456855160219301e-9,1.29492135950307e-10,-9.887756605459879
3.0,1.0,24.47242259688465,1.0,0.0
3.0,2.0,0.4192258883899396,0.01713054303186589,-1.766228869842145
3.0,3.0,0.39645113021876605,0.016199913541425786,-1.790487303271066
3.0,4.0,0.3884195313415296,0.015871723765957507,-1.799375903655391
3.0,5.0,0.3869977967411363,0.015813628389630758,-1.8009684710671012
3.0,6.0,0.20532426451882688,0.008390026108202494,-2.0762366877254554
3.0,7.0,0.20532426451881433,0.008390026108201982,-2.076236687725482
3.0,8.0,0.20126914741453034,0.008224324609372837,-2.084899756656528
3.0,9.0,0.20126914741451804,0.008224324609372335,-2.084899756656555
3.0,10.0,0.1941644271481389,0.007934009245690949,-2.1005072977678148
3.0,11.0,0.19416442714813756,0.007934009245690894,-2.100507297767818
3.0,12.0,0.18946784901385066,0.0077420961600250405,-2.1111414388671146
3.0,13.0,0.1894678490138342,0.007742096160024368,-2.1111414388671523
3.0,14.0,0.08395587532121589,0.00343063196905988,-2.464625869638223
3.0,15.0,0.07977925992280131,0.0032599657678744585,-2.4867869603312274
3.0,16.0,0.03118338261181512,0.0012742254056933775,-2.894753740140457
3.0,17.0,0.03118338261181306,0.0012742254056932933,-2.8947537401404855
3.0,18.0,0.03057802317691995,0.001249489013842567,-2.9032675580637624
3.0,19.0,0.030578023176917712,0.0012494890138424755,-2.9032675580637943
3.0,20.0,0.022708843319457425,0.0009279360565777527,-3.0324819496779365
3.0,21.0,0.02270884331945719,0.000927936056577743,-3.032481949677941
3.0,22.0,0.0216777791911496,0.0008858043826813122,-3.0526621752935257
3.0,23.0,0.02167777919114929,0.0008858043826812994,-3.052662175293532
3.0,24.0,0.0197176701140674,0.0008057097754015359,-3.09382136717736
3.0,25.0,0.01971767011406739,0.0008057097754015355,-3.09382136717736
3.0,26.0,0.01879711739117232,0.0007680938540823172,-3.114585709890775
3.0,27.0,0.017750950224266576,0.000725345034967085,-3.139455357378297
3.0,28.0,0.01687157890543469,0.0006894118814204545,-3.161521236171941
3.0,29.0,0.01567942635074292,0.0006406977604554328,-3.19334679407205
3.0,30.0,0.015290666009368743,0.0006248121104003513,-3.2042505613505465
3.0,31.0,0.015290666009365229,0.0006248121104002077,-3.204250561350646
3.0,32.0,0.010667012719108832,0.00043587890315635315,-3.360634150630188
3.0,33.0,0.010667012719093937,0.00043587890315574453,-3.360634150630794
3.0,34.0,0.010427826844356489,0.0004261052130443333,-3.3704831525337906
3.0,35.0,0.010427826844355953,0.0004261052130443114,-3.370483152533813
3.0,36.0,0.008943375269012583,0.0003654470755237399,-3.4371755091911016
3.0,37.0,0.00894337526901078,0.00036544707552366623,-3.437175509191189
3.0,38.0,0.008579178986134504,0.0003505651699242329,-3.455231235022387
3.0,39.0,0.00857917898612922,0.00035056516992401697,-3.4552312350226546
3.0,40.0,0.008515007980544512,0.00034794299366293536,-3.458491904230501
3.0,41.0,0.008373891600693777,0.0003421766507807763,-3.465749628877431
3.0,42.0,0.008009191056641413,0.00032727413989904646,-3.4850883098244365
3.0,43.0,0.007957912693831797,0.00032517878695200543,-3.487877793367568
3.0,44.0,0.007249992759716238,0.00029625153500900913,-3.528339390706008
3.0,45.0,0.006831698439469491,0.00027915905801410807,-3.5541482758138323
3.0,46.0,0.0065636384331617765,0.0002682055038554839,-3.57153231421917
3.0,47.0,0.006477763495381498,0.00026469645453924617,-3.577251875791033
3.0,48.0,0.006087790799081575,0.00024876126484741864,-3.6042172436463504
3.0,49.0,0.005894606014679338,0.00024086728607856437,-3.618222180658888
3.0,50.0,0.0055301197060519305,0.0002259735293536455,-3.645942431334655
3.0,51.0,0.005440860658675796,0.00022232619746311588,-3.6530093598681495
3.0,52.0,0.0052566717478588825,0.0002147998109728646,-3.6679661051581336
3.0,53.0,0.005256671747857322,0.00021479981097280082,-3.6679661051582624
3.0,54.0,0.005189211825360475,0.0002120432419314737,-3.673575564461709
3.0,55.0,0.005189211825360327,0.00021204324193146765,-3.6735755644617214
3.0,56.0,0.005025689308951557,0.00020536133229373578,-3.687481326816449
3.0,57.0,0.005025689308950698,0.0002053613322937007,-3.687481326816523
3.0,58.0,0.00494560175801544,0.00020208876903936017,-3.6944578214662056
3.0,59.0,0.004945601758014843,0.00020208876903933575,-3.6944578214662585
3.0,60.0,0.0038454805403773554,0.00015713526215695896,-3.803726345566258
3.0,61.0,0.0035820575477988116,0.0001463711871441289,-3.8345444048065653
3.0,62.0,0.003582057547797638,0.00014637118714408092,-3.8345444048067074
3.0,63.0,0.0035238453521633955,0.00014399250169094344,-3.841660122898047
3.0,64.0,0.0035238453521612293,0.00014399250169085494,-3.841660122898314
3.0,65.0,0.0034974430257487827,0.00014291364134068235,-3.844926315112247
3.0,66.0,0.0034974430257474626,0.0001429136413406284,-3.844926315112411
3.0,67.0,0.0033833146879763414,0.00013825009251054038,-3.859334569413472
3.0,68.0,0.0033833146879750763,0.0001382500925104887,-3.8593345694136345
3.0,69.0,0.003349267685939173,0.00013685885296723898,-3.8637271042058936
3.0,70.0,0.0032854140524319966,0.00013424964526602412,-3.872086853183057
3.0,71.0,0.003101609200716505,0.0001267389523222495,-3.897089887257698
3.0,72.0,0.003101609200714627,0.00012673895232217277,-3.8970898872579607
3.0,73.0,0.0030986386440636465,0.00012661756848127102,-3.8975060307711584
3.0,74.0,0.0028146667746339047,0.00011501381865611511,-3.9392499769893603
3.0,75.0,0.002814666774630754,0.00011501381865598638,-3.939249976989846
3.0,76.0,0.002606035542345502,0.00010648866216772717,-3.9726966290337886
3.0,77.0,0.0024230301415002565,9.901063664243479e-5,-4.0043181469481555
3.0,78.0,0.002235726295150993,9.135696665501364e-5,-4.039258328831802
3.0,79.0,0.0022357262951501504,9.13569666549792e-5,-4.039258328831966
3.0,80.0,0.0021764880112214425,8.893635285206747e-5,-4.050920684294536
3.0,81.0,0.002176488011220274,8.893635285201973e-5,-4.050920684294769
3.0,82.0,0.0021181518369681827,8.655260134474077e-5,-4.0627198748401305
3.0,83.0,0.002076122539683704,8.48351866867482e-5,-4.071423980121122
3.0,84.0,0.0020761225396827387,8.483518668670875e-5,-4.071423980121324
3.0,85.0,0.002065666829920406,8.440794211290576e-5,-4.073616687811161
3.0,86.0,0.0020656668299176683,8.440794211279389e-5,-4.073616687811737
3.0,87.0,0.0019907806598086857,8.134791935401251e-5,-4.0896535505897775
3.0,88.0,0.0019285115591050352,7.880345934164016e-5,-4.103454717281904
3.0,89.0,0.0019285115591049264,7.88034593416357e-5,-4.103454717281928
3.0,90.0,0.001811511729514969,7.402257468966622e-5,-4.130635813133531
3.0,91.0,0.0018084312190454683,7.389669788048211e-5,-4.131374967888346
3.0,92.0,0.0018084312190440636,7.389669788042471e-5,-4.131374967888683
3.0,93.0,0.0016217945591546828,6.627029068062669e-5,-4.17868112446375
3.0,94.0,0.0013946565642825733,5.698890490964772e-5,-4.244209688284401
3.0,95.0,0.0013946565642818179,5.698890490961685e-5,-4.244209688284636
3.0,96.0,0.0013382601959127179,5.468441837397328e-5,-4.262136402701268
3.0,97.0,0.0013382601959127103,5.468441837397298e-5,-4.2621364027012705
3.0,98.0,0.0010894719298953426,4.45183522629277e-5,-4.3514609183795825
3.0,99.0,0.0010894719298938794,4.4518352262867906e-5,-4.351460918380166
3.0,100.0,0.0010630692604762986,4.343947789670925e-5,-4.3621154032152685
3.0,101.0,0.0009830690404864762,4.017048318753785e-5,-4.396092944359458
3.0,102.0,0.000983069040484921,4.01704831874743e-5,-4.396092944360144
3.0,103.0,0.0009731232580242805,3.97640754270139e-5,-4.400509111076537
3.0,104.0,0.0008938072380101464,3.652303871721831e-5,-4.437433096328894
3.0,105.0,0.0008626993223062224,3.5251897064577676e-5,-4.452817506686511
3.0,106.0,0.000862699322305186,3.525189706453533e-5,-4.452817506687033
3.0,107.0,0.0008190157278905643,3.3466883985356866e-5,-4.4753847217910945
3.0,108.0,0.0008190157278904833,3.346688398535356e-5,-4.475384721791137
3.0,109.0,0.0008168824879375944,3.337971484856526e-5,-4.476517377669461
3.0,110.0,0.0008151548056229587,3.330911773837741e-5,-4.477436870353815
3.0,111.0,0.0008151548056227679,3.330911773836962e-5,-4.477436870353916
3.0,112.0,0.0008021284903260304,3.277683225477406e-5,-4.4844330215022215
3.0,113.0,0.0008021284903259564,3.277683225477104e-5,-4.484433021502261
3.0,114.0,0.0007757294898602359,3.1698107810502855e-5,-4.498966661819604
3.0,115.0,0.0007757294898589657,3.1698107810450956e-5,-4.498966661820315
3.0,116.0,0.0007653117160488541,3.127241338772397e-5,-4.504838601631169
3.0,117.0,0.0007653117160475894,3.1272413387672294e-5,-4.504838601631887
3.0,118.0,0.0006698144793148608,2.73701745980853e-5,-4.562722432157171
3.0,119.0,0.0006653568694402369,2.7188026310273717e-5,-4.565622318476083
3.0,120.0,0.0006192829361621042,2.5305338435964213e-5,-4.596787850021312
3.0,121.0,0.0006012397270405012,2.4568051023973383e-5,-4.609629294602798
3.0,122.0,0.0005661275442214061,2.3133285721106927e-5,-4.635762678115606
3.0,123.0,0.0005419582589437055,2.2145672615701606e-5,-4.654711124643096
3.0,124.0,0.0005379008880609925,2.197987902225371e-5,-4.657974702272503
3.0,125.0,0.00048343396490329465,1.9754234097152115e-5,-4.704339803938934
3.0,126.0,0.00048343396490291274,1.975423409713651e-5,-4.704339803939278
3.0,127.0,0.0004793247425806759,1.9586321733496634e-5,-4.708047115860026
3.0,128.0,0.0004725423646668867,1.9309178026659347e-5,-4.714236213330089
3.0,129.0,0.0004578239880811493,1.8707750990677586e-5,-4.7279784193971865
3.0,130.0,0.0004578239880810145,1.8707750990672077e-5,-4.7279784193973144
3.0,131.0,0.00043866331983896163,1.7924801604840042e-5,-4.746545642488616
3.0,132.0,0.0004386633198377198,1.7924801604789298e-5,-4.746545642489846
3.0,133.0,0.00043353085003003394,1.7715076973426516e-5,-4.7516569562824404
3.0,134.0,0.00043353085002926606,1.771507697339514e-5,-4.75165695628321
3.0,135.0,0.00041156868482237466,1.681765191790892e-5,-4.774234640540564
3.0,136.0,0.00041156868482175525,1.6817651917883607e-5,-4.774234640541217
3.0,137.0,0.0004003242623944924,1.6358178713596335e-5,-4.786265051438913
3.0,138.0,0.000400324262393072,1.6358178713538293e-5,-4.786265051440454
3.0,139.0,0.000392319279481044,1.6031076528197353e-5,-4.7950373126703445
3.0,140.0,0.0003873024931784423,1.5826078993411388e-5,-4.800626670889752
3.0,141.0,0.0003486473519216845,1.4246540183809488e-5,-4.846290592604113
3.0,142.0,0.0003424324470686808,1.3992584743623731e-5,-4.85410205418527
3.0,143.0,0.0003412968810950544,1.3946182881726701e-5,-4.855544644021106
3.0,144.0,0.00034129688109260805,1.3946182881626738e-5,-4.855544644024219
3.0,145.0,0.00032195575891700364,1.3155859729146258e-5,-4.88088076571405
3.0,146.0,0.0003219557589160955,1.315585972910915e-5,-4.880880765715275
3.0,147.0,0.0002980264773080916,1.2178053730815784e-5,-4.9144221141256965
3.0,148.0,0.0002980264773059383,1.2178053730727796e-5,-4.9144221141288345
3.0,149.0,0.00028906399856350683,1.1811826042931476e-5,-4.927682957673032
3.0,150.0,0.00028627136268916657,1.169771245800606e-5,-4.931899058253607
3.0,151.0,0.0002779454897642746,1.1357497961793827e-5,-4.944717332451419
3.0,152.0,0.0002779454897637302,1.1357497961771582e-5,-4.94471733245227
3.0,153.0,0.00027382029733384876,1.1188933022458766e-5,-4.951211325853407
3.0,154.0,0.00027216260853118584,1.1121196009659962e-5,-4.953848504798517
3.0,155.0,0.000272162608530675,1.112119600963909e-5,-4.953848504799332
3.0,156.0,0.0002651065751402284,1.0832870104734813e-5,-4.965256464380061
3.0,157.0,0.00023316248913430243,9.52756059238631e-6,-5.021018280566255
3.0,158.0,0.00023316248913150548,9.52756059227202e-6,-5.0210182805714645
3.0,159.0,0.00023061500843248373,9.423464616937481e-6,-5.025789395786455
3.0,160.0,0.00023061500843175024,9.423464616907508e-6,-5.025789395787837
3.0,161.0,0.00021656234968299806,8.849240357207895e-6,-5.053094008718282
3.0,162.0,0.00021656234968182785,8.849240357160078e-6,-5.053094008720628
3.0,163.0,0.00020954152993270695,8.562353363388784e-6,-5.06740685304888
3.0,164.0,0.00020954152993217707,8.562353363367132e-6,-5.067406853049977
3.0,165.0,0.00020683876943212987,8.451912294880874e-6,-5.073045018250924
3.0,166.0,0.00020297466186400026,8.29401588912734e-6,-5.081235136978546
3.0,167.0,0.0002029746618635477,8.294015889108848e-6,-5.081235136979514
3.0,168.0,0.0001997049697157786,8.160408677365728e-6,-5.088288091015693
3.0,169.0,0.00019970496971482085,8.160408677326592e-6,-5.088288091017776
3.0,170.0,0.00019124126026713898,7.814561860805889e-6,-5.107095366559505
3.0,171.0,0.00019124126026645247,7.814561860777837e-6,-5.107095366561064
3.0,172.0,0.00018205157687844388,7.439050063708001e-6,-5.128482518544076
3.0,173.0,0.0001819537684854799,7.4350533857094595e-6,-5.1287159087781005
3.0,174.0,0.00018195376848498284,7.435053385689149e-6,-5.128715908779287
3.0,175.0,0.00018000557127563713,7.355445524978468e-6,-5.1333910165897905
3.0,176.0,0.0001800055712736586,7.355445524897621e-6,-5.1333910165945635
3.0,177.0,0.00016144849821613725,6.597160439550833e-6,-5.180642953972551
3.0,178.0,0.00015702405954685016,6.416367604196219e-6,-5.19271076256981
3.0,179.0,0.000157024059546453,6.41636760417999e-6,-5.192710762570909
3.0,180.0,0.000154602268535652,6.3174076012945665e-6,-5.19946110137344
3.0,181.0,0.00015460226853485122,6.317407601261846e-6,-5.199461101375689
3.0,182.0,0.0001443721315095712,5.899380453161586e-6,-5.2291935951207735
3.0,183.0,0.0001443721315091225,5.899380453143251e-6,-5.229193595122124
3.0,184.0,0.00014267291134700336,5.829946372582079e-6,-5.234335440129287
3.0,185.0,0.00014267291134622306,5.8299463725501944e-6,-5.234335440131663
3.0,186.0,0.00013866026664820347,5.66598039484064e-6,-5.246724932538359
3.0,187.0,0.00013654193783970962,5.5794205620285214e-6,-5.253410901381465
3.0,188.0,0.00013654193783883543,5.5794205619927995e-6,-5.253410901384245
3.0,189.0,0.00013635717874975836,5.57187087669517e-6,-5.253998956531732
3.0,190.0,0.00013635717874924287,5.571870876674107e-6,-5.253998956533374
3.0,191.0,0.00012437752719558494,5.082354503449048e-6,-5.293935045400928
3.0,192.0,0.00011139690304698913,4.551936066238494e-6,-5.341803846409738
3.0,193.0,0.00010329401528080683,4.22083326127084e-6,-5.374601803766057
3.0,194.0,9.277199158743462e-5,3.790878946297885e-6,-5.421260083627967
3.0,195.0,9.277199158711721e-5,3.7908789462849144e-6,-5.421260083629453
3.0,196.0,8.995418524122103e-5,3.6757368374585133e-6,-5.434655589269273
3.0,197.0,8.995418524046302e-5,3.6757368374275394e-6,-5.434655589272933
3.0,198.0,8.822280039963613e-5,3.6049884334241162e-6,-5.443096124372607
3.0,199.0,8.822280039931385e-5,3.6049884334109474e-6,-5.443096124374194
3.0,200.0,8.014420335901643e-5,3.2748782038938324e-6,-5.484804847232635
3.0,201.0,8.014420335834503e-5,3.274878203866397e-6,-5.484804847236274
3.0,202.0,7.952285158630712e-5,3.249488327993748e-6,-5.4881850186590615
3.0,203.0,7.75865480634106e-5,3.170366470922556e-6,-5.498890533649616
3.0,204.0,7.47829565462597e-5,3.0558052129983896e-6,-5.514874332562338
3.0,205.0,7.478295654513012e-5,3.0558052129522326e-6,-5.514874332568898
3.0,206.0,7.22284023557833e-5,2.9514201983819128e-6,-5.529968954902864
3.0,207.0,7.222840235522984e-5,2.9514201983592974e-6,-5.529968954906192
3.0,208.0,7.092133497002205e-5,2.8980103906447893e-6,-5.5379000617248835
3.0,209.0,7.09213349697101e-5,2.8980103906320423e-6,-5.537900061726794
3.0,210.0,6.613876872362269e-5,2.702583631096751e-6,-5.568220857980808
3.0,211.0,6.613876872306227e-5,2.7025836310738505e-6,-5.568220857984489
3.0,212.0,6.527993400431906e-5,2.667489650682529e-6,-5.57389725687451
3.0,213.0,6.527993400399084e-5,2.6674896506691173e-6,-5.573897256876693
3.0,214.0,6.490749291005035e-5,2.6522708429492837e-6,-5.576382128988108
3.0,215.0,6.475557249372934e-5,2.6460630220553954e-6,-5.577399816306888
3.0,216.0,6.313657156144557e-5,2.5799068854541146e-6,-5.58839596840236
3.0,217.0,5.7081902516709144e-5,2.3324990523813402e-6,-5.632178524021179
3.0,218.0,5.708190251662589e-5,2.3324990523779385e-6,-5.632178524021812
3.0,219.0,5.33270984129282e-5,2.1790690399289182e-6,-5.661729009687124
3.0,220.0,5.015724828414877e-5,2.0495416048648085e-6,-5.6883432612558416
3.0,221.0,5.0157248282572766e-5,2.0495416048004095e-6,-5.6883432612694875
3.0,222.0,4.420017834480129e-5,1.8061218978143994e-6,-5.743252941862145
3.0,223.0,4.420017834393918e-5,1.8061218977791715e-6,-5.743252941870615
3.0,224.0,3.787344852728903e-5,1.5475970299773402e-6,-5.8103421124127275
3.0,225.0,3.787344852660275e-5,1.5475970299492973e-6,-5.810342112420597
3.0,226.0,3.753089166309843e-5,1.5335993612612806e-6,-5.814288081012075
3.0,227.0,3.5857967962310693e-5,1.465239815157304e-6,-5.834091288705159
3.0,228.0,3.585796796170313e-5,1.4652398151324775e-6,-5.834091288712518
3.0,229.0,3.535293257519075e-5,1.4446028968007115e-6,-5.840251518602612
3.0,230.0,3.5352932574259775e-5,1.4446028967626696e-6,-5.840251518614048
3.0,231.0,3.496624507594121e-5,1.4288019478869423e-6,-5.845027966381079
3.0,232.0,3.332041688504066e-5,1.3615495872191405e-6,-5.865966537163911
3.0,233.0,3.332041688402637e-5,1.3615495871776944e-6,-5.8659665371771315
3.0,234.0,3.127427391947939e-5,1.27793943552857e-6,-5.893489727898281
3.0,235.0,3.127427391901566e-5,1.277939435509621e-6,-5.893489727904721
3.0,236.0,2.9842334305070043e-5,1.2194270586381991e-6,-5.9138441723722615
3.0,237.0,2.984233430454238e-5,1.2194270586166375e-6,-5.91384417237994
3.0,238.0,2.8430623685355413e-5,1.1617412854326341e-6,-5.934890576609123
3.0,239.0,2.709493123104658e-5,1.1071617909416038e-6,-5.955788910486263
3.0,240.0,2.7094931229975342e-5,1.1071617908978304e-6,-5.955788910503434
3.0,241.0,1.5104233570656446e-5,6.171940481519481e-7,-6.209578270663377
3.0,242.0,1.5104233569653315e-5,6.171940481109578e-7,-6.209578270692219
3.0,243.0,1.4659107928552707e-5,5.99005181057098e-7,-6.222569421192029
3.0,244.0,1.4659107928118694e-5,5.990051810393633e-7,-6.222569421204887
3.0,245.0,8.340798692314606e-6,3.408243977192677e-7,-6.467469324070851
3.0,246.0,8.340798692062e-6,3.408243977089455e-7,-6.467469324084004
3.0,247.0,7.3569729241802025e-6,3.006229928832934e-7,-6.52197780585006
3.0,248.0,7.3569729237563066e-6,3.00622992865972e-7,-6.521977805875084
3.0,249.0,3.950150647656463e-6,1.6141232573187583e-7,-6.7920633048496875
3.0,250.0,3.950150646190057e-6,1.6141232567195505e-7,-6.79206330501091
3.0,251.0,2.3721073042351587e-6,9.692981129449477e-8,-7.013542632757787
3.0,252.0,2.37210730402014e-6,9.69298112857086e-8,-7.0135426327971535
3.0,253.0,2.2600281472239637e-6,9.23499967474273e-8,-7.034563115519618
3.0,254.0,2.2600281468877708e-6,9.234999673368968e-8,-7.0345631155842225
3.0,255.0,1.360609535607742e-7,5.559766427786959e-9,-8.2549434532478
3.0,256.0,1.360609529901268e-7,5.559766404468981e-9,-8.254943455069256
4.0,1.0,22.481789769827113,1.0,0.0
4.0,2.0,0.5380755579477621,0.023933839941422952,-1.6209876176597058
4.0,3.0,0.4825338971374806,0.02146332218554463,-1.6683030551947555
4.0,4.0,0.41771733003600836,0.01858025247601186,-1.7309483889325932
4.0,5.0,0.4090358943869491,0.018194098360261226,-1.740069461752145
4.0,6.0,0.2708554248366114,0.012047769666458112,-1.9190933440602456
4.0,7.0,0.2708554248366036,0.012047769666457764,-1.9190933440602582
4.0,8.0,0.26295771719555455,0.011696476120796708,-1.9319449614852133
4.0,9.0,0.2629577171955505,0.011696476120796528,-1.93194496148522
4.0,10.0,0.25045744935856257,0.011140458652215598,-1.9530969289086124
4.0,11.0,0.25045744935856246,0.011140458652215593,-1.9530969289086126
4.0,12.0,0.24082083927253556,0.010711817953023563,-1.9701368167530617
4.0,13.0,0.2408208392725185,0.010711817953022805,-1.9701368167530926
4.0,14.0,0.1554485903885338,0.00691442238273938,-2.160244094147101
4.0,15.0,0.14268675394436567,0.006346770226268464,-2.1974472242746717
4.0,16.0,0.07611128588439353,0.0033854638204358065,-2.4703818230330152
4.0,17.0,0.07611128588439088,0.0033854638204356886,-2.4703818230330303
4.0,18.0,0.0734264649554896,0.0032660417923681285,-2.485978262318659
4.0,19.0,0.073426464955485,0.003266041792367924,-2.4859782623186866
4.0,20.0,0.06454015331420988,0.0028707747014354453,-2.5420008896221784
4.0,21.0,0.06454015331420747,0.002870774701435338,-2.542000889622195
4.0,22.0,0.0604748293485417,0.0026899472847889175,-2.5702562308338788
4.0,23.0,0.0604748293485415,0.0026899472847889084,-2.57025623083388
4.0,24.0,0.052251187245498584,0.002324156029411194,-2.6337347194668785
4.0,25.0,0.05225118724549728,0.002324156029411136,-2.633734719466889
4.0,26.0,0.050659604120563445,0.0022533617047052843,-2.6471690906777097
4.0,27.0,0.0453523172108883,0.002017291224373773,-2.6952314007417666
4.0,28.0,0.0445131185760438,0.001979963296151137,-2.703342860459061
4.0,29.0,0.04267127784588269,0.0018980374019488412,-2.7216952337949487
4.0,30.0,0.03648427205482892,0.0016228366348214225,-2.7897251968506276
4.0,31.0,0.036484272054826385,0.00162283663482131,-2.7897251968506573
4.0,32.0,0.02510667399090256,0.0011167560166672457,-2.952041699032219
4.0,33.0,0.025106673990889186,0.0011167560166666507,-2.952041699032451
4.0,34.0,0.024900233593172224,0.0011075734560328872,-2.9556274610490543
4.0,35.0,0.02447167453576788,0.0010885109587054052,-2.9631671942927733
4.0,36.0,0.024471674535765025,0.0010885109587052781,-2.963167194292824
4.0,37.0,0.023566377622602545,0.001048242949688599,-2.979538049908543
4.0,38.0,0.023118223758516854,0.0010283088666518847,-2.987876419450388
4.0,39.0,0.021974778477477426,0.0009774479123975197,-3.009906376603258
4.0,40.0,0.021811341208301475,0.0009701781500321007,-3.013148510608064
4.0,41.0,0.02181134120829858,0.0009701781500319719,-3.0131485106081217
4.0,42.0,0.020733961153368737,0.0009222558063947318,-3.035148601834687
4.0,43.0,0.02073396115336499,0.0009222558063945651,-3.0351486018347655
4.0,44.0,0.019872241422146542,0.0008839261297967098,-3.0535840277043023
4.0,45.0,0.019404374850082274,0.0008631152167486661,-3.0639312266970173
4.0,46.0,0.017755691971853706,0.0007897810696408024,-3.1024932801323546
4.0,47.0,0.01597521290067215,0.0007105845692993953,-3.148384227666965
4.0,48.0,0.015636062708733765,0.0006954990180416587,-3.157703478841439
4.0,49.0,0.015484539684736016,0.000688759206596526,-3.161932582917153
4.0,50.0,0.015484539684735994,0.000688759206596525,-3.1619325829171534
4.0,51.0,0.015236527661092066,0.0006777275215668578,-3.1689448779103215
4.0,52.0,0.015236527661090907,0.0006777275215668062,-3.1689448779103544
4.0,53.0,0.015080822233055744,0.0006708016749314046,-3.173405861670367
4.0,54.0,0.014678746644391425,0.0006529171740628863,-3.1851419077431418
4.0,55.0,0.014021298274015983,0.0006236735783747082,-3.2050426542318973
4.0,56.0,0.014021298274013879,0.0006236735783746146,-3.2050426542319626
4.0,57.0,0.013878194369539057,0.0006173082531073673,-3.20949791669071
4.0,58.0,0.013878194369536398,0.000617308253107249,-3.2094979166907933
4.0,59.0,0.013726367695036486,0.000610554935152836,-3.214275253978911
4.0,60.0,0.011271306185914596,0.0005013527081834852,-3.299856634764733
4.0,61.0,0.011271306185913326,0.0005013527081834287,-3.2998566347647817
4.0,62.0,0.010642694418494048,0.00047339177740989485,-3.324779289830094
4.0,63.0,0.010642694418492485,0.0004733917774098253,-3.3247792898301576
4.0,64.0,0.010040108817276497,0.00044658850207519337,-3.3500924625220323
4.0,65.0,0.010040108817274275,0.00044658850207509454,-3.3500924625221282
4.0,66.0,0.009870841768755427,0.0004390594285337157,-3.357476692200998
4.0,67.0,0.009788172649332212,0.00043538226936313374,-3.361129261272289
4.0,68.0,0.009788172649330068,0.0004353822693630384,-3.361129261272384
4.0,69.0,0.00906910979159526,0.0004033980338952793,-3.394266222807715
4.0,70.0,0.00906910979159434,0.0004033980338952383,-3.3942662228077594
4.0,71.0,0.009031012167319873,0.0004017034346367043,-3.3960944549564265
4.0,72.0,0.008399715325464198,0.00037362307055897675,-3.4275663147034243
4.0,73.0,0.00829533921645528,0.00036898037484491035,-3.432996732277848
4.0,74.0,0.007921700990509876,0.0003523607805078588,-3.4530124366870685
4.0,75.0,0.00792170099050716,0.00035236078050773794,-3.4530124366872177
4.0,76.0,0.007884983685521449,0.0003507275784645897,-3.455030083265681
4.0,77.0,0.007298701247915504,0.0003246494750925532,-3.488585294976939
4.0,78.0,0.007298701247911684,0.00032464947509238323,-3.4885852949771663
4.0,79.0,0.0072650249066698765,0.0003231515364679858,-3.4905937748241445
4.0,80.0,0.007265024906668157,0.00032315153646790936,-3.490593774824247
4.0,81.0,0.006670585895421033,0.00029671062507548437,-3.5276669015125086
4.0,82.0,0.006670585895420204,0.0002967106250754475,-3.527666901512563
4.0,83.0,0.0065717850519550055,0.0002923159196504462,-3.534147532134611
4.0,84.0,0.006543356802627184,0.00029105141848666537,-3.5360302797687924
4.0,85.0,0.006543356802626351,0.00029105141848662834,-3.5360302797688474
4.0,86.0,0.006480541115106072,0.00028825734879006957,-3.5402196120530616
4.0,87.0,0.006480541115103859,0.0002882573487899711,-3.54021961205321
4.0,88.0,0.006365908013891554,0.0002831584175044311,-3.5479705234904317
4.0,89.0,0.006365908013888895,0.00028315841750431285,-3.547970523490613
4.0,90.0,0.006215275325441906,0.0002764582085801482,-3.5583705104887207
4.0,91.0,0.006127074218298905,0.00027253498413734264,-3.5645777413043898
4.0,92.0,0.0060813788631151845,0.00027050243443148926,-3.567828822034658
4.0,93.0,0.005900858315690242,0.00026247280025764696,-3.5809156953439665
4.0,94.0,0.005900858315688939,0.00026247280025758896,-3.5809156953440624
4.0,95.0,0.005564179927277611,0.00024749719591921976,-3.6064297171494357
4.0,96.0,0.005564179927273945,0.00024749719591905665,-3.606429717149722
4.0,97.0,0.005560075237720492,0.00024731461750357117,-3.6067502139519716
4.0,98.0,0.005192670977913459,0.0002309723127507651,-3.6364400769919776
4.0,99.0,0.005037871251506237,0.0002240867521262734,-3.6495838179340336
4.0,100.0,0.0048572534027506815,0.00021605278994600411,-3.6654401211586705
4.0,101.0,0.00468454251357959,0.00020837053284195064,-3.681163697699686
4.0,102.0,0.00468454251357866,0.00020837053284190928,-3.681163697699773
4.0,103.0,0.0044700848108088906,0.00019883135891645987,-3.701515119283011
4.0,104.0,0.0042679287034984035,0.0001898393654239399,-3.721613726504486
4.0,105.0,0.0042679287034976185,0.000189839365423905,-3.721613726504566
4.0,106.0,0.003944711585514021,0.00017546252437642806,-3.755815626745001
4.0,107.0,0.0039447115855138345,0.00017546252437641976,-3.755815626745022
4.0,108.0,0.003928346003803317,0.0001747345760289763,-3.7576211494371545
4.0,109.0,0.0038653339061935164,0.0001719317699243498,-3.7646438660238792
4.0,110.0,0.003865333906193268,0.00017193176992433875,-3.764643866023907
4.0,111.0,0.003705515464456023,0.00016482297461162135,-3.782982252277122
4.0,112.0,0.003705515464453913,0.0001648229746115275,-3.7829822522773693
4.0,113.0,0.0036938964743580284,0.0001643061567685158,-3.7843461626726937
4.0,114.0,0.003625150079390815,0.0001612482865690765,-3.7925048914991986
4.0,115.0,0.0036251500793903187,0.00016124828656905444,-3.792504891499258
4.0,116.0,0.0035051975780615832,0.00015591274600236326,-3.8071183794088506
4.0,117.0,0.003320697572530274,0.00014770610376345543,-3.8306015576601853
4.0,118.0,0.003100189936875784,0.00013789782613466832,-3.8604425801269744
4.0,119.0,0.0030500416276180975,0.0001356672070526862,-3.8675251156207398
4.0,120.0,0.003050041627616702,0.00013566720705262414,-3.8675251156209387
4.0,121.0,0.003038445732576464,0.0001351514164879512,-3.869179398210338
4.0,122.0,0.0030384457325756875,0.00013515141648791663,-3.869179398210449
4.0,123.0,0.0029066540528476623,0.0001292892640046253,-3.8884375368143527
4.0,124.0,0.002741366644906414,0.00012193720664471347,-3.9138637580813795
4.0,125.0,0.0025566329329618077,0.0001137201690406817,-3.9441625034189793
4.0,126.0,0.002391305470921448,0.0001063663300566411,-3.973195824905105
4.0,127.0,0.0023694596182642935,0.00010539461682202693,-3.977181570757183
4.0,128.0,0.002369459618262623,0.00010539461682195262,-3.9771815707574896
4.0,129.0,0.0023473484201557812,0.00010441110090381529,-3.9812533250408797
4.0,130.0,0.0023473484201422994,0.00010441110090321562,-3.9812533250433737
4.0,131.0,0.00225498876109559,0.0001003029022236485,-3.9986865006637218
4.0,132.0,0.0022549887610939026,0.00010030290222357344,-3.998686500664047
4.0,133.0,0.002232928375884297,9.932164648568674e-5,-4.0029560896237015
4.0,134.0,0.002190258534922466,9.742367299697907e-5,-4.011335500998596
4.0,135.0,0.0021489909986976254,9.558807464616512e-5,-4.019596285950042
4.0,136.0,0.0021489909986962957,9.558807464610597e-5,-4.019596285950311
4.0,137.0,0.002137506452069384,9.507723690834164e-5,-4.021923448030279
4.0,138.0,0.002066758428370983,9.193033337340368e-5,-4.036541164967954
4.0,139.0,0.0020667584283637352,9.19303333730813e-5,-4.036541164969476
4.0,140.0,0.002029763954946693,9.028480275493217e-5,-4.04438534642097
4.0,141.0,0.0019806245977898296,8.809906231077886e-5,-4.0550287140104455
4.0,142.0,0.001980624597787399,8.809906231067074e-5,-4.055028714010978
4.0,143.0,0.0019064750235690423,8.480085629693633e-5,-4.071599762328702
4.0,144.0,0.001906475023565356,8.480085629677235e-5,-4.071599762329542
4.0,145.0,0.0018845544613725958,8.38258199488131e-5,-4.0766221897929285
4.0,146.0,0.0018845544613715621,8.382581994876712e-5,-4.0766221897931665
4.0,147.0,0.0018016906582851244,8.014000116232648e-5,-4.0961506556044425
4.0,148.0,0.0018016906582758378,8.014000116191341e-5,-4.096150655606681
4.0,149.0,0.0017627044521820604,7.840587738916552e-5,-4.105651380912367
4.0,150.0,0.0017481839693350223,7.775999985914227e-5,-4.109243748868481
4.0,151.0,0.0017481839693330664,7.775999985905526e-5,-4.109243748868967
4.0,152.0,0.0016291764096357743,7.246649071606824e-5,-4.139862769446848
4.0,153.0,0.0015957956921303568,7.098170156684232e-5,-4.148853593996136
4.0,154.0,0.0015957956921281219,7.098170156674291e-5,-4.148853593996744
4.0,155.0,0.0014766630590894734,6.568262910594903e-5,-4.182549471854603
4.0,156.0,0.0014766630590883633,6.568262910589966e-5,-4.18254947185493
4.0,157.0,0.0014275341654892992,6.349735408544732e-5,-4.1972443712439444
4.0,158.0,0.0014275341654878995,6.349735408538506e-5,-4.19724437124437
4.0,159.0,0.0014010790696916196,6.232061966756813e-5,-4.205368237028889
4.0,160.0,0.0014010790696904383,6.232061966751558e-5,-4.205368237029255
4.0,161.0,0.0013904605356062053,6.184830255251061e-5,-4.2086722152295915
4.0,162.0,0.0013668254103177564,6.079700167609331e-5,-4.216117838287072
4.0,163.0,0.0013668254103167612,6.079700167604904e-5,-4.2161178382873885
4.0,164.0,0.0013658605499285166,6.075408425719035e-5,-4.216424520845085
4.0,165.0,0.0013371313015317504,5.9476194521057164e-5,-4.225656826824213
4.0,166.0,0.0013371313015299129,5.9476194520975436e-5,-4.22565682682481
4.0,167.0,0.001240795077742935,5.519111647455267e-5,-4.258130820396904
4.0,168.0,0.0012407950777413444,5.519111647448193e-5,-4.25813082039746
4.0,169.0,0.0012134891572422465,5.3976536995772217e-5,-4.267794982170596
4.0,170.0,0.0011240236545921193,4.9997071678904995e-5,-4.301055431482687
4.0,171.0,0.0010901282089608125,4.848938719389136e-5,-4.314353304438676
4.0,172.0,0.0010798583451315435,4.8032579086778275e-5,-4.318464093496694
4.0,173.0,0.0010798583451300991,4.803257908671403e-5,-4.3184640934972744
4.0,174.0,0.0010191570503536636,4.533255851904984e-5,-4.343589769153345
4.0,175.0,0.0010191570503530621,4.533255851902308e-5,-4.343589769153602
4.0,176.0,0.0009875063354241786,4.3924720653224604e-5,-4.357290991793939
4.0,177.0,0.000987506335422659,4.392472065315701e-5,-4.357290991794607
4.0,178.0,0.000974742876240532,4.335699631658053e-5,-4.3629408124548945
4.0,179.0,0.0009747428762395617,4.335699631653737e-5,-4.362940812455327
4.0,180.0,0.0009715328435008309,4.321421263376141e-5,-4.364373395470288
4.0,181.0,0.0009715328435007781,4.321421263375907e-5,-4.364373395470311
4.0,182.0,0.0009388516601414503,4.1760539074228256e-5,-4.379233903792873
4.0,183.0,0.0009388516601408345,4.1760539074200867e-5,-4.379233903793158
4.0,184.0,0.0009008492940831497,4.007017694348261e-5,-4.3971787397882025
4.0,185.0,0.0008824178954507232,3.925034014129156e-5,-4.406156575330297
4.0,186.0,0.0007889778942536733,3.5094087362766963e-5,-4.454766047124625
4.0,187.0,0.0007889778942528109,3.50940873627286e-5,-4.4547660471251
4.0,188.0,0.0007828155915818858,3.4819985401362714e-5,-4.458171415301082
4.0,189.0,0.0007697746327041317,3.4239917755002266e-5,-4.46546728717805
4.0,190.0,0.0007697746327039721,3.4239917754995164e-5,-4.465467287178139
4.0,191.0,0.0007380161520698815,3.282728642273737e-5,-4.483765015544751
4.0,192.0,0.0007380161520680699,3.282728642265679e-5,-4.483765015545817
4.0,193.0,0.0007334659092107541,3.2624889598209e-5,-4.486450949292582
4.0,194.0,0.0007334659092095982,3.262488959815759e-5,-4.486450949293267
4.0,195.0,0.0007009530161601849,3.117870166640097e-5,-4.506141973523623
4.0,196.0,0.0007009530161593367,3.117870166636324e-5,-4.506141973524149
4.0,197.0,0.0006906963479992197,3.072248050847827e-5,-4.512543722636155
4.0,198.0,0.0005894687490215374,2.621983191981741e-5,-4.5813700966478335
4.0,199.0,0.0005338471996306947,2.3745760684372775e-5,-4.624413913437868
4.0,200.0,0.000533847199629906,2.374576068433769e-5,-4.624413913438509
4.0,201.0,0.0005300630834836111,2.3577441516467275e-5,-4.627503323734781
4.0,202.0,0.0005213180359853407,2.3188457917394255e-5,-4.634728131924094
4.0,203.0,0.0005213180359847712,2.3188457917368922e-5,-4.634728131924568
4.0,204.0,0.0005199127714658351,2.3125951127058924e-5,-4.635900396502929
4.0,205.0,0.0005023068933413332,2.2342833843926473e-5,-4.650861744169047
4.0,206.0,0.0004890344446033591,2.1752469425707996e-5,-4.66249143309641
4.0,207.0,0.00045235517338777895,2.0120959141557597e-5,-4.696351320834925
4.0,208.0,0.00044597087525639954,1.9836982723454632e-5,-4.7025243849140095
4.0,209.0,0.0004459708752553522,1.9836982723408046e-5,-4.702524384915029
4.0,210.0,0.00041504428901446437,1.8461354423458614e-5,-4.733736439980947
4.0,211.0,0.00041504428901328926,1.8461354423406342e-5,-4.733736439982177
4.0,212.0,0.0004086701781626874,1.8177831140079648e-5,-4.740457935200151
4.0,213.0,0.00040867017816202433,1.8177831140050158e-5,-4.740457935200856
4.0,214.0,0.0003933088610697704,1.749455292912807e-5,-4.7570971513744755
4.0,215.0,0.000393308861068828,1.749455292908615e-5,-4.7570971513755165
4.0,216.0,0.0003832528878619425,1.7047258771910924e-5,-4.768345446345666
4.0,217.0,0.0003832528878614395,1.704725877188855e-5,-4.7683454463462365
4.0,218.0,0.0003599725949429331,1.6011740996975852e-5,-4.795561443579045
4.0,219.0,0.0003599725949417333,1.6011740996922485e-5,-4.795561443580492
4.0,220.0,0.00034615468419296405,1.539711418605735e-5,-4.812560669456614
4.0,221.0,0.0003461546841924246,1.5397114186033355e-5,-4.812560669457291
4.0,222.0,0.00033071779306658057,1.4710474408511642e-5,-4.832373321176176
4.0,223.0,0.00033071779306582613,1.4710474408478083e-5,-4.832373321177166
4.0,224.0,0.00032230891800618533,1.4336443908872292e-5,-4.843558560124126
4.0,225.0,0.00032230891800526484,1.4336443908831348e-5,-4.8435585601253655
4.0,226.0,0.00029889684364365997,1.3295064436765193e-5,-4.876309553446085
4.0,227.0,0.00029889684364324315,1.3295064436746651e-5,-4.876309553446691
4.0,228.0,0.00029702413109674404,1.3211765350434027e-5,-4.879039148265262
4.0,229.0,0.0002970241310958335,1.3211765350393527e-5,-4.879039148266593
4.0,230.0,0.0002719371062252305,1.2095883335329389e-5,-4.917362410588488
4.0,231.0,0.0002586717601435601,1.1505834846419762e-5,-4.939081864084493
4.0,232.0,0.00025867176014295756,1.150583484639296e-5,-4.939081864085504
4.0,233.0,0.00025825315985667673,1.1487215319630788e-5,-4.939785238317078
4.0,234.0,0.0002582531598563379,1.1487215319615718e-5,-4.939785238317647
4.0,235.0,0.00023775207603196264,1.0575318000306652e-5,-4.975706564501197
4.0,236.0,0.00021672873578850897,9.640190483383193e-6,-5.015914384658901
4.0,237.0,0.0002167287357877734,9.640190483350475e-6,-5.015914384660375
4.0,238.0,0.00018025520158112128,8.017831472787919e-6,-5.095943076447614
4.0,239.0,0.000150672516563247,6.701980496475645e-6,-5.1737968403451715
4.0,240.0,0.00015067251656275267,6.701980496453657e-6,-5.173796840346596
4.0,241.0,0.00010328117572385588,4.593992594952111e-6,-5.337809709178875
4.0,242.0,0.00010328117572305175,4.593992594916343e-6,-5.337809709182256
4.0,243.0,9.81004299007478e-5,4.363550718386697e-6,-5.360159971779885
4.0,244.0,9.810042990050651e-5,4.363550718375964e-6,-5.360159971780954
4.0,245.0,6.946190946012305e-5,3.089696602062711e-6,-5.510084164756126
4.0,246.0,6.946190945994678e-5,3.0896966020548704e-6,-5.510084164757228
4.0,247.0,5.981985334412703e-5,2.660813661037408e-6,-5.574985538382398
4.0,248.0,5.981985334368032e-5,2.6608136610175386e-6,-5.574985538385642
4.0,249.0,3.983865205625385e-5,1.7720409479907797e-6,-5.75152624673736
4.0,250.0,3.9838652054749015e-5,1.772040947923844e-6,-5.751526246753764
4.0,251.0,1.7518903138510023e-5,7.792485971033411e-7,-6.108323970919362
4.0,252.0,1.751890313799351e-5,7.792485970803664e-7,-6.108323970932167
4.0,253.0,1.4535762368544035e-5,6.465571699301508e-7,-6.189393067864073
4.0,254.0,1.4535762368217226e-5,6.465571699156142e-7,-6.189393067873838
4.0,255.0,1.2447276509939619e-6,5.536603908041677e-8,-7.256756545063993
4.0,256.0,1.2447276507641157e-6,5.536603907019311e-8,-7.256756545144189
5.0,1.0,20.69301788366087,1.0,0.0
5.0,2.0,0.6106076756282623,0.029507908370890453,-1.5300615737997514
5.0,3.0,0.5253449673258882,0.0253875471562173,-1.5953792569040866
5.0,4.0,0.46305571034921666,0.022377388979828012,-1.6501905888445618
5.0,5.0,0.45297197577455967,0.02189008767697556,-1.659752498936846
5.0,6.0,0.32242120764239224,0.01558115928063711,-1.8074002327704202
5.0,7.0,0.3224104536611698,0.015580639589343996,-1.8074147183950695
5.0,8.0,0.3111696156577725,0.015037420709111304,-1.8228266496395444
5.0,9.0,0.31115365474597384,0.015036649390404269,-1.82284892660154
5.0,10.0,0.2973754376227475,0.014370810448946359,-1.8425187389235183
5.0,11.0,0.2973440652578614,0.01436929436438767,-1.842564558322078
5.0,12.0,0.2828090057230343,0.013666880650904925,-1.864330598137998
5.0,13.0,0.2828023312027294,0.013666558101514478,-1.8643408479584973
5.0,14.0,0.21896314060914154,0.01058149864075815,-1.9754528195106704
5.0,15.0,0.1970182118990577,0.009520999450477572,-2.0213174599091794
5.0,16.0,0.12121986431210342,0.005858008000264581,-2.2322500395392972
5.0,17.0,0.12118270706494345,0.00585621235849938,-2.2323831832385497
5.0,18.0,0.11497125194851786,0.005556040815066358,-2.2552345725649134
5.0,19.0,0.11495024391866018,0.005555025591961841,-2.255313935927037
5.0,20.0,0.11433371989201517,0.005525231773094472,-2.257649499422987
5.0,21.0,0.11429393271234997,0.005523309038581369,-2.257800656577922
5.0,22.0,0.1050196792504607,0.005075126298198575,-2.2945531455471215
5.0,23.0,0.10501150418212023,0.0050747312341056314,-2.2945869537370602
5.0,24.0,0.09894559340958757,0.004781593190798654,-2.32042737562859
5.0,25.0,0.09894488838447062,0.00478155912012221,-2.320430470153553
5.0,26.0,0.09825089579240846,0.004748021595728046,-2.3234873143837915
5.0,27.0,0.09243713526280367,0.0044670688336761015,-2.3499773553733867
5.0,28.0,0.09166276413526467,0.004429646978058297,-2.353630883616743
5.0,29.0,0.07605969370906371,0.0036756211267337745,-2.4346692609009635
5.0,30.0,0.06354910391810488,0.0030710408832286865,-2.512714401973591
5.0,31.0,0.06354532839762041,0.003070858429393016,-2.512740204641471
5.0,32.0,0.0454794145291582,0.002197814489160065,-2.658008967842556
5.0,33.0,0.045441536706325586,0.002195984025230368,-2.6583708235022443
5.0,34.0,0.04452994410254421,0.002151930876051912,-2.6671716831131613
5.0,35.0,0.04373205151162277,0.0021133723344507155,-2.67502398209955
5.0,36.0,0.043683604486165525,0.0021110311087421396,-2.675505366760793
5.0,37.0,0.04264976901617456,0.002061070514506763,-2.6859071496388793
5.0,38.0,0.04233438112994114,0.0020458292438517733,-2.6891306177146093
5.0,39.0,0.04131362778286081,0.0019965008494716423,-2.699730500685888
5.0,40.0,0.03959658495004503,0.0019135239322105044,-2.7181661017373835
5.0,41.0,0.03877921769292194,0.0018740242680378616,-2.727224789431865
5.0,42.0,0.038748908725850455,0.0018725595726878704,-2.7275643569779917
5.0,43.0,0.03664428222522584,0.00177085248904946,-2.7518176137732104
5.0,44.0,0.036382753611918894,0.0017582139935541537,-2.7549282677356066
5.0,45.0,0.03635172501438121,0.0017567145217172214,-2.7552988086335075
5.0,46.0,0.03561501692378227,0.0017211127503979863,-2.764190678032853
5.0,47.0,0.035379866103164355,0.001709748974367831,-2.7670676481163685
5.0,48.0,0.03507132530986376,0.0016948385927581858,-2.7708716553442283
5.0,49.0,0.031157335403092,0.0015056931559361247,-2.8222635236607965
5.0,50.0,0.031114119607992055,0.0015036047319400255,-2.8228663162036307
5.0,51.0,0.030734338199954435,0.0014852516135030337,-2.8281999671552254
5.0,52.0,0.030706171666533746,0.0014838904522853202,-2.828598159517967
5.0,53.0,0.029103108292611635,0.0014064216469648607,-2.851884457767289
5.0,54.0,0.02851833266271233,0.0013781620845758947,-2.8606997023867744
5.0,55.0,0.028421808575047725,0.001373497511809985,-2.86217212299855
5.0,56.0,0.02840487590446023,0.0013726792323940635,-2.8624309368176224
5.0,57.0,0.02798860773008519,0.0013525628734987415,-2.868842537697249
5.0,58.0,0.027964806336105902,0.001351412659735186,-2.8692120170172437
5.0,59.0,0.02735210012980538,0.0013218033388644823,-2.8788331554398745
5.0,60.0,0.025116076846238868,0.0012137464427588607,-2.9158720299098597
5.0,61.0,0.025106305585285118,0.0012132742418933956,-2.916041022480962
5.0,62.0,0.023736450773247958,0.00114707535201959,-2.9404080521149276
5.0,63.0,0.02373121236122272,0.0011468222032495704,-2.940503907410744
5.0,64.0,0.02340495549370754,0.0011310556838685193,-2.946516013463998
5.0,65.0,0.022976361129042888,0.0011103436559239113,-2.9545425844812434
5.0,66.0,0.022523767385463803,0.0010884718464989338,-2.963182799574916
5.0,67.0,0.022236535186650707,0.001074591212923495,-2.9687567150370446
5.0,68.0,0.020775294222554908,0.0010039760434827152,-2.9982766500469675
5.0,69.0,0.020748899771273022,0.0010027005189830855,-2.9988287602740855
5.0,70.0,0.020067264032840402,0.0009697601454587946,-3.0133356681922288
5.0,71.0,0.02005026080410515,0.0009689384562865895,-3.0137038069987203
5.0,72.0,0.019920795637006182,0.0009626819900801211,-3.0165171529194197
5.0,73.0,0.018817677433145,0.0009093732745479996,-3.041257813366981
5.0,74.0,0.018057739237207143,0.0008726488972623693,-3.0591604557816288
5.0,75.0,0.017837037401047643,0.0008619833753264044,-3.0645011101307746
5.0,76.0,0.017836236067832637,0.0008619446505149964,-3.064520621353584
5.0,77.0,0.017628354965131394,0.0008518986966637998,-3.06961204619065
5.0,78.0,0.01761394204087169,0.0008512021851959831,-3.0699672701320404
5.0,79.0,0.017366344111840504,0.0008392368966903038,-3.0761154308240917
5.0,80.0,0.01721538833915493,0.0008319418866760918,-3.0799070092589855
5.0,81.0,0.016987099875226844,0.0008209097373196491,-3.0857045928672324
5.0,82.0,0.016972447258982785,0.0008202016426218897,-3.0860793652839544
5.0,83.0,0.01628738976188046,0.0007870959109710587,-3.103972343793988
5.0,84.0,0.01589884556947686,0.0007683193267827083,-3.114458242160711
5.0,85.0,0.01587901728808371,0.0007673611155877714,-3.1150002115405164
5.0,86.0,0.015300563249149185,0.000739407047109859,-3.131116414587445
5.0,87.0,0.015299650009537783,0.0007393629143682485,-3.131142336950838
5.0,88.0,0.015131128310028144,0.0007312190225271892,-3.135952519036903
5.0,89.0,0.015112314333959289,0.0007303098281228431,-3.136492854814119
5.0,90.0,0.014829371203569159,0.0007166364658331628,-3.1447010966622533
5.0,91.0,0.01482246976378608,0.0007163029504502507,-3.1449032599796944
5.0,92.0,0.014806832312062082,0.0007155472631062434,-3.1453616750721545
5.0,93.0,0.014779592598476091,0.0007142308909009354,-3.1461613702483984
5.0,94.0,0.014759620358266827,0.000713265722827262,-3.1467486462227834
5.0,95.0,0.01443332319719506,0.0006974972562407902,-3.156457496444083
5.0,96.0,0.014427552050531006,0.0006972183628142007,-3.156631183289152
5.0,97.0,0.013893439807738854,0.0006714071328720526,-3.173014049220688
5.0,98.0,0.013882561967247346,0.000670881456020437,-3.173354212386019
5.0,99.0,0.01377474156050341,0.0006656709832247279,-3.176740373647755
5.0,100.0,0.01335247489323292,0.0006452647442872982,-3.190262063049953
5.0,101.0,0.012773743993776085,0.0006172972963920447,-3.2095056251300678
5.0,102.0,0.011673216182215035,0.0005641137628084767,-3.24863330456664
5.0,103.0,0.011670254544594964,0.0005639706402520318,-3.248743504364926
5.0,104.0,0.011338649909395367,0.0005479456874363562,-3.261262486799678
5.0,105.0,0.010979210010452899,0.0005305755821688069,-3.2752527407339405
5.0,106.0,0.010978626115835714,0.0005305473651817794,-3.2752758379288425
5.0,107.0,0.010853261832516226,0.0005244890761480432,-3.280263552690691
5.0,108.0,0.010850681782099294,0.0005243643939759485,-3.280366805968923
5.0,109.0,0.010732817369479427,0.0005186685397857807,-3.2851100936524458
5.0,110.0,0.010570615951613583,0.0005108300785822113,-3.2917235386253703
5.0,111.0,0.010354652743253819,0.0005003935531042002,-3.3006882942410223
5.0,112.0,0.010354522484801685,0.0005003872583021144,-3.3006937575708135
5.0,113.0,0.009902704831227845,0.000478552953798343,-3.320069998806711
5.0,114.0,0.009605101521395272,0.0004641711313157191,-3.3333218735745307
5.0,115.0,0.009302996098461332,0.0004495717420612169,-3.347200994264092
5.0,116.0,0.009300534843859167,0.0004494528007537671,-3.347315908932907
5.0,117.0,0.009254493051762031,0.0004472278090992878,-3.34947119939071
5.0,118.0,0.009241881109215698,0.00044661833093533705,-3.3500634557816267
5.0,119.0,0.00872616518622266,0.0004216961119582663,-3.375000403165489
5.0,120.0,0.008722588648864391,0.0004215232740774711,-3.3751784411475074
5.0,121.0,0.00851572871606021,0.00041152666875063197,-3.385602015333983
5.0,122.0,0.00851025657135932,0.0004112622247371171,-3.38588117948096
5.0,123.0,0.008129090961632519,0.0003928422140905421,-3.4057818499036414
5.0,124.0,0.007996815257169726,0.0003864499273198803,-3.4129067700443696
5.0,125.0,0.007994354495293848,0.0003863310098236643,-3.4130404307244766
5.0,126.0,0.007280566628597533,0.0003518368693019998,-3.453658652384476
5.0,127.0,0.007168056578539168,0.00034639976724705,-3.460422408465764
5.0,128.0,0.007149625465365392,0.0003455090748754782,-3.461540541295323
5.0,129.0,0.007146181325176611,0.00034534263515130915,-3.4617498014133066
5.0,130.0,0.006741506453813254,0.00032578652817655577,-3.4870668784668903
5.0,131.0,0.006720141567001045,0.00032475405978879687,-3.488445411054468
5.0,132.0,0.006689055476158189,0.00032325180956035624,-3.490459035264652
5.0,133.0,0.006504777836674477,0.0003143465043738558,-3.5025913647700886
5.0,134.0,0.006488795531152146,0.00031357415180487884,-3.5036597437910717
5.0,135.0,0.006221283866827596,0.00030064652250360734,-3.521943815155347
5.0,136.0,0.006209485781394238,0.00030007637437443215,-3.522768196120363
5.0,137.0,0.006198079842403394,0.00029952517690990716,-3.5235666666520036
5.0,138.0,0.006131817847520071,0.00029632303427146466,-3.5282345879118786
5.0,139.0,0.006101055878366607,0.00029483644737889964,-3.5304188304564064
5.0,140.0,0.006098206434889883,0.0002946987466581665,-3.530621711182989
5.0,141.0,0.006025463659265167,0.0002911834171864729,-3.535833361603081
5.0,142.0,0.00577372318266037,0.00027901793808525536,-3.554367875002338
5.0,143.0,0.005761704774753265,0.0002784371427670145,-3.5552728314795794
5.0,144.0,0.005336501959675351,0.0002578890130805441,-3.5885671598400903
5.0,145.0,0.005321605786179183,0.0002571691483619266,-3.5897811333366065
5.0,146.0,0.005316468462886276,0.0002569208847533129,-3.5902005910841392
5.0,147.0,0.005211782041959561,0.00025186186332322094,-3.5988375879689865
5.0,148.0,0.0052061363044675,0.00025158903035493176,-3.599308298680584
5.0,149.0,0.005086489696364987,0.0002458070507144954,-3.6094056639943894
5.0,150.0,0.004948198378071307,0.00023912405652432101,-3.6213767304914204
5.0,151.0,0.0049456300074096505,0.0002389999387819938,-3.621602210293058
5.0,152.0,0.00481162212501237,0.00023252394368303376,-3.633532319875052
5.0,153.0,0.004811243079121407,0.00023250562610881167,-3.6335665337054293
5.0,154.0,0.004677464643517224,0.00022604071913601994,-3.6458133196881173
5.0,155.0,0.004675121860285105,0.00022592750301426862,-3.646030897542302
5.0,156.0,0.004653755584250466,0.00022489496749167042,-3.6480202627282234
5.0,157.0,0.004653600707040663,0.00022488748297632937,-3.6480347163099904
5.0,158.0,0.0045628049976215316,0.00022049973683269783,-3.6565919245280036
5.0,159.0,0.0044606158985848274,0.00021556139967901508,-3.6664290051145203
5.0,160.0,0.004459727017899427,0.0002155184440941701,-3.6665155569391827
5.0,161.0,0.004450155795568316,0.00021505591019095106,-3.667448617615601
5.0,162.0,0.004284713458553647,0.00020706083001729978,-3.683902049422664
5.0,163.0,0.0042202083080062815,0.00020394358772282038,-3.690489944969953
5.0,164.0,0.004215294858523211,0.00020370614292328974,-3.6909958743014477
5.0,165.0,0.00410940662362601,0.00019858904325747393,-3.7020447164855783
5.0,166.0,0.004107169148209118,0.00019848091618632986,-3.7022812440313477
5.0,167.0,0.0040808220604592466,0.00019720768055206915,-3.705076174808472
5.0,168.0,0.0040764740808820815,0.0001969975623565691,-3.705539147755365
5.0,169.0,0.004027585063925251,0.0001946349771970872,-3.7107791114535997
5.0,170.0,0.003923213078024947,0.00018959115099024304,-3.7221819368597275
5.0,171.0,0.003923130575659224,0.00018958716402390555,-3.7221910698581686
5.0,172.0,0.0038250100857594276,0.00018484544435539495,-3.733191248448699
5.0,173.0,0.003818435356060564,0.00018452771739377788,-3.7339383904422396
5.0,174.0,0.00378492971919923,0.0001829085414451701,-3.737766013408818
5.0,175.0,0.003782721794120636,0.0001828018424082772,-3.73801943144838
5.0,176.0,0.0037466594140988766,0.00018105911062190813,-3.7421796172525355
5.0,177.0,0.0036777607835705435,0.00017772955130312287,-3.7502403555325676
5.0,178.0,0.003582726630316201,0.00017313698033118258,-3.761610161249483
5.0,179.0,0.003550422988868259,0.00017157589138661405,-3.7655437361453945
5.0,180.0,0.003369744297456954,0.00016284450708940293,-3.7882268860459596
5.0,181.0,0.0033601448920075965,0.00016238061122349654,-3.789465828181914
5.0,182.0,0.003317734033268849,0.0001603310861625708,-3.7949822652940717
5.0,183.0,0.0033154252682670938,0.0001602195139880946,-3.7952845899919065
5.0,184.0,0.0031116601476285518,0.00015037246694139803,-3.82283167538037
5.0,185.0,0.0030032079911193883,0.00014513146453571234,-3.8382384222083394
5.0,186.0,0.0029290573498788382,0.00014154809928384644,-3.8490959579914206
5.0,187.0,0.0029225288630042776,0.00014123260702886145,-3.8500650241208585
5.0,188.0,0.0029101847496475442,0.000140636071838773,-3.851903272550237
5.0,189.0,0.002909685010610442,0.00014061192171045862,-3.8519778563178053
5.0,190.0,0.0028927851933278877,0.00013979522994623324,-3.854507647212457
5.0,191.0,0.0027161268665943346,0.00013125813169759923,-3.881873781697241
5.0,192.0,0.002687932561243418,0.00012989562838805642,-3.886405464776793
5.0,193.0,0.0026431776528453785,0.00012773282600467967,-3.8936974792385657
5.0,194.0,0.002642925438222091,0.00012772063761221292,-3.8937389220244305
5.0,195.0,0.0026091231805699037,0.00012608712732182278,-3.8993292498144565
5.0,196.0,0.0024545180575215337,0.00011861576070349855,-3.9258576015973867
5.0,197.0,0.002452875180341461,0.00011853636787692734,-3.926148384294359
5.0,198.0,0.0023641113088511386,0.00011424681127433965,-3.9421559126172765
5.0,199.0,0.002363087768952448,0.00011419734821851836,-3.942343980743725
5.0,200.0,0.00229788446434145,0.00011104636729453808,-3.9544956441370434
5.0,201.0,0.002297193749535533,0.00011101298817072926,-3.954626207151241
5.0,202.0,0.002258853040898979,0.00010916015506286114,-3.9619358560829663
5.0,203.0,0.002257844275962332,0.00010911140601415697,-3.962129847852648
5.0,204.0,0.0021298502355366145,0.00010292603270875905,-3.987474766813202
5.0,205.0,0.0021280896836157227,0.00010284095319397828,-3.987833906698892
5.0,206.0,0.0020974352334455115,0.00010135956220777438,-3.9941352739253095
5.0,207.0,0.0020973579536055233,0.00010135582762249432,-3.994151275766915
5.0,208.0,0.0020611225962079427,9.960473662159242e-5,-4.001720008567184
5.0,209.0,0.0018638425255454814,9.0071082720958e-5,-4.04541461668434
5.0,210.0,0.0018630532028832008,9.003293832526289e-5,-4.045598575939857
5.0,211.0,0.0016653063903855601,8.047672890190077e-5,-4.094329684484041
5.0,212.0,0.001653720123940809,7.991681702679919e-5,-4.097361821769377
5.0,213.0,0.001653662793307988,7.991404649651002e-5,-4.097376878010583
5.0,214.0,0.001533986722554857,7.41306430593716e-5,-4.130002232497639
5.0,215.0,0.001531812738959425,7.402558426090854e-5,-4.130618156173892
5.0,216.0,0.0015025644637645967,7.261214735386742e-5,-4.138990719693079
5.0,217.0,0.0015009855369690504,7.253584496025702e-5,-4.139447325547906
5.0,218.0,0.0014167161590341547,6.846348691134069e-5,-4.1645409855985225
5.0,219.0,0.0014160905756498265,6.843325529467437e-5,-4.164732800601554
5.0,220.0,0.0014003057222709769,6.767044469509946e-5,-4.169600969548846
5.0,221.0,0.0013675411725909495,6.608708213946672e-5,-4.179883422569016
5.0,222.0,0.00136613310102757,6.601903640678066e-5,-4.180330818785955
5.0,223.0,0.0013217503525090404,6.387421882782452e-5,-4.194674398181532
5.0,224.0,0.0012996590008568828,6.280664367874001e-5,-4.201994414218108
5.0,225.0,0.001296777614956352,6.26673993250778e-5,-4.202958327993562
5.0,226.0,0.0012831156455484422,6.200717811013857e-5,-4.207558032547282
5.0,227.0,0.0012816517198233795,6.193643319833822e-5,-4.208053808454242
5.0,228.0,0.001133276114040611,5.476611098545668e-5,-4.261488097806344
5.0,229.0,0.0011231591955100787,5.4277206052043336e-5,-4.265382515975636
5.0,230.0,0.0011227632430750763,5.425807146098328e-5,-4.265535646784114
5.0,231.0,0.0011209962736406897,5.417268181678924e-5,-4.266219664146905
5.0,232.0,0.0011204891421330353,5.4148174443794856e-5,-4.266416180633322
5.0,233.0,0.001029304263054192,4.974162148996773e-5,-4.303280061593879
5.0,234.0,0.0010292006140600678,4.973661260268474e-5,-4.3033237964295274
5.0,235.0,0.0010162946116512384,4.9112923855041025e-5,-4.308804210109664
5.0,236.0,0.0010155091814010833,4.907496756202611e-5,-4.309139978791384
5.0,237.0,0.0007571108992126493,3.658774681727122e-5,-4.436664334841243
5.0,238.0,0.0007570441360841343,3.658452045711001e-5,-4.436702633242202
5.0,239.0,0.0005498919939646737,2.6573793975158475e-5,-4.5755464363745215
5.0,240.0,0.0005498735002047458,2.6572900255352503e-5,-4.575561042648186
5.0,241.0,0.00047695281716616974,2.3048973322676627e-5,-4.63734841475271
5.0,242.0,0.00047694060693729634,2.304838325751832e-5,-4.6373595330493425
5.0,243.0,0.00037709697897629336,1.8223392116915328e-5,-4.739370779912935
5.0,244.0,0.0003770169587335766,1.821952510036092e-5,-4.739462947285119
5.0,245.0,0.0002748655851428232,1.3283011046922066e-5,-4.876703466170066
5.0,246.0,0.0002746715252260233,1.327363300849911e-5,-4.877010193970384
5.0,247.0,0.00024628104942362816,1.1901649667934167e-5,-4.924392837596874
5.0,248.0,0.0002460857028893388,1.1892209453104816e-5,-4.924737450330993
5.0,249.0,0.00018808580569238892,9.089336642428593e-6,-5.041467811282468
5.0,250.0,0.0001880823345703497,9.089168898793579e-6,-5.0414758262576145
5.0,251.0,7.436254541603828e-5,3.5936056226363518e-6,-5.44446958591117
5.0,252.0,7.426524604254384e-5,3.588903583811398e-6,-5.445038208866853
5.0,253.0,5.7827884614496266e-5,2.7945602202449628e-6,-5.55368652729399
5.0,254.0,5.7816463985841274e-5,2.7940083128953824e-6,-5.5537723060818145
5.0,255.0,6.300365933331941e-6,3.044682012432168e-7,-6.516458058517933
5.0,256.0,6.300365932958035e-6,3.044682012251476e-7,-6.516458058543707
6.0,1.0,19.07945572295817,1.0,0.0
6.0,2.0,0.6738987584363874,0.035320648986097124,-1.4519713252391062
6.0,3.0,0.5560501682851703,0.02914392194197024,-1.5354520049632647
6.0,4.0,0.5035403187203586,0.02639175488189908,-1.5785317310309528
6.0,5.0,0.4770737647411554,0.025004579358471744,-1.6019804470083816
6.0,6.0,0.3609521627655787,0.018918367903506157,-1.7231163331073254
6.0,7.0,0.3609374953509773,0.018917599149155175,-1.7231339811707223
6.0,8.0,0.34796478370840045,0.018237668241746382,-1.7390306887311138
6.0,9.0,0.34792154107767465,0.018235401791835353,-1.7390846631670596
6.0,10.0,0.337178834577984,0.01767235079836471,-1.7527056762514945
6.0,11.0,0.3370956987349992,0.01766799344959167,-1.7528127704282899
6.0,12.0,0.3172980148060515,0.01663034938801997,-1.7790986265654973
6.0,13.0,0.31726815428967065,0.01662878432679315,-1.7791394993952576
6.0,14.0,0.26276141008851817,0.013771955233101292,-1.8610043976758073
6.0,15.0,0.23286398997394403,0.012204959793152826,-1.9134636469424602
6.0,16.0,0.15446674830345525,0.008095972471457168,-2.0917309772229733
6.0,17.0,0.15444350391669967,0.008094754177440131,-2.091796335422319
6.0,18.0,0.1496586158840137,0.007843966728250565,-2.105464257147016
6.0,19.0,0.14965840855284676,0.007843955861527219,-2.105464858801946
6.0,20.0,0.1495204701069469,0.007836726176996236,-2.105865327647941
6.0,21.0,0.1494297972421016,0.007831973794844358,-2.106128774316963
6.0,22.0,0.14588167555612114,0.0076460082339027515,-2.116565238629755
6.0,23.0,0.14584431974783707,0.00764405032646417,-2.116676462324281
6.0,24.0,0.1426473782661445,0.007476490961662913,-2.1263021873707855
6.0,25.0,0.1327311022143191,0.006956755168576677,-2.157593280645104
6.0,26.0,0.13270874087934809,0.00695558315741998,-2.1576664528131984
6.0,27.0,0.1255126063349984,0.006578416499794068,-2.1818786334626665
6.0,28.0,0.11870021576526059,0.00622136278355307,-2.20611447309851
6.0,29.0,0.09476766859832783,0.004967000630122514,-2.3039057849094045
6.0,30.0,0.09231449164826702,0.00483842374691987,-2.315296098998092
6.0,31.0,0.09230216345544222,0.004837777596788346,-2.3153541009819394
6.0,32.0,0.0763238173678091,0.004000314184852203,-2.397905897824757
6.0,33.0,0.06576070894912152,0.003446676357229213,-2.4625994949118577
6.0,34.0,0.0656969909571242,0.0034433367445629746,-2.463020502954889
6.0,35.0,0.0656673945390463,0.0034417855253611454,-2.4632161961973806
6.0,36.0,0.06422035619913627,0.0033659427780143845,-2.4728932714272878
6.0,37.0,0.06251164734812663,0.0032763852520649645,-2.4846050376170914
6.0,38.0,0.062487366714940304,0.0032751126458890395,-2.4847737580701543
6.0,39.0,0.05883089853688095,0.0030834683856358733,-2.5109604999745905
6.0,40.0,0.056830614939767855,0.0029786287284591663,-2.5259836261001687
6.0,41.0,0.0564754273767903,0.0029600124970459107,-2.5287064553645
6.0,42.0,0.05644405884535584,0.0029583683971360418,-2.5289477455246594
6.0,43.0,0.05626064817846626,0.002948755404524891,-2.5303612501239194
6.0,44.0,0.05506668367679215,0.0028861768635533355,-2.5396770590665896
6.0,45.0,0.05293316439031944,0.0027743540045864806,-2.556838124218254
6.0,46.0,0.05287041588245545,0.0027710652049071226,-2.557353254875227
6.0,47.0,0.052584035290219544,0.0027560553117322714,-2.559712070748787
6.0,48.0,0.050570504046198166,0.0026505213136319736,-2.576668699132126
6.0,49.0,0.049276827019467256,0.002582716600252533,-2.5879232460523642
6.0,50.0,0.04921619283608124,0.002579538617386226,-2.5884579660685545
6.0,51.0,0.0485949672265668,0.002546978694370869,-2.5939746879205097
6.0,52.0,0.0485646242787533,0.002545388347756474,-2.594245948328758
6.0,53.0,0.047590177597483366,0.002494315261845675,-2.6030486559789745
6.0,54.0,0.04700043362973462,0.0024634053671237248,-2.6084641166954947
6.0,55.0,0.045874526405102985,0.002404393871147095,-2.6189943877282045
6.0,56.0,0.04584848759374841,0.0024030291146397466,-2.619240967335598
6.0,57.0,0.04474440161329786,0.002345161322367139,-2.629827277040984
6.0,58.0,0.04469965844797183,0.0023428162258415505,-2.6302617768034393
6.0,59.0,0.04424748954467822,0.0023191169699581914,-2.634677346176037
6.0,60.0,0.04222459468112367,0.002213092202117439,-2.6550004920661103
6.0,61.0,0.04138378932333533,0.0021690235782532577,-2.663735726985518
6.0,62.0,0.04117994946351885,0.002158339842680487,-2.665880172173653
6.0,63.0,0.04098758256919174,0.002148257432724964,-2.66791367692366
6.0,64.0,0.040947713196981345,0.0021461677833770313,-2.6683363287137736
6.0,65.0,0.03990288452229864,0.0020914058085149565,-2.6795616901382644
6.0,66.0,0.039679770855814166,0.002079711886543377,-2.681996825975297
6.0,67.0,0.03966248561584004,0.002078805925690766,-2.6821860538796125
6.0,68.0,0.03609685771658863,0.0018919228221564806,-2.7230965838936396
6.0,69.0,0.03294749161604714,0.0017268569970998525,-2.7627436253403963
6.0,70.0,0.032573843817844755,0.001707273220516919,-2.7676969717571427
6.0,71.0,0.0325341269767246,0.0017051915656889794,-2.7682268241505175
6.0,72.0,0.0325129010920304,0.0017040790662024947,-2.7685102586193038
6.0,73.0,0.03230139651229377,0.0016929936042895468,-2.771344682544936
6.0,74.0,0.032111123422965585,0.0016830209356720016,-2.773910481653247
6.0,75.0,0.032089810921870444,0.00168190389641236,-2.774198823312309
6.0,76.0,0.03190827490253168,0.0016723891585721017,-2.776662656469371
6.0,77.0,0.03134385947297467,0.0016428067932388046,-2.7844135099454688
6.0,78.0,0.031312018694676716,0.00164113794173904,-2.7848549138778402
6.0,79.0,0.031243319849512216,0.0016375372706212662,-2.785808806608882
6.0,80.0,0.030282916593145564,0.0015872002342659257,-2.7993682810893477
6.0,81.0,0.03026053635268509,0.0015860272322272175,-2.7996893600799053
6.0,82.0,0.0286025901850976,0.0014991303001730973,-2.8241606178609713
6.0,83.0,0.02760121787012672,0.00144664597727043,-2.8396377362819476
6.0,84.0,0.027599622283165044,0.001446562348733807,-2.839662842951017
6.0,85.0,0.026931924258338964,0.0014115666950568185,-2.850298597070129
6.0,86.0,0.02692357437650777,0.0014111290577388344,-2.850433265125381
6.0,87.0,0.026301661921769595,0.001378533135519217,-2.86058279038505
6.0,88.0,0.025553095684163026,0.0013392989850027626,-2.8731224602977625
6.0,89.0,0.025302210454016597,0.001326149488822715,-2.8774075177777525
6.0,90.0,0.025290078753811947,0.0013255136373403241,-2.8776157997368603
6.0,91.0,0.025156920877911052,0.001318534513940034,-2.879908497635791
6.0,92.0,0.02514756988982777,0.0013180444062441405,-2.880069957676822
6.0,93.0,0.024789972294355162,0.0012993018592519685,-2.886289940091023
6.0,94.0,0.0245904024412364,0.0012888419249636638,-2.889800345118146
6.0,95.0,0.024541491131545308,0.0012862783660025853,-2.8906650347270353
6.0,96.0,0.024344423891008993,0.0012759495996374534,-2.8941664800283653
6.0,97.0,0.024331187010986195,0.001275255823032135,-2.894402684730749
6.0,98.0,0.023597605955305054,0.0012368070818136719,-2.907698036698879
6.0,99.0,0.02359436006545518,0.0012366369569475854,-2.907757778734304
6.0,100.0,0.023352409147319467,0.0012239557294718678,-2.9122342903553147
6.0,101.0,0.023314873020372263,0.0012219883711000019,-2.9129329269830966
6.0,102.0,0.023294412709028156,0.001220915997147558,-2.9133142158506034
6.0,103.0,0.022467301003347786,0.001177565090408373,-2.9290150777244226
6.0,104.0,0.02246405275032352,0.001177394841682653,-2.9290778712193375
6.0,105.0,0.02198743630060699,0.0011524142313006167,-2.9383913872042196
6.0,106.0,0.02148343397605986,0.0011259982615860998,-2.948462279985691
6.0,107.0,0.021466525756659634,0.0011251120612853292,-2.948804219620064
6.0,108.0,0.02140698010802083,0.0011219911311338912,-2.9500105759807798
6.0,109.0,0.020770494002031292,0.001088631368925179,-2.9631191556382466
6.0,110.0,0.02010923460260839,0.0010539731790362916,-2.9771704406839516
6.0,111.0,0.018023531701020026,0.0009446564913973118,-3.024726086740965
6.0,112.0,0.01799365936591958,0.0009430908107230723,-3.025446486799167
6.0,113.0,0.017991480156782515,0.0009429765931495362,-3.0254990873179834
6.0,114.0,0.017761317999356728,0.0009309132428754068,-3.0310907915171996
6.0,115.0,0.017759951254962703,0.0009308416085261952,-3.0311242120317954
6.0,116.0,0.01730386819427557,0.000906937202273226,-3.0424227831167454
6.0,117.0,0.016971232106251993,0.0008895029477088612,-3.050852608376491
6.0,118.0,0.016929779633747376,0.0008873303242804718,-3.051914676327741
6.0,119.0,0.016825828533392703,0.0008818819979831136,-3.0545895226383397
6.0,120.0,0.01680748712739128,0.0008809206809378191,-3.055063194177996
6.0,121.0,0.016448559679308805,0.0008621084331832576,-3.0644381065981583
6.0,122.0,0.016439052504419682,0.0008616101393625548,-3.0646891989355884
6.0,123.0,0.01631194915048028,0.0008549483479684503,-3.068060122546555
6.0,124.0,0.01629364541806993,0.0008539890054863517,-3.068547720513975
6.0,125.0,0.016022759786082925,0.000839791240313153,-3.0758286597093933
6.0,126.0,0.01558001732310652,0.0008165860467580949,-3.0879980452650138
6.0,127.0,0.015578976295153741,0.0008165314839881765,-3.0880270649888923
6.0,128.0,0.014894465355221783,0.0007806546251368891,-3.10754106288631
6.0,129.0,0.01485846447052367,0.0007787677324906385,-3.10859205136307
6.0,130.0,0.014829254969107497,0.0007772367925183298,-3.1094466491305655
6.0,131.0,0.014819113123424005,0.0007767052340802508,-3.109743768201315
6.0,132.0,0.014803959115996659,0.0007759109762330989,-3.1101881044487727
6.0,133.0,0.014761098848360554,0.0007736645668879659,-3.1114472929671577
6.0,134.0,0.014351624371464462,0.0007522030282129724,-3.123664922530827
6.0,135.0,0.014125948578671972,0.0007403748190612336,-3.1305483604873734
6.0,136.0,0.014088694867642467,0.0007384222627844485,-3.1316952181865236
6.0,137.0,0.013952222056185067,0.0007312693956671133,-3.1359226018403743
6.0,138.0,0.012767062903672948,0.0006691523641479161,-3.17447498331642
6.0,139.0,0.012737758214668844,0.0006676164351659986,-3.175472980539758
6.0,140.0,0.012634287812049064,0.0006621933033889598,-3.1790152154835694
6.0,141.0,0.012545963951509326,0.0006575640381823293,-3.182061946146285
6.0,142.0,0.012535362108459408,0.0006570083701798525,-3.1824290975638614
6.0,143.0,0.012445909592863905,0.0006523199494568304,-3.185539339541999
6.0,144.0,0.01242168571457881,0.0006510503179412967,-3.186385444673357
6.0,145.0,0.0123746956521083,0.0006485874561514834,-3.1880314549490043
6.0,146.0,0.012357756267976562,0.0006476996224324452,-3.1886263561120067
6.0,147.0,0.012340500775421911,0.0006467952207133811,-3.189233197834088
6.0,148.0,0.01193176755114925,0.0006253725328648575,-3.2038611974250117
6.0,149.0,0.011912903368830484,0.0006243838158598924,-3.2045483624543265
6.0,150.0,0.011636645334552867,0.0006099044702072175,-3.214738183531604
6.0,151.0,0.0116273424165111,0.0006094168819774039,-3.215085519184435
6.0,152.0,0.011374164006897922,0.0005961471947657015,-3.224646495323711
6.0,153.0,0.01114523493649455,0.0005841484735376163,-3.2334767538417544
6.0,154.0,0.01099468199382581,0.0005762576329992469,-3.2393833089819077
6.0,155.0,0.010974786334445435,0.0005752148538094593,-3.2401699076665658
6.0,156.0,0.010829987453336161,0.0005676255974275261,-3.2459380279945815
6.0,157.0,0.010827593474484054,0.0005675001232585105,-3.2460340398079937
6.0,158.0,0.010773189921928692,0.0005646487026862822,-3.248221665339476
6.0,159.0,0.010763207824710812,0.0005641255170481369,-3.248624255419859
6.0,160.0,0.010653532630938023,0.0005583771772964521,-3.253072341059633
6.0,161.0,0.010426125247115139,0.0005464582113089033,-3.262443043763428
6.0,162.0,0.010416099946348475,0.0005459327612692252,-3.2628608430240886
6.0,163.0,0.010015702751875145,0.0005249469847204983,-3.279884554510107
6.0,164.0,0.009825329816191051,0.0005149690829161496,-3.2882188438169937
6.0,165.0,0.00980821883015925,0.0005140722551302705,-3.2889758347032396
6.0,166.0,0.009763684804928001,0.0005117381201382716,-3.290952230577094
6.0,167.0,0.009401957347255456,0.0004927791171706302,-3.307347704840642
6.0,168.0,0.009354480407906925,0.0004902907369967975,-3.3095463117490866
6.0,169.0,0.009242653187372813,0.0004844296043650342,-3.3147693242005194
6.0,170.0,0.009232090388100729,0.00048387598274052555,-3.3152659336304073
6.0,171.0,0.008957563512966931,0.0004694873712874503,-3.3283760853018913
6.0,172.0,0.008621709723313267,0.0004518844692691536,-3.3449725845962432
6.0,173.0,0.008619219175959519,0.00045175393371353227,-3.3450980570677666
6.0,174.0,0.0085401624943306,0.0004476103835632106,-3.349099847362859
6.0,175.0,0.00851867417696149,0.00044648412935129126,-3.350193973858654
6.0,176.0,0.008516274603721573,0.0004463583619670032,-3.3503163248486487
6.0,177.0,0.00842088396255866,0.00044135870985176335,-3.3552082985470513
6.0,178.0,0.00832317566124046,0.00043623758361331264,-3.3602769209381225
6.0,179.0,0.00830917721899507,0.00043550389170675857,-3.3610079597396276
6.0,180.0,0.008144083452844198,0.00042685093176135426,-3.3697237662315946
6.0,181.0,0.008142548293344341,0.00042677047037282476,-3.369805638445812
6.0,182.0,0.007408621838717921,0.00038830362596786137,-3.4108285540058936
6.0,183.0,0.007306860083639008,0.00038297004850336045,-3.416835190204643
6.0,184.0,0.007295052824723051,0.0003823512017664617,-3.417537540443738
6.0,185.0,0.00726893508218714,0.00038098230828673396,-3.419095191232102
6.0,186.0,0.007268839966779692,0.0003809773230602773,-3.4191008740957396
6.0,187.0,0.007168705906552573,0.00037572905698386993,-3.4251252175003977
6.0,188.0,0.007166138213979876,0.00037559447806243836,-3.4252808012958122
6.0,189.0,0.007019217226660303,0.0003678939970082129,-3.434277298571368
6.0,190.0,0.0065421837765083654,0.0003428915306339794,-3.4648432417568933
6.0,191.0,0.006537057133377548,0.0003426228309810513,-3.465183700802149
6.0,192.0,0.006527330727748946,0.000342113046751887,-3.4658303633352276
6.0,193.0,0.006518032671497618,0.00034162571334016187,-3.4664494484588215
6.0,194.0,0.006338779876002052,0.0003322306447334682,-3.4785603110031476
6.0,195.0,0.006132163977055972,0.0003214014102968977,-3.492952221901185
6.0,196.0,0.006129047654045571,0.00032123807633938593,-3.4931729834306497
6.0,197.0,0.005886365410973235,0.00030851851837105683,-3.5107187629597782
6.0,198.0,0.005882902530312592,0.0003083370204965406,-3.5109743285588126
6.0,199.0,0.005878539013497221,0.00030810831812270296,-3.5112965767040754
6.0,200.0,0.005828707914024448,0.00030549655077481095,-3.5149936888188833
6.0,201.0,0.005827001642769219,0.0003054071210090983,-3.5151208409570622
6.0,202.0,0.005801158801533503,0.00030405263576533845,-3.517051227431772
6.0,203.0,0.005792706382575742,0.00030360962423081183,-3.517684465701176
6.0,204.0,0.005684457263375073,0.0002979360284651625,-3.5258769757460025
6.0,205.0,0.005681522110538882,0.0002977821900706711,-3.5261012803425005
6.0,206.0,0.005437501646991739,0.00028499249276009653,-3.5451665799767738
6.0,207.0,0.005378278614878823,0.0002818884717139588,-3.549922684942126
6.0,208.0,0.005376823117981063,0.00028181218563332343,-3.5500402318125666
6.0,209.0,0.005107534891077771,0.00026769814428888094,-3.5723546393767296
6.0,210.0,0.005038009807958566,0.0002640541680597506,-3.57830697284103
6.0,211.0,0.004550358209943336,0.00023849517910869562,-3.6225203952723026
6.0,212.0,0.004542660758425185,0.00023809173722702344,-3.623255676157387
6.0,213.0,0.004507419940017848,0.0002362446814766368,-3.6266379598826077
6.0,214.0,0.004501349800380485,0.0002359265309106299,-3.627223218163997
6.0,215.0,0.004414179250101728,0.00023135771345878482,-3.6357160165585385
6.0,216.0,0.004411964837353773,0.00023124165077963353,-3.6359339389599272
6.0,217.0,0.0039579538628021355,0.00020744584752695848,-3.683095254082429
6.0,218.0,0.003955726613673613,0.00020732911206233816,-3.683339712279789
6.0,219.0,0.0038445070510657493,0.00020149982823879415,-3.6957253197212623
6.0,220.0,0.0038428850846041964,0.00020141481708936177,-3.695908583715633
6.0,221.0,0.0037616384051613414,0.00019715648390509325,-3.7051889356696375
6.0,222.0,0.003752159253742225,0.00019665965886161413,-3.706284718528142
6.0,223.0,0.0036714312031887156,0.00019242850826037503,-3.715730586856398
6.0,224.0,0.003642369073115648,0.00019090529237334648,-3.7191820317075335
6.0,225.0,0.003639647439176973,0.00019076264501599027,-3.719506664494171
6.0,226.0,0.0034644577100609343,0.00018158053145573633,-3.740930717128772
6.0,227.0,0.0034570615935001913,0.00018119288326135712,-3.7418588641703487
6.0,228.0,0.003448408124305328,0.0001807393342020697,-3.74294732188327
6.0,229.0,0.003445342215738333,0.00018057864258635943,-3.7433336159016997
6.0,230.0,0.003299916379111358,0.0001729565259631905,-3.7620630466225453
6.0,231.0,0.0032307668047367373,0.00016933223104730286,-3.77126036951231
6.0,232.0,0.0032297373985123133,0.00016927827740002006,-3.771398769065231
6.0,233.0,0.003047193012856731,0.00015971068866446047,-3.796666017658284
6.0,234.0,0.003045657810281526,0.00015963022501824873,-3.7968848741642045
6.0,235.0,0.002117583137899717,0.00011098760722779134,-3.9547255114210484
6.0,236.0,0.0021173927105515443,0.00011097762647409807,-3.9547645678641214
6.0,237.0,0.0020186164580299182,0.00010580052635363869,-3.975512171696748
6.0,238.0,0.0020183930126347464,0.00010578881504497159,-3.9755602474334704
6.0,239.0,0.0019525227236027564,0.00010233639533298113,-3.989969884555285
6.0,240.0,0.0019522724001423185,0.00010232327528049784,-3.990025566912112
6.0,241.0,0.0012618198642432982,6.613500314502995e-5,-4.179568621465254
6.0,242.0,0.0012614366526195802,6.611491810543121e-5,-4.179700535675124
6.0,243.0,0.0010768959535296602,5.644269779844082e-5,-4.248392236395804
6.0,244.0,0.0010761037338005625,5.640117566381596e-5,-4.248711843197751
6.0,245.0,0.0006902994283322883,3.618024740095998e-5,-4.441528467755243
6.0,246.0,0.0006900567126688822,3.6167526091351866e-5,-4.441681196563765
6.0,247.0,0.0006701262337257912,3.512292192483422e-5,-4.454409361699687
6.0,248.0,0.0006693924793182947,3.508446409783166e-5,-4.454885152771536
6.0,249.0,0.0006366949584631162,3.33707086673854e-5,-4.47663457047835
6.0,250.0,0.0006363441907140369,3.3352324089011014e-5,-4.476873897763467
6.0,251.0,0.00028419161437818704,1.489516359925411e-5,-4.826954722401061
6.0,252.0,0.00028394703069801894,1.4882344382410634e-5,-4.827328649963086
6.0,253.0,0.0002422369149008399,1.2696217251593714e-5,-4.896325654750287
6.0,254.0,0.00024203516152064013,1.2685642873418082e-5,-4.896687519037169
6.0,255.0,3.8089856384129715e-5,1.996380658715357e-6,-5.699756646306358
6.0,256.0,3.808227005780702e-5,1.9959830411715e-6,-5.699843153007027
7.0,1.0,17.623075944871946,1.0,0.0
7.0,2.0,0.7300054866651707,0.041423273039777796,-1.3827555885194625
7.0,3.0,0.5801598538738372,0.03292046494543168,-1.4825340397474516
7.0,4.0,0.5154251789175042,0.029247174586879383,-1.5339160824226687
7.0,5.0,0.4899987366698622,0.02780438206148936,-1.5558867524578763
7.0,6.0,0.38629834654128054,0.02192002961059063,-1.6591588635221834
7.0,7.0,0.38627140063751786,0.021918500598070514,-1.6591891584110565
7.0,8.0,0.37854045847317774,0.021479817692286993,-1.6679694089859718
7.0,9.0,0.37850988882955783,0.021478083055058196,-1.6680044825516664
7.0,10.0,0.36084930966691603,0.02047595498060132,-1.688755833981038
7.0,11.0,0.36081902039041874,0.020474236252463734,-1.688792289690963
7.0,12.0,0.3403372617353666,0.019312023780638572,-1.7141722124603884
7.0,13.0,0.3403078311270239,0.019310353776580552,-1.7142097696276826
7.0,14.0,0.29241474665270106,0.01659271897638218,-1.7800824422044117
7.0,15.0,0.2511584259202017,0.014251679258823435,-1.846133960225776
7.0,16.0,0.1906161267326903,0.010816280161815722,-1.965922072220226
7.0,17.0,0.1905967384347742,0.01081517999644296,-1.9659662482256817
7.0,18.0,0.17657684257506875,0.010019638065876349,-1.9991479659769222
7.0,19.0,0.17653344658269393,0.010017175613095088,-1.999254712456414
7.0,20.0,0.16967473702359318,0.009627986485126963,-2.0164645280188296
7.0,21.0,0.16957509552766042,0.009622332449688175,-2.016719642385555
7.0,22.0,0.1695515126658419,0.00962099426889089,-2.0167800440557535
7.0,23.0,0.1665083553343201,0.009448314009154092,-2.0246456816332445
7.0,24.0,0.166452119227286,0.009445122959690877,-2.0247923839181508
7.0,25.0,0.14569289190152798,0.00826716586578193,-2.082643348948834
7.0,26.0,0.14566104317370424,0.008265358648476427,-2.0827382968808124
7.0,27.0,0.14162826296680026,0.008036523442890341,-2.0949317840995705
7.0,28.0,0.12702913616797,0.00720811375751539,-2.1421783679957858
7.0,29.0,0.11724241296084066,0.006652778058018666,-2.176996964722532
7.0,30.0,0.11723225467955907,0.006652201638708361,-2.1770345951032755
7.0,31.0,0.10761359175707282,0.006106402315560967,-2.214214585941021
7.0,32.0,0.10688294315369755,0.006064942549646045,-2.217173308645698
7.0,33.0,0.08671477368642297,0.004920524314692957,-2.3079886177924664
7.0,34.0,0.08327049676839679,0.0047250830121189635,-2.3255905572312243
7.0,35.0,0.08061138596371104,0.004574195005223691,-2.339685324668637
7.0,36.0,0.07932697099576523,0.004501312440797159,-2.3466608411817655
7.0,37.0,0.07927040004806178,0.004498102391207608,-2.3469706628554023
7.0,38.0,0.0762724741504107,0.0043279887341463145,-2.3637138783784875
7.0,39.0,0.07623413018682489,0.0043258129525911675,-2.363932263309722
7.0,40.0,0.07398377636681598,0.004198119363398883,-2.376945217461929
7.0,41.0,0.07241180564773513,0.00410891979778399,-2.386272335671637
7.0,42.0,0.07237994881893627,0.004107112120798512,-2.386463441100706
7.0,43.0,0.06978747749370244,0.003960005490075049,-2.402304211976597
7.0,44.0,0.06913384377497923,0.003922915840074794,-2.4063910088684692
7.0,45.0,0.06909503631950929,0.0039207137582366785,-2.406634863324913
7.0,46.0,0.06790182136416546,0.0038530062275492767,-2.4142002890435523
7.0,47.0,0.06784575101285893,0.0038498245836931233,-2.4145590585615513
7.0,48.0,0.06730706738506878,0.003819257636726813,-2.4180210443146106
7.0,49.0,0.06725094024600028,0.0038160727705182085,-2.4183833521196285
7.0,50.0,0.06703445303193004,0.003803788466986438,-2.4197836426744015
7.0,51.0,0.06621457688818984,0.0037572655928692915,-2.425128104526525
7.0,52.0,0.06247493563698454,0.003545064200620654,-2.4503758953969053
7.0,53.0,0.062169572471693274,0.003527736739384801,-2.4525038319581505
7.0,54.0,0.05972781508032596,0.0033891821874436094,-2.46990508478471
7.0,55.0,0.059684495511335034,0.0033867240712142726,-2.470220185472458
7.0,56.0,0.05943177487009916,0.00337238374594833,-2.47206301255698
7.0,57.0,0.05939098281629822,0.003370069050492863,-2.472361200629907
7.0,58.0,0.05893652707232819,0.003344281512301934,-2.4756971719945486
7.0,59.0,0.05793155674979422,0.0032872556942394296,-2.483166513661506
7.0,60.0,0.05686535211243124,0.0032267552094944136,-2.491233980117702
7.0,61.0,0.05653381780392916,0.0032079426985831983,-2.493773397841546
7.0,62.0,0.05383472134416559,0.003054785754346743,-2.51501924334868
7.0,63.0,0.05285673195782212,0.002999290936676843,-2.5229814048423598
7.0,64.0,0.052825042544270555,0.0029974927594658557,-2.523241857279263
7.0,65.0,0.052737658663817355,0.002992534267501879,-2.5239608677881296
7.0,66.0,0.0524892478119306,0.0029784384959882213,-2.526011363545232
7.0,67.0,0.0524497776506189,0.002976198809713523,-2.5263380613393136
7.0,68.0,0.05188125975840765,0.002943938953716211,-2.531071199884494
7.0,69.0,0.0488264794473632,0.002770599162149726,-2.557426301449303
7.0,70.0,0.04795532941029617,0.0027211668133479538,-2.565244834223209
7.0,71.0,0.04692071495265935,0.002662458874911254,-2.574717091736135
7.0,72.0,0.04561883652935288,0.0025885853679605392,-2.5869375080153882
7.0,73.0,0.04559856123959565,0.0025874348713150813,-2.5871305730845733
7.0,74.0,0.04549716385761668,0.002581681200259236,-2.5880973877536997
7.0,75.0,0.044491092816745084,0.002524592923274063,-2.5978086394971305
7.0,76.0,0.04441530018241968,0.0025202921624668975,-2.5985491111262244
7.0,77.0,0.04418084458386283,0.0025069882648221125,-2.600847698963574
7.0,78.0,0.04178002352749417,0.0023707565953973854,-2.6251130325684855
7.0,79.0,0.04175293210632166,0.002369219325668919,-2.6253947334862944
7.0,80.0,0.04140004914021523,0.0023491954111598792,-2.629080856164637
7.0,81.0,0.041372506485188136,0.002347632536715415,-2.629369880067459
7.0,82.0,0.04104078134250967,0.0023288091971510757,-2.6328660924094747
7.0,83.0,0.04006624316869673,0.0022735102143366416,-2.6433030902734433
7.0,84.0,0.03858814395561229,0.002189637273102762,-2.6596278227567396
7.0,85.0,0.03854696347037503,0.0021873005365781006,-2.660091540505936
7.0,86.0,0.03790590895727401,0.0021509246782939768,-2.6673747975967506
7.0,87.0,0.03789923536108729,0.0021505459931990705,-2.6674512648611266
7.0,88.0,0.03737726305579875,0.0021209273098930824,-2.6734742157141285
7.0,89.0,0.03735763572031871,0.0021198135806246255,-2.673702329857026
7.0,90.0,0.03677729613797475,0.002086882917205858,-2.6805019159742196
7.0,91.0,0.036057793906425474,0.002046055638596834,-2.689082560649742
7.0,92.0,0.03512634850720334,0.0019932019028394746,-2.7004487068951764
7.0,93.0,0.03472469527266416,0.00197041057879391,-2.705443269510667
7.0,94.0,0.03469995114825839,0.001969006503564184,-2.705752849399021
7.0,95.0,0.034535414686108656,0.0019596700822343076,-2.7078170375850696
7.0,96.0,0.03447413953112554,0.0019561930981269477,-2.7085882777121024
7.0,97.0,0.03428199573287869,0.0019452901321039954,-2.7110156162534813
7.0,98.0,0.034260191011467024,0.0019440528497203823,-2.711291932809978
7.0,99.0,0.03418537693961147,0.0019398076162498129,-2.712241339834797
7.0,100.0,0.034177814067070704,0.0019393784702503051,-2.7123374299609835
7.0,101.0,0.03413303747687358,0.0019368376771255866,-2.71290677519345
7.0,102.0,0.033620923770523746,0.001907778408020022,-2.719472070807462
7.0,103.0,0.032924380430354235,0.0018682539037650089,-2.7285641016012563
7.0,104.0,0.03248633457510435,0.0018433975247412694,-2.7343810000032867
7.0,105.0,0.03242142849590079,0.0018397145082572797,-2.735249566723261
7.0,106.0,0.03207444421847952,0.0018200253076599098,-2.7399225730585335
7.0,107.0,0.03204992962578412,0.0018186342569277852,-2.7402546325302795
7.0,108.0,0.030401779997443566,0.0017251120118046154,-2.763182700863566
7.0,109.0,0.030389323145440367,0.0017244051628957095,-2.763360685531812
7.0,110.0,0.03036425914135886,0.0017229829364830268,-2.763719023554849
7.0,111.0,0.02905422724939622,0.0016486467708748977,-2.782872383708162
7.0,112.0,0.029022963620926035,0.0016468727543202403,-2.783339955311985
7.0,113.0,0.02879190573936823,0.0016337616559920828,-2.7868113009477513
7.0,114.0,0.028777225005773607,0.0016329286156283832,-2.787032800270257
7.0,115.0,0.02873511158146652,0.0016305389406114437,-2.7876688248919232
7.0,116.0,0.02848706745892577,0.0016164639787082733,-2.791433968765095
7.0,117.0,0.02690583487648069,0.0015267388599269976,-2.816235240213632
7.0,118.0,0.026344661772009836,0.0014948957749725718,-2.8253890855550567
7.0,119.0,0.026332872811109565,0.0014942268247315838,-2.825583471294342
7.0,120.0,0.025975091458023916,0.0014739249572139695,-2.8315246273979437
7.0,121.0,0.02594921574576134,0.0014724566714082723,-2.831957475926364
7.0,122.0,0.025934491528385794,0.001471621163610337,-2.8322039751402475
7.0,123.0,0.02570840049404562,0.0014587919029836777,-2.8360066559006665
7.0,124.0,0.025684852640434467,0.0014574557086845204,-2.8364046343502065
7.0,125.0,0.02533947592815978,0.001437857727415241,-2.8422840842280204
7.0,126.0,0.02533558576129483,0.0014376369846302063,-2.8423507631012224
7.0,127.0,0.02453581024688733,0.0013922546962652617,-2.856281308501124
7.0,128.0,0.024350471846767512,0.001381737894277936,-2.8595743316829143
7.0,129.0,0.02428280304351287,0.0013778981103794656,-2.8607828954443386
7.0,130.0,0.02426501285983345,0.0013768886280544122,-2.8611011869598717
7.0,131.0,0.024188458330090378,0.0013725446344188775,-2.862473523623494
7.0,132.0,0.02415883734008688,0.0013708638273851816,-2.863005683031308
7.0,133.0,0.023876391400083612,0.001354836776211663,-2.868113023210595
7.0,134.0,0.023646012984914505,0.001341764233376929,-2.8723237890394198
7.0,135.0,0.023054536502163624,0.001308201620096414,-2.883325317366951
7.0,136.0,0.023033341460062196,0.0013069989332233772,-2.8837247668918273
7.0,137.0,0.02281835839714837,0.0012947999809186643,-2.887797315669618
7.0,138.0,0.02277660613491883,0.0012924307996043385,-2.888592700964803
7.0,139.0,0.022340566536564625,0.0012676882631868472,-2.8969875305415935
7.0,140.0,0.02232672432262355,0.0012669028036005425,-2.897256702779656
7.0,141.0,0.022262812183482535,0.0012632761870359347,-2.898501690305385
7.0,142.0,0.022110203296925732,0.0012546165814691093,-2.9014889769669066
7.0,143.0,0.022100397624692687,0.0012540601705301948,-2.901681625305686
7.0,144.0,0.021592500262289205,0.0012252401527312435,-2.9117787792308953
7.0,145.0,0.02088372365871194,0.0011850214868301008,-2.9262737749474255
7.0,146.0,0.020320863448734,0.0011530826691266158,-2.9381395552738385
7.0,147.0,0.02028616259434772,0.0011511136113699092,-2.9388818107263672
7.0,148.0,0.019916587477624637,0.0011301425210858305,-2.9468667846421206
7.0,149.0,0.01984052238115706,0.0011258262997459508,-2.9485286102671013
7.0,150.0,0.019833238240644566,0.0011254129700562145,-2.9486880840359575
7.0,151.0,0.019137105497111635,0.001085911764607713,-2.9642054617644664
7.0,152.0,0.019041000029884608,0.001080458376815045,-2.9663919590609167
7.0,153.0,0.01877437631137391,0.0010653291383469852,-2.972516194211948
7.0,154.0,0.018757741625353333,0.0010643852233305252,-2.9729011633113287
7.0,155.0,0.018576833642093588,0.0010541198199568091,-2.9771100208232197
7.0,156.0,0.0184401575167991,0.001046364299540167,-2.9803170862763064
7.0,157.0,0.01842574326530875,0.0010455463803792076,-2.980656697139962
7.0,158.0,0.0179428366997106,0.0010181444349351338,-2.992190608201779
7.0,159.0,0.017919726088202442,0.0010168330514070568,-2.9927503458033624
7.0,160.0,0.017491138575699387,0.0009925133745331814,-3.0032636322254795
7.0,161.0,0.017137968684382582,0.0009724731788022214,-3.0121223678519455
7.0,162.0,0.017132101786273238,0.0009721402688080922,-3.01227106678747
7.0,163.0,0.016828771881954127,0.0009549281824919474,-3.020029289275182
7.0,164.0,0.016605762464768078,0.0009422737844808589,-3.0258228914602894
7.0,165.0,0.016568135320503753,0.0009401386779658539,-3.026808079769316
7.0,166.0,0.01656356270332601,0.0009398792103682535,-3.026927956656962
7.0,167.0,0.016554856270102718,0.000939385174409348,-3.0271562982330544
7.0,168.0,0.016554604427823055,0.0009393708839256407,-3.0271629050282156
7.0,169.0,0.01617428600037884,0.0009177901775475987,-3.037256594559973
7.0,170.0,0.016133075179196748,0.0009154517196466621,-3.0383645551787195
7.0,171.0,0.01593508505964311,0.000904217011235203,-3.043727326746445
7.0,172.0,0.015800024607935437,0.0008965531702502258,-3.047423949424122
7.0,173.0,0.01579649686090614,0.0008963529925377577,-3.047520927256081
7.0,174.0,0.015746564098653645,0.0008935196187040017,-3.0488959073985713
7.0,175.0,0.015568663196848964,0.0008834248485083113,-3.053830389299643
7.0,176.0,0.01554986185551962,0.0008823579892728318,-3.054355177654587
7.0,177.0,0.014769591686364889,0.00083808250798934,-3.0767132236124635
7.0,178.0,0.01474835137044117,0.0008368772521083485,-3.077338236918703
7.0,179.0,0.014408536071522733,0.0008175948464726105,-3.087461854679472
7.0,180.0,0.013646443532760962,0.0007743508327064705,-3.1110622302892303
7.0,181.0,0.013596935874228779,0.0007715415808660398,-3.112640663438741
7.0,182.0,0.013574100612164805,0.0007702458217071162,-3.113370648888289
7.0,183.0,0.013556125477045414,0.0007692258445376583,-3.113946132712893
7.0,184.0,0.013547558114145104,0.0007687396999550037,-3.1142206901208165
7.0,185.0,0.013477767568195994,0.0007647795203491604,-3.1164637503324224
7.0,186.0,0.013434676970966897,0.0007623343968438262,-3.1178544842409206
7.0,187.0,0.01325504200770365,0.0007521412294407476,-3.1237006043445397
7.0,188.0,0.013110311269446104,0.0007439286598127048,-3.1284687097971284
7.0,189.0,0.01309559503337035,0.0007430936049039143,-3.1289564762357363
7.0,190.0,0.01185661877801788,0.0006727894049317753,-3.1721208564133194
7.0,191.0,0.011827657274391945,0.0006711460196500837,-3.1731829811287766
7.0,192.0,0.011586258157034757,0.000657448120480136,-3.182138511854391
7.0,193.0,0.011569387593524657,0.0006564908208825587,-3.18277134187903
7.0,194.0,0.01146268856962572,0.0006504363146072234,-3.186795219576875
7.0,195.0,0.011244703154626197,0.0006380669974867945,-3.1951337176563004
7.0,196.0,0.011239815802225443,0.0006377896706219473,-3.1953225186901375
7.0,197.0,0.01082142155704344,0.0006140483982986133,-3.2117973971232407
7.0,198.0,0.010614920107140465,0.0006023307248034217,-3.2201649829654815
7.0,199.0,0.010539433465966332,0.00059804732720528,-3.223264446227651
7.0,200.0,0.010499172971411109,0.0005957627944323882,-3.2249266220965387
7.0,201.0,0.010352780540877224,0.0005874559340981408,-3.23102470487881
7.0,202.0,0.010336999339672873,0.0005865604490390219,-3.2316872242453347
7.0,203.0,0.009842984375828912,0.0005585281710536505,-3.252954917043266
7.0,204.0,0.00982669567912375,0.0005576038887798797,-3.2536742060905457
7.0,205.0,0.009672787190422772,0.0005488705388707928,-3.2605300797471255
7.0,206.0,0.009667743359804075,0.0005485843328398778,-3.2607565996814496
7.0,207.0,0.009606850733146927,0.0005451290548368986,-3.2635006698911093
7.0,208.0,0.009584384088398519,0.0005438542124189978,-3.2645175032933524
7.0,209.0,0.009564517783375805,0.0005427269231146302,-3.2654186337916355
7.0,210.0,0.009147032012846898,0.0005190372010800163,-3.2848015137415736
7.0,211.0,0.00913151101079273,0.0005181564807050533,-3.28553906565226
7.0,212.0,0.009004128317359878,0.0005109283047707654,-3.2916400372957137
7.0,213.0,0.00899928152370192,0.0005106532793624247,-3.2918738747531746
7.0,214.0,0.008544424553697298,0.00048484297408839114,-3.3143988934162083
7.0,215.0,0.008535677236482908,0.00048434661821715995,-3.314843728227671
7.0,216.0,0.008311197697050318,0.0004716087999080974,-3.326418099853725
7.0,217.0,0.008294614948855876,0.0004706678320403815,-3.327285482689259
7.0,218.0,0.008176591353691167,0.0004639707267487793,-3.3335094194721036
7.0,219.0,0.008174313155434555,0.0004638414531609142,-3.3336304413932307
7.0,220.0,0.007774572061476622,0.0004411586312058598,-3.3554052194443726
7.0,221.0,0.00777134493745384,0.00044097551198008574,-3.35558552687503
7.0,222.0,0.007628800436795742,0.00043288699774431886,-3.3636254585220198
7.0,223.0,0.00762570377054034,0.00043271128118580837,-3.363801782192355
7.0,224.0,0.007609841083882708,0.0004318111723337979,-3.3647061252714767
7.0,225.0,0.007593814555236044,0.00043090176646748955,-3.365621725532169
7.0,226.0,0.007342549191604834,0.0004166440191583812,-3.380234848004066
7.0,227.0,0.007335762709694575,0.000416258928500457,-3.3806364380336267
7.0,228.0,0.006632840256129997,0.0003763724492182112,-3.4243821748048817
7.0,229.0,0.006623307790446706,0.0003758315410525136,-3.4250067752460085
7.0,230.0,0.006566817715604351,0.00037262608049505667,-3.4287267516440214
7.0,231.0,0.00655240437016519,0.00037180821274686966,-3.4296810214730655
7.0,232.0,0.006395314654669891,0.0003628943479943882,-3.440219795794935
7.0,233.0,0.005757296685082297,0.0003266907946769409,-3.485863102675871
7.0,234.0,0.005741308987053665,0.00032578359220680205,-3.4870707923218176
7.0,235.0,0.004705333483880244,0.00026699842289730507,-3.5734913039126557
7.0,236.0,0.004697479766939007,0.000266552773286204,-3.5742167945997956
7.0,237.0,0.004567041479500041,0.000259151211388213,-3.58644675673382
7.0,238.0,0.004563243517583008,0.000258935700660749,-3.586808067251227
7.0,239.0,0.004080063426893464,0.00023151823436820077,-3.6354147982804603
7.0,240.0,0.004077076548107282,0.00023134874756603716,-3.635732847262555
7.0,241.0,0.003170701479192991,0.000179917597195376,-3.744926357548844
7.0,242.0,0.0031677760133419102,0.00017975159519548493,-3.745327246805872
7.0,243.0,0.0029159854599573967,0.0001654640466328981,-3.781296358656972
7.0,244.0,0.00291236612558313,0.00016525867190798693,-3.7818357417487043
7.0,245.0,0.002046906244270366,0.00011614920407047246,-3.9349837619204497
7.0,246.0,0.0020462624429453307,0.00011611267234768756,-3.935120379483309
7.0,247.0,0.0014042325254521647,7.968146592824367e-5,-4.098642684640949
7.0,248.0,0.0014008533525100193,7.948971887155981e-5,-4.099689038967289
7.0,249.0,0.0013949791368838725,7.915639365384399e-5,-4.101514000366514
7.0,250.0,0.0013904985824384956,7.890215004396609e-5,-4.102911162322797
7.0,251.0,0.0008873365667508506,5.035083373223801e-5,-4.297993333803262
7.0,252.0,0.0008865185160770241,5.030441444218981e-5,-4.298393901946834
7.0,253.0,0.0008125857234179307,4.6109188087246544e-5,-4.336212524979314
7.0,254.0,0.0008115271760418129,4.604912210447321e-5,-4.336778644920275
7.0,255.0,0.000144110209669248,8.177358488384766e-6,-5.087386962732836
7.0,256.0,0.00014384460561452938,8.162287109497819e-6,-5.088188132929866
8.0,1.0,16.308281308693104,1.0,0.0
8.0,2.0,0.7759947643015231,0.0475828660061119,-1.322549403132008
8.0,3.0,0.5957011072581893,0.036527522182282425,-1.4373797868370677
8.0,4.0,0.5207099456959274,0.03192917364126922,-1.4958123212877061
8.0,5.0,0.5045104738916008,0.030935845681216708,-1.5095380073418696
8.0,6.0,0.40355036448774434,0.024745119172835978,-1.6065104502795604
8.0,7.0,0.40344239403976445,0.024738498582601104,-1.6066266619048832
8.0,8.0,0.4015316078472153,0.02462133196299352,-1.6086884563384536
8.0,9.0,0.4014851908854566,0.024618485742666552,-1.6087386635829666
8.0,10.0,0.3675542982404772,0.022537892944276904,-1.6470866883541344
8.0,11.0,0.36745548926035765,0.022531834121875618,-1.6472034546770233
8.0,12.0,0.3485350604443572,0.02137166105042419,-1.6701617222440317
8.0,13.0,0.34845023087697097,0.021366459425201975,-1.6702674375687558
8.0,14.0,0.31775645918449036,0.019484362157470927,-1.7103138067573465
8.0,15.0,0.2577633332272744,0.01580567126284939,-1.8011870550562397
8.0,16.0,0.2139456969420431,0.013118837778938708,-1.8821046381731017
8.0,17.0,0.2139109428964414,0.013116706711602803,-1.8821751921337344
8.0,18.0,0.1974380194436627,0.012106611095702567,-1.9169774083357953
8.0,19.0,0.19733396787216834,0.012100230805252285,-1.9172063456759905
8.0,20.0,0.18618462220957366,0.01141656920710144,-1.942464386307164
8.0,21.0,0.18615411228095138,0.011414698382822365,-1.9425355596364267
8.0,22.0,0.18184621936842263,0.011150544678885922,-1.9527039177945669
8.0,23.0,0.18136344766141543,0.011120941822651779,-1.9538584311838187
8.0,24.0,0.18131715648336072,0.011118103315197898,-1.95396929458853
8.0,25.0,0.15339142472812364,0.00940573821512133,-2.026607112907651
8.0,26.0,0.1533575822138252,0.00940366304155412,-2.026702941203362
8.0,27.0,0.1522078094434279,0.009333160653924566,-2.0299712584925986
8.0,28.0,0.13511429666244335,0.008285011406469969,-2.0817068893250843
8.0,29.0,0.13508705427941559,0.008283340943316182,-2.0817944626597233
8.0,30.0,0.12933486601525052,0.007930625157067212,-2.1006925766718902
8.0,31.0,0.1279265382639871,0.007844268555497387,-2.105447546292617
8.0,32.0,0.11848983569186516,0.007265623731220796,-2.1387270969337755
8.0,33.0,0.10416928500097176,0.006387508470647026,-2.1946685109272392
8.0,34.0,0.09867351081187546,0.0060505156211205224,-2.2182076134689397
8.0,35.0,0.09389768661649117,0.005757669054092117,-2.239753301617055
8.0,36.0,0.09144134704414653,0.005607049897735321,-2.251265579051374
8.0,37.0,0.09025378955085993,0.005534230606063331,-2.2569427481849162
8.0,38.0,0.09015526867631206,0.005528189449875072,-2.25741708219943
8.0,39.0,0.08964960746143669,0.0054971830424367955,-2.259859801874226
8.0,40.0,0.0895424809276667,0.005490614199789173,-2.2603790710946767
8.0,41.0,0.08628810311883679,0.005291060503895101,-2.2764572722314025
8.0,42.0,0.08625185023303863,0.005288837529866634,-2.2766397740598894
8.0,43.0,0.08382999031771098,0.005140332615738332,-2.2890087781825295
8.0,44.0,0.08334887265214708,0.005110831182910617,-2.2915084640929377
8.0,45.0,0.08330492772600318,0.005108136544198414,-2.2917375022466553
8.0,46.0,0.08315275100729211,0.005098805289982806,-2.29253157228446
8.0,47.0,0.08171578723966158,0.0050106927696975095,-2.3001022251792036
8.0,48.0,0.08165216608153633,0.0050067916131672175,-2.300440483922625
8.0,49.0,0.0811095864350739,0.004973521421404386,-2.3033360071728057
8.0,50.0,0.08022655897879334,0.004919375466992264,-2.308090029032478
8.0,51.0,0.08014132782807505,0.004914149217266435,-2.3085516603810654
8.0,52.0,0.07443562018196506,0.004564283554655589,-2.3406273830099686
8.0,53.0,0.07214498773320657,0.004423825317187152,-2.3542020302746725
8.0,54.0,0.07165405720906287,0.004393722174197951,-2.357167408049882
8.0,55.0,0.07152361675335282,0.004385723755894943,-2.3579587267553332
8.0,56.0,0.07122397773623347,0.00436735032883371,-2.3597819695677953
8.0,57.0,0.06998220241805275,0.004291206479296433,-2.36742058808638
8.0,58.0,0.06997263884692033,0.004290620055077264,-2.3674799416055445
8.0,59.0,0.06989118717103669,0.0042856255572303196,-2.3679857767222314
8.0,60.0,0.06864683857392105,0.004209323917985702,-2.3757876529212663
8.0,61.0,0.0665966697349363,0.004083610557995284,-2.3889556820058546
8.0,62.0,0.0655506752001514,0.004019471700258795,-2.3958310247115047
8.0,63.0,0.0632825467855676,0.003880393377310394,-2.411124245298749
8.0,64.0,0.06290892553822135,0.003857483467904606,-2.413695926525524
8.0,65.0,0.06277245554552494,0.0038491153271966298,-2.41463907637884
8.0,66.0,0.06271208859379564,0.003845413713851444,-2.4150569292104795
8.0,67.0,0.06250309754015633,0.0038325986875661234,-2.416506653456343
8.0,68.0,0.06242284347744912,0.0038276776256106594,-2.4170646464735626
8.0,69.0,0.06000951275675874,0.003679695709245018,-2.434188093625327
8.0,70.0,0.05929959658546093,0.003636164686088127,-2.439356455307157
8.0,71.0,0.05863709271772021,0.0035955409161640963,-2.4442357647431834
8.0,72.0,0.056353454210155,0.0034555115369585805,-2.4614876527083
8.0,73.0,0.05630176376385891,0.0034523419542589902,-2.461886193984463
8.0,74.0,0.05532340322204092,0.003392350314226605,-2.4694993062738555
8.0,75.0,0.05519571838940817,0.0033845208667075285,-2.470502803987169
8.0,76.0,0.05389622728403361,0.0033048379693637188,-2.480849828382954
8.0,77.0,0.05300011014409309,0.003249889374660312,-2.488131422034134
8.0,78.0,0.05298532305081887,0.003248982651689674,-2.4882526076133304
8.0,79.0,0.05172974011562311,0.0031719921392359507,-2.49866789761253
8.0,80.0,0.051429810017333176,0.003153600863502311,-2.5011932741483975
8.0,81.0,0.05140574090861841,0.003152124980896464,-2.501396571183244
8.0,82.0,0.05131106941874921,0.003146319863356657,-2.5021971279208413
8.0,83.0,0.05096435565122569,0.0031250598813290778,-2.505141656437786
8.0,84.0,0.04925495311307861,0.0030202418133922757,-2.5199582841893062
8.0,85.0,0.049202066990271985,0.0030169989135547287,-2.5204248462178755
8.0,86.0,0.04879335762867923,0.0029919374522114728,-2.52404748983276
8.0,87.0,0.0487906990048389,0.0029917744292791352,-2.524071154060369
8.0,88.0,0.047958775417097275,0.0029407620894749296,-2.5315401089195158
8.0,89.0,0.04791470118092398,0.002938059521660515,-2.5319394101567667
8.0,90.0,0.04717024966834478,0.002892410841797336,-2.53874001924301
8.0,91.0,0.04694434470271301,0.0028785586791226984,-2.5408249130702525
8.0,92.0,0.04600049476932157,0.002820683179214052,-2.549645691315776
8.0,93.0,0.04597319372270145,0.0028190091188944302,-2.5499035192759227
8.0,94.0,0.04571838036544273,0.002803384335851051,-2.552317357645704
8.0,95.0,0.04563405149441748,0.002798213412598685,-2.5531191660487997
8.0,96.0,0.045275680824626505,0.0027762386463429703,-2.556543204522958
8.0,97.0,0.04499000969591302,0.0027587217098058742,-2.559292107419123
8.0,98.0,0.04360909745379372,0.0026740461872305304,-2.57283109569553
8.0,99.0,0.04342362843994201,0.002662673498083156,-2.5746820842836367
8.0,100.0,0.043399687132556895,0.0026612054520682546,-2.5749215954767277
8.0,101.0,0.0428965928956861,0.002630356447973468,-2.579985394894828
8.0,102.0,0.04244995667454035,0.002602969366975076,-2.5845309428519516
8.0,103.0,0.04240311416942731,0.0026000970529509075,-2.5850104409621166
8.0,104.0,0.04205326042294559,0.0025786445319979346,-2.588608521542499
8.0,105.0,0.04191104212110725,0.002569923913365821,-2.5900797344486763
8.0,106.0,0.04187369244784417,0.002567633685931298,-2.590466935247413
8.0,107.0,0.04162078858358307,0.0025521259902107018,-2.5930978897068853
8.0,108.0,0.04159616453187277,0.002550616079310577,-2.5933549068095703
8.0,109.0,0.04136316482095473,0.002536328877213208,-2.595794433637937
8.0,110.0,0.04084750098361294,0.0025047091235689714,-2.6012427022773195
8.0,111.0,0.040821898688894374,0.0025031392282357998,-2.6015149936307314
8.0,112.0,0.03974374479133645,0.002437028405326263,-2.6131394087699094
8.0,113.0,0.039695712981127305,0.002434083164849969,-2.6136645873966673
8.0,114.0,0.0393344413794748,0.0024119305176878224,-2.6176352074022895
8.0,115.0,0.039103134718519686,0.0023977471309423524,-2.6201966199973983
8.0,116.0,0.03906952473247042,0.002395686215667893,-2.6205700659689173
8.0,117.0,0.0378432910388768,0.0023204953558597554,-2.634419296422499
8.0,118.0,0.03742375709945765,0.0022947701472079084,-2.639260808513845
8.0,119.0,0.03666290072693038,0.002248115545283566,-2.648181371310501
8.0,120.0,0.03662797245842478,0.0022459737948535567,-2.6485953152236665
8.0,121.0,0.03629426791991179,0.0022255115197556217,-2.65257015336827
8.0,122.0,0.035726824826321855,0.0021907167377151955,-2.6594137736032137
8.0,123.0,0.03569674613839047,0.0021888723564856814,-2.659779563461864
8.0,124.0,0.03542380994107138,0.002172136307348879,-2.6631129250905476
8.0,125.0,0.03479137190944374,0.002133356130599627,-2.670936639794813
8.0,126.0,0.034473606859282656,0.002113871241656014,-2.67492146960253
8.0,127.0,0.034455416847416154,0.0021127558566855077,-2.6751506857305976
8.0,128.0,0.03318350087319559,0.0020347638261247786,-2.6914859918260396
8.0,129.0,0.03316836045448842,0.002033835437754442,-2.6916841897448553
8.0,130.0,0.0327651933934649,0.0020091138221904146,-2.6969954584986673
8.0,131.0,0.032759188565146424,0.002008745614884886,-2.6970750582974854
8.0,132.0,0.03246546041876042,0.0019907346337872376,-2.7009866278494363
8.0,133.0,0.03184887707129749,0.001952926643123362,-2.7093140696077262
8.0,134.0,0.03174481764317437,0.0019465458709160752,-2.7107353575502366
8.0,135.0,0.03167708173028616,0.0019423924036311995,-2.711663029053922
8.0,136.0,0.031083532488886345,0.0019059968307216602,-2.719877825838951
8.0,137.0,0.031080511953505988,0.0019058116159020736,-2.719920030359615
8.0,138.0,0.030926894703310833,0.0018963920303990158,-2.7220718784748925
8.0,139.0,0.030824745639906476,0.0018901283989671794,-2.7235086926157197
8.0,140.0,0.03078931341946503,0.0018879557469402269,-2.7240081896380066
8.0,141.0,0.03066673042078394,0.001880439136430464,-2.7257407186841043
8.0,142.0,0.03063386189104853,0.001878423686174655,-2.726206444117481
8.0,143.0,0.030591851156623513,0.0018758476492747628,-2.726802436621174
8.0,144.0,0.029565881153141075,0.0018129366665622225,-2.741617367356769
8.0,145.0,0.029152781745584572,0.0017876060140098716,-2.7477281929203228
8.0,146.0,0.028573891008580554,0.0017521092791886834,-2.7564388103434063
8.0,147.0,0.02852535582692788,0.0017491331727103874,-2.7571771236422578
8.0,148.0,0.02847647311336664,0.0017461357560828498,-2.757921994407247
8.0,149.0,0.028052852786089228,0.0017201599760935996,-2.76443116152042
8.0,150.0,0.028050820643022743,0.0017200353680476615,-2.764462622865699
8.0,151.0,0.028000134110140778,0.0017169273438529264,-2.7652480827257393
8.0,152.0,0.02767239093124536,0.0016968306106232443,-2.7703615097998098
8.0,153.0,0.027663686290577017,0.0016962968547661079,-2.770498143172835
8.0,154.0,0.027476910443018893,0.0016848440324838134,-2.773440295959837
8.0,155.0,0.027432600846686975,0.0016821270327280944,-2.774141209769022
8.0,156.0,0.026776178595383157,0.0016418761786449047,-2.7846595981050766
8.0,157.0,0.02673334658865251,0.0016392497825262764,-2.785354865277823
8.0,158.0,0.02630150992107329,0.0016127701885454546,-2.792427512931658
8.0,159.0,0.026276033646774746,0.0016112080206004509,-2.792848384865279
8.0,160.0,0.02537851847766362,0.0015561737007894045,-2.8079419285005636
8.0,161.0,0.025210003232711525,0.0015458405919987026,-2.8108352928140277
8.0,162.0,0.02519318815414585,0.0015448095159308211,-2.811125063993345
8.0,163.0,0.024898967901530566,0.001526768359597661,-2.816226848850346
8.0,164.0,0.024639825287433973,0.0015108781128456345,-2.8207705701108154
8.0,165.0,0.024612355462811677,0.0015091937033053324,-2.82125501544126
8.0,166.0,0.024529175676587193,0.0015040932402553024,-2.8227252405573955
8.0,167.0,0.02449780148559639,0.0015021694206696,-2.823281083102466
8.0,168.0,0.023792253372625423,0.0014589062404720108,-2.835972618013372
8.0,169.0,0.022847491001286153,0.0014009747912005499,-2.853569679233136
8.0,170.0,0.02280712579549959,0.0013984996557143204,-2.854337636207999
8.0,171.0,0.02220128023104381,0.0013613500902274387,-2.8660301755296764
8.0,172.0,0.021975367171114497,0.0013474974312222934,-2.870472054049978
8.0,173.0,0.021942413339952227,0.0013454767504075282,-2.8711238023647048
8.0,174.0,0.021881126005464442,0.0013417187005353374,-2.8723385270961446
8.0,175.0,0.021585890509624204,0.0013236152909698632,-2.8782382243276303
8.0,176.0,0.02157819557585478,0.0013231434488656113,-2.878393069135578
8.0,177.0,0.020952238923583357,0.0012847607008357649,-2.891177756367389
8.0,178.0,0.020935211016025034,0.0012837165744047812,-2.8915308514690943
8.0,179.0,0.02073212770955619,0.00127126380255073,-2.895764318758224
8.0,180.0,0.02071144013930576,0.0012699952709465195,-2.89619789621385
8.0,181.0,0.02032960784454794,0.0012465818721014627,-2.9042791929450202
8.0,182.0,0.019715008135680636,0.0012088955152601876,-2.917611233553503
8.0,183.0,0.019573656123900805,0.001200228016269691,-2.9207362399517574
8.0,184.0,0.019546341756786545,0.0011985531391568158,-2.9213427062853334
8.0,185.0,0.019343478413531876,0.0011861138551259149,-2.9258736210226397
8.0,186.0,0.019295463470407496,0.0011831696489146334,-2.9269529795435836
8.0,187.0,0.018868078829970224,0.001156963046738262,-2.9366805121406907
8.0,188.0,0.018854755251539575,0.0011561460643611217,-2.936987294861191
8.0,189.0,0.018775485290439525,0.0011512853460794352,-2.9388170231389728
8.0,190.0,0.018450425087862515,0.0011313531290404921,-2.946401817659187
8.0,191.0,0.018428234749642416,0.0011299924498984007,-2.9469244582673917
8.0,192.0,0.01811916762766607,0.0011110409052122296,-2.9542699513373294
8.0,193.0,0.01809492389440597,0.0011095543148842114,-2.954851433335413
8.0,194.0,0.017963764015049198,0.0011015117825735347,-2.9580108529577887
8.0,195.0,0.017947221467233078,0.0011004974176933248,-2.9584109721772895
8.0,196.0,0.017774984687706736,0.0010899361098359157,-2.9625989589024395
8.0,197.0,0.017757159863539214,0.0010888431176419423,-2.9630346896203004
8.0,198.0,0.0169877721358395,0.0010416653854740778,-2.9822717671981738
8.0,199.0,0.01675421011224261,0.00102734370318421,-2.9882842366127798
8.0,200.0,0.01674108019780107,0.0010265385960001353,-2.9886247172970255
8.0,201.0,0.01642018822830013,0.0010068619689278585,-2.997030062953624
8.0,202.0,0.016407155158228617,0.0010060628000991623,-2.9973749090561594
8.0,203.0,0.015447756794833147,0.0009472338931631468,-3.0235427707664435
8.0,204.0,0.015177994232142982,0.0009306924466683301,-3.0311938107283534
8.0,205.0,0.015137864444553424,0.0009282317466822337,-3.0323435822506055
8.0,206.0,0.014929771476645185,0.0009154717897027502,-3.038355033956706
8.0,207.0,0.014913699955560935,0.0009144863074940467,-3.0388227927838436
8.0,208.0,0.01455825958506458,0.0008926912229128844,-3.0492987352600145
8.0,209.0,0.014542673985538119,0.000891735536704666,-3.049763925869948
8.0,210.0,0.01377711208131735,0.0008447923984468849,-3.0732500026315517
8.0,211.0,0.013754279047918464,0.0008433923101747557,-3.073970363083896
8.0,212.0,0.013519958853277114,0.0008290241379433602,-3.081432824307395
8.0,213.0,0.013499598093131431,0.0008277756458576351,-3.082087355206618
8.0,214.0,0.012840232692710177,0.0007873443221675182,-3.103835300023777
8.0,215.0,0.012823774626991824,0.0007863351376062008,-3.1043923173293813
8.0,216.0,0.012502739827713742,0.0007666497524205188,-3.115403000238765
8.0,217.0,0.012494603359558081,0.0007661508360723366,-3.115685720151878
8.0,218.0,0.011854159735598958,0.0007268797680893643,-3.13853741909087
8.0,219.0,0.01184279633620645,0.0007261829810290105,-3.1389539335170387
8.0,220.0,0.011569299147717106,0.0007094125327326865,-3.1491011433963982
8.0,221.0,0.011565991653549153,0.0007092097220192001,-3.149225319616027
8.0,222.0,0.011399102291337965,0.000698976309984406,-3.1555375433063886
8.0,223.0,0.011379474954986446,0.0006977727903749511,-3.1562859698555377
8.0,224.0,0.010660887807313087,0.0006537100756062085,-3.184614821219708
8.0,225.0,0.010656917507073378,0.0006534666225920891,-3.184776590171072
8.0,226.0,0.010439765404742719,0.0006401511727160248,-3.1937174545728517
8.0,227.0,0.010333692223108818,0.0006336469200835075,-3.1981526717296433
8.0,228.0,0.010322415428590541,0.0006329554435075996,-3.198626860788102
8.0,229.0,0.009299007608462978,0.0005702015701376304,-3.2439715911283304
8.0,230.0,0.009294124134279286,0.0005699021226304863,-3.2441997254704744
8.0,231.0,0.008790857581803218,0.0005390425523943632,-3.268376949951254
8.0,232.0,0.008787029081328297,0.0005388077943347951,-3.268566130446996
8.0,233.0,0.008576185739994031,0.0005258791884723321,-3.2791140159339633
8.0,234.0,0.008571566329593201,0.0005255959329708239,-3.279348003979407
8.0,235.0,0.00822537740769304,0.0005043681337106023,-3.297252360225095
8.0,236.0,0.008206347504421526,0.0005032012478253699,-3.2982582906092888
8.0,237.0,0.00819923830378621,0.00050276532202174,-3.298634685190502
8.0,238.0,0.008197140294717617,0.000502636675168716,-3.2987458260452915
8.0,239.0,0.00798639260982579,0.0004897139348196463,-3.3100575379479333
8.0,240.0,0.007980771838643453,0.0004893692773369879,-3.3103632991890404
8.0,241.0,0.006395482270861135,0.00039216163553985504,-3.406534894830133
8.0,242.0,0.006389435192055346,0.0003917908374961295,-3.4069457247256634
8.0,243.0,0.005840929531575809,0.00035815727120566107,-3.445926227494497
8.0,244.0,0.005831637882337508,0.00035758752084003866,-3.446617645706312
8.0,245.0,0.0046782007876702445,0.0002868604421961091,-3.5423293364539905
8.0,246.0,0.004674674684700172,0.0002866442267100423,-3.5426568009090884
8.0,247.0,0.003114300075589832,0.0001909643338032046,-3.7190477378771907
8.0,248.0,0.0031085857814594853,0.0001906139416299165,-3.7198453379499954
8.0,249.0,0.0030397943833044513,0.0001863957535294718,-3.7295639859719802
8.0,250.0,0.003037929896734573,0.0001862814259351296,-3.729830446316995
8.0,251.0,0.002029907029302815,0.00012447093540266419,-3.9049320467035624
8.0,252.0,0.002026951128464047,0.00012428968387880236,-3.905564916575063
8.0,253.0,0.0019311330148324025,0.00011841425704393602,-3.926596005529046
8.0,254.0,0.0019225603071120953,0.00011788859112255303,-3.9285282224898777
8.0,255.0,0.0003251173964315069,1.9935724082598674e-5,-4.700367985767016
8.0,256.0,0.0003207879007397478,1.967024572777956e-5,-4.706190214684012
